time,uname,comment,star,title,support,sentiment_score
"
                    2015-07-21 17:36:36
                ",荞麦,“她这么辛苦种田就是为了每天这么吃啊？”“对啊，人生不就是这样吗！”,5,力荐,4061,0.9955408894179346
"
                    2016-08-19 00:07:25
                ",天亮说晚安,我不太懂片子是在说什么，也不由得羡慕在日本做农民可以做的这么自由咸淡。绝对不是王维似的田园生活，这不是田园，这是城市人的农家乐。女主零演技，只有摄影还算是有些套路，剪辑也毫无新意。生活的单纯不等于无聊，可是请不要用故作姿态的无聊恶心我。,2,较差,73,0.9999997217194492
"
                    2015-06-28 16:23:57
                ",匡轶歌,完全抹去了互联网时代的痕迹，联络仅靠寥寥书信，甚至电视机的画面都不易见。人物们不玩手机不发短信、不上推特晒图朋友圈发吃，只自己默默耕种、收获、烹饪、享用。抱着电脑手机看了部片子就说日本农民很优雅？先别忙着叶公好龙、去浪漫化乡村生活。抱着审美心态，在任何地方都无法承受生活的真面目。,4,推荐,2974,0.9999999975987786
"
                    2015-06-29 12:10:08
                ",乱子,故事的最后貌似告诉我们一个道理：宅在家里是找不到老公的。。（误）,4,推荐,2316,0.4478716639501106
"
                    2015-04-07 13:50:25
                ",张腾森,那种时光静静流走，不去叹息，也不挽留的感觉，真好,4,推荐,1013,0.9981039081806303
"
                    2015-07-06 11:21:14
                ",薇羅尼卡,不认为这是部文艺小清新片，反而是让你懂得如何脚踏实地及敬天爱人。尊敬他人，尊敬你生活的这片土地，明白孤独是人生的常态。,5,力荐,2994,0.9999971547088515
"
                    2015-03-19 22:07:35
                ",尘世之埃,真希望变成晨间剧啊，每天都想看到,5,力荐,1814,0.9959670976547613
"
                    2015-04-07 10:19:09
                ",内陆飞鱼,恬淡之美，自得其乐，风景和食材一样精致，劳作和享受一般干净。在日本当农民竟这样优雅，有隐居之趣，桥本爱的呆萌刚刚好。像《乡村照相馆》《从河底问好》等，片子再次涉及一个老生常谈的问题，在东京等大城市混不下去的年轻人，回故乡，怎么生活才能在祖辈的土地上实现自我价值。,4,推荐,474,0.999999999961209
"
                    2015-07-05 16:45:20
                ",T.V.Zoe ி,我們說的“不時不食”是說要吃時令自然生長的食物 然而時令本身即是一味調料 就像生活里不期而遇的一切 都讓食物有了當時的意義 事已至此，還是先吃飯吧【北歐風性冷淡電音農廣天地大法好！私心這片子早10年女主非蒼井莫屬,4,推荐,302,0.0017433209908803704
"
                    2015-03-27 20:02:29
                ",MR.SANMAN,有人说装逼呀什么的 我人生就得加一味装逼,5,力荐,1465,0.9032727727050491
"
                    2015-03-17 14:46:56
                ",Essy,昨晚做草莓酱的时候，幻想女主上身。,5,力荐,1110,0.9993479213807838
"
                    2015-06-28 23:12:02
                ",张苑希,四季更替，万物轮回，小森的美不仅仅是体现在美食上。人与自然，相互给予，相互奉献。食物、耕作、生活，循环往复，生生不息，最妙的奥义尽在这小森之中了。,4,推荐,279,0.9999999994530417
"
                    2015-07-17 11:53:41
                ",小蛋蛋,多做一些好吃的，少讲一些大道理,5,力荐,1021,0.76209889862734
"
                    2015-11-22 17:21:14
                ",何倩彤,用這種篇幅和耐性去舖展唯美生活，腳踏實地自然感覺微痛。更年輕一點的時候不明白為何治癒系作品的需求如此大。後來漸漸明白，人單單是活在社會中，僅僅是生存著，便會自然而然地，遭受傷害。最基本最簡單的成為奢求甚至不可能。小時候快樂很簡單，長大後簡單卻變成一件很幸福的事。,5,力荐,271,0.9999946093218829
"
                    2015-07-02 20:06:49
                ",巴喆,嗯，要细心，要有耐性，还要要守得住寂寞。当然首先，你要有块地。8.5,4,推荐,940,0.9948174572088521
"
                    2015-07-07 10:52:26
                ",栗,最后男主和女二结婚了，回想前篇男主晚上到女主家喝酒，女主说不要让女二知道，真是意味深长……,5,力荐,204,0.9976214313077737
"
                    2015-07-05 11:29:28
                ",frozenmoon,舌尖上的日本啊。非常治愈，尤其在刚刚看完《疯狂的麦克斯4》之后接着看这部。这个世界上，可能也只有日本能拍出来这样的电影了。独立于地球的自我。一日三餐，周而复始，春播冬藏，这就是“日子”最好的解释。,5,力荐,749,0.9999947250857917
"
                    2015-06-29 14:48:52
                ",哦豁,想做饭想做饭想摸菜刀想翻锅想捏面团啊啊啊啊啊我的厨魂已经熊熊燃烧了！！！！感觉村里地上随便啥草都能焯一下炸了吃掉¯﹃¯…,5,力荐,664,0.3928997431275685
"
                    2016-12-21 23:08:37
                ",根,一个比较感人的细节就是桥本爱全程看起来都像是几天没洗头，确实一个人住的话也不太可能有毅力经常洗头了！,5,力荐,582,0.9582564376820244
"
                    2015-07-20 11:46:41
                ",莫小段,土豆发的芽，是有毒的吧。要不放我上司茶水里吧。,3,还行,89,0.7357134058430768
"
                    2015-04-04 14:08:33
                ",Raphael＊2,感谢猪猪字幕组~这片子太治愈了，结尾很好，配乐也好听,4,推荐,193,0.9990429559321299
"
                    2015-07-06 12:48:20
                ",喂，叫我愤青!!,这妹子才是荒岛求生最佳技能王吧！,4,推荐,134,0.9972217541482334
"
                    2015-07-01 10:47:50
                ",方枪枪,一部可以让人静下心来，沉住气，慢慢观看的生活美食类电影。美好的如此纯净，让人无比向往。城市和乡村，各有各的魅力和精彩，完全只在于一个人的选择。但对一个姑娘而言，能固守乡土的一份坚守，没有无比强大的内心，确实难以做到。看的过程中，一直在想，此类电影改编，李娟的阿勒泰系列或许可以尝试,4,推荐,71,0.9999999999998581
"
                    2016-02-03 22:52:21
                ",[己注销],（９／１０）按时间顺序是：夏、秋、冬、春。但其实无论先看哪集影响都不太大。总之这个故事告诉你：体会生活，要吃！心情不好，要吃！失恋，要吃！逃避现实，要吃！对前途迷茫，要吃！总之，吃，能解决世界上大部分问题！,4,推荐,70,0.9999949593047073
"
                    2015-11-19 10:33:37
                ",黄青蕉,南豆腐用盐水煮过，放上煎熟的培根粒和日式酱油蒸熟，顶上带花的迷你黄瓜大概小指那么长，叽叽脆，跟豆芽鸡腿菇炒在一起，放红葱酱，热可可的杯口蘸一点盐，里面泡上棉花糖，来北京才吃到的硬皮柿子，一包沙甜，没有核，只有带脆的舌头，是最好的餐后甜点。我就是吃着这些看完了这部电影。,5,力荐,146,0.02137076712248387
"
                    2015-07-12 22:41:24
                ",雙木,你们城里人真会拿我们乡下来玩。看时仿佛能见一只大手在挥舞，并听见一个声音在呼唤，文艺青年，上山下乡，到西部去，到祖国需要你们的地方去，寻找灵魂，寻找自我，远离生活的喧嚣，不要当高度资本主义化的森女，要当返璞归真的村妇！不过话说回来，桥本爱在这里真好看，一种淡漠的好看。,4,推荐,76,0.9999995861278704
"
                    2015-08-12 22:08:46
                ",UrthónaD'Mors,看着看着，心里好难过。如此敬畏自然懂得生活又淳朴的乡人们的日子，好生羡慕。再看看我们的生活，如此浮躁又无趣一天一天碌碌无为又能收获到什么？且不要说什么心血来潮去归隐做闲人，现在浮躁的我们到了乡间没有网络没有便利失去这些的我们连庄稼都种不活吧。,4,推荐,56,0.9999874515838372
"
                    2015-11-25 15:48:31
                ",艾小柯,依旧是好看的食谱，轻松而淡然的小清新，毫不真实的表演性朴素，但尽管如此，表演出的朴素还是好看。,4,推荐,49,0.9999948988830912
"
                    2015-08-15 11:43:55
                ",刀叢中的小詩,看完《小森林◆夏秋冬春》，感觉这才是我要的妹子，和我想过的生活。美食、节令、四时，在我的眼里慢慢清晰起来，以前读《清嘉录》才有过类似的感觉，人固然不能只靠数着时间过活，但可以随着节令和四季而活着，感受每一次花开，感受每一次雪落，除此之外，这一生中还有什么更重要的呢？！,5,力荐,70,0.999999999731535
"
                    2017-04-19 12:47:38
                ",朝暮雪,人生苦短，吃东西才是正事。,4,推荐,45,0.08380144806447543
"
                    2015-06-28 19:51:39
                ",沈书枝,小森真是漂亮啊。菜虽然不会做，然而看着也赏心悦目。只是这样忽然转折的结尾，真是无法说服啊。既是在重要的问题前躲避的性格，这样一年的生活过后，自然会发现自己的内心，逐渐成熟，然而剧中的姑娘竟然一定要再到城市中去生活几年才回来……然而电影中忽然跳过的五年，这种拍摄手法仍然是逃避啊。,4,推荐,50,0.9999999999138829
"
                    2015-11-11 23:11:06
                ",有心打扰,我生而农民，怎会憧憬如此生活？我热爱故事，胜于食物。PS.两集下来，桥本爱做的几样菜真没几样看起来是好吃的。,2,较差,44,0.9919862622992877
"
                    2016-12-17 04:20:16
                ",胤祥,跟上部同样名列豆瓣Top250，“一粥一饭的禅理”。冬天的氛围很好，有了些闪回交代，但最终还是没说明白全部的事儿。道理讲了蛮多。结尾跳得好意外。,4,推荐,23,0.9990696865998444
"
                    2015-07-02 21:27:12
                ",西楼尘,春种夏长秋收冬藏，遵循规律对自然充满敬畏，让食物成为一种信仰与福祉。看得赏心悦目，充满了诱人的味道。一蔬一饭一朝一暮，都变得充满了活力与期待。回归到山野的市子耕作劈柴烹饪，过上如同海子诗里面朝大海春暖花开一般的生活。平淡而富有生机，是因为自然本身赐予我们太多，可惜我们总是在索取。,4,推荐,27,0.9999999999977747
"
                    2015-06-29 22:32:22
                ",瓜。相信这个世界很变态。,冬春篇终于有了较为清晰的故事脉络，虽然前因不说清楚但后果是有的。人际之间的交往和小森村落大环境的叙述增加了不少，片段更散乱但还是把人物都塑造起来了。不管如何还是喜欢，能告诉你“稻子会随着人的脚步声长大”，“寒冷也是重要的调味料之一”，告诉你爱生活，就够了。,4,推荐,19,0.9999999888032794
"
                    2015-08-09 08:33:25
                ",同志亦凡人中文站,回避各种现实冲突，基本上就是讲吃和如何为吃做准备。如果这样也能叫【剧情片】的话，对那些精益求精、为构思情节呕心沥血的编剧来说何来公平可言？作为纪录片ok，作为剧情电影一星都嫌多。我看过的故事不是这么讲的...,1,很差,628,0.9996367820712061
"
                    2017-06-12 18:33:50
                ",刘康康,可能是很符合我最近迷茫的心态，看到最后真的被打动到了。想要离开自己现在的生活，但害怕绕一圈子最后还是回到原点，所以停滞不前、却又诸多不甘。市子妈妈说圆圈其实是一种螺旋，看似回到原点，其实圆圈也在不断上升或者变大。这个道理很简单，但真的能坦然接受，其实蛮需要一种历练的。,5,力荐,44,0.9999995174905291
"
                    2015-08-03 09:19:54
                ",やま,渐渐的我做出了一种和妈妈的不一种风格的面包。这就是成长吧，从妈妈那里演变出自我。有一个离不开的地方，真好。,4,推荐,38,0.9999912325426685
"
                    2015-07-04 02:12:44
                ",亵渎电影,美食美人美景，这种生活，父辈本就如此，只是如今已经因都市化进程被人们遗忘了而已，必须要坐等蓝光之后重刷，恬静美好。★★★,3,还行,62,0.9999996845246315
"
                    2015-09-02 05:34:25
                ",鸡头井。,基本，不能算电影吧。,2,较差,19,0.7244508785967924
"
                    2015-06-28 12:42:56
                ",南笙,不知道该说什么，再见。,5,力荐,37,0.40083237668964744
"
                    2020-06-13 20:59:43
                ",谢小焰,人生不是圆圈而是螺旋，所谓的回到原点其实不是同一个地方。很开心你最后回到小森不再是因为逃避而是终于找回了自己。#啊…想要这样的生活,5,力荐,28,0.9761741179544651
"
                    2015-08-11 16:19:45
                ",乌鸦火堂,感觉没有夏秋篇好看，但同样动人，四个独立电影看下来，总体就是一份对大地的情怀，对生活的坚持，还有四季的私家食谱,4,推荐,23,0.9999999858590567
"
                    2015-12-28 17:33:46
                ",樹一,饭间剧。大部分人的生活都是泥土里刨出来的果实块茎枝叶，粗糙乏味，但有人可以把它们烹饪出精美的佳肴，全靠一双手，栽培浇灌，自添油盐。哪怕吃的是土，也能有滋有味地看雪赏花。,4,推荐,20,0.9998436407940832
"
                    2015-07-15 21:09:02
                ",冰红深蓝,"除了14类美食做法，还加入了更多剧情，比[夏秋篇]更有看头，对独自一人干农活的艰辛也作了不少描写，真实可亲。冬末春初的静谧祥和之景总让我有强烈的带入感，真想飞入荧幕中帮桥本爱分担体力工作。""所有的事,都是要看好时机的啊""""人本身就是螺旋,在同一个地方兜兜转转,或上或下略有不同""。（8.5/10）",4,推荐,12,0.9999999998758284
"
                    2015-06-30 22:10:16
                ",欢乐分裂,看过《小森林》系列，对原本无感的桥本爱好感大增，松冈茉优亦可爱出镜；还是那句话，好山好水，佳人够美，可是没有女汉意志和体力，没有一颗热切虔诚热爱的心灵，回归乡村是一件冒险的事；嗯，就着此片吃了好多东西，红豆和土豆的做法让我欣羡不已~,4,推荐,15,0.9999999999964644
"
                    2016-01-16 15:41:33
                ",叶酱,最后这个结婚生子也是来的……,4,推荐,17,0.35586385105441987
"
                    2015-06-29 19:32:08
                ",彌張,下雨天，烤个桃子佐酸奶和果仁，窝在家里看小森林，不由分说的惬意，今天的辛苦请换来以后每天只惦念做什么美食的小日子,5,力荐,25,0.999997771988884
"
                    2015-07-02 19:09:22
                ",Spring Xu,看到这么好看的妹子一个人在深山老林里种地、耕地、收割、砍柴、煮饭、每天独自“我开动了” 就真想立马跳进剧情里把娶她回家（嘤嘤,4,推荐,24,0.8425008996195978
"
                    2018-08-21 21:58:02
                ",不良生,有一天我们也去找这样一个地方生活下去吧。好啊。我自己对自己说。,5,力荐,19,0.44782640123981965
"
                    2017-06-18 14:45:24
                ",慕詩,故事很暖，全程研究女主的手，嘛，农民的手似乎不这样，跑咯～,4,推荐,15,0.991989795518704
"
                    2015-08-11 15:15:47
                ",大島,喜欢吉子说话和笑时歪起的嘴,4,推荐,23,0.5860734283607775
"
                    2015-10-09 19:46:02
                ",白牙尖,撇开性冷淡不说，估计还是蛮好吃的。,4,推荐,10,0.5915858642568874
"
                    2016-09-30 21:11:28
                ",恶魔的步调,从种出来的食材，到加工完成的美食，是一个充满控制力的过程，就像我们生活想去掌控的那部分。,5,力荐,15,0.9876452489189825
"
                    2015-08-09 20:09:32
                ",bird,耳目一新，饥饿难耐。食谱是眼睛的发现和动手产生的，生活样式是传承发展消亡又重建牢牢建立的，这对电影也是。四个小时阅尽一片的土地的四季变换，对照迷途年轻人的四境，夏辛秋笃冬郁春化。至于剧情，杀人的工作和追求的平淡生活都没有剧情，日式绘本的极致拼贴，不也拼出了螺旋的众生。,5,力荐,16,1.0
"
                    2017-12-01 11:27:14
                ",Reloaded,小森林如此高分，和广大人民群众尤其是妹子群众对乡村独居自由生活的向往密不可分。只是细想一下，每天就那么点儿时间，务农和家务占去大半，还要外出串门和采购，时不时还得做做这吃做做那喝的，恐怕这样的生活也不会多轻松。所以，归根结底，本片乃是面向霓虹国进城打工年轻人的隐性鸡汤而已。,2,较差,31,0.9999992960456046
"
                    2016-01-06 14:21:59
                ",小伙锅,美少女+北国风光+美食节目 赏心悦目地给广大宅家吃外卖看屏幕的城市人打了一针鸡血 再造“理想农村劳动生活”幻景（等你们真过去你们就吃土去吧）后半程妈妈的信、市子的舞、村里老人的聚会 真的很棒 渐渐感到了一些实在的东西   （不美的体力劳动万岁）,4,推荐,8,0.9999999803941643
"
                    2017-01-12 19:19:40
                ",樹,回忆小时候，住乡下，朝寒喂马，日暮煮饭，缘溪行，无功返，与鬼神、味道、亲友有关，阳光照的脸发烫，鸟、树梢、屋影，狗、花和炊烟，万物沉默如谜。,3,还行,52,0.9976923370720718
"
                    2015-08-16 23:11:41
                ",子文东🤪👻,还有这种孩子大了就撒手不管的母亲？！好羡慕！=_=,4,推荐,14,0.9964539435662596
"
                    2016-01-15 19:54:37
                ",daangel,有个吃货妈妈多好啊，哪怕她会离开你，但已经教会了生活的真谛。去尝试，去品味。,4,推荐,13,0.99835765647457
"
                    2020-03-01 18:45:17
                ",连城易脆,夏秋篇给以相对的好评是基于确实拍得比较美好，桥本爱也很适合这样的角色，这里主要说说缺点。首先可以直接用三部作品直接进行比较，本片从生活态度的传达上，被《人生果实》碾压，从食物的展现上，被《舌尖上的中国》碾压，从精致生活的表现上，被李子柒碾压。要知道小森林的内容都是假的，只是用伪纪录片的形式拍摄，所有的画面也都是摆拍的，那么既然都是摆拍的，显然各方面都有更好的作品比之优秀。要着重指出的是【田园牧歌】式的生活一般都不会那么雅致舒适的，另外如今大多数好看的农耕生活的影视类作品，也几乎都是用非常工业化的模式进行制作的。爱看这类节目本身问题不大，只是务必不要被这种假象所麻痹，就当做一种美好生活的期盼吧。,3,还行,36,1.0
"
                    2016-03-29 20:15:42
                ",耳东某,被母亲抛弃好在被土地接纳，一个具有优雅吃相的生活在农村的豆瓣妇女,4,推荐,9,0.9999966084072073
"
                    2021-11-04 20:53:32
                ",Iceberg,你以为你干活的时候会像电影里那样阳光灿烂，透过草帽落在你精致的五官上，晶莹剔透的汗珠顺着光滑的脸庞缓缓落下，定格成一幅油画吗？现实是，你才在太阳底下站一会就能晒到你面目狰狞，累到虚脱，热到滋滋冒油，黑到怀疑人生，被虫子叮到全身红肿，碰到极端天气整年颗粒无收！现代化高速发展造成的疏离感引起人们对朴素田园生活的怀念和向往，但电影是电影，生活是生活，不会真有人认为这就是现实中的农村生活吧？,2,较差,11,0.9999999999591289
"
                    2015-10-08 19:10:01
                ",粟熙,好美好温暖，看完觉得自己妄为女人，让我哭会……,4,推荐,8,0.983443211415077
"
                    2016-06-16 10:17:05
                ",宅蘑菇Moku,比上一篇更加美如画！请和喜欢的人窝在沙发上一起欣赏哟！！冬去春来，一年四季周而复始，自己一个人耕耘煮食，才慢慢体会到小时候觉得大大咧咧懒散的妈妈，原来也是那么努力辛苦的在生活着呀！在连接天地的大雪和漫天飘落的樱之间，和小森的每一处土地都有了深深的羁绊，留下来，留下来,5,力荐,12,0.9999999986129251
"
                    2015-07-12 12:12:03
                ",sirius_flower,终究，这是一个性冷淡小布尔乔亚审美的衍生产物。人际和家庭变成一种空洞的佐料，只是为了赋予食物一种刻意而不得要领的“意涵”空间。一个人真能处理杂多农务还有闲时搞搞格调？一种自给自足的乌托邦幻想背后血淋淋的“买面粉和意面的钱从何而来呢”“买衣服的钱从何而来呢”“家电钱哪来”“电费维修,1,很差,141,0.9998735906078681
"
                    2015-07-09 10:06:34
                ",渡边,桥本爱你们拿走，把茉优女神留给我。,4,推荐,10,0.977244197425531
"
                    2015-07-02 15:54:09
                ",phoebe,桥本爱最后跳神舞的时候真的很美，感觉她应该会很适合女扮男装那类的角色（海天佑希那种？）,4,推荐,4,0.9999902703487057
"
                    2016-11-20 01:15:06
                ",Azeril,这妹子一路从冬天吃到了春天 好致郁...,4,推荐,6,0.927548763060154
"
                    2015-07-08 18:18:31
                ",秋色波连波,除了桥本爱不够森系，其他都很森系。,4,推荐,8,0.7184783506799614
"
                    2017-10-15 21:34:13
                ",XD|醒来。你在。,太拖沓了。为了将一句话的中心思想重复十几遍。当内容不是服务于核心的时候，便只是华而不实的花纹、羽毛（差点用了吉光片羽这个词）。,2,较差,3,0.9599544994671524
"
                    2015-07-28 21:28:37
                ",宅拾叁,比夏秋加入了太多人文的东西在里面，于是像发现新大陆般的看到了松冈茉优，由于眼神从桥本爱身上移开不少，所以发现了一直在脑补的不能上网的隐居生活，即使知道实际情况，但片中农村的生活简直太羡慕。更是成功传递出了“人生价值不光是只能在城市里才能实现，农民这份职业并不比任何差”这种价值观。,4,推荐,3,0.9999999988476094
"
                    2015-09-13 11:35:00
                ",koala,与朋友谈起比起秋冬大概更喜欢上一部，讨厌的大概是在现有的日子中心神不宁，如同千佳说的，喜欢小森留下来不就得了吗，为什么要去大城市证明自己混得下去再回来呢，这就隐含着依然无法摒弃世俗的某些评价标准，让自己安心本来就是一个伪命题，安心该从内心而非外在去寻找。好遗憾竟错过几年四时交替。,4,推荐,14,0.9999999983289838
"
                    2015-07-09 22:16:03
                ",后自愈,城市里生活不下去，兜兜转转还是回到小森林，怎么才能在这个地方活出人生的意义呢？每天劳作耕田，恬淡自然，寡居清净，可也不是没有心上事。母亲消失很久，只见书信讲道理不言近况如何，和朋友吵架可吃顿咖喱就和好，抬头看清瘦的少年也会突然心动。多年后已是他人妻，才明白这就是生活的意义，足矣。,4,推荐,4,0.9999998972770555
"
                    2015-10-25 11:49:20
                ",维城乱马,溪水潺潺，浓得化不开的绿意盎然，清新而湿润的空气仿佛从荧幕里扑面而来。春夏秋冬又一春，心安理得地享受大自然的馈赠和辛勤劳作的回报，一粥一饭中都蕴涵了亲情。无论在哪，努力用心生活都不会错，远离喧嚣，孤独并不可耻，岁月沉淀自会带来礼物。一切终将平息，眼神和内心都会更加笃定。,4,推荐,12,0.9999999999959741
"
                    2015-12-24 09:32:34
                ",然潘,女主做饭真是不在乎原料啊好有钱…… 而且感觉她什么都是自己种的，在乡下生活真的能做到这种程度吗？,4,推荐,6,0.5976642776132182
"
                    2015-07-09 11:27:40
                ",岬,开始时，为自己无法“回家耕田”感到伤悲，后来，为自己小看了“回家耕田”的肤浅理想主义感到自惭形愧。,5,力荐,7,0.9882302210692188
"
                    2015-07-02 16:01:26
                ",帕拉,电影看似朴素，实则精雕细琢；不说教，却自动陷入思考。日本很多电影都会回溯到民族性的东西，或者是探寻到人生的本真。,4,推荐,8,0.9999984922662766
"
                    2018-01-14 16:32:19
                ",猫様,日本也是拼了命在为低欲望社会的一代寻找出路啊！你们一个个不结婚不社交一个人在东京挤着地铁吃着便当缴着高昂的房租住在四叠半的小盒子里苟延馋喘，还不如去乡下帮帮忙复活这些老龄化严峻的乡村啊！吃得健康过的自在一个人田园牧歌不但低成本高性价比还远离办公室政治啊亲！！！,5,力荐,24,0.9987525602350317
"
                    2015-06-29 22:43:02
                ",徐若风,比起上一部有所进步，但还是装。,3,还行,17,0.5615111750141577
"
                    2017-02-11 14:07:05
                ",幕天席地,春冬和夏秋，个人比较喜欢春冬篇，细腻打动人心，不适合一个人独处的时候看，会忧桑,5,力荐,15,0.9999848362253846
"
                    2016-11-02 23:26:14
                ",sosovipp,阳台党表示：菜确实不好种。,4,推荐,5,0.6406310094680875
"
                    2018-12-14 16:31:16
                ",狮子小白,女主的家乡和我家乡在同一纬度，季节和植被风貌是差不多的。当她骑着单车在乡下的道路上时，我突然发觉我很多年都没有见过家乡的油菜花了。夏天的荷花，秋天的落叶，冬天的白雪，通通都从我的生命里消失了，只有在高层写字楼里看到的日复一日的车水马龙和雾霾黄昏。10月初时候，和朋友自驾去海岛度假，经过海边的村庄，看着天上的云大团大团的仿佛身在大西北一样，绿油油的田野一望无际，空气安静得能听到鸟的叫声，那一刻，我突然发觉自己平时里的忙碌生活并没有意义。而理想落到实处也就是:在城里多挣钱，好有更多的时间去安静的地方享受清静。,4,推荐,8,0.9999999999996831
"
                    2015-08-19 15:25:44
                ",于是,真的好美好干净的电影,4,推荐,8,0.9787430949662771
"
                    2015-06-29 23:27:08
                ",嘟嘟熊之父,感觉我还是比较喜欢吃肉，以及小森的冬天实在太美。,4,推荐,4,0.6443582935412261
"
                    2018-04-03 13:25:45
                ",妄想代理,看出了绝望的情绪  即使最后走下去都会走到光明  梳理自己的那个过程还是很难很痛苦不是么   好在什么都会过去  平静无声的过去,4,推荐,4,0.9999514525406684
"
                    2015-07-29 11:03:48
                ",拔刀诀,和夏秋篇一样，安静的生活，淡淡的欢喜。就是有点审美疲劳了。其实四季合成一部电影就好，没必要这么长。,4,推荐,5,0.9963304016365369
"
                    2015-07-01 00:09:57
                ",女宛心兑,喜爱的系列完结了。红绿白长方体蛋糕、紫黄白蛋糕，纳豆糯米团，冻萝卜，干柿子，烤红薯，味增烤饭团，煎蛋卷，高汤面片儿，煎红豆饼，红豆包，印度薄烤饼，印度鸡肉咖喱，腌制蕨菜，冬花味味增酱，土豆沙拉，土豆面包。寒冷也是一种调味剂。小森的生活平静美好。又想做菜了，甚至想种菜了。,5,力荐,11,0.9993628498506055
"
                    2015-12-27 22:25:45
                ",vickey,一个人没有亲人，没有爱人，也要认真生活好好吃饭！,5,力荐,23,0.983910917512149
"
                    2015-06-28 13:52:02
                ",撒旦的表妹,春夏秋冬，一样美好的不像话，最后那段镜头集锦看得泪眼婆娑。,5,力荐,11,0.9517684302826744
"
                    2020-03-29 01:01:08
                ",秋天的黛西,日韩小清新果然不适合我，既不是电影，也非真实生活，无法喜欢这类空洞虚飘的美，做了两个小时菜，不用刷碗没有油烟，突出仪式而过滤真实，表演出来的朴素和精致可以使人平静，却并不动人，国内的李子柒比这个要自然很多，说到底，这是现代工业色彩的农业，而不是传统性质上的农业，人们向往的是逃避烦恼一切轻而易举的理想化隐居生活，而不是劳动智慧汗水浇灌的需要努力获得的平静生活。,3,还行,29,0.9999999999819642
"
                    2015-08-24 00:05:34
                ",Indecent time,加入了剧情之后，终于是一部电影了，一度泛起浓浓的鸡汤味，幸好，还是讲述一个和孤独和解的故事----转念一想，我国居然没有一个年轻演员可以胜任桥的角色，真是心酸（什么，谢霆锋？）,4,推荐,5,0.9999999982602035
"
                    2017-04-20 22:34:35
                ",柠檬海盐,温暖啊,4,推荐,3,0.9387755102040818
"
                    2015-12-01 22:01:07
                ",筷喜旺,真·春有百花秋有月，夏有凉风冬有雪。好想看女主上集市卖白菜土豆胡萝卜赚钱的样子！不过她没开餐馆没感悟人生已经甩相似的日本电影一万条街了，也就不细问天天种田烧饭到底哪来的钱交电费这样的问题了。喜欢！歌颂大自然！,4,推荐,6,0.9999974560778743
"
                    2020-01-02 14:40:07
                ",火娃,6/10。回忆中打年糕大会制作豆汤的热闹场景、火炉上烤番薯让邻里的闲聊更加有趣、雪下的冬花蓓蕾和飞舞的白色菜碟悄悄呈现出隐秘悲伤，五谷不分的当代观众大多出于猎奇欣赏这些食材的获取和品尝，却忘了食物只是主线上的铺料，小森林系列是讲一段看似诗意却辛酸纠结的内心成长史，查无音信的市子怀疑母亲没把她视为家人，眼中的母亲形象抠门、带陌生的外国人回家，但在懂得领会并珍惜友善相处的点点滴滴后，主动积极地在外打拼五年、成家，然后选择真正的回归而非最终受伤逃避的返回，跳起神舞的那一刻四季景色变换，自觉承担起传承文化、振兴农业的责任，但冬春篇变得浮躁，纪子的台词加了不少对现实的不满情绪，有一场戏小森居民召开会议，老龄化导致弃耕现象，悠太和市子说这块地的生存与发展只能靠我们年轻人，这真的不是日本政府投的少子化宣传片？,3,还行,9,1.0
"
                    2015-08-20 10:49:32
                ",梦里诗书,如果没有景与食那恬静的质朴，《小森林：冬春篇》平淡的故事定是难以为人如此钟爱的，耕种、收获、烹饪、享用这本最为平凡的农间日常，却在森淳一的镜头里构成了唯美犹如乌托邦式的美好憧憬，返璞归真的自得其乐，永远会是人们最为神往的生活。,5,力荐,7,0.9999999997938012
"
                    2015-06-30 21:02:01
                ",尾巴,桥本爱能拥有这部作品真是幸运。,5,力荐,6,0.9977056758842742
"
                    2016-03-08 23:03:11
                ",仲曰,如果只是因为大城市混不下就回到家乡，也是对家乡的一种不尊重吧。清淡得很好看。,4,推荐,8,0.9972870781358052
"
                    2020-10-05 00:49:20
                ",如,虽然季节里我更喜欢冬春，雪景也大美，但这样一个故事最后会到达那样一个强调“面对”的结局我不理解；到底有什么是一定要面对的？面对之后仿佛人生就坚定了的事情它存在么？当然，也可以说只是暂时的状态，但这模糊大法让这个结尾太偷懒/脆弱/俗气了。,3,还行,3,0.9999999320332609
"
                    2021-02-18 19:19:44
                ",高詩遠,日出而作，日落而息，终于度过了四季轮回。因为老一辈们真的想在小森生活下去，接受一切并且认真对待，才会打心底里享受这种生活。关于妈妈离去的细节有了更多的刻画，可能她也希望找寻到自己的价值为自己活着才选择离开的吧，与此同时所带来的思考是市子自己究竟算不算帮妈妈分担的亲人。收到妈妈的来信却仍然不知道她如今身在何方，但是这种羁绊没有办法斩断，回头找却又不知道自己的童年究竟何时已离自己远去，或许最后只剩一锅糖没有放够的冬花味增酱。,3,还行,1,0.9999999999986098
"
                    2018-10-03 13:56:58
                ",prost,冬篇看到了自己的日常……这样的电影显然是拍给城里人看的，好好做梦吧,3,还行,7,0.9949389742345718
"
                    2015-08-19 15:25:44
                ",于是,真的好美好干净的电影,4,推荐,8,0.9787430949662771
"
                    2019-07-03 15:20:29
                ",汪金卫,【中国电影资料馆展映】小森有三宝：腌制、晒干、加水焯。什么菜都能做成美味，都能“哦依戏”。看多了难免已经免疫。“现在农作物旁的杂草，在绳文时代可能是粮食”的观点角度独特，值得思考。五年后的结尾有画蛇添足之感。三星半,3,还行,8,0.9999877829893496
"
                    2015-06-29 23:27:08
                ",嘟嘟熊之父,感觉我还是比较喜欢吃肉，以及小森的冬天实在太美。,4,推荐,4,0.6443582935412261
"
                    2018-04-03 13:25:45
                ",妄想代理,看出了绝望的情绪  即使最后走下去都会走到光明  梳理自己的那个过程还是很难很痛苦不是么   好在什么都会过去  平静无声的过去,4,推荐,4,0.9999514525406684
"
                    2018-04-29 14:52:56
                ",Helicopter,日本真是蔬菜稀缺...,3,还行,4,0.9321188681351535
"
                    2015-07-29 11:03:48
                ",拔刀诀,和夏秋篇一样，安静的生活，淡淡的欢喜。就是有点审美疲劳了。其实四季合成一部电影就好，没必要这么长。,4,推荐,5,0.9963304016365369
"
                    2015-08-24 00:05:34
                ",Indecent time,加入了剧情之后，终于是一部电影了，一度泛起浓浓的鸡汤味，幸好，还是讲述一个和孤独和解的故事----转念一想，我国居然没有一个年轻演员可以胜任桥的角色，真是心酸（什么，谢霆锋？）,4,推荐,5,0.9999999982602035
"
                    2017-04-20 22:34:35
                ",柠檬海盐,温暖啊,4,推荐,3,0.9387755102040818
"
                    2015-12-01 22:01:07
                ",筷喜旺,真·春有百花秋有月，夏有凉风冬有雪。好想看女主上集市卖白菜土豆胡萝卜赚钱的样子！不过她没开餐馆没感悟人生已经甩相似的日本电影一万条街了，也就不细问天天种田烧饭到底哪来的钱交电费这样的问题了。喜欢！歌颂大自然！,4,推荐,6,0.9999974560778743
"
                    2016-04-01 06:02:48
                ",镜水修二,片中的食物其实不怎么符合我这类肉食系动物，但看着就会很舒服并且会想到小时候疯过的山川水泽，并且本片教育我们：大冬天的不要给娘亲添堵啊，亲妈烦了就会离家出走哒！~\(≧▽≦)/~,5,力荐,7,0.9998928710642856
"
                    2016-03-08 23:03:11
                ",仲曰,如果只是因为大城市混不下就回到家乡，也是对家乡的一种不尊重吧。清淡得很好看。,4,推荐,8,0.9972870781358052
"
                    2023-05-03 21:48:06
                ",孑身,"冬春篇生活气息少了一些，主线推动，人际关系多了些。人多了起来，便略微少了些恬淡静雅，多了些繁闹喧嚣。
错过了裕太，读完了母亲的信，解开了都市的结，离而复回，释怀了生活，填补了人生。
还是一样，可以借慰心灵，不可介入生活。",4,推荐,7,0.9999999999998821
"
                    2016-03-12 11:46:50
                ",花椰菜,农事与蔬饭。“稻子会听着人的脚步声慢慢长大”。“‘寒冷’也是重要的调味料之一”。“大地微弱生灵，刚毅朝向天际。”,4,推荐,5,0.9999597146025401
"
                    2021-01-03 07:15:06
                ",[已注销],16年的1月份看的小森林夏秋，要不就是15年12月。记得那天晚上很冷，寝室只有我一个人难得静心。如果搁现在未必会因为看到这种治愈的东西感到开心和兴奋。五年后通宵再看冬春，很多惆怅了视角也不一样了。感受到亲人和乡土纽带间有种叫传承的东西，想来我真是个彻头彻尾的旁观者，没有自己的记忆。或者，在浪潮化的内卷倒逼下，自己的印记无关重要，被有价值的信息替换是我的宿命，本来也不温馨的回忆更是只剩不堪。喜欢不做作的科普叙事方式，最美的雪落镜头，心动的感觉，但事实上真的很冷。那么继续看吧，从来没想过时间过了这么远，我还是没什么长进1.3  07:13,5,力荐,4,1.0
"
                    2017-06-12 21:20:22
                ",途经一个你,适合夏天看 超清新,5,力荐,2,0.8933158089841607
"
                    2018-05-02 14:44:32
                ",武侠小王子,饱暖思淫欲，显然女主境界不够。,4,推荐,3,0.9894633818628072
"
                    2015-07-03 11:53:16
                ",种桃仙子,日本人啊实在是太做作了。,4,推荐,7,0.4942544356459878
"
                    2016-09-14 09:15:36
                ",shibuya emiri,日本饮食GI高到吓死我。 为什么还这么瘦？,3,还行,4,0.9965982602857149
"
                    2015-08-10 20:58:20
                ",白发生,天有四时八节，进退有序；人有七情六欲，来去无拘。螺旋理论看似鸡汤，其实颇有见地，只是电影一直十分安静，此一番长篇大论难免有些突兀。很多问题并未如预想般在结局中有所交代，就像人生也不见得每件事都能找到答案。,4,推荐,6,0.9999999793971435
"
                    2015-08-23 23:56:25
                ",三蝶纪,有人评论说这是舌尖上的日本，贱外说舌尖多造作啊，人家这个多真实。确实就是那种自然而然，朴实又美好的生活，自给自足的耕作，伴以各种叫得出名字的植物动物，所有淡淡的柔和在一起，就是小森的生活了，虽不能至，心向往之。,4,推荐,5,0.9999999946130249
"
                    2015-07-01 14:07:07
                ",鴍諌🌈,看完夏秋之后就特别期待这部冬春篇。很庆幸没有把美食片上升到生活哲学的高度，就是记录着市子一年四季的吃食，很轻也很重！妈妈离家出走那条线索有些烂尾，特别讨厌结局，五年后跟吃货电影有毛关系！在生生长流感慨处结尾就更凝练了,3,还行,4,0.9999999999997855
"
                    2015-07-20 10:16:36
                ",风满蜃气楼,比起夏秋好像更喜欢冬春的料理~糯糯的年糕也好红豆菠菜蛋糕南瓜黑米蛋糕也好，松软的土豆泥面包也好吵架后和好的特制咖喱配面皮烤馕也好，冬天的食物有种说不出来的幸福感啊嗷~螺旋的比喻略棒，最后神乐舞的服装色彩好好看！不过旦那的脸没看到有点残念。。,4,推荐,3,0.9999999845955263
"
                    2016-08-29 10:05:24
                ",颍原真吾,田園在銀幕上傳遞著詩意，食物在電影裏散發著香氣，一部“秀色可餐”、蕩滌心靈的電影。——Mtime時光網,5,力荐,1,0.9999058076113527
"
                    2018-10-07 09:33:12
                ",m89,无田似我犹欣舞，何况田间望岁心。最后的神乐舞有些惊艳啊。,5,力荐,1,0.9247052963403303
"
                    2016-06-12 00:11:26
                ",su27根本就没有,竟然有这样介于美食节目和清新小故事之间的电影,5,力荐,5,0.9918396815439007
"
                    2017-08-25 09:45:23
                ",Eco,冬天里的食物真是没一个喜欢吃的，食物跟天气都有点禁欲。,3,还行,4,0.786707016694433
"
                    2019-07-21 17:00:47
                ",Odair,这种在山里盖一座小木屋一个人吃一个人种远离尘嚣的生活真是治愈当代社恐的最佳利器。,5,力荐,1,0.9981476620066815
"
                    2016-06-22 10:31:55
                ",外出偷狗,希望北欧那些无聊到爆的直播也出电影版，一定支持。,4,推荐,1,0.16062673868804922
"
                    2015-08-02 11:05:14
                ",恶犬伯伯,然而吃不饱,3,还行,5,0.4154500898578827
"
                    2021-05-02 21:35:21
                ",Muto,吃完烫嘴的烤红薯，在朋友们的一番「热议」下，习惯逃避现实的女主似乎终于开始面对那个终极命题：我是谁？从哪来？到哪去？遗憾的是，正处于探索中的「厨娘」没有回应，给出示范的母亲也只教会了女儿如何满足肚子，而「饱暖」之后「为何而活」则留给她自己去挖掘。最终，我们得知她成为了他人的妻子和母亲——回归传统家庭。这是与韩版最大的不同：既然擅长与孤独打交道，何不干脆「纵身一跃」将这种「天赋」以及前人留下的那份「遗产」发扬光大呢？事实上，无论是夏秋还是冬春，纯净到不容「异乡人」玷污的《小森林》都有对于父/男权社会规训的不满和心理上的反抗，但致力于「口嗨」的女性群体也只是站在其边旁抑或躲在其背后说说风凉话。在不得不接受日复一日的歧视和偶然的暴力沟通之后，因敏感脆弱而极易受伤的《丑女》就又被热乎的美食给治愈了。,4,推荐,2,1.0
"
                    2018-08-29 15:10:50
                ",U 兔,#补遗#真的是太美了，看这两部的时候都会有种心变得软踏踏的感觉，但是又很有弹性，好像有了内在的力量。影片还是有一定想象力的，穿插了一些妈妈的情节，但是不觉得多么触动，还是那种虽然孤单但是有食物为伴而且为了生存下去就要和食物好好相处的劲儿比较打动人。能把农村拍得这样干干净净的美，真是应该学习一下。节奏也可以，虽然慢悠悠但是总是会在适当时机给人一个刺激，让人不禁叫起来！这种调性也是很见功力的。,5,力荐,2,0.9999999999999158
"
                    2016-05-28 16:40:07
                ",小颗白胖子,菜太素，拍得又太闷，不适合我看。,4,推荐,3,0.02949473706843142
"
                    2015-06-28 17:12:45
                ",绿衣去2010,不敢简单。,5,力荐,2,0.279384328287855
"
                    2017-02-12 20:24:41
                ",小葱,《小森林》。唯有闲情，才可以仰望星空，才可以在晒太阳的时候发现日晷，并一分一秒地来享受时空，享受清冽的空气和雨丝绵绵，并由此创造历法和节气。,4,推荐,3,0.9999919059176969
"
                    2015-08-19 20:48:53
                ",巳注销,对女人而言所谓“一间自己的房间”还得是厨房啊。伍尔夫不懂这个道理，所以自寻死路了。张爱玲懂，她说职业女性自己看看房间里每一样东西连一粒钉也是自己买的，可是这又有什么快乐可言呢。所以片末女主结婚孕子然后再回归，这才算完满了。,3,还行,2,0.9941755642691706
"
                    2016-08-17 17:17:56
                ",金正昆,如果说有什么比美食更治愈的，那一定是美人了。,5,力荐,1,0.9763761305868085
"
                    2021-02-17 10:29:44
                ",mobydick,这么高的评分，是对中国孩子美学教育失败的控诉,3,还行,3,0.9923560399259296
"
                    2019-06-30 22:08:52
                ",神仙鱼,原来是四集日剧，还有点命题宣传片的意味。大地微弱生灵，刚毅朝向天际。所有食物都来自淳朴土地与劳作，制作过程与色相写实不浮夸，真正有汗水的生活。人生的螺旋上升，有无人知晓的艰辛。,3,还行,2,0.999999985549614
"
                    2015-08-24 17:17:13
                ",阿席达卡,作为一个城乡结合部长大的孩子，我深知农村没有这么美好，但我却依旧无比怀念小时候锤糍粑时吃的甜甜的糯米，夏天荷塘里怎么也钓不完的龙虾，与红红的西瓜，好多记忆扑面而来，可惜随着环境的恶化，农村卫生管理的制度与文化的相对普及程度，已经有好多东西都再也看不到了,4,推荐,1,0.9999794647350864
"
                    2017-02-13 20:19:24
                ",宋雯婷,舌尖上的日本+nhk农业频道+一人食？,3,还行,5,0.7859765468080951
"
                    2015-07-01 22:07:10
                ",小巧choco,喜欢这种地方！,4,推荐,2,0.6485472619121777
"
                    2022-01-19 12:57:29
                ",阿西,还是更喜欢夏秋篇，女主在季节循环中，终于得到自己的内心的答案，小森不是逃避之地，小森是热爱土地之人的选择，直面城市生活找到最适合自己的才对，五年后女主结婚回到小森，这一次她一定是认定了小森，决定就在这片美好，虽然四季循环周年复始但是每一年又会有所不同的的小森。,3,还行,9,0.999999085521756
"
                    2016-03-13 09:31:55
                ",寒清,白日梦般日式乡村生活，迎合了布尔乔亚的审美。诚然，追求幸福和满足无可厚非，但裹着糖衣的谎言，还是是欺骗啊。真实可以残酷，也可以美到极致，是亲手播种的五谷杂粮，而艳丽的膨化食品，终会像泡泡一样被戳破，瘪掉，失去生气。,3,还行,4,0.21847192674833105
"
                    2018-07-14 16:17:27
                ",福尔摩伟,晚饭之后不要看,3,还行,4,0.6468850738864212
"
                    2015-07-20 14:16:02
                ",吃货羊,结尾减一星。。。。。真是什么鬼。。。。,3,还行,7,0.8046705869671327
"
                    2016-03-18 10:51:02
                ",幼银,一部正好 两部嫌多,5,力荐,4,0.7955239003350646
"
                    2015-08-18 10:35:23
                ",支离疏,太好看了，太幸福了。,3,还行,2,0.843835483751359
"
                    2021-01-19 11:18:28
                ",柏舟,确有治愈的作用，但造作的成分过多，和电影严重脱离，所以和好电影扯不上半点关系。,5,力荐,3,0.9947540909864663
"
                    2015-08-01 22:53:45
                ",michi,看到下部才意识到这是一部女性电影，女性的精神世界与乡野和厨艺细细交织。母女两人独自生活，在圣诞节来访三次的外国男人，在女儿高中结束前离开家的母亲，爱对小女儿编点瞎话，直到小女儿独自探索世界后才发现真相。春天结束，五年后的结局很美妙，喜欢桥本爱最后那个表情。,3,还行,1,1.0
"
                    2015-09-14 20:16:56
                ",cliosong,【6.0】这俩片子要干啥？展示资本主义新农村？,3,还行,1,0.3841584727945835
"
                    2021-10-11 03:39:10
                ",一二三四卌,大概自己长期生活在穷乡僻壤，所以对那些大山大海石路瓦屋之类的景色不感兴趣。都市丽人的身份久了，自然羡慕那种野鹤闲云的世外桃源，林中小屋的别致。我看到的全是蚊虫的肆虐，蛇鼠野兽的惊吓，冬冷夏暑的恶劣，现代气息的脱节。说句不好听的，真正的乡下，万一生病了很多时候只能自求多福。 ,4,推荐,4,0.9999999977852623
"
                    2021-02-15 22:00:54
                ",小仙女棒棒,可以说是无聊，也可以说是治愈,5,力荐,6,0.18333625361196737
"
                    2018-06-21 03:52:25
                ",Μουσαι,生活散文。没有什么比食物更普世。整理自己，重新出发。,4,推荐,1,0.9994027028212411
"
                    2015-11-22 20:53:50
                ",海德格尔,美味是一种回忆，美食是一段时光。这是电影式的舌尖上的日本。太好吃了是因为，想和心爱的人就这样一直不停滴吃下去。,4,推荐,4,0.9999986266719236
"
                    2015-08-13 04:10:36
                ",小岩菽,跟神去村一样，让人重燃对乡野生活的热望。每一年冬天就要开始准备下一个冬天的食材，周而复始，人在原地打转，但又不是圆，而是螺旋，每转一次都大上半圈。极简画面与食谱，看了真的会让你更认真做饭给自己吃。,4,推荐,3,0.988387258696704
"
                    2015-08-14 20:30:58
                ",木偶,世间柔弱生命，坚毅伸向天际,5,力荐,7,0.9970580837988782
"
                    2016-05-29 13:22:52
                ",Настя,春天的部分终于像是生活的本来面目。装作很努力的样子去遮掩自己的逃避，这说的恰好也是我吧。回归基本生活劳作起居或许能让人明白内心所需，然而真正的难处在选择之后。想按照自己的方式生活，希望能够如此。,4,推荐,2,0.9999999106536026
"
                    2015-09-08 22:39:15
                ",魏晓波,最后是一段纪录片，拍摄了当地真实的状态，老人、孩子、一点点农田，老龄化和城市化把乡村生活一点点吞噬，像个梦。,5,力荐,2,0.9998953367165733
"
                    2015-06-28 00:21:45
                ",黑狗成,松冈萌萌地抢走了所有光彩。,4,推荐,3,0.9602287773199654
"
                    2020-08-27 17:14:28
                ",Jupiter,吃吃喝喝才是人生真谛,4,推荐,1,0.9209433193568913
"
                    2019-07-05 18:32:38
                ",听海,这不就是日本版的李子柒么，电影所呈现的是农村生活最理想化的一面，不是真实的农村生活，这样的电影能进入top250，只能说大部分人离土地太远了,2,较差,1,0.998559890031744
"
                    2017-08-24 22:16:55
                ",世之介,对我来说，真的很压抑了,3,还行,3,0.8885574348642155
"
                    2019-06-28 22:24:26
                ",冲鸭,完美捕捉了原作的精神。而且因为四季比较集中，容易学习。显露出了平凡的山里的人值得尊重的想法。,5,力荐,0,0.9999931995900848
"
                    2016-02-28 19:09:23
                ",Aubrey,乡间的生活氛围别具一格，美丽的风景和清新的环境令人神往。想想要是换做自己一个人去生活，绝对做不到女主那样坚强独立才华横溢。雪地里一个人徘徊的女主背影看起来非常落寞，甚至有些可怜。这也是她为什么后来会选择离开小森吧。,4,推荐,0,0.9999999988286683
"
                    2015-09-12 15:50:49
                ",Marvin,依然是美如画，但是根本不实际。什么好东西都是做天妇罗，翻新能力实在太有限，好不容易翻新了一次卷心菜还失败，做干锅包菜多好，哪怕包饺子也好啊~,5,力荐,2,0.7129315665004045
"
                    2018-04-26 18:22:07
                ",皮皮一号,真舒服啊。画面干净整齐，连泥土好像都不脏。看到一半恨不得马上打包行李去乡下，后来觉得务农是不可能务农的，我一这么热爱大城市的人。但可以在城里活得简单点，稍微降低消费欲望，想吃什么自己做，舍弃不必要的社交，适当自私一点，不要被无关人士的想法影响。,5,力荐,1,0.9989983807600887
"
                    2018-04-08 18:45:30
                ",木二开,喜欢吃的人才会知道怎么好吃,5,力荐,0,0.6751584049500978
"
                    2018-11-15 10:20:55
                ",林||我们谈什么都像谈死！,春夏秋冬四部超级治愈，画面中没有电视、手机，有的是远离城市的播种收获做饭，当然也有失败的时候，也会有劳动与回报的巨大落差，但这就是生活啊，每天那么辛苦，不就是为了吃自己想吃的东西么。,5,力荐,1,0.9999791818694785
"
                    2021-02-26 14:44:54
                ",申由己,其实我一直在担心她妈妈是不是出了什么意外啥的。,5,力荐,0,0.9842924820125408
"
                    2023-08-19 14:30:03
                ",Lalalaland,"此时看尤其喜欢。日本人对于吃的真的太敬畏了，好喜欢这种与食物的关系，认真包裹埋藏好纳豆等到来年。“希望你变得好吃哦”“变成好吃的报答我们哦”。发现把播种，浇灌，收获的整个过程拍出来的意义了。时间培育出的礼物。慢慢除草，慢慢采摘，慢慢去皮，而不是直接拿上就能吃，仿佛变出魔法一样出现在餐桌上，一份料理之于做与吃的那个人，就像玫瑰之于小王子一样。慢下来恰是愉悦本身。没想到除了岁月静好，还探讨了乡村的发展方向，人与土地，人与故乡的关系。",5,力荐,4,0.9999999999999998
"
                    2019-07-01 00:04:59
                ",Over5,霓虹村蜜味多美,4,推荐,1,0.8118883403871108
"
                    2020-10-07 08:57:20
                ",mOco,如果只是因为在城市里混不下去而回到小森，那是对小森最大的不尊重。,4,推荐,0,0.18504932999497936
"
                    2022-11-10 16:19:17
                ",与碟私奔,舌尖上的日本🇯🇵,2,较差,1,0.6749996379952784
"
                    2020-04-05 21:45:51
                ",戎夷先生,这一部最后的结局还算好，女主出去闯了一圈，然后确定了自己真正想要的生活方式才回来了。但还是比较刻意的安排，强烈建议国内导演翻拍给国内小资看。我还是不明白为什么要拍这么长的系列电影出来，还一拍四个小时，还拍的不像电影。我还不如去看野食小哥。,3,还行,2,0.9999997840357673
"
                    2020-02-26 01:29:18
                ",老罗Lazzaro,周而复始的小森生活，恬静怡人，理想治愈。冬春篇比夏秋篇多了一些人情世故。,4,推荐,0,0.9999977828164505
"
                    2015-11-30 22:31:07
                ",斩杀,很安静，很美好。,5,力荐,1,0.955547739917667
"
                    2015-08-26 15:17:12
                ",kakakarl,全是看在美食美景的份上才给三星，这种没有剧情，演出来的记录，不能称之为“电影”吧。,3,还行,5,0.9930103061687273
"
                    2016-12-14 00:52:42
                ",(๑⁼̴̀д⁼̴́๑),女孩市子（桥本爱 饰）选择回到自幼生长的老家——位于日本东北地区的小森村。这里没有过多时尚文明的色彩，当地人过着日出而作日落而息的传统,4,推荐,2,0.9999994555869256
"
                    2015-04-07 11:15:42
                ",久菜合子,乡野田园梦,4,推荐,2,0.9249575516040462
"
                    2016-02-17 15:28:05
                ",Bejdlxl,这种片子用意究竟为何？乡村风光，烹饪科普，还是饭前开胃？看完最大感受是，食物永远不该成为电影的主角。饱食状态下观看简直催眠良药。女主是花季少女这一点就已经够假了，年轻人二十来岁就决定在农村种一辈子地是想教坏谁呢？看你做了这么多，我还是只想来一碗麻辣小面，哦，米线也行。,3,还行,3,0.9999999975385394
"
                    2015-11-05 20:21:52
                ",姜小白,植被跟作物都太像我老家恩施了，作为一个从小下地的农民少年，看着她这么种土豆我表示不服气啊。实话讲，看着她思索下一株卷心菜马上要成熟了该怎么吃呢！让我想到自己好几年没下过地干农活了，想当年我可是一把好手啊。,5,力荐,2,0.9999963254246658
"
                    2020-09-29 06:39:13
                ",Clyde,当代，日本乡村可能是最美的乡村。,4,推荐,0,0.9628815528214096
"
                    2018-04-20 21:07:31
                ",CapyPOWER！,“我一直很佩服市子独自一个人却努力地生活。可是对重要的事情你总是躲躲闪闪，遮遮掩掩，自我欺骗，却用努力的幌子在遮掩这一切。你难道不是在逃避吗？” 最后在YUI久违的歌声中与自己和解了的市子没有再逃避了吧。真好啊。,5,力荐,1,0.9999782942242947
"
                    2020-04-26 22:27:29
                ",已注萧,一个食物代表着一段回忆，不仅吃它的时候会想起，看到的时候就会回忆。从头到尾想起了好多小时候吃过的食物，这些食物串起了一个个的人，人物的影像模糊了，但是味道永远不会。,4,推荐,1,0.9999989331747036
"
                    2017-08-11 19:16:56
                ",小痕呀,最近很想归隐，于是又想起了这部电影，心向往之。,5,力荐,1,0.9996437023849003
"
                    2018-02-20 20:59:46
                ",王卡,不太容易照搬的菜谱，非常美，介于说明文与写景文之间，纪录片与文艺片之间？,3,还行,3,0.998783016980063
"
                    2019-07-16 00:35:47
                ",生人回避,平静；缓慢；温暖，却又不乏味，很难想象它不是作为一部纪录片去拍摄的，看到第四个分段时，甚至觉得片头旁白异常的悦耳。,4,推荐,1,0.9999262163597772
"
                    2015-07-06 01:48:30
                ",晓晓一,在小森季节会轮转，人生似乎也总是画圆，然而每一次其实都不一样，所以即便是打转，也是不断扩展的螺旋。最后也找到了回小森的理由，这不是很好吗。片尾的镜头里从事农业的几乎全是老人，这是一种被遗弃的生活，让人有些忧郁呢。,4,推荐,3,0.9967006103951086
"
                    2015-11-23 23:06:53
                ",开了一朵花,即使，有一天，最亲密的人离开了自己，只要能继续认真地生活，也就不算被抛弃。漫天的白雪，满树的樱花，微一微笑，生活，还是值得坚持，未来仍可期。喜欢市子最后跳舞的样子，十分英武，让我想起了林青霞的东方不败。,5,力荐,2,0.9999996852339423
"
                    2015-06-28 13:11:36
                ",超cute侠,慢生活典范，不辞辛苦只为吃到最美味的食物，即便是在大城市混不下去的青年能够自己动手丰衣足食依然不失脸面，喜欢片中提出的螺旋式前进的概念，虽然总在相同的地方跌到，但积累的经验却让自己不至于回到原点。,3,还行,2,0.9999929254174594
"
                    2017-10-16 23:55:56
                ",Comel,吃货的日常,4,推荐,0,0.8394519189317077
"
                    2023-05-12 20:31:38
                ",momo,CGV这灾难的屏闪受不了了😅,3,还行,1,0.8653763877120166
"
                    2016-12-20 11:39:46
                ",里拉,我看不出这是电影。小森林是没有叙事，而不是“反叙事”。电影改名叫舌尖上的日本传统乡村，类型改为桥本爱主演的纪录片的话就没问题。作为剧情片？见笑了。一开始由于各种来源含糊其辞的内容简介以为这是一部意味深长的佳作，看到一半已经转换成收集烹饪视频的心态了，然后其实都不是烹饪视频。,1,很差,3,0.9999999801449395
"
                    2016-12-22 02:52:02
                ",老鱼爸爸,女二好看。,5,力荐,1,0.6892074482293215
