time,uname,comment,star,title,support,sentiment_score
"
                    2013-09-27 04:49:56
                ",shininglove,小人物，大成功。低成本，高票房。热电影，冷导演。旧模式，新包装。雅追求，俗定位。内棚衬，外景托。熟表演，生情境。远特效，近手持。慢推入，快剪辑。有利益，无朋友。左警察，右悍匪。正势力，恶交锋。假道德，真和谐。恩未报，怨已结。问有主，答无解。单兵战，双人桥。哭邻国，笑天朝。,5,力荐,10204,0.9975896915060144
"
                    2013-10-07 12:09:04
                ",张小北,韩国电影中一直有一种东西，合适的时候叫『热血』，过量了就是『狗血』。但从来没见过不足的时候是什么样子。,4,推荐,3239,0.9655830263486769
"
                    2013-09-13 22:53:36
                ",乌鸦火堂,这种题材的电影有漏洞在所难免，但韩国电影能做到这一步值得称赞，几乎是一间房子中的故事，格局却相当大，节奏紧张，剧情张力太强，舆论、媒体与政治的黑洞令人反思，结尾比搏击俱乐部还激进，美国估计都不敢拍，但韩国敢拍能拍。河正宇的独角戏太强大，五星。,5,力荐,6018,0.9999999975033029
"
                    2013-09-06 12:08:10
                ",多多以南夫斯基,有紧张刺激的故事情节，有导演想传达出来的比恐怖炸弹还要严重的媒体、政治顽疾，还有河正宇超棒的表演（大势所趋，成影帝）。超喜欢最后一幕，河正宇摁下按钮，媒体大厦砸向国会议堂!!,5,力荐,4880,0.9999716899968806
"
                    2013-09-26 01:45:18
                ",柏林苍穹下,一部戾气如此深重的影片，注定能在我朝获取广泛共鸣。,4,推荐,2809,0.9834951587688062
"
                    2013-09-23 22:41:04
                ",黄青蕉,一想到有生之年都无法参与这样的电影，忍不住呜呜哭了起来,5,力荐,3383,0.9449200289830197
"
                    2013-09-19 22:22:07
                ",内陆飞鱼,今年最好的韩国电影出现了，《恐怖直播》恐怖直播，绝对五星。韩国人再次一人之力对抗政府，在几十平方的演播室内，闪展腾挪，河正宇一个人撑起一部戏，身临其境的现场感宛如911直播，悬念绷紧紧张到手心捏汗。韩国电影人用小成本好故事，再次告诉我们故事为王，其余是浮云，好莱坞快去买改编权吧！,5,力荐,2090,0.9999595584573788
"
                    2013-08-29 20:52:15
                ",Lyra Vega,爽，国内不可能有的剧情,5,力荐,1865,0.9156685990952957
"
                    2013-09-15 22:22:32
                ",LJ,一个演播室淋漓尽致的展现了人性的丑恶、传媒的势利、政治的可怕，美国都不敢这么拍。,5,力荐,1348,0.9920127109702099
"
                    2013-09-27 10:23:36
                ",风间隼,够狠哪！象征层面有国会旁的媒体大厦、桥梁、未完工的大楼、逐渐被剥去神性的演播间，情节层面，把恐怖袭击题材从美式中产阶级的虚伪道德绑架中解放了出来，失意主播不是官复原职夺回原配，而是被逼到了蓝领无产者一边，最后与官僚同归于尽。有种日本老电影的血气。,5,力荐,889,0.9999843380750302
"
                    2013-09-12 20:01:33
                ",陈大乘,"韩国人要逆天了,即使一听就知道那不是50岁男人的声音，即使任谁也安装不了如此犀利的炸弹",4,推荐,2784,0.03437008651928919
"
                    2013-10-01 15:10:00
                ",罗弘霉素,《狙击电话亭》的空间，《搏击俱乐部》的格局。天朝是改编电影的国家，韩棒却有改变国家的电影，甚愧！,5,力荐,595,0.9985890272963346
"
                    2013-09-19 18:45:53
                ",芦哲峰,天朝刀客杨之韩国炸药版——任何事情，你要给我一个说法，你不给我一个说法，我就给你一个说法。,3,还行,2800,0.018153017911330283
"
                    2022-06-10 10:18:20
                ",大天使加佰列,底层无法发声。全网下架的原因：“这个国家像对待狗一样对待我。”,5,力荐,351,0.9869355637837564
"
                    2014-03-15 20:17:01
                ",根,有点明白为什么全智贤说上午的理想型是河正宇了。尤其是脸上还烂，太有亲切感了。,5,力荐,432,0.7689922979139941
"
                    2021-03-02 14:55:25
                ",笑笑朗爱豆瓣,只有在所有人质被杀光，歹徒被击毙后，总统才会带着“为了这个国家的自由和正义”这句鬼话而出现，片中每一个人都在为自己的利益而行动，自始至终，政府对待民众特别是恐怖分子都是藐视的态度，会加剧社会矛盾而不是缓和，最终受害的还是无辜民众，顶层人并不会收到影响。,5,力荐,263,0.9919538215259691
"
                    2022-11-01 06:51:57
                ",500 miles,我看完只想说一句牛逼与卧槽！在最后我想着河正宇按下爆炸按钮就是他妈的神作了，果然这个烂透的社会就该被炸掉。想让韩国总统道歉，无异于按着高贵的资本家头颅给你裤裆下钻过，无异于按着我们国家***的头直播来回抡巴掌。果然到了最后，就一句简单的道歉你也等不到，国家总想着捏死你一个小蚂蚁算得了什么呢？殊不知我们何尝不是这卑微的无动于衷的打工人呢？羡慕韩国的文化与电影产业我已经说烦了，我想在我们国家永远不可能见到这样的场面吧。韩国电影牛逼，有这样的创作氛围与尺度环境想不拍出佳作都难啊！,5,力荐,179,0.9948463344717877
"
                    2021-08-12 16:22:31
                ",茈此䔮,政府被黑出翔来了，尹秀英按下炸弹那一刻浪漫至死,5,力荐,155,0.9564100730879072
"
                    2015-02-22 14:16:28
                ",冰红深蓝,"2013年韩国年度神作之一。摄影机大部分时间都聚焦在演播室主播身上，河正宇展现了令人拍案叫绝的演技。剪辑凌厉流畅，多角度景框、观众与主播视角的来回切换消灭了视觉疲劳。叙事节奏极为紧凑，情节一波三折，单作为悬疑惊悚片都是佳作，更何况片中充满了对政府,媒体和自私人性的嘲讽。结尾超神 8.8/10",5,力荐,220,0.9999999999999039
"
                    2014-01-24 21:22:05
                ",姨妈的鸭,男神！！！！！！！！！！！！！！男神！！！！！！！！！！！！！！！！！！！！！！！！！！！！！！太牛逼了！！！！！！！！！！！！空间小人物少！！！！！！！！！！！！影帝啊！！！！！！！！！！！！！！！！！！太帅了！！！！！！！！！！！太帅了！！！！！！！！！！！！！！！,5,力荐,169,0.003261100122271654
"
                    2013-09-15 01:04:11
                ",Tekki,政界、传媒界以及某国的脸都被打得啪啪的，河正宇的演技简直无情,4,推荐,2519,0.5664109219244102
"
                    2017-05-04 14:58:09
                ",mlln,全程燃点。把媒体、公众、政府之间的制衡表现到了极致。#媒介理论参考观影剧目#,5,力荐,80,0.8115200141875457
"
                    2014-02-12 08:11:37
                ",小斑,这片首先有非凡的故事构想——为密室剧情开拓了新视野，其次有很好的脚本——人物关系只用细节点睛不加赘述，然后有上佳的技术执行能力——摄影剪辑利落，还有一枚身体语言表演力过人的主角。最后是对人性的虚伪和弱点的毫无回避。这就是我说的：韩国电影干了别的国家都干不了的事，有自己的一方世界了,5,力荐,94,0.9999999999804707
"
                    2013-09-13 23:52:55
                ",zhang 2nd,河正宇的个人秀，他一个人撑起了这部低成本封闭空间，对媒体政客等各种讽刺黑出翔,4,推荐,2389,0.9959500242120867
"
                    2013-09-13 21:03:17
                ",晓东,镜头大部分集中在室内，但剧情张力实在引人入胜。,5,力荐,111,0.8215282507600381
"
                    2013-09-23 11:26:49
                ",影志,《致命呼叫》开篇，《狙击电话亭》过程，《搏击俱乐部》结尾。漏洞多多，但实在屌爆了！,4,推荐,1067,0.999871070883835
"
                    2013-09-19 21:31:25
                ",同志亦凡人中文站,恐怖分子的“秋菊打官司”。夸张的地方都忍了，因为我们真就生活在这样一个冷血凉薄的世界。我也想摁那按钮。,4,推荐,764,0.8689292160796162
"
                    2013-09-12 22:35:34
                ",白发生,故事敏感，扣人心弦；节奏紧凑，毫无尿点。又一场封闭空间里个人表演的精彩呈现，又一次感受韩国犯罪题材影片所带来的冲击与震撼。政治的阴暗、媒体的嘴脸，这些元素如此熟悉，然而每次出现都不会觉得厌倦。如果是你，将会作何选择？,4,推荐,751,0.9999998284312751
"
                    2013-12-21 14:22:47
                ",vivi,3.5. 黑镜第一集韩版。一句道歉有这么难么，又不是要你跟猪搞~,4,推荐,422,0.013890020341078113
"
                    2013-09-30 22:42:10
                ",朝暮雪,最后按下炸药不够理智，但很解气。,4,推荐,258,0.9636737223080735
"
                    2013-09-07 16:40:12
                ",街道诗人,"하정우에 의한, 하정우를 위한, 하정우의 원맨쇼. 쇼는 성공했다.",4,推荐,189,0.32405620432475524
"
                    2013-10-15 01:04:29
                ",亵渎电影,现在看韩国电影想到最多的一个词就是工业属性，类型片其实是一种制造，特别是剧本的制造，如今编剧的工作早就已经不再是去写，而是按照类型片的结构和题材的模式去制造。这片子的悬念编排很聪明，严格按照剪辑的时间点，最后的结局让屁民在政府面前的无奈一黑到底实在太棒了。★★★★,4,推荐,216,0.9999999911081398
"
                    2021-12-14 20:38:53
                ",灵魂歌姬陆女士,2021年了，中国离拍出这种电影越来越远。警察厅长那番表现和话术简直是中国很多男“领导”的翻版重现。,5,力荐,62,0.9943763419030959
"
                    2013-09-29 00:04:12
                ",老晃,入选本人年度十佳！韩国商业片在意识上，已经甩我们那么远，作为从业者，深感羞愧和遗憾。这故事主题和《狄仁杰之通天帝国》何其相似，可它的视角、态度、结论，完爆了我们那所谓的“稳定压倒一切”。,4,推荐,272,0.999440643249934
"
                    2015-05-11 05:49:34
                ",LORENZO 洛伦佐,拍片的人碉堡了，要拍就拍这种电影。,5,力荐,101,0.7301083260809726
"
                    2014-01-13 19:11:13
                ",荔枝超人,基本上很符合那些看惯了美剧英剧XX剧的网友们欣赏口味。狠狠下猛料，不顾逻辑，也看不出有何意义，而且从头到尾都有出一种莫名其妙的狂躁气味。,2,较差,254,0.9959841702207101
"
                    2021-08-16 00:47:47
                ",＆只恋今生＆,看完后我在心里连说了三次“我草泥马，牛逼”。震惊于韩国电影可以把政府的高傲和无能，人性的卑劣和丑陋体现得如此淋漓尽致还能公映的同时想到我们国家的电影审查制度的诸多弊端，这样的电影永远不可能在我们国家上映，这不得不说是一种悲哀。,5,力荐,75,0.9999993285600565
"
                    2013-09-14 18:36:48
                ",左胸上的吸盘,总统道个歉真难呀,3,还行,670,0.013371788962612707
"
                    2013-10-03 20:10:41
                ",小岩井,普通人离罪犯有多远，看主角最后一刻的抉择。,4,推荐,242,0.9996243307900977
"
                    2014-05-30 21:50:23
                ",昏金暗玉,给你快感你要真实，给你真实你要升华，给你升华你说有bug。绝望就是你一直抱有一丝侥幸但是渐渐渐渐、渐渐渐渐你知道那点希望不会再来了，事情不可能变好了，结局不可能扭转了。所有的不确定里，唯有最后的坠落是确定的，心死了就不再动摇，我会记得坠落时那双眼睛传达出来的所有。,4,推荐,197,0.9999999951428995
