time,uname,comment,star,title,support,sentiment_score
"
                    2005-10-28 00:28:07
                ",犀牛,当年的奥斯卡颁奖礼上，被如日中天的《阿甘正传》掩盖了它的光彩，而随着时间的推移，这部电影在越来越多的人们心中的地位已超越了《阿甘》。每当现实令我疲惫得产生无力感，翻出这张碟，就重获力量。毫无疑问，本片位列男人必看的电影前三名！回顾那一段经典台词：“有的人的羽翼是如此光辉，即使世界上最黑暗的牢狱，也无法长久地将他围困！”,5,力荐,21755,0.999999999999704
"
                    2008-02-27 21:43:23
                ",如小果,恐惧让你沦为囚犯，希望让你重获自由。——《肖申克的救赎》,5,力荐,23882,0.9996916851304701
"
                    2008-05-09 23:15:34
                ",Eve|Classified,"“这是一部男人必看的电影。”人人都这么说。但单纯从性别区分，就会让这电影变狭隘。《肖申克的救赎》突破了男人电影的局限，通篇几乎充满令人难以置信的温馨基调，而电影里最伟大的主题是“希望”。
当我们无奈地遇到了如同肖申克一般囚禁了心灵自由的那种囹圄，我们是无奈的老布鲁克，灰心的瑞德，还是智慧的安迪？运用智慧，信任希望，并且勇敢面对恐惧心理，去打败它？
经典的电影之所以经典，因为他们都在做同一件事——让你从不同的角度来欣赏希望的美好。",5,力荐,11784,1.0
"
                    2010-03-27 21:30:29
                ",711|湯不餓,策划了19年的私奔……,5,力荐,17579,0.9793214918080596
"
                    2006-06-20 03:18:55
                ",艾小柯,关于希望最强有力的注释。,5,力荐,13031,0.7557794605815822
"
                    2007-06-06 12:22:55
                ",赫克托尔,有种鸟是关不住的.,5,力荐,13180,0.48759563531351846
"
                    2006-01-02 23:57:15
                ",寂地,"超级喜欢超级喜欢,不看的话人生不圆满.",5,力荐,7219,0.939862299971305
"
                    2006-02-04 05:58:22
                ",影志,"Fear Can Hold You Prisoner, Hope Can Set You Free",5,力荐,4765,0.27984147275311977
"
                    2012-05-28 22:57:42
                ",葱,这样的男人谁会舍得背叛。。。,5,力荐,5841,0.7687881471326308
"
                    2006-06-15 18:56:18
                ",veronique,"一部没有爱情与美女的电影,却光芒四射",5,力荐,5191,0.9940798191710857
"
                    2005-10-08 14:35:04
                ",私享史,"因为1994年台湾引进了一部比较卖座的老片The Sting，被错译成了《刺激》。到了1995年本片上映时，片商觉得其剧情与《刺激》有类似的地方（大概都属于高智商的复仇？），因此被译成了《刺激1995》，1998年又有一部片子Return To Paradise因为含有牢狱情节，被译成《刺激1998》！

说起来，自打高一时看过《肖申克的救赎》，男主角安迪的精神就持续影响着我，成为我价值观的一部分。那种持续不断给有关机构写信申请图书馆的精神，那种拒绝“忙着活，忙着死”的人生的精神，那种迫不得已作恶却良心不泯正义终彰的精神，那种享受生命中每一刻微小的美好的精神，那种在困境中梦想着远方有一小块属于自己乐土的精神，那种甘于平凡且活得自在的精神。一言以蔽之，那种属于“人性的光辉”的精神。",5,力荐,1257,1.0
"
                    2012-08-07 15:39:12
                ",朝暮雪,"“你知道，有些鸟儿是注定不会被关在牢笼里的，它们的每一片羽毛都闪耀着自由的光辉。”
一部经得起时间检验的电影，豆瓣、时光网、IMDb各大电影网站都排名第一的电影。",5,力荐,1818,0.9999999821060838
"
                    2008-01-14 01:53:08
                ",文泽尔,人的生命不过是从一个洞穴通往另一个世界..然后在那个世界的雨中继续颤抖.i hope,4,推荐,4436,0.9970054884367598
"
                    2006-11-13 08:41:13
                ",珍妮的肖像🦄,没有人会不喜欢吧！书和电影都好。,5,力荐,2881,0.9447003138480444
"
                    2009-10-07 19:58:08
                ",理想多钱一斤啊,"Hope is a good thing, and maybe the best thing of all.",4,推荐,2792,0.2211276549687775
"
                    2018-03-14 11:48:26
                ",如是,还记得老brooks上吊自杀时心里有多难过。自由来的太晚，生命早已自行放弃。,5,力荐,1974,0.9780828833141295
"
                    2018-01-13 11:21:05
                ",挽梦忆笙歌,一部没有女主，没有爱情，没有特技的好片子，也是很多大学英语老师喜欢放给学生看的片子，这部片子讲诉的就是一个很纯粹的故事，一次的救赎，换回了自由，也是一种信念驱使他这么做，这部片子是感人的，它也让很多人成长。,5,力荐,1602,0.9999999999997127
"
                    2016-11-14 23:44:21
                ",美好生活,肖申克中生存体制又如当今社会体制，“痛改前非”的人一次次被重新投入黑暗之中，当权者干着肮脏的勾当却会在公众面前宣讲“拯救之道”，似乎只有当性格没有棱角，思想失去火花，被“体制化”的人们习惯逆来顺受的时候才可以平安生存,5,力荐,924,0.9999999813326718
"
                    2010-01-28 22:52:32
                ",小海,这部电影没什么好说的，史上最完美的电影，没有一秒尿尿时间！,5,力荐,1428,0.7631582444770034
"
                    2012-01-06 23:02:43
                ",南笙,对不起，我戒酒了。,5,力荐,1556,0.25358414211862834
"
                    2007-02-20 10:56:01
                ",眠去,hope is a good thing,5,力荐,1236,0.06546767030711775
"
                    2008-03-19 00:32:02
                ",九尾黑猫,真的不喜欢，不好看，没感觉,2,较差,2233,0.5225186229489827
"
                    2007-08-21 06:50:24
                ",小耳朵图吗,越狱我感觉就是改编自这个,5,力荐,1218,0.6888431532552871
"
                    2018-01-04 11:51:34
                ",快乐人生,不愧是好莱坞大片，一环扣一环，没想到最后不但逃生生天还偷偷把典狱长的贪污转移了出来，证据也送达了出去，帮助了曾经关心过自己的人，情节安排的巧妙，演员演绎的也好，是美国的，有爱国情节的我给打四分,4,推荐,790,0.9999999957849577
"
                    2018-01-20 13:54:58
                ",苏多多,这是我每年都要回顾的一部片子，每当心情低落，人生低谷的时候，或者随便什时候打开，听着摩根弗里曼低沉的声音娓娓道来故事，就会感觉好了很多。好的电影是好的人生陪伴,5,力荐,884,0.9999999758638641
"
                    2008-03-02 15:00:17
                ",乐安蓝,明修栈道，暗渡陈仓,5,力荐,1096,0.3208995304123283
"
                    2012-06-29 15:24:52
                ",赫恩曼尼,若你试自由如生命，你愿意用20年等来一日的逃脱。,5,力荐,578,0.9999091556593541
"
                    2017-05-03 19:04:54
                ",顾俏乜,通过下水道逃出去，这真的是太震撼了，不得不说男主对自由的执念克服了一切，即使待在监狱里，因为不断学习，没和外面的世界脱轨，他才能如此从容面对一切，甚至即使是在监狱这小小世界里自己也是主宰，所以说：学习很重要，学到老活到老。,4,推荐,499,0.9999889778866169
"
                    2007-12-24 17:50:21
                ",Doublebitch,绝对是期待过高导致有点失望,4,推荐,510,0.24265522048908794
"
                    2006-11-21 20:12:53
                ",毛利,看完让人很振奋,5,力荐,925,0.9618455377822317
"
                    2017-10-25 10:14:27
                ",遇见彩虹🌈,何为救赎？只有重燃人们心中的希望才能救赎。有希望才有一切可能。即使环境再恶劣，安迪都没有放弃，坚持不懈的写信为大家换来更好的图书馆，帮助有需要的人拿到高中文凭使他们可以在社会上有生存能力，就算知道会惹怒看守也想让人们都听到美妙的歌声，点燃希望之光。有一种鸟儿是永远也关不住的。,5,力荐,551,0.9999999371694002
"
                    2011-02-21 11:07:22
                ",叶荣添,大众经典我从不感冒，为什么？我欣赏水平不行？,2,较差,933,0.5315442634553182
"
                    2016-12-23 19:03:28
                ",雨果,好片，但是远比这部片更好的还很多，大家整天把这部电影稀奇得不行，其实同年的电影我更喜欢阿甘。,5,力荐,359,0.9992197693610907
"
                    2021-02-02 22:28:40
                ",momo,其实理解不了为什么这部影片会排名第一…,4,推荐,202,0.2980259028555412
"
                    2016-11-12 16:01:50
                ",yocofcjx28,太感人的电影！完整看过四遍！安迪从下水道爬出后，在水里在雨中仰天长啸时，就瞬间泪奔！,5,力荐,535,0.9998703678821137
"
                    2018-01-31 08:46:09
                ",雨滋味,救赎什么？灵魂？自由？信念？你看看这部电影就有体会了,4,推荐,176,0.9999913824625475
"
                    2018-01-12 16:31:58
                ",橘猫爱吃鱼,这是一部关于自由、友情、正义的电影!“信念不灭，希望永存”。这其实是他们全体人的救赎，只是选择的方式不同而已。,5,力荐,464,0.9999990864870157
"
                    2008-01-10 13:23:26
                ",老鸡｜扶立,我最喜欢的电影,5,力荐,638,0.9099520839563694
"
                    2018-01-12 14:08:20
                ",百骨金titi,真的很金典，每个人心里都有渴望不一样的自由，却又不得不被现实生活所束缚，很矛盾的个体，希望每个人能像安迪一样找到获得真正的自由。很喜欢摩根弗里曼,4,推荐,123,0.9999999958058761
"
                    2006-10-05 22:11:30
                ",我不绝望,有那么好吗？？？？？,2,较差,888,0.2554878760912733
"
                    2009-09-11 17:32:51
                ",一只麦麦,高中第一节心理课。“有一种鸟是关不住的，因为它们的每一片羽毛都闪耀着自由的光辉”，但后来不幸成了我的逆反宣言……哈哈哈。,5,力荐,269,0.9999915694746734
"
                    2021-11-27 23:23:19
                ",朱岳,二十岁以为自己是在外边看，四十岁才明白自己是在里边看。,5,力荐,186,0.4829227814170435
"
                    2018-01-20 16:48:59
                ",波波维奇,非常好，可惜那年有阿甘正传，但我个人认为还是这部最佳。,5,力荐,188,0.9787421728873662
"
                    2014-02-01 01:18:53
                ",tlmgt,有点好奇这部片为何被过度赞誉到这个地步···,2,较差,455,0.5605748721534534
"
                    2022-10-15 01:33:49
                ",如月之恒,我发现影史顶尖的作品，都反映了人的执念，一种笃定一切的意志力，这种意志不被人理解，但让人佩服，因为大多数人不敢付出这样的代价，他们不敢相信这一切的价值。自由和希望，就是每个人活着的一根弦，绷着就能生，断了就得死。所以“要么忙着去活，要么忙着去死”，在于选择。如果你愿意相信自己会是那只光彩夺目的鸟，那你就不可能被困在牢笼之中，因为安迪的牢笼是他自己打开的。,5,力荐,147,0.999999713288326
"
                    2005-12-26 22:57:17
                ",毛驴哥🔒🔒🔒🔒,不多说了,5,力荐,317,0.25248021845222945
"
                    2011-04-10 14:05:23
                ",Konec,虚假的巧合被当作精妙对比，突兀的后果往往使人惊叹而不是受启发，脱离过去过于决绝。,2,较差,190,0.9753486112733176
"
                    2017-12-26 11:32:50
                ",尽欢,习惯了监狱生活而接受不了正常生活的人，既真实又恐怖。勇敢面对生活，逃离自己的舒适区。,5,力荐,340,0.9964723416810355
"
                    2016-05-18 09:30:06
                ",不良生,天下大同。PS：停留在前去相逢的车子远去的背影最好，不必拍出重遇和相拥。,4,推荐,122,0.8884127468982052
"
                    2018-01-16 11:47:12
                ",程晴之,很久之前看的了，印象深刻的是一位老人在出狱后不知道如何生活了，外面的一切都是他所不熟悉的，无法正常的工作，交流，生活。最终选择结束了自己的生命。习惯真的是一种极其强大的可怕的力量！,5,力荐,149,0.9999928336702053
"
                    2008-06-08 14:49:34
                ",小易甫,"在我的心目中,它一直都是最被高估的电影。",3,还行,2593,0.7649725882265741
"
                    2017-12-20 17:30:46
                ",婷婷爱八卦,几年前被母亲推荐看的，她很推崇，看过后感觉可以，黑暗是每个国家都存在的，总的来说希望好人一生平安！,5,力荐,116,0.999963043356736
"
                    2009-04-25 13:06:17
                ",宇宙塑胶魔怪,史上最有名的烂俗励志片，没有之一,2,较差,147,0.8408471582066688
"
                    2016-05-14 22:25:09
                ",欢乐分裂,#重看#@影城；超越年代的“主流心灵鸡汤”依然灌得眼泪直冒；世上本无希望，若我多行一步即是希望，在绝望黑暗处生出倔强微光，卡夫卡式的悖论；每人都背负着有形无形的肖申克，注定无法被囚禁的鸟儿一定会挣脱桎梏，天才善于做梦；类型片元素大集成，充满匠气的完美作品。,5,力荐,137,0.9999999999932416
"
                    2017-08-09 18:25:46
                ",艾晨,2008年11月28日，第一次看肖申克。那时候观影量还不到五百吧。给五星是见识浅。现在差不多九年过去，我在豆瓣标注看过的已经超过三千，第二次看，还是给了五星。它当然不是最好的片，但是太滴水不漏了。,5,力荐,104,0.20337524039533283
"
                    2015-06-30 22:20:52
                ",Ocap,几年后，五星改成三星。,3,还行,144,0.09830286588670378
"
                    2021-09-24 22:49:25
                ",大宋亡了吗TnT,我不知道这是不是史上最佳的电影，但这绝对是吹嘘最大的电影。,3,还行,65,0.4665986711749286
"
                    2006-08-16 17:46:16
                ",徐小花,酣畅淋漓,5,力荐,465,0.875
"
                    2018-01-20 18:53:42
                ",东篱,经典老电影就是不一样，重温了无数遍呢,4,推荐,112,0.9936176773163578
"
                    2022-10-24 18:09:03
                ",summersouljul5,整部电影有点像爽剧，给我的最大感受不是自由真好，而是脑子聪明真好。Andy越狱后的一切过于完美，以至于在最后一幕，当蓝得不真实的大西洋出现时，我一度怀疑这一切都是Red老头的美好幻想——其实Andy已经精神崩溃，或者越狱的时候被击毙。而他照例无法被保释，老死在监狱。人生最后的日子里，为了消磨时光，在脑海里编一些不一样的结局，弥补今生的遗憾。     然而，既然这部电影一直强调“希望是个好东西”，所以行吧，来点儿积极的：祝我们不满足于肖申克的冷啤酒、音乐和图书馆，而是走出墙外，一直往大西洋走去。祝我们有智慧和勇气踏上一条充满不确定性的自由之路。祝我这条影评别给我惹来麻烦。,4,推荐,81,0.9999999999999998
"
                    2018-01-24 13:46:00
                ",七沐妹妹,怒赞，很难有一部电影能比《肖申克的救赎》更好的诠释梦想与救赎这两个词的关联，电影予人带来心理的洗涤震撼是如此深刻，对比安迪，我们生活中看似无以能迈不过的坎又算什么？当你若能一直心拥梦想，哪怕失败，也定能获得希望的救赎。 ,5,力荐,263,0.9999999997254221
"
                    2018-05-01 16:26:42
                ",Muto,这部标记排名第一的电影被越来越体制化的大众标记为需求，但那虚构的希望恐怕是个偌大的笑话。根深蒂固的资本原则在被掌权者剥夺权利的《第七大陆》上呈现出多端的众生相，资本积累成了人们重返自由和尊严彼岸的唯一途径。因此《肖申克的救赎》最终是代表统治阶级的救赎，它与作为人的人没有任何关系。,2,较差,50,0.9999999999999298
"
                    2022-10-03 22:04:14
                ",遥の寵,真正的救赎从来不是词汇意义上的“彻底改造”，而是在历经劫难、遗失人生重要年华过后依然渴求灵魂与躯体的自由和无上美好的希望,5,力荐,132,0.9999999940263526
"
                    2017-01-03 10:35:31
                ",壳子,发现自己最近真的是愿意回看经典 尤其是没有女主的经典 自由与希望 多么美好的词汇 可是一个迂腐的人现在才体会到 这两个词如果一年前对我提起 那么我会表示鄙夷 会觉得这两个词太虚无缥缈 假大空 而现在 如果你向我提起 那么我会说 我爱自由和希望,5,力荐,193,0.9999937393878158
"
                    2018-03-06 19:15:34
                ",命中注定的爱,电影很励志，感悟很深，最主要的是让我学会坚持，送给在生活中遇到挫折的人！,5,力荐,72,0.9999970776820842
"
                    2018-03-01 08:28:58
                ",酒鬼一家小迷妹,经典，很久以前看的了。人活着就得有希望。,5,力荐,82,0.9510862340964465
"
                    2018-01-13 09:20:49
                ",思无邪,任何时候都要坚持，坚持就会成功的，但现实能一直坚持的人是少的。值得一看,5,力荐,234,0.9308918332455436
"
                    2018-02-09 21:19:15
                ",死鬼,要么忙着活 要么忙着死 人应该对现有生活保持乐观的心态 充满希望 学会享受 而不是得过且过 苟且偷生 这种人生还有什么意义呢？还不如趁早去死 活着也是浪费资源,5,力荐,190,0.9999800667774288
"
                    2017-02-07 23:54:44
                ",花落  思量错,“人活着得有希望”，一点都没有错，当老布自杀的时候我在想他应该回到监狱里度过剩余的日子，可是当安迪终于出去的时候又是那么美好，人啊真的得有希望才能快乐勇敢的活下去。当我失意的时候就想起这个片子，想起他那么努力想尽办法的脱身，觉得我一定也可以冲出重围重新站起来，真的太励志了。,5,力荐,65,0.9999385959401065
"
                    2018-02-03 16:08:57
                ",秋瞑,好的电影值得所有人反复观看，这就是一部。,5,力荐,62,0.9926805594691461
"
                    2017-08-12 10:25:50
                ",你读书少♂,当然是一部好电影，但他现在已经被物化成的最廉价的鸡汤。如果最顶级的电影就是这样的话，那电影这门事物真的是太让人失望了，也完全算不上艺术。不过万幸的是它不是最好的电影，它只不过是最烂大街的好电影。 幸亏有更好的电影更有理想和艺术追求的电影在捍卫的电影在艺术造诣方面的底线和天花板，才让电影没有在一片营销号的鸡汤中沦落为最廉价的网络谈资和消费品。,3,还行,39,0.9999984869250084
"
                    2017-01-05 23:47:03
                ",铃儿响叮当,好看但这么高的分有点假了吧，如果和越狱比起来，还是越狱好看些！,3,还行,68,0.8660445766864137
"
                    2018-01-11 01:21:55
                ",A天涯任我行,可以说这是越狱系列影片的鼻祖，故事情节细腻紧凑，从被迫入狱，在狱中斗智斗勇，夹缝中求生存，以及对重获自由的极度渴望，凭借超高的智商和过人的勇气，一次次化险为夷，最终和狱友成功逃离，获得自由。侧面揭露的社会黑暗及腐败不堪入眼的一面，值得深思回味,4,推荐,262,0.9999999999999694
"
                    2013-11-08 00:06:03
                ",喻鸣,"对推上神坛的电影总是莫名恐惧，以致雪藏了多年才看。看完发现它之所以雄踞各类榜首，是因其他至多称作经典，而它却可称作伟大。Fear Can Hold You Prisoner, Hope Can Set You Free .Hope is a good thing.",5,力荐,70,0.986835953823289
"
                    2016-10-31 22:11:17
                ",蝶雨成宣,这部被称为《刺激1995》的影片在中国影迷间也有极好的口碑，可见电影超越国界的神奇之处。,5,力荐,144,0.9998776738902772
"
                    2018-01-10 19:59:47
                ",豆辛瓜辛,在这世上生存就得有一项特长，再者坚持就是胜利吧。,4,推荐,82,0.8914887869646274
"
                    2015-12-13 03:04:41
                ",小岩井,任何时候，都不要放弃希望。,5,力荐,147,0.7042170663355717
"
                    2017-01-08 12:59:58
                ",豆瓣酱,经典是可以反复品味的，安迪对生活和自由充满向往，出狱对他来说是新生;而早已习惯了监狱生活的瑞德，已变得麻木，出狱对他来说就是死亡。,4,推荐,73,0.9999976649494482
"
                    2022-10-22 11:05:14
                ",楚平,"《肖申克的救赎》中安迪的扮演者蒂姆·罗宾斯说：“这部电影传达的是长久赛，而不是即时的满足。很多人感觉被困在了自己的生活中，因为一个糟糕的工作，或者相处不愉快的伴侣，或者其他随便一个什么原因。从隐喻层面上看，电影向这些人诉说了一个理念，就是对于所有人来说，总有一处理想之地在等着你，终有一刻，你会达到那里。”
",5,力荐,59,0.9999999999995202
"
                    2016-12-30 10:55:47
                ",蓝婷飞絮,看完之后，只觉得烧脑。看第二次，我只觉得男主人太厉害了。,5,力荐,50,0.25723231067559127
"
                    2018-01-16 16:14:38
                ",juvenile,救赎每次看都有一种新的感觉，没有什么能够形容我对他的崇拜，人生若是真的能自由自在的在日落的时候喝着沁人的冰啤，那该是多么美好啊。,5,力荐,58,0.9999163102097557
"
                    2018-02-19 11:07:52
                ",kmkgcwzy,希望有朝一日中国也能拍出这种有深刻人生内涵的电影,5,力荐,54,0.9967406958948121
"
                    2018-01-17 12:47:11
                ",😺,还是经典的老电影振奋人心，主人公逃出监狱在河流中张开双臂的画面记忆犹新。,4,推荐,58,0.9998634781208003
"
                    2021-05-14 23:30:11
                ",逐离,无疑是好看的。但这么高的评分却是夸大了,4,推荐,56,0.7722991092341814
"
                    2016-12-27 12:49:58
                ",慕詩,自我救赎才是唯一的出口。感叹于知识改变命运啊。,5,力荐,167,0.9999716695925546
"
                    2018-02-22 15:36:51
                ",深夜的光,"一部没有女主,没有爱情的好电影！不可超越的励志佳片，真的很令人感动的美国电影！炒鸡推荐🎉五星绝对的！",5,力荐,47,0.9999978814473572
"
                    2017-03-17 13:35:52
                ",炫3D,总觉得美国大片更容易直面人性，直面真实的社会。,5,力荐,51,0.999781283122664
"
                    2009-12-19 14:08:35
                ",杨迪,最后那一瞬间啊  ,5,力荐,131,0.9411764705882353
"
                    2017-08-15 00:19:21
                ",滚滚的麻麻,重看次数最多的电影,5,力荐,68,0.6597943912171029
"
                    2018-04-05 11:54:49
                ",ceci🍰,真的好好看呀，对得起它那么高的评分，我要找小说来看一遍了,5,力荐,42,0.9887624497672269
"
                    2017-03-22 01:52:57
                ",叫她孙女凯拉走,要么忙着活，要么忙着死。,5,力荐,98,0.2558959815176204
"
                    2016-05-14 22:56:36
                ",Lycidas,天知道第几次重看。它最伟大可贵的地方大概一方面是多层次嵌套的丰富主题，另一方面则是一种内在的timeless品质和情感表述，因此无论观众身处哪个时代，来自何种背景，抱持怎样的心理状态，都能够有效甚至不由自主地relate其中的某个角色或某段情节。,5,力荐,47,0.9999999997020532
"
                    2018-01-24 21:31:23
                ",已注销,几年前看的，看完之后挺久了才回神，第一次因为看了一部电影反思自己。是我心中电影的第一名～,5,力荐,142,0.9997100251272898
"
                    2018-02-17 16:55:42
                ",自然卷要卷毛,我以为是个压抑影片，最后，我发现了希望的光。hope，谁也无法夺走，谁也无法消灭。这部影片，值得一看。,5,力荐,37,0.5290202995173336
"
                    2018-02-26 23:33:51
                ",七七,肖申克的救赎，这部电影很好看，值得推荐,4,推荐,38,0.9994871690297932
"
                    2012-07-09 12:01:30
                ",考拉小巫,最最最最最好看的电影。没有之一。,5,力荐,136,0.820951630458252
"
                    2021-01-31 18:03:53
                ",aha,"Hope is good thing, and is everything. ",5,力荐,81,0.3686002985444281
"
                    2017-04-03 15:19:41
                ",爱吃糖的猫,"It takes a strong man to save himself, and a great man to save another. ",5,力荐,25,0.10183915874400551
"
                    2018-04-04 08:40:50
                ",八贝勒爷,好多感受不能用语言表达，世界很糟糕也很美好，坚持才有希望,4,推荐,37,0.989868406742974
"
                    2018-02-25 22:54:30
                ",grace-xhu,人的信念真的太强大，只要想做，而且坚持，总有一天会实现。知识的力量也是很强大的。看完这部电影，感觉自己又对美好的生活充满了向往。,5,力荐,145,0.9999999647131098
"
                    2018-02-26 23:33:51
                ",七七,肖申克的救赎，这部电影很好看，值得推荐,4,推荐,38,0.9994871690297932
"
                    2017-03-18 17:09:11
                ",然悔悟,很久以前就想看这部剧，今天终于看了。最震撼的就是安迪越狱的那一段，无论是配乐还是色彩或是安迪的动作神态，都掌握的很好！从此以后，他再也不用承担本不是他的惩罚，他，终于自由了！,5,力荐,27,0.9999992293185167
"
                    2018-04-04 08:40:50
                ",八贝勒爷,好多感受不能用语言表达，世界很糟糕也很美好，坚持才有希望,4,推荐,37,0.989868406742974
"
                    2015-08-02 17:37:10
                ",梦里诗书,很难有一部电影能比《肖申克的救赎》能更好的诠释梦想与救赎这两个词的关联和真谛，电影予人带来心理的震撼与洗涤从未如此的深刻，主角安迪与男二黑人瑞德主辅相成的两条脉络营造了一个关乎追梦自由和心灵救赎最好的诠释，生活其实本就一直有着梦想，哪怕失败，只要能心拥梦想，便定能获得希望的救赎。,5,力荐,33,0.9999999999999984
"
                    2017-05-08 23:15:09
                ",穆青,懦怯囚禁人的灵魂  希望让人自由 强者自救  圣者渡人 ,5,力荐,33,0.9999878352997854
"
                    2021-01-30 19:34:53
                ",Meursault,你知道，有些鸟儿是注定不会被关在牢笼里的。,5,力荐,69,0.947739882376115
"
                    2021-02-06 22:22:10
                ",数峰青,我想打100分，最大的感受除了，知识真的可以改变命运。还有要永远热爱生活。hope is  good thing.,5,力荐,76,0.9999733183238194
"
                    2016-01-07 15:15:52
                ",Leon Winters W,"影响自己人生观的一部电影，距离斯蒂芬·金（Stephen King）和德拉邦特（Frank Darabont）们缔造这部伟大的作品已经有十年了。我知道美好的东西想必大家都能感受，但是很抱歉，我的聒噪仍将一如既往。

在我眼里，肖申克的救赎与信念、自由和友谊有关。",5,力荐,27,0.9999999668535475
"
                    2018-05-13 22:12:13
                ",嘻嘻,看到豆瓣排名第一，很好奇去看了这部电影，印象最深的就是图书馆的老爷爷坐50年牢出狱后因为适应不了外面的生活选择上吊自杀，最后男主获得自由，瑞德和男主在海边相遇很暖,5,力荐,30,0.9999999930587666
"
                    2017-03-18 14:07:34
                ",🐈,朋友在你的生命中进进出出，好像餐厅中的侍者来来去去一样。可是每当我想起那场梦、想到那两具尸体正用力拖我下水的时候，我就觉得这样也好。有的人会沉沦，如此而已，并不公平，但世事就是这样，有的人会沉沦下去。希望还是要有的，没了希望，怎么行,5,力荐,16,0.999509390140448
"
                    2018-11-02 22:18:32
                ",蔕,重温，时间只是好电影的又一个证明。二十年前的经典，二十年后还是，同样的题材，有的过去能做到，有的今天也无法领悟，这就是差距。当故事最后两个老友在蔚蓝大海边重聚拥抱的时候，希望，是最好的，美好的事永不消逝。有人问，为何肖申克的救赎备受推崇。因为这部电影并不是在讲越狱，也可以这样说，它不是为了讲越狱。人活在这个世界，或多或少都会如同片中所述，经历“体制化”，磨难，逐渐麻木，看不到希望，如老布。而这部电影最终告诉你，哪怕过去20年、30年、40年，有希望，就会有美好的事，如安迪和瑞德。观众看完这部电影，内心会跟着这部电影走过一个由绝望到希望的历程。这是一场心灵的救赎，是对观众的。这是肖申克的救赎的伟大之处。,5,力荐,19,1.0
"
                    2018-02-12 20:39:04
                ",偏要勉强,太经典了！值得反复推敲，每看一次都能得到新的体悟！,5,力荐,30,0.9548925369957325
"
                    2016-11-05 01:19:47
                ",妈咪宝贝,一个内心坚强有信念的人,5,力荐,67,0.9993044369915717
"
                    2017-04-29 20:58:10
                ",美好时光只为你,印象很深的一部电影，虽然很绝望，但永远不要放弃希望。,5,力荐,29,0.9971667082222678
"
                    2018-04-23 07:27:20
                ",一蓑烟雨任平生,电影塑造了一个充满希望，向往自由的男主人公形象。在身边的人都变得体制化之后，只有他是怀有希望之人。小说里面出现过两个人的旁白，一个是男主的好朋友，一个是看守图书馆的人，以这种别人的视角来诉说，更给人一种悬疑感和真实感。,5,力荐,31,0.9999999999641467
"
                    2018-05-16 11:14:17
                ",👹天神的审判,这个电影包含了友谊，艰辛，希望和梦想。之所以它获得了成功因为它感动了你，它给了你希望给了你启示！,4,推荐,30,0.9999967319254974
"
                    2008-01-19 15:59:23
                ",蒜 | BOY A 🌈,"2002.3.3 DVD 
2007.7.27 DVD home
2008.8.2  CCTV6",5,力荐,32,0.18786346837567947
"
                    2017-01-06 20:42:54
                ",一期一会,"该影视简介由豆瓣网专职人员撰写或者由影片官方提供，版权属于豆瓣网，未经许可不得转载或使用整体或任何部分的内容。

20世纪40年代末，小有成就的青年银行家安迪（蒂姆·罗宾斯 Tim Robbins 饰）因涉嫌杀害妻子及她的情人而锒铛入狱。在这座名为肖申克的监狱内，希望",3,还行,18,0.824493850611003
"
                    2017-03-22 12:38:49
                ",扌丁月佥,不管怎么说，真的很佩服男主的毅力，在那样的情况下一直没有迷失自己，追求自己向往的自由。,4,推荐,32,0.9993146698764649
"
                    2012-07-19 12:14:59
                ",徐若风,生的酣畅淋漓。,5,力荐,38,0.8911122199084671
"
                    2017-05-05 18:00:55
                ",狗富贵,最后奔跑拥抱那里真的好感动。,5,力荐,30,0.9977773368979118
"
                    2016-11-30 14:40:31
                ",孔雀鱼,这部片子播后，入狱的场景衍生一系列的同人文，教皇般的典狱长，东西两派，同性狎轧成了美国监狱片少不了的场景。当然被人津津乐道的一个场面是，男主角逃脱出狱后迎着风雨呐喊自由的场景。,5,力荐,88,0.9999999152145856
"
                    2016-08-07 02:59:57
                ",momo,应该再看一遍,5,力荐,68,0.7095361895490296
"
                    2017-01-01 23:40:30
                ",美女菜kun,经典老片，一看再看。过几天再把书看一遍！,5,力荐,29,0.8034275537916592
"
                    2008-08-15 21:01:39
                ",白竹,我一直不知道该如何形容我对它的感觉，现在终于找到了一个词：最炫民族风。,1,很差,48,0.9501123299101428
"
                    2018-01-13 08:30:16
                ",刘昊然（恋爱版,这部电影好到，含义深刻到我不敢妄自评价……总之，力荐!,5,力荐,104,0.9998763055907434
"
                    2013-04-17 14:15:43
                ",冰红深蓝,不够味道。,4,推荐,42,0.42975206611570216
"
                    2017-09-24 14:17:00
                ",櫛森隅,"永远不能失去的是希望。一个交心的挚友，一个聪明优秀的人，一份经年不变的毅力，是一只羽翼丰润，带着你的心飞出牢笼寻找希望的鸟儿。Get busy living,or get busy dying.",5,力荐,21,0.9999601096141107
"
                    2008-03-23 14:55:47
                ",侯二六,縱使《基督山伯爵》與《刺激一九九五》之間，場景與敘事手法的差異可謂不小，《刺激一九九五》卻比很多直接改編自《基督山伯爵》的影劇作品，更能體現《基督山伯爵》的精髓。全文：http://hou26.org/zeta/cristo.htm,5,力荐,5,0.33936513370996524
"
                    2010-10-13 00:01:00
                ",Adiósardour,"我不断的想要重复一个危机的过程，然后得到一个好的结局。我总是希望有什么事情发生，我总是希望自己被拯救，我总是希望那种排除万难的悲情和成就感。我不知道自己为什么迷恋于挫败的感觉，迷恋于痛苦的感觉，迷恋于万劫不复的结局。 
",5,力荐,25,0.9999999999999902
"
                    2017-01-24 23:56:38
                ",爱的镇魂歌,隐忍布局与一触即发的翻盘，从讨酒、写信和广播几个事件中便能对男主内敛的思绪窥见一斑，全片除精彩外更多是积压一种对自由的渴望，冲破狭隘牢笼得到海阔天空，结局不甚美好。而片中上吊的老爷子，则是早已磨灭希望的消极典型，意在与男主形成对比。,5,力荐,35,0.9999999999496056
"
                    2018-06-04 20:02:39
                ",芊颖,今天才看的，很厉害啊……这种片中国……不得不说男主很厉害啊，聪明，机智……有点心疼老布,5,力荐,20,0.9882277929184998
"
                    2010-02-07 12:59:57
                ",托尼·王大拿,所谓造梦，大概就是这样，给人以希望与光明，令人感受到那一种震撼。,5,力荐,30,0.9973711613767668
"
                    2018-03-07 08:51:34
                ",老人家,看分数这么高的份上把电影看了一遍，也的确实至名归！一个鲨堡监狱里面的囚犯和官员似乎是我们这个社会的众生相。比如典狱长平时道貌岸然实则不择手段，残酷阴险贪婪…,5,力荐,22,0.9910729275540813
"
                    2023-02-01 10:28:26
                ",我死时你哭了,片子不错，但始终get不到网上把这部片子捧到神坛的点在哪,4,推荐,56,0.990233607689038
"
                    2021-08-11 11:34:29
                ",童年的荡秋千,恐惧让你沦为囚犯，希望让你重获自由。——《肖申克的救赎》,5,力荐,91,0.9996916851304701
"
                    2012-08-26 21:50:13
                ",Vamei,野心。在那样一种被打倒的人的身上，你能看到的最棒的东西，就是野心，想要好好活，让羽毛闪光的野心。,5,力荐,21,0.9992037588555331
"
                    2010-08-29 22:49:38
                ",熊仔俠,原來那個鏡頭是來自這部電影的。總算把imdb最高分的電影看了。但是我的評分就不方便給了。,5,力荐,20,0.017912472045780725
"
                    2017-03-23 23:05:25
                ",柳上安,善非所善恶非所恶 这个叫肖申克的囚牢里囚禁同化扭曲 安迪说自己运气不好 阴差阳错成为替罪羊 在这所监狱经历绝望 哪怕他有错 也已赎完罪 但是后来的洗黑钱逃税钻法制的漏洞呢 他与瑞德在图书馆的那场对话 他说他会是清清白白 很压抑 本片高潮处 汤姆被枪杀安迪越狱 有的是时间缺的是希望,4,推荐,19,0.9997062846059396
"
                    2010-05-04 05:55:42
                ",LORENZO 洛伦佐,值得看2遍以上的电影 没看过一定要看,5,力荐,41,0.9332241944840529
"
                    2013-08-21 22:17:47
                ",西楼尘,看的时候生病困囿在医院里，如同监狱，这片子给了我很多阴暗的回忆。可是关于救赎关于信念，给了人启迪。,4,推荐,30,0.9998247480742983
"
                    2018-04-22 15:10:08
                ",启明星的指引,男主挺帅挺聪明的，不然怎么能玩越狱。。。,4,推荐,26,0.9070445156728693
"
                    2008-01-28 19:43:15
                ",临素光,要么忙着生，要么忙着死。他用一把鹤嘴锄破解了这个古老命题，通往梦想之蓝。,5,力荐,30,0.9974562005249802
"
                    2017-03-20 17:04:39
                ",艾伊达Ayda,里面一句很经典的台词，生活不是为了生而活，而是为了活而生。,4,推荐,22,0.9956882396735387
"
                    2010-11-10 21:53:19
                ",Alan Sleep,在我心里显然不是第一,4,推荐,34,0.3922730939862574
"
                    2017-05-03 12:41:15
                ",人气甜辣炸鸡,"I guess it comes down to a simple choice:get busy living or get busy dying. 
生命可以归结为一种简单的选择：要么忙于生存，要么赶着去死",5,力荐,15,0.8155772882231213
"
                    2017-04-25 16:46:28
                ",纤纤,你猜不到的结局…猜不到的惊异…,4,推荐,22,0.9907015632379913
"
                    2018-05-17 11:04:37
                ",翠蝶🌸羽生✨💫,这是一个非常感人的故事，关于希望和友谊的力量。与其他类型的电影一样，人们可以知道会发生什么，当然，但是当你看这部电影时你会一次又一次感到惊讶，甚至会落泪。,4,推荐,13,0.9999998929198178
"
                    2017-03-26 10:14:46
                ",甜椒Oli,我们都是病人 渴望活着 好好的活着 却惧怕生活,5,力荐,26,0.9788357243992151
"
                    2017-04-21 22:37:32
                ",lichol,真的不喜欢，不好看，没感觉,2,较差,35,0.5225186229489827
"
                    2018-05-15 23:06:23
                ",醉里挑灯看花,读书时为老图书管理员惋惜：自由来得太晚，不如不来。后来觉得，朝闻道夕死可矣，不失为一种幸运。,5,力荐,30,0.9983559171432849
"
                    2012-11-12 21:44:21
                ",bird,如今这肖申克囚禁着整代人。,5,力荐,45,0.8987045071892503
"
                    2009-01-13 23:49:37
                ",王老虎,那片海蓝的太不像话了。。怎么可以那么蓝~~,5,力荐,32,0.24547935268022647
"
                    2009-10-10 21:25:45
                ",云中,看了一遍原著小说，觉得这个电影还是很好看,5,力荐,23,0.995563764085361
"
                    2018-02-11 16:28:07
                ",与你走天涯,"    很多人，可能都有被自己设置的牢笼所禁锢着的时候！没有光明，没有明天，没有希望！可能你会因此沉沦，但也可能会突破它，战胜它，最终赢得自我的升华！这部电影告诉我们的似乎就是如此！

    每一次的观赏，每一次的感动，都能带给我满满的希望！",5,力荐,94,0.9999999579866015
"
                    2017-05-15 19:36:18
                ",吃瓜的小土豆儿,“记住，希望是好事——甚至也许是人间至善。而美好的事永不消失。”,5,力荐,26,0.9825381245285356
"
                    2018-05-29 23:04:26
                ",陈圆润,确实经典，就是人信念的力量吧，真佩服男主的脑袋,5,力荐,21,0.9990064004943706
"
                    2008-06-21 01:10:37
                ",Lies and lies,令人费解的經典,2,较差,46,0.32698008023399106
"
                    2022-11-08 19:30:02
                ",？,经典电影 看完以后感触不是很大 额 随大流给个四星 ,4,推荐,40,0.9616349285299087
"
                    2018-08-17 16:46:11
                ",曼仔,十年过去了可算把这片儿给看了。。其实视听语言就很中规中矩，精品通俗故事，很多地方就很直给，是叙述而非呈现。而想讲述的东西也并不复杂。完全可以理解像这部、死亡诗社、放牛班春天为什么会获得那么高的大众口碑，是一种通俗而不至于庸俗的励志，是一个扎实沉稳的故事。不过摩根弗里曼演技真好。哦以及，电影情节生动体现了知识就是力量- -,4,推荐,22,1.0
"
                    2011-12-09 01:27:10
                ",办公室甜心,"""Hope is a good thing, maybe the best of things, and no good thing ever dies."" 太让人振奋了，大约7年前和哥哥一起看过一遍，但是毫无印象，这一次体会得酣畅淋漓，铭刻于心。有的鸟儿羽翼是如此光辉，他们注定不会被囚困。",5,力荐,23,0.9999947240510061
"
                    2021-08-10 09:54:12
                ",北方姑娘,"“这些墙很有趣。刚入狱的时候，你痛恨周围的高墙；慢慢地，你习惯了生活在其中；最终你会发现自己不得不依靠它而生存。这就叫体制化。”这是瑞德听闻老布死后说的一句话，他和老布，都在这围墙中度过了四五十年，早已经与外界脱轨，无法生存。陌生的环境让他们不适应到想要再犯法以便可以重新回到肖申克监狱，最终绝望自尽。
或许我们大多数人都会被惯性推着往前走，逐渐失去自由，不单是失去了身体的自由，连灵魂也锁在了那样大小的空间内。而忙着等死还是忙着活，这不是个简单的选择。这个选择需要更大的勇气，更多的付出。不能将心束缚，不能丢弃希望，无论身在何处，坚持最初的梦想。
这可能就是这部影片久久流传的原因所在吧。",5,力荐,58,0.9999999999999989
"
                    2017-04-30 10:04:22
                ",萌萌哒,不只是肖申克的救赎，也是我们内心对自己的救赎,5,力荐,24,0.99591364245729
"
                    2012-02-26 15:30:50
                ",你看起来很美味,他说，不要放弃希望。,5,力荐,33,0.5538714730359985
"
                    2018-04-14 08:30:59
                ",做一件事很难吗,第一条规矩：不准渎神，不准滥呼上帝之名！”“把信仰寄托神，把贱命交给我。印象挺深刻的,5,力荐,12,0.9988037341713739
"
                    2017-03-16 22:40:10
                ",已注销,哪怕看到了这样的完美结局，依然有隐隐的不安，算不算得上缺乏安全感。。。,5,力荐,21,0.9792942277152799
"
                    2018-05-02 11:47:05
                ",emillyhom,经典到不知道用什么言语来评价它,5,力荐,18,0.4707596056113367
"
                    2017-05-03 09:48:29
                ",美神经,上个学期全班同学一起看的心理电影，下课了依旧不舍的坐在位置上，盯着那屏幕，看到最后，嗯，他活着出来了。信念，满满的充斥着内心，如果是我，可能早就死在那四面铜墙里了，哪还有后来呢。人生，可能就是这样，总是希望伴着绝望，那要看你是想救赎自己还是了结罢了,5,力荐,65,0.999993807769463
"
                    2019-02-13 13:15:50
                ",EdgeOfInfinite,好好想想是中国人拍的打几分,1,很差,39,0.6326024492576935
"
                    2016-05-03 00:30:07
                ",冬叶,完美诠释了大仲马洋洋万言的巨著想要告诉我们的：人生最宝贵的两样东西 等待和希望”关小黑屋很难熬吧 -有莫扎特陪着我 -他们让你把留声机带进去？-在我心里，这就是音乐的魅力 他们无法把它从你身上夺走“3分47秒的歌剧可能是影史上最令人难忘的古典音乐场景之一 费加罗婚礼Sull'aria唱的是希望和自由,5,力荐,8,0.9999999089365453
"
                    2018-04-26 08:10:08
                ",青青蒹葭,蛮值得一看的，电影很精彩。肖申克的救赎，救赎的是灵魂，渴望的是自由，只要有希望，就有可能。,5,力荐,16,0.9999999405353768
"
                    2017-10-20 07:52:46
                ",橙c,虽然看到了旧社会的黑暗，但是又有一种心潮澎湃，又有些人性的温暖。,5,力荐,11,0.9993514720731375
"
                    2006-10-06 08:16:15
                ",Lan~die,"“有些鸟儿是永远关不住的，因为它们的每一片羽翼上都沾满了自由的光辉！”  
“那些高墙挺有意思，开始时候你痛恨它们，后来你就适应了。时间久了,你变得离不开它们依赖它们了。这就是体制化。” 
“希望是件美好的事，它也许是世间最美好的东西，而美好的事物永不消逝。”",5,力荐,22,0.9999999999055367
"
                    2017-01-17 21:01:14
                ",娜莉梦游仙境,对自由的渴望可能不会表现出来，但是逃不过自己内心深处的渴望！哎，最后才发现是被冤枉的，看的我都纠结死了！,4,推荐,16,0.9999917556777966
"
                    2017-05-17 03:10:56
                ",花未央2016,希望是什么？即便在绝望中不放弃的信念。在是非善恶之虫，人终究是渺小的，而希望，让人变得伟大。,5,力荐,13,0.9990192741067151
"
                    2019-12-17 01:43:20
                ",无法融化的冰糕,小时候看，少年看，中年看，都觉得一般。,3,还行,34,0.9962318967485797
"
                    2022-10-04 23:44:52
                ",思退步,不管身在何处，要记得你仍是你，记得你的善良与锋芒，记得希望为何物，记得自由的羽翼该如何舒展，时刻准备着张开臂膀在暴雨夜的突围。,5,力荐,38,0.9999840202926832
"
                    2014-12-28 01:36:09
                ",微分流形,还不错，但被严重高估。表达的东西比较直白粗暴。对自由的禁锢是由于他人施恶，于是这种苦难只是个体的偶然，断绝了更普适性的探讨。人物脸谱化，个人英雄主义泛滥，典型的好莱坞商业励志片,3,还行,15,0.9999999831971248
"
                    2017-12-08 08:34:10
                ",一个人的修行,很有感觉的一部片子。。人性,3,还行,90,0.9893909016840199
"
                    2017-01-08 10:29:00
                ",苏菲的世界,一个天才银行家意外发现自己被戴了绿帽子，“失手”杀了自己老婆和奸夫被关进监狱（大人！其实他是冤枉的吖），然后在监狱开启大神模式——帮监狱长逃税漏税，丰富狱友的精神文化生活，跟好基友并肩斗智斗勇监狱官……以后凭借一把鹤嘴锄日夜凿壁，在一个风雨交加的夜晚成功越狱！很励志吧,5,力荐,12,0.9800040081791759
"
                    2007-01-09 18:23:37
                ",U 兔,好久了，不想说什么。但是，一直是感动着的...以上是我加这个片子时的话，现在我要说的是，这真的是一部装饰精美的马路片。说这话一点不装，请勇敢的站出来，肖申克作为一部电影只是中规中矩的好莱坞流水线产物~~~作为励志故事和摄影，做得已经很漂亮了~~~,4,推荐,6,0.9999998858678095
"
                    2018-05-25 17:15:47
                ",独眼苍狼夏侯惇,好看，我不喜欢。有点平淡,5,力荐,15,0.7931928666431676
"
                    2017-05-07 23:38:20
                ",一路有你,经典，不管如何都不要放弃希望，即使可能会给你带来危险。,4,推荐,16,0.9264551960247709
"
                    2007-09-07 00:42:58
                ",mumudancing,其实没那么好,4,推荐,34,0.48446756215367814
"
                    2017-01-06 13:18:04
                ",Kylin,和他一起看的，很励志的一部电影，也说明了拥有一技之长是多么重要……希望是件好东西，希望我也有。,5,力荐,11,0.9978448438038605
"
                    2017-05-25 16:10:20
                ",随风飘洋,一开始还疑惑这部片为什么叫肖申克的救赎，原来这是一部自我救赎的故事，要么忙着生，要么忙着死，心存希望就会有奇迹,5,力荐,57,0.9998879645684098
"
                    2017-04-02 08:54:22
                ",桃花流水鳜鱼肥,"一部没有女主角无关乎情爱的经典
恐惧让你沦为囚犯，希望让你重获自由。共勉",5,力荐,9,0.9999403508871308
"
                    2022-02-05 13:44:25
                ",小贝壳同学,看它的时候，正是我在迷茫的人生阶段，以前我一直有听说过这个片子 你陆陆续续的看过几次 但是都没什么印象了 ，今天刚好有时间 沉下心来看看 ，说实话 我没怎么看懂 ，也可能是因为我这个年纪和人生阅历太浅了 ，但是看了很多 网友们的深刻解读以后 ，我大概有点感悟到了 ，所谓的救赎 ，其实就是和自己、外界和解，和监狱里的他们相比 ，我们看似都是自由的，但是为什么却从来没有感觉到幸福和爱呢？就像我现在一直活在迷茫和焦虑中， 但明明我是自由的呀，我也没有被什么围墙而限制起来 ，可我为什么总觉得活的那么痛苦 那么黑暗 那么没有希望 呢？ Andy说 希望是件美好的事 ，Red说 希望是件危险的事 ，其实我个人活的很像red ，我也怕犯错 我也被自己内心的条条框框束缚起来了，我也想去找寻自己内心的自由 。,5,力荐,40,1.0
"
                    2017-05-24 09:55:01
                ",新桥妖妖,永远冷静，永不绝望才是救赎的最佳途径！,2,较差,12,0.998109783197445
"
                    2019-05-13 05:01:05
                ",proletaricat,"A cheap and reactionary film. There is no ""redemption"" here, but ""hope"" (the hope of what?). What happens the next day, when parole officers catch up with Red? What happens to bringing the real culprit of Andy's wife behind the bar? Where is the PTSD of an ""institutional man?"" There is no deep critique of prison economy here, nor that of America's CJS (all we have is a few corrupt officials outsmarted by a banker who of course ran away w all the money and is praised for it, sounds familiar?). The completely implausible ""figaro"" sequence cheapens the real struggle for freedom. All of this is the stuff of cheap Hollywood.",5,力荐,16,8.023421307445933e-05
"
                    2021-03-14 01:03:18
                ",请你喝义无反顾,"监狱里的高墙实在是很有趣。刚入狱的时候，你痛恨周围的高墙；慢慢地，你习惯了生活在其中；最终你会发现自己不得不依靠它而生存。这就是体制化。
记住，希望是好事——甚至也许是人间至善。而美好的事永不消失。
肖申克的救赎到底是什么？",5,力荐,20,0.9999923701325492
"
                    2009-11-19 20:59:31
                ",罗弘霉素,恐惧让你沦为囚犯，希望让你重获自由。——《肖申克的救赎》 .,5,力荐,11,0.9996916851304701
"
                    2014-05-27 13:44:06
                ",康报虹,如果不是与阿甘正传一年，绝对的奥斯卡最佳影片。这部电影是一部传奇，IMDb 豆瓣 时光和我们心中永恒的经典！体制化害死人啊,5,力荐,11,0.9999992933456312
"
                    2017-10-20 12:07:18
                ",Giroro,赏析课看的电影，很经典，很有深度，这样的电影才称得上佳作,5,力荐,7,0.9999638578537178
"
                    2017-03-23 19:36:49
                ",你爹语重心长,不容错过的经典电影。,5,力荐,16,0.9771739200811828
"
                    2017-05-03 17:36:06
                ",今晚熬夜了吗,人是感性的，面对残酷的环境，人本能的反应便是奋力抗争，而当这个环境恶劣到一定的程度时，人的抗争之心就会慢慢被消磨殆尽，成为行尸走肉。但是只要还有希望都要抗争到底不是吗？,5,力荐,14,0.9999991726345905
"
                    2018-02-05 09:50:06
                ",张jj,懦怯囚禁人的灵魂，希望可以令你感受自由，强者自救，圣者渡人。经典,2,较差,59,0.9999975593167546
"
                    2010-06-05 11:47:30
                ",自在人,"可能是因为我已经知道片子是怎么回事了，所以觉得有点不够震撼。也可能是因为以前看过越狱了，所以也没新鲜感了。总之，没觉得太好，头重脚轻的
",4,推荐,17,0.19694014466256604
"
                    2017-02-28 20:17:24
                ",流氓兔,很棒的一部电影，一部完全不需要女主女配的电影。有时候想想，我们国产片为什么走不出国门，我觉得广电也有一定责任，这不许拍那不许拍，就比如这类型的电影，很喜欢这类型的越狱题材，还有美剧的越狱，我看的第一部美剧，真的好好看。我们国家的电影或电视剧，基本没有关于这种类型的题材。万恶的广电,5,力荐,13,0.9999999536466296
"
                    2010-01-10 12:10:47
                ",小A,剧本有问题。,3,还行,33,0.7142857142857141
"
                    2007-07-07 22:55:20
                ",littletwo,Hope is everything.,5,力荐,14,0.4737672181921908
"
                    2020-12-29 22:46:42
                ",方鸿渐,每当我之前的最失意时刻，都有这部片子相伴。竟然没有点看过，大概是一个玩笑。清楚记得安迪和大家在楼顶喝啤酒露出的微笑，那是一个标志性的转折。而后的隐忍，每次回忆起，我都格外感动。或许导演都没想到，他的这部作品能在中国最权威的电影网站里雄居榜首好多年。,5,力荐,22,0.9999999930203978
"
                    2017-02-04 22:41:57
                ",热心网友方先生,也许，这个电影能拍第一名是因为在不同的年龄段看就会有不同的感受。说实话，我现在只看懂了剧情，希望在30年后我再看会明白人生的意义。,5,力荐,10,0.9963420019931133
"
                    2005-06-12 02:22:09
                ",大头绿豆,http://www.bighead.cn/?p=34,5,力荐,17,0.5
"
                    2021-12-28 10:21:49
                ",Kristen可莜,还不错，但也不至于第一。,4,推荐,24,0.9266669408373398
"
                    2013-09-18 20:41:16
                ",吾良,"我看完它沒有身邊所有人說的那樣激烈的情緒出現，感動也好，激奮也好，又或者是觸動了什麼哭出來，我都沒有。
我只是覺得，他做的一切真的是再正常再平常不過的事情。身處其中，我不會有別的選擇要去做，除了選擇自由和信仰我沒有別的答案。
走，這是我唯一該做的。",5,力荐,8,0.020541678808889796
"
                    2016-09-16 22:00:22
                ",bornfreeyolo,看过太多遍了，对人性的许多方面都有独到的阐述和理解，每看一次都有不同体会,5,力荐,14,0.9994015905857602
"
                    2009-12-09 11:44:15
                ",[己注销],也许是类似的故事看得太多了，以致我无法给出五星,4,推荐,21,0.7545158879444136
"
                    2013-01-18 22:47:24
                ",韩伯愚,影片的主人公用了二十年的时间，救赎自己的罪，最后获得重生的时候，我们真诚的欣慰是源于他不靠戏剧性的转折，只靠执着与坚持。人们总是喜欢看越狱题材的电影，我想不只因为剧情刺激，更多的是，我们时刻都憧憬着冲破身体上的枷锁和精神上的牢狱，这是我们精神补偿的表现。,5,力荐,6,0.9999999931702168
"
                    2017-04-08 10:18:16
                ",梦梦梦梦,看哭，经典中的经典,5,力荐,18,0.98266006348525
"
                    2017-04-05 09:59:40
                ",娜样的爱你,很喜欢里面的一句话，希望是好事，也许是人间至善，而美好的事永不消逝。很经典的片子,5,力荐,12,0.9996636897331794
"
                    2017-01-22 22:47:17
                ",Icey,就算这个监狱再牢固，围墙再多，下水道再长，也永远困不住他，是永远。,5,力荐,11,0.0034600345050636028
"
                    2017-02-04 22:52:03
                ",幕天席地,不得不说很能触碰到人心，细腻的打动你,5,力荐,9,0.9963146455064185
"
                    2018-05-17 23:46:40
                ",初秋絮,没有特效  没有打斗 大部分都是监狱里的人们交谈的场景   这是一部能够触摸到灵魂的电影。,4,推荐,9,0.8286472761895709
"
                    2014-06-15 23:29:14
                ",danver,我有二十年时间都不想看这片，因为人所称赞的美德一般都挺让我犯恶心的。本来只想清理一下硬盘，看了二十分钟开始觉得不妙，这片子完成度太高太精致了。从演员到布景到化妆，构成和节奏和运镜。所以虽然搞出一个我想糊导演一脸的童话结局，我还是没法给它减星。,5,力荐,10,0.9822692901946368
"
                    2017-06-06 19:48:11
                ",橙曦羽潞,自由不在外面，而在于内心，唯有自我救赎才是出口,5,力荐,10,0.9973882421379565
"
                    2009-11-12 10:53:38
                ",伊卡洛斯,有的人的羽翼是如此光辉，即使世界上最黑暗的牢狱，也无法长久地将他围困！所以，要么忙着生存，要么赶着去死！ 人总是要做点什么的……,5,力荐,14,0.9898434280244638
"
                    2019-02-13 08:44:31
                ",JuJu的逗猫棒,看到有恶意打一星的才想起来我还没打分呢！前两天我表哥装文艺说跟我推荐个电影，我问他什么电影，他说《肖申克的救赎》，神经病！《肖申克的救赎》还要你推荐啊！,5,力荐,14,0.963007603971918
