time,uname,comment,star,title,support,sentiment_score
"
                    2010-06-03 17:01:20
                ",Q。,以前看的时候，电影里真正隐含的意思我都不懂，但当我慢慢长大，经历的东西越来越多的时候，再回顾这些，我能领悟到星爷电影里人生的真谛，同理也可以套用在《大话西游》。ps，每次看到那句“我养你啊！”都会毫无疑问的飙泪。★★★★☆,4,推荐,3549,0.9999999818585764
"
                    2013-05-23 00:19:57
                ",进宝,“哇你怎么穿成这样啊？你不是演主角吗？不管你是主角也好，跑龙套的也好你都要养我一辈子的啊！呐，试试，看合适不合适？哇红色的，唇膏印啊，你去鬼混啊！呐，这次我放你一条生路啊，再有下次，我不给你饭吃。走，走啊。看什么看？不服气呀？打我呀，笨蛋！ ”,5,力荐,1420,0.9989587541542663
"
                    2011-05-31 21:59:48
                ",望仔放弃减肥了,我最讨厌别人不擦润唇膏了！每次看到嘴上干裂起皮都忍不住想要亲上去！所以你要多擦一点润唇膏啊！你到底要不要我给你擦润唇膏！——好喜欢这一段，那时的张柏芝漂亮的无法用笔墨形容，脚趾甲上涂着五彩的颜色，小巧的下巴和明亮的眼，根本就是个小妖孽。【MD电影短评怎么字数限制这么短！】,5,力荐,3424,0.999999894004819
"
                    2011-01-12 19:56:39
                ",冉7 _Pro4.01,那时候的她无论多少流言蜚语都无所谓,5,力荐,2604,0.5979770903686832
"
                    2008-01-10 16:52:45
                ",老鸡｜扶立,周星星电影中最喜欢的一部,5,力荐,2689,0.9686412330070112
"
                    2005-12-13 23:06:02
                ",missfaye,“我是一个演员”，我最爱的周星驰作品，笑得流泪,5,力荐,2178,0.9996954745338217
"
                    2005-09-04 11:41:53
                ",大头绿豆,星爷最好的三部电影之一。,4,推荐,2330,0.8863016732278463
"
                    2006-07-18 14:18:42
                ",大宸,我养你啊！,5,力荐,4936,0.5
"
                    2021-12-22 04:33:42
                ",余莽,这电影我真是看一次哭一次；柳飘飘织着毛衣等尹天仇回来那场戏，小人物的爱卑微到连确认都不敢，只好扯着嗓门吵吵嚷嚷，害怕下一句他就会说：“我不要你了。”幸好尹天仇说的是“柳飘飘，我爱你。”,4,推荐,913,0.9341750316167935
"
                    2014-05-22 13:34:56
                ",胡子,“去哪里啊？”“回家。”“然后呢？”“上班咯。”“不上班行不行？”“不上班你养我？”“嗨！”“又怎么了？”...“我养你啊。”“你先照顾好你自己吧，傻瓜。”接着张柏芝在计程车上哭成泪人，这一段真是演得太好太好了。,4,推荐,1875,0.9999999940462612
"
                    2009-09-08 23:14:41
                ",♣lùlu♣,我不是真的要你有钱才能养我，我只需要你为了我放弃声名的勇气,4,推荐,1367,0.24967567893301834
"
                    2008-09-11 23:30:16
                ",明珠一颗孙小美,你负责美丽妖艳，我负责努力赚钱,5,力荐,1225,0.8477642633659114
"
                    2007-06-24 10:27:05
                ",战国客,戏梦人生，笑中带泪，好作品,4,推荐,1085,0.998336984192143
"
                    2006-01-08 23:18:00
                ",薇羅尼卡,又有什么？谁说一个跑龙套的不能爱上一个妓女？,3,还行,1001,0.20984672766744106
"
                    2006-05-01 02:27:50
                ",暖鱼,失望！太想真诚，倒显得做作了,4,推荐,566,0.38585534876038885
"
                    2012-08-18 01:45:24
                ",朝暮雪,"聚焦小人物的高光时刻，一个是龙套，一个是小姐，虽然身份卑微仍然怀揣着梦想。
然而有梦想是一回事，能否实现梦想又是另一回事。
尹天仇和柳飘飘心向着九重云霄，却又总是被现实的引力拉回地面，摔个遍体鳞伤，但是仍然不忘初心、童心未泯，因为“天亮了就会很美”。
我爱你并非你做了男主角，你做龙套也要养我；
我不会飞黄腾达了就离你而去，即便回到原点也要和你一起上路。
成龙客串最惊喜，夜总会和宴会的交叉剪辑最虐心，“我养你啊”最感人。没有鸡汤和套路，只有真实和走心。酸甜苦辣，喜怒哀乐，不仅是《喜剧之王》，更是生活的真实写照。",4,推荐,326,0.9999999999935383
"
                    2009-05-17 19:53:44
                ",无所谓则无所畏,我养你啊,5,力荐,1135,0.5
"
                    2007-11-17 05:19:41
                ",杜边生,第一次在正规电影里看见女优服,5,力荐,284,0.7139425926449304
"
                    2022-06-13 23:00:45
                ",Laputa,当他在豪车上回答“是呀”时，一定知道自己放弃的是什么。,5,力荐,246,0.795027947606874
"
                    2017-03-19 10:34:51
                ",大耳朵图图_,星爷的电影走出了一条独辟蹊径的喜剧之路，以前只记住了他的无厘头，长大一点再回头看却看到了很多不一样的东西，略略理解了一些小人物卑微的挣扎。还有年轻的张柏芝是真的好看,4,推荐,398,0.9999988106732219
"
                    2015-04-28 09:16:22
                ",Sophie  Z,18岁的张柏芝啊~~谁都想说我养你啊~~,4,推荐,431,0.9362643548799713
"
                    2020-12-17 22:57:36
                ",静英英🍃,"前半部分值四星的。
有理想没才华与有相貌没方向。前者是多少人的真实写照。
但是
有相貌的女生是不会无缘无故喜欢一个穷困潦倒满口空话的茄呢啡的；
一个大明星也不会无缘无故提拔这个每次都留下一堆烂摊子的人；
哪怕是做卧底需要掩饰，也不需要三番四次如此侮辱别人，即使你想通过言语提醒他。
所以。终究还是太理想化，太戏剧化了。又心酸又荒诞，没头没尾的荒诞。

还有，生活不是电影，如果一个刚认识没多久的男人，轻易地说出“我养你”三个字，请赶紧跑，不要鞋子那种。",3,还行,66,0.18788834628739248
"
                    2018-01-26 11:31:20
                ",豆瓣酱,在最没有能力的时候遇到了最想照顾一生的人，对于那时的天仇来说，喊出“我养你吧”是需要多大的努力和决心的呀！,4,推荐,179,0.9996929117615665
"
                    2018-02-24 21:43:03
                ",顾盼,对于小人物的悲欢，星爷的电影总是表现的很深刻。张柏芝当时很好看。,4,推荐,82,0.9998899324385017
"
                    2006-01-02 15:02:44
                ",寂地,我没道理的又哭了.但是这个电影结尾太奇怪了~55多看星星的电影人生会变得开朗哟!,5,力荐,258,0.9848194888858947
"
                    2012-01-30 16:28:29
                ",Morning,这是一个我怎么都喜欢不起来的男角色。相反莫文蔚戏不多但完成度非常之高。,3,还行,99,0.9110395489047624
"
                    2008-08-02 01:49:36
                ",高歌,“没关系，天亮了就会很美的”,5,力荐,221,0.501683089147306
"
                    2018-03-30 10:45:39
                ",赱馬觀♣,旧影回眸。发现身为星粉，很难成为喜粉。无厘头是港片整体表演夸张（不用癫狂）基础上的更夸张！它需要一个超现实框架为依托：古装神拳恐龙骨台球王。电影龙套的心酸苦辣偏偏是个现实感极强的题材，需要戏外故事与表演回归自然朴实——至少相对戏中戏，如莆田。而本片的戏外几乎比舞台还夸张。举例。达叔说卧底比演戏更难，不能有一丝纰漏。可当枪匪端出一桌饭菜，计划已赶不上变化，再执意拨电话要荷包蛋，便是大脑短路，入门卧底都不会如此，更何况还没点就有人送上门……此时已无现实残酷，完全喜剧反讽——就像武松打虎，老虎没打就死了。这场戏号称发生在现实，其实比舞台更舞台，并未逃离无厘头的解构，更像对卧底之人自以为是的嘲讽，而非职业素养的赞美。并导致，稍后的达叔之死成了无情绪依托的“空演”，更早之前那句经典台词就成了一个笑话。,3,还行,20,1.0
"
                    2018-02-24 22:42:12
                ",清欢,张柏芝真的好美，有一段时间我觉得她不是很美，我错了，她真的特别特别美~天生的演员,5,力荐,219,0.9999983223460308
"
                    2023-03-16 21:19:03
                ",哀歌与衷曲,他讽刺了一切，唯独没有讽刺爱情。,5,力荐,108,0.9666001785322699
"
                    2011-12-28 09:19:04
                ",陀螺凡达可,或许是最好的一部周星驰,4,推荐,147,0.8883661515856947
"
                    2007-12-19 00:08:05
                ",蛮爷,第8次,5,力荐,255,0.40133074991591366
"
                    2017-03-22 20:37:36
                ",随风的蒲公英,当时觉得张柏芝那时候真的的嫩的可以掐的出水，特别清纯，印象最深最感动的张柏芝演的她要走的那段，他们之间的对话感动了好多人！,4,推荐,66,0.9999979252329453
"
                    2022-02-19 16:02:25
                ",elegance,后二十分钟和吴孟达角色意义没有get到，电影前一个小时堪称完美,4,推荐,45,0.9995112026690527
"
                    2018-08-15 22:38:50
                ",Julien,向来讨厌励志的电影。电影的作用在于激起情感，给不了现实的解决办法。我总会觉得这种在100多分钟的时间内塑造出的成功太过乐观浅薄虚无。这种电影，只有周星驰拍出来我才是服气的。别人家的励志片，看着蛮惨，其实总是幸运的。星爷的电影，总能让人笑，但其实凄惨真实。周星驰的电影角色总是固执活在自己世界，当他与世界接触时，矛盾出现了，这些矛盾是笑点，也是悲剧。凄惨而坚韧，是周星驰电影角色共有的特点，虽身陷囫囵，却生命力顽强，虽看重自尊，却常常丢掉，但还要抹干眼泪继续活着，因为不这样的话就无法活下去。当所有人都把你当成一个死跑龙套时，你要把自己当成一个演员，所以你就会成为一个演员。,5,力荐,57,1.0
"
                    2010-05-21 22:42:20
                ",千寻亿选,当年朋友拿来盘VCD，周星驰主演的“喜剧之王”，是演过蛊惑专家、唐伯虎点秋香、鹿鼎记、审死官的周星驰，而且这部电影叫做“喜剧之王”，我们准备好了笑痛肚皮。一个半小时后，大家都沉着脸，什么狗屁“喜剧之王”，一点也不好笑，太难看了。工作多年后才明白这部电影是周星驰的巅峰之作。,4,推荐,56,0.9999996483211924
"
                    2018-01-30 17:29:57
                ",A蓝精灵,星爷的经典之作，1999年上映的，小时候笑的很真却总是在多年后忽然明白影片中的某些含义，转眼二十年就这么过去了,5,力荐,46,0.999486292235258
"
                    2015-08-07 03:11:38
                ",qw0aszx,从小就觉得这片过誉....,3,还行,27,0.5397596966870679
"
                    2017-07-10 23:28:05
                ",Ocap,张柏芝拿着嫖资在车上痛哭起来那一段，应该是无厘头史上最不无厘头的一次无厘头了吧。以及星爷要是跟莫文蔚走了，就是性别对换的咸湿版《爱乐之城》。,4,推荐,32,0.9999324869124607
"
                    2018-03-28 07:40:45
                ",初秋絮,周星驰演的电影都很好看  表面看是喜剧吧。实际烘托了当时社会的黑暗。无情  冷漠。,4,推荐,28,0.9987576912422232
"
                    2017-03-14 13:20:22
                ",蓝下老婆,哈哈哈，周星驰笑得很有魔性的，经典就是好看,4,推荐,26,0.9915379175362437
"
                    2017-05-10 11:13:55
                ",慕詩,“你先养好你自己吧，傻瓜。”星爷的经典作。,5,力荐,60,0.9594698572533776
"
                    2017-05-16 20:02:58
                ",吃瓜少年,小时候看对我养你一笑而过，长大才知放在现今的大环境胜过海誓山盟,4,推荐,47,0.9996856021738041
"
                    2017-02-11 18:16:04
                ",🌙🌙,张柏芝真的是嫩的能掐出水来 多么美好的年纪啊 典型的周氏喜剧 搞笑 好想再看星爷演一部电影啊,4,推荐,19,0.9971701224964402
"
                    2017-03-07 08:06:56
                ",幕天席地,那个时候的演技有灵魂,5,力荐,114,0.9604869462826633
"
                    2013-09-13 00:21:27
                ",Hao,唯一能让我理解这片被称为经典的方法就是这是一部经典烂片。情节俗套，搞笑乏力，类型混杂，倒确实是一部经典港片。有港片的一贯传统就是大杂烩。一开始是搞笑片，同时是动作片，后来变成励志片，再来点爱情，最后居然还有警匪卧底枪战。我了个擦，如果想把所有东西都塞进一部片里面，不是烂片都难,1,很差,139,0.6486695963920937
"
                    2015-05-30 22:30:00
                ",梦里诗书,这并非一场浅显的喜剧，而是属于周星驰的电影人生，《喜剧之王》以小人物的龙套演员为切入，用辛酸去渲染的笑料在不经意间给人以共鸣性的感动，周星驰拼搏与草根间的明星梦，张柏芝初试银幕的纯美之恋，一句简单的：“我养你啊”！侵染出多少至诚的感动。,5,力荐,39,0.999999999932579
"
                    2018-03-31 16:09:47
                ",幼儿园园长,悲剧用喜剧来表达，很棒的一部电影,5,力荐,46,0.9984725118366292
"
                    2018-06-21 15:19:48
                ",我头像超萌,"“看，前面漆黑一片，什么也看不到”
“也不是，天亮后便会很美的”被小人物的艰辛逐梦所感动，被一句我养你啊所感动


",4,推荐,30,0.9988305563957782
"
                    2017-04-07 22:35:10
                ",美好时光只为你,一部让你笑着感动的喜剧片。张柏芝那时很纯呢。,4,推荐,18,0.9985167209296217
"
                    2018-04-01 21:16:37
                ",偏要勉强,星爷电影中最喜欢的一部，当年只有18岁的张柏芝，真美啊。,5,力荐,39,0.9997331536373119
"
                    2006-03-02 15:52:06
                ",犀牛,周星驰真正的转型之作,5,力荐,115,0.5970454202453921
"
                    2018-04-01 14:43:05
                ",翠蝶🌸羽生✨💫,开心的同时又伤感，经典是永远无法超越的，周星驰算是一个传奇人物吧，他带给我们很多开心，感动和温暖，同时还有正能量，这个电影就是在讲他自己的故事吧。,5,力荐,25,0.9999999999086817
"
                    2018-04-01 10:39:33
                ",傻白甜,看着搞笑，实则悲剧，人很多时候都是在悲剧里努力搞笑,5,力荐,31,0.9982842935331647
"
                    2018-03-29 08:00:37
                ",阿弥陀佛,喜欢周星驰早年的作品，笑中带泪,4,推荐,26,0.9905958381096521
"
                    2016-05-15 12:32:40
                ",冰红深蓝,龙套小人物的辛酸打拼史。各种经典世俗神话的拼贴，各种媒介自反，各种自嘲与戏仿，这回终于让我有点喜欢上周星驰了。长鼻涕，“我养你”，鹌鹑，露丁丁男孩，海报墙中的小镜子，《演员的自我修养》，吴宇森式白鸽和无间道。ps：本片里莫文蔚和张柏芝的颜值亦使我惊艳万分。（9.0/10）,5,力荐,19,0.9999999999775073
"
                    2017-03-07 08:28:41
                ",媛木子,非常非常喜欢这部电影，张柏芝真的是美的我一个女生都动心。,5,力荐,77,0.999546044465883
"
                    2018-03-30 23:21:20
                ",幸存者,说实话，第一次看时，只知道傻笑，根本看不懂，现在看懂了还有点希望自己不要懂！人生百味都在其中了！,4,推荐,60,0.0481824719099998
"
                    2013-08-19 05:01:27
                ",托尼·王大拿,我太讨厌这部装腔作势的电影了,1,很差,72,0.7399241174150135
"
                    2020-11-14 16:14:59
                ",欢乐分裂,#重看#同是天涯沦落人，相逢何必曾相识。两个平凡小人物在艰辛打拼中的偶遇绽放的光芒，即使一头汗一身血也要骄傲地回答“我是一个演员”。张柏芝真是雪肤玉貌，坐在车里痛哭一幕最为催泪。回看感慨万千，那些反反复复看过无数次的经典片段是时代的印记。,4,推荐,10,0.9999999999997264
"
                    2022-08-01 18:33:45
                ",电影的一半,"世界上最需要演技的职业是什么?
演员?
是卧底啊，靓仔，稍有穿帮就扑街啊!
世界上靠演技过活的是什么职业?
演员?
是站街的啊，不舒服也得装出享受的样子，要不然没客人的!
那演员是什么?
演员是牲口啊!演技再好，找不到没人捧，活该跑一辈子龙套。

卧底 街妹 演员 这就是人间的喜剧之王

",5,力荐,20,0.9999999999954297
"
                    2017-03-29 17:20:09
                ",多看电影爱电影,虽然是部周星驰式的无厘头喜剧，却无不折射出底层小人物的命运！,3,还行,19,0.9998304624995353
"
                    2012-02-02 21:39:59
                ",有心打扰,“我养你啊！”让自己有个梦，坚持不已。,3,还行,15,0.8059727626600007
"
                    2014-07-01 22:27:15
                ",Lies and lies,那个著名的庭院高出海面十数米，从门洞望出去，见海见天不见地，像是一处蓬莱仙境。,3,还行,9,0.27024214007461944
"
                    2017-03-30 21:52:04
                ",呢昵喵,笑着悲伤的感觉，互相祝福的那段话随他们一起笑一起沉默。这里的张柏芝太美了,4,推荐,17,0.9999994949394975
"
                    2012-01-31 12:52:53
                ",某J。624,那时候的张柏芝，画上浓妆眼里都还是一派纯真；那时候的周星驰，怎样的无厘头都掩盖不了骨子里的坚持与奋斗；世事变迁，没人能说谁变了，因为我们都不曾停留在原地。周星驰最经典的爱情宣言不是大话西游里的，而是那一句——我养你啊。,5,力荐,11,0.999999953543565
"
                    2018-04-01 08:31:20
                ",雪里花蕾,该片剧情讲述了一个小人物的辛酸生活和奋斗史，周爷自导自演👍,4,推荐,21,0.9997156139164322
"
                    2018-03-20 23:39:18
                ",你压着我腿毛了,这大概就是我最讨厌的一类港片了吧，剧情一锅乱炖，表演浮夸轻佻，癫狂过火，无病呻吟，最适合loser意淫高潮了。结尾还莫名加入警匪枪战戏你他妈在搞笑吧，B.T.W 吴孟达长了一张喜剧脸真的不适合演警察 靴靴,1,很差,25,0.999637041165191
"
                    2018-03-06 12:22:35
                ",磕巴,这么美的张柏芝，换我，我也要对她说“我养你”。,4,推荐,74,0.8742594931272579
"
                    2020-04-05 19:27:10
                ",关念ヅ,"这种喜剧风格，故意的刻意和粗鄙，个人大概能get到30%，屎尿屁和单向暴力元素完全get不到。。（打怂哭包小弟的时候我都有点心疼了，滴鼻涕桥段只是单纯感觉紧张和恶心）不过手法认真起来是有可圈可点之处的，自成一派，贡献了很多经典桥段。
主角真的有点讨厌诶，明明也不懂但自以为很懂，最重要的是业务能力也不过硬啊（成龙客串海星），神父死了还动和最后卧底紧张到崩我都感觉很迷惑，以至于盒饭哥骂他的时候我还挺解气
感情线我愿称之为装逼死龙套、抖m大姐头和极品风尘女的故事。结尾警匪片像强加上去凑时长的。
美女即是正义！张柏芝用脖子转呼啦圈那里，我恋爱了！刻意秀颜值秀身材的镜头多来点谢谢。这角色，有点想起《窈窕淑女》里的赫本出场。
有几个配乐让我觉得像橙光游戏自带bgm，个人认为里面最好的歌是屎之歌。",3,还行,14,0.9999999873089421
"
                    2022-11-16 23:20:36
                ",ZO_,尹天仇一开始是纯粹的技术派，主要工作教小孩扮黑社会，场务的盒饭让他学会了责任感，柳飘飘让他学会投入感情，卧底让他学会人生如戏,5,力荐,18,0.9999882634287263
"
                    2017-03-28 15:56:53
                ",炫3D,周星驰的电影是欢乐的喜剧，但是看过之后总会留下一点深刻的记忆，那就是他电影的精华。,4,推荐,14,0.9987285575326994
"
                    2018-03-26 08:24:28
                ",波波维奇,无厘头喜剧，星爷也算走出自己的路，此片尽述社会底层小人物卑的微与挣扎。莫文蔚在此片中表现力很好。,4,推荐,77,0.9999967424842745
"
                    2018-03-07 20:51:13
                ",如是,论一个演员的自我修养。张柏芝好漂亮啊。,5,力荐,96,0.9997927367838471
"
                    2008-01-21 17:41:30
                ",沉歌,看了好几遍了,5,力荐,25,0.7552851072145124
"
                    2017-01-07 23:11:34
                ",请你吃童话,星爷经典之作 笑中有泪 “我养你啊” 女人有时想要的很简单 仅仅只是一个个不顾一切的承诺而已,5,力荐,9,0.9945860951135133
"
                    2018-02-23 22:55:43
                ",Alain,重看。在梦想、努力这些原本闪光的品质被实用主义拿来当作成功的充要条件、怀揣理想并为之坚持不懈的朴素道理已经沦为廉价滥俗的鸡汤的当下，再看到两个漂浮人世身不由己的小人物相依为命、成为彼此黑色夜空背后将至的美丽光芒，尤其能受到触动。,4,推荐,8,0.9999999974722964
"
                    2011-03-06 15:28:53
                ",xīn,一部兔年贺岁片，却拍的如此有诚意、如此动人。追寻梦想、矢志不渝，尹天仇不只是周星驰也是所有的追梦人。柳飘飘在出租车上翻开《演员的自我修养》的镜头简直比得上《上海滩》中冯程程在飞机上翻开《家》。12年后又一个兔年我终于完整的看了这部影片，即使人生有再多不如意，我也无怨无悔。,5,力荐,8,0.9999878378253277
"
                    2017-03-29 22:00:55
                ",sharon,这部电影火了论一个演员的自我修养。同时get到张柏芝的灵气，和吴孟达的演技,3,还行,7,0.9999477639424496
"
                    2008-05-21 22:41:47
                ",木偶,离上次看已经十一年了，那时年少，不懂片子里的情感和表达。现在成熟长大，再看才发现真的触动人心，那是每个人历经艰辛成长后共同的心绪。伟大的喜剧背后都是悲剧的内核，愿所有人新的一年努力，奋斗。,5,力荐,7,0.9999999999998201
"
                    2018-03-28 22:08:09
                ",穿过肉身的痛,很励志的影片，虽然不懂演绎事业的道道，但是影片可以看到演员的艰辛，努力，而且告诉我们努力去做，把握住机会总会成功，非常的励志！,4,推荐,12,0.9999968617959267
"
                    2017-03-29 22:02:41
                ",月涩,哈哈哈哈，一直记得张柏芝那个鹌鹑的造型。,4,推荐,17,0.9983303012249778
"
                    2017-03-16 13:43:25
                ",元宝宝,张柏芝刚出道时两条麻花辫，小脸粉扑扑圆乎乎，单纯可爱。一下子就抓住你的眼球，难得是新人颜正还有演技，和星爷的搭配很有看点，喜欢！,4,推荐,17,0.9999944102695137
"
                    2017-03-22 17:35:07
                ",赫舍里清如,你养我啊？好啊！背景音乐一上线就是泪目啊！！！！,5,力荐,11,0.1364819081694829
"
                    2013-04-20 18:41:40
                ",冰山的阴影,真正用来诠释浮夸的，是所有小人物为奋斗在娱乐至死的重压下歇斯底里的挣扎。http://t.cn/zO0WBoK,5,力荐,3,0.9741328629639412
"
                    2018-03-27 18:40:28
                ",小十三,星爷最经典的电影之一了吧，小时候没看懂，长大了又不忍心去看，再看的话会哭成狗吧，喜剧就是用轻松的方式讲最沉重的东西吧，很少真的看懂星爷的无厘头搞笑，这部是真的看到心坎里，张柏芝是真的惊艳，颜值巅峰跟演技巅峰,4,推荐,42,0.9999999975859202
"
                    2020-12-15 21:39:10
                ",ibelieve,"啊，非常尴尬。以「我是一个演员」为主轴串联起来的电影为什么演技都那么尬，剧情也好割裂，从梦想跳到爱情，再跳到警匪片，感觉是几个剧本缝合而成。
擦润唇膏和我养你啊可能是全剧唯二高光。
周星驰真的好文艺，从台词到镜头都文艺。
年轻的张柏芝太粉嫩太美了。
不算《家有喜事》的话这是第一次在大银幕看周星驰主演的电影，三星给个情怀。#百丽宫香港影展",3,还行,7,0.999999999996783
"
                    2017-02-11 15:17:14
                ",amelin,看的人心酸。张柏芝那时候真是嫩出水。有几个镜头拍的超美。,5,力荐,11,0.9882938662423103
"
                    2018-04-01 12:45:53
                ",biang,“其实我是一个演员！” 与“我养你啊！”，一是理想，一是爱情，人生追求莫不如此。谢谢星爷带来的感动。,4,推荐,50,0.9999991781186697
"
                    2019-03-28 23:41:12
                ",康报虹,"我曾无数次在电视上看过《喜剧之王》，但这是第一次完整地看完这部电影，也是第一次听到原汁原味的粤语配音。在很长一段时间里，我觉得《喜剧之王》和《功夫》、《唐伯虎点秋香》、《国产凌凌漆》等电影没有什么差别，现在想想，也许是配音演员石班瑜的标志性声音造成了这样的结果——它让观众很容易忽视掉影片真正想传达给观众的。
其实完整看完，我也很难说《喜剧之王》到底好在哪里，如果今天有人把这部电影从剧本到表演再到分镜完完全全地重拍一遍，它会像《喜剧之王》那样在20年间一直受到观众喜爱吗？一定不会的。",4,推荐,15,1.0
"
                    2015-02-14 21:23:06
                ",刘康康,除了结尾枪战戏是妥协的结果，其部分的完成度都好高，今天找出来重新看了一遍还是感动哭了……柏芝那会儿确实漂亮,4,推荐,7,0.9999989031355375
"
                    2017-02-23 01:53:15
                ",久道,屌丝黔首的YY，世界都是错的，只有我才是对的，是被伤害的。,1,很差,18,0.871194477081667
"
                    2018-04-01 08:27:31
                ",焰熠,那一句我养你啊原来是男人最郑重的承诺,4,推荐,61,0.4531198218738749
"
                    2020-03-24 06:32:25
                ",LORENZO 洛伦佐,配乐好听，当周星星打开丹麦蓝罐饼干盒，拿出一本斯坦尼斯拉夫斯基的《演员的自我修养》时，仿佛时光倒流到童年。怀旧的电影。,4,推荐,13,0.999998494102446
"
                    2018-05-20 21:07:35
                ",LoudCrazyHeart,柳飘飘和尹天仇过完夜，从他那里拿走的不仅是一本《演员的自我修养》，还有他的心。戏中戏有，喜剧效果有，完满的感情也有了。,4,推荐,4,0.9999984058901009
"
                    2011-03-23 23:04:43
                ",伊卡洛斯,“不上班行不行？“不上班你养我呀？” “喂。”“又怎么了？”“我养你呀！”,4,推荐,6,0.9437961303996323
"
                    2018-04-13 20:36:22
                ",回忆与否之,这无疑是星爷完成度最高的作品，也是其扮演小人物以来最深刻的一次。在这部作品中，他贯注了多少心血是能明显看出的，他将自己全力地融入，使之成为对其本人的真实写照。他对梦想的憧憬，他对演戏的执着，那些心酸与悲恸，那些坚持与奋斗，简单得深刻，朴实得生动，因而他是周星驰，喜剧之王，独一无二,5,力荐,7,0.9999999999999964
"
                    2021-02-27 19:39:35
                ",追剧小迷妹,超级好看，看了很多年了一直记得，今天因为得知达叔去世的消息，心情很难过，我来豆瓣把我看过的他的每一部作品都点评一下，达叔一路走好，你为中国电影做出的贡献会一直流传下去！,5,力荐,12,0.999999975955873
"
                    2018-04-13 20:36:22
                ",回忆与否之,这无疑是星爷完成度最高的作品，也是其扮演小人物以来最深刻的一次。在这部作品中，他贯注了多少心血是能明显看出的，他将自己全力地融入，使之成为对其本人的真实写照。他对梦想的憧憬，他对演戏的执着，那些心酸与悲恸，那些坚持与奋斗，简单得深刻，朴实得生动，因而他是周星驰，喜剧之王，独一无二,5,力荐,7,0.9999999999999964
"
                    2021-02-27 19:39:35
                ",追剧小迷妹,超级好看，看了很多年了一直记得，今天因为得知达叔去世的消息，心情很难过，我来豆瓣把我看过的他的每一部作品都点评一下，达叔一路走好，你为中国电影做出的贡献会一直流传下去！,5,力荐,12,0.999999975955873
"
                    2015-12-13 17:39:27
                ",之晨,"比常人更世故，
比政客更圆滑，
比英雄更凛然
比诗人更脱俗，
比恶棍更憎恶，
比变态更龌蹉，
比疯子更癫狂，
比杀手更发悚，
比自己更陌生，
其实，我只是个演员。",5,力荐,10,0.9999999978845597
"
                    2020-12-15 21:39:10
                ",ibelieve,"啊，非常尴尬。以「我是一个演员」为主轴串联起来的电影为什么演技都那么尬，剧情也好割裂，从梦想跳到爱情，再跳到警匪片，感觉是几个剧本缝合而成。
擦润唇膏和我养你啊可能是全剧唯二高光。
周星驰真的好文艺，从台词到镜头都文艺。
年轻的张柏芝太粉嫩太美了。
不算《家有喜事》的话这是第一次在大银幕看周星驰主演的电影，三星给个情怀。#百丽宫香港影展",3,还行,7,0.999999999996783
"
                    2010-10-01 21:52:58
                ",又又,绝对五星 能在一分钟内给上百个表情的也只有星爷了吧 他就是这样一步步走上来的 可以让所有新入行的演员们看看 什么才叫演戏 PS.那段销魂的鼻涕……,4,推荐,4,0.9493829946876055
"
                    2017-05-11 21:42:15
                ",大志的小耳朵,好看，一个小人物的成长故事，很好笑但是又很苦涩，张柏芝年轻时候太灵了。,4,推荐,5,0.9999093134799293
"
                    2021-12-11 00:11:57
                ",yuan,这部电影的性别意识真的让人很迷惑哎。周星驰在想什么，女人为他挨过皮肉苦，才证明爱？鼻涕恶搞莫文蔚也让人浑身不自在。,1,很差,15,0.3715747567777913
"
                    2018-04-08 13:30:44
                ",尽欢,我养你啊。,4,推荐,15,0.5
"
                    2011-12-01 09:15:10
                ",巴喆,个人感觉无论是从文本内核还是技巧、演技（尤其是），这是星爷最好的电影。看那段“我养你”那场戏就明白了，很有电影调度的艺术感的。也许经历过艰难底层的人生会更有感受吧，颇有深度的一部电影，更多的像是星爷的半自传吧，更多的是社会学意义上的和人生感悟。8.5,5,力荐,8,0.9999999999985449
"
                    2019-07-28 23:32:31
                ",高詩遠,这跟《新喜剧之王》都不是一个档次的好吗！！周星驰跟莫文蔚演戏流鼻涕那段把我给笑死，并且那段“我养你啊”真的是太经典了，就算我没看过这部电影BGM一响起来浑身起鸡皮疙瘩。唯一我不满意的地方就是后面那个枪战剧情，第一个外卖员死的极冤并且还有那段开了挂的枪技，如果这个地方结局是一场假的戏，我肯定给五星,4,推荐,2,0.995540090033925
"
                    2011-11-03 21:40:57
                ",居无间,悲情励志爱情片。靠演员的表演和配乐烘托出来的情绪打动人心。吃盒饭成为顺利表演后的勋章，这种一本正经的庄重感和斤斤计较很动人。精彩细节还有迟迟不忍给出已圈点后的剧本。在技法上，柳飘飘向尹天仇还书一节，正反打拍得很好，一个的正面与另一人的背面贴合在一块，两人情感关系表露无遗。最后“戏如人生”的段落是败笔，太戏剧化，与前面营造的日常感割裂了。,4,推荐,4,0.9999999999996936
"
                    2018-04-15 20:49:05
                ",智,真的很佩服一个演员，他叫周星驰。,5,力荐,11,0.9844422991530498
"
                    2017-05-23 14:39:44
                ",你不喜欢文渊吗,周星驰说，我养你啊，张柏芝回去的路上哭的好难过，这个金典 谁都不会忘记,5,力荐,17,0.9889093971065293
"
                    2017-05-07 18:15:06
                ",少数派的报告,星爷的电影绝对是百看不厌，每次再看都能get到一点点东西，经典中的经典,5,力荐,8,0.9878244576698864
"
                    2017-04-06 21:57:46
                ",超神的我妻由乃,“我养你啊”                                                      “傻瓜 还是先养好自己吧”                                人生最无力的事情之一就是，在最没有能力的时候遇到了一个想照顾一生的人,4,推荐,9,0.9998195918213807
"
                    2021-01-26 05:06:45
                ",掉轮了,太爹味了吧？？周的电影都是一堆美女送上屌丝门，做白日梦。周星驰哪里有才了，还不就是各种抄,1,很差,22,0.015132063882423386
"
                    2011-02-20 11:03:01
                ",冰与火之歌,"这时的星爷开始有野心起来了、和属于他自己的严肃感。 
"" 我养你啊！"" 四个字，多男人、多自豪、多感动，却多么的让人心酸得想哭。
这绝对是星爷最严肃、最经典的作品了，生活、梦想、爱情、一个底层小人物的爱情，星爷可能以后也不会被自我超越了 。",5,力荐,5,0.9999999983524297
"
                    2018-03-28 16:12:27
                ",独眼苍狼夏侯惇,我觉得最好的表白，我养你啊,5,力荐,12,0.4255601646127807
"
                    2019-07-16 17:15:13
                ",numb soul,"可能是长大了，笑点提高了不少，对这种无厘头的搞笑没有太在意，虽然老版配音确实在部分场景下令我感到快乐；但经典场景一到，还是不忍潸然泪下，所以国配加上这个经典桥段简直了。不过这在看了很多优秀的作品后再看国配的话，会显得四星站不住。此为国配的评价
对比了港版原声，我发现依旧无厘头不过区别的是这种搞笑显得高级了许多，而不是显得极为刻意。另，喜剧的内核才港配的烘托下到新一轮的升华，立马让我明白，最初的想法显得极为幼稚。毕竟喜剧之王演的不是别人正是他自己，任何的点缀都有可能破坏了这部电影的平衡",5,力荐,2,0.9999999849966281
"
                    2018-04-01 10:50:19
                ",纤指十三,经典电影之所以为经典电影，就是因为电影值得重温无数遍，且每遍重温都有新的感觉。,5,力荐,57,0.9999983348602288
"
                    2017-04-05 19:36:31
                ",海鲜高汤面,喜剧的背后是悲剧，张柏芝那时真美。t,5,力荐,8,0.9994968190761341
"
                    2012-04-25 11:09:15
                ",追,"有的人评价很高,有的人不太喜欢,我就是属于后者,星爷八十年代末期到90年代的两部西游记,所有的片子可以说是部部经典,无厘头搞笑的神作,但这部...掺进了太多个人的人生感悟,也许他就是在演自己,也许...但这不是我理想中的星爷,所以...不喜欢看这片子,以及后续的都失去了无厘头的灵性,个人看法,不喜勿喷.",2,较差,5,0.9999917520210978
"
                    2021-02-28 18:05:11
                ",Muto,人生，处处需要表演。在处处需要表演的人生中，似乎只有单人间里的那面镜子知道《喜剧之王》是谁——想要扮演谁，以及正在扮演谁。对不起，在《无间道》上，你既是警察也是卧底。人生，似乎没有选择。上帝扔给你一个剧本，又扔给你一个角色，不管有多烂，你都要演，持续演，演到「上帝」喊「咔」为止。在「表演」的舞台上，或许你有很多观众，很多很多观众，来了又走。然而在人生这个舞台上，观众似乎只有你自己，或许，还有——你的初恋。面对唯一的观众，你，是否还要继续你的表演？人生那么漫长，你有足够的时间来思考：是否要成为「喜剧」的主角——成为那个专业的替身，抑或那个死也死不掉的龙套。无论过山车般的命运向着何处奔跑，结果如何，都要记着，做「自己想要成为的人」并没有做错什么。虚实与真假——假的东西撑不久，但撑久了就会变成真。,4,推荐,3,1.0
"
                    2022-06-18 00:00:55
                ",一只麦麦,柳飘飘给尹天仇“擦唇膏”，尹天仇教柳飘飘如何扮女学生，追出去说“我养你啊！”星女郎都是神颜。可惜后半段收尾比较潦草，跟吴孟达当卧底去了。虽然有很明显的缺憾，但那一回眸是如此真挚动人。,4,推荐,2,0.9999999999046982
"
                    2009-09-13 04:02:04
                ",HurryShit,砍掉超級無敵跳tone的臥底戲會好很多，周星馳和張柏芝這段愛情，是所有周星馳電影中著墨最深的小人物戀情（《食神》是神，不是小人物，不列入），但這也沒啥好說嘴的，因為周自編自導向來不重視女角。,2,较差,9,0.08511718070293572
"
                    2017-03-18 22:47:06
                ",tom and jerry,星爷的经典 童年的记忆 即使当时的故事情节很简单 制作不是最精良的 但是 那一句 我养你啊 将永远成为最珍贵的记忆,4,推荐,6,0.9999995409456011
"
                    2018-03-26 18:33:39
                ",遇见彩虹🌈,周星驰出品。张柏芝的成名作？还是潦倒的小人物的故事。我是个演员，论演员的自我修养，过了这么多年还是印象深刻。,5,力荐,32,0.9999956272341617
"
                    2018-02-09 11:26:46
                ",马可new仔,缺点：桥段东拼西凑，没有和谐整体感，特别是卧底警察/莫文蔚娟姐的邀请男主再到放弃男主段落；优点：星爷多方位展现演技，小人物酸甜苦辣五味俱全，张柏芝的小姐部分也很真实可信。总体搞笑的部分里就喜欢霞姐那部分,3,还行,6,0.9999628813776101
"
                    2013-12-02 23:28:15
                ",烈焰红唇龙,满纸荒唐言，一把辛酸泪。都云作者痴，谁解其中味。  十年龙套，未曾贪功。 却只有一个影帝在手，对星星未免太不公平。,5,力荐,3,0.8971305661314557
"
                    2019-10-06 21:19:00
                ",小明同学,"难以相信85分钟就能拍的那么饱满、内容丰富。我知道星爷的电影时长一般都是比较短的，不过这个是真优秀。最有深度的大概就是拿盒饭那一段吧，没有经历过还真没办法理解透彻。
结局很现实，不夸张，看来星爷真的拍出了小人物，虽说最后没有当过主演，不过收获了爱情，这大概就是伊天仇想要追求的吧。",5,力荐,3,0.9999978732260636
"
                    2021-03-09 00:54:46
                ",本心,小时候看时就是图一乐，现在看时，才发现星爷是现实主义者，着眼的都是我们普通人的人生。有苦，更有甜，我们需苦中作乐。愿你是尹天仇，岁月流转，不忘初心；也希望你是柳飘飘，虽为情伤，身披盔甲，但心有软肋，眼里有光，他们终成眷属就是对生活最好的成全。,5,力荐,3,0.9999999958293777
"
                    2017-03-03 18:18:01
                ",Queenside,这并非一场浅显的喜剧，而是属于周星驰的电影人生，《喜剧之王》以小人物的龙套演员为切入，用辛酸去渲染的笑料在不经意间给人以共鸣性的感动，周星驰拼搏与草根间的明星梦，张柏芝初试银幕的纯美之恋，一句简单的：“我养你啊”！侵染出多少至诚的感动。,5,力荐,3,0.999999999932579
"
                    2023-01-22 21:28:45
                ",胖丁桃,彼时早已是星爷的周星驰依然把视角放得很低很低，关注所有底层的小人物，用夸张的肢体语言来逗笑你，实际上全是辛酸血泪，所以他说自己拍的是悲剧不是喜剧其实是没错的，要长大、要经历过才懂其实不好笑。龙套要靠着信念才会坚持自己是一个演员，舞女要没心没肺才能醉生梦死，实际上都是一层一层结构压迫下的蝼蚁——大姐大可以一句话把人捧上天再一句话把人打回原形，全看她心情；老板可以前一天叫人初恋什么都给，后一天往死里打人，不知道周星驰观察过多少这样的例子。只是爱情，两个人都潜意识里觉得自己不会、不配拥有爱情，一点点口是心非小心试探，为生活所迫再到孤注一掷的样子多么难得。窗口一幕，张柏芝美得海风万里卷潮来。整体来讲瑕疵颇多，但心意动人。3.5.,3,还行,1,0.9999999999999771
"
                    2017-03-14 13:52:38
                ",甜椒Oli,我养你 ,4,推荐,14,0.5
"
                    2017-03-20 20:52:12
                ",庄小龙也有尾巴,他说，我不是跑龙套的，我是一个演员，真的是戳心。演员是一个职业，他深爱着这个职业，并为之努力。每当他义正言辞的说出这句话的时候，我都深受感触。确实是好作品。,4,推荐,7,0.9999997658329873
"
                    2017-02-25 20:43:27
                ",✨小宝贝✨,喜剧中的经典,4,推荐,10,0.928206836185572
"
                    2019-04-12 22:23:51
                ",褦襶,回头再看《喜剧之王》就觉得《新喜剧之王》其实境界要高于前作。,5,力荐,3,0.9922376126652049
"
                    2023-02-22 23:12:46
                ",云书,"“能不能不去啊”
“不上班你养我啊”

“又怎么啦”
“我养你啊”
“你先顾好你自己吧，傻瓜”

这段的配乐太强了，飘飘虽然在车上哭，但我听出了幸福的感觉。

“喂！你上次说养我是不是真的？”
“是啊！”

这句话问出口的时候，我觉得心里什么东西被撬动了。不问，或许永远不会有结果。有时候，我们缺的就是问出来的勇气。

天仇和飘飘的勇气，是我想永远记住的。",5,力荐,5,0.9950281157964419
"
                    2009-09-22 23:21:16
                ",翘屁娘,"本来是3颗星不过硬生生的改成5颗。虽然对于周星驰的电影我一直因为自己找不到笑点 能躲就躲 但是，为了 尹天仇一脸二百五的对着还婴儿肥的柳飘飘喊，我养你啊。 为了正初出茅庐还没有拍艳照门的张柏芝，为了正在巅峰顶点还没有众叛亲离的周星驰。 
",5,力荐,4,0.011934420126357703
"
                    2022-02-28 00:44:36
                ",拔剑四顾心茫然,虽然我是一个小姐，但是别说我是出来卖的，我对爱情的真诚一直都在。虽然我是一个群演，但是别说我是跑龙套的，我对梦想的热情从未衰减。生活这出戏对演技的要求很高，他要求我们笑中带泪，对着一片漆黑也要说天亮了，纵然身无分文也敢说我养你。大多数时候，我们得到的只有导演发的芥末，没有对白，没有便当，傻傻等待着一个为自己涂润唇膏的人。片场小演员和夜场学生妹的故事，两朵孤单的魂，会心的眼神，身上的伤口还流着鲜血却不断为对方加油鼓劲，真是凄凉又动人。即便如此，剧作的割裂感也十分明显，一会儿教古惑仔收保护费，一会儿又去搞雷雨话剧，一会儿又要去做卧底特工，完全不加节制的随意发挥，怎么看都像是掌控力不足的表现，节奏和情绪完全被破坏，这大概就是没有像以往一样采用解剖大会或者厨艺大赛的后果，周星驰确实不适合玩多线叙事。,4,推荐,5,0.9999999999998577
"
                    2010-07-26 18:36:52
                ",罗弘霉素,周星驰是大师！,5,力荐,8,0.9195418871875177
"
                    2018-07-09 17:15:26
                ",老李的🇨🇳,"能讲好一个爱情故事的导演很少了，更别说将故事赋予内涵了。
张柏芝真嫩。
尹天仇遇到困难也从不放弃。
说我养你的那段纯音乐很好听",4,推荐,3,0.9999942964999481
"
                    2012-02-25 00:17:46
                ",Magi,小时候记得好像还哭了把，反正觉得那是的张柏芝虽然里面演的是妓女确实我看过最美的一个而且演技好好，记得最后片尾把问周星驰你以后养我嘛？大概是这句话好感动来着,4,推荐,0,0.999989763275663
"
                    2015-09-21 14:14:48
                ",叶洲,应该是周星驰的自传吧。张柏芝素颜露腿坐在临海的窗边，美好的人的美好年华啊。,3,还行,5,0.9999965520291234
"
                    2016-09-29 21:38:19
                ",乍暖,8.5/10。如果有一天小丑哭了，你会不会还在觉得他在搞笑？（后半部分扣一星）,4,推荐,1,0.0020318623778103895
"
                    2015-06-17 18:18:28
                ",DEPARTURES,喜剧电影欣赏课上看的还有点感动，可惜期末论文已经交了，应该是某人翻来覆去看的最爱之一,4,推荐,1,0.9988834353590066
"
                    2019-04-03 09:58:47
                ",布裡格手記,尹天仇的人物设定绝不是怀才不遇——他并不是一个有天赋会演戏的人，只是一个掌握理论大于实际的表演爱好者。生活和事业的挫败使他有了将理论应用实践的可能，借由偏执，把经历变成经验。这是我喜欢这部电影的地方。新喜剧之王同上。,5,力荐,6,0.9999999911393899
"
                    2018-12-24 18:08:11
                ",伍月,【B＋】意外惊喜。其实对周星驰的片子一直有一种抵触心理（可能是《美人鱼》的心理阴影太大了），然而这部却属实打动到我。片长仅仅85分钟，却面面俱到，更难得的是，每条故事线都完成的相当出色。很多经典桥段不用再赘述，其实让我没想到的是，剪辑和镜头居然非常厉害。小人物的故事早已不新鲜，却仍能被深深触动。结尾确实很扯，画风突变有点难以接受，不过瑕不掩瑜。,4,推荐,1,0.9999998883420989
"
                    2016-09-18 22:47:15
                ",破＿,从中后段开始走偏，到结尾完全失控。失控部分都仍算好看，还在点明”尹天仇其实就是个毫无演技天赋的庸人”这个主题，却没想到收尾惨烈。最后的大团圆更是有种黄百鸣既视感，非常可惜。可贵的是塑造起了男女主两个形象，深入人心。张柏芝真是又漂亮又会演。,4,推荐,3,0.9999988408287733
"
                    2010-11-09 23:28:49
                ",未来有限事务所,无论我活得多么卑微，被生活挫败得如何千疮百孔，可我还有最高贵的理想。星爷的这部作品里满满的诚意如今看来还是让人泪流满面。这里头的小人物身上已然有卓别林的感觉了。和寻子遇仙记一样，最后有个莫名其妙的结局，其他都是完美。,5,力荐,2,0.9999092676198545
"
                    2017-06-13 20:49:33
                ",拒绝不开心、,很久以前电影了，那句 我养你啊 到现在还记得，张柏芝周星驰，演的都很好,4,推荐,7,0.998786513376757
"
                    2008-09-27 14:26:48
                ",Song³,张柏芝首部女主角作品，她在剧中扮演不失单纯个性的小舞女柳飘飘，情感拿捏得真挚感人，就此一炮而红，被誉为新一代玉女掌门人。// “咔！精神啲，临时演员都系演员。”,5,力荐,4,0.9999999999996521
"
                    2017-03-17 07:54:40
                ",竹叶卷心,经典呀，张柏芝真的好好看诶。,4,推荐,6,0.9831573426384302
"
                    2017-12-26 11:39:12
                ",一颗,补遗几刷。还是觉得不能算在喜剧条目里。这是世间男与女的现实与辛酸。怀揣梦想的小人物在土泥里挣扎，对爱想要触摸又缩回的手。风尘里纸醉金迷，身体可以像八爪鱼勾住陌生男人，一句“我养你啊”却还能让她泪流满面。最干净，最幸运。,5,力荐,3,0.99999999987522
"
                    2017-06-26 14:44:55
                ",shield,为一个人改变，甜蜜也感动,4,推荐,7,0.9984251303481769
"
                    2018-04-15 19:29:00
                ",听风是雨,经典之作，张柏芝的颜值巅峰，那种风情无人能敌，周星驰真的是个非常了不起的导演，很会打磨女演员，不说了，满婚,5,力荐,22,0.9999184527478587
"
                    2021-05-18 14:16:15
                ",曼靑,为了得到「高分经典喜剧片」的豆瓣电影徽章而补遗。小时候在电视上看了无数次，但我一直都不觉得这是一部喜剧。尹天仇的落魄潦倒、郁郁不得志让我很难开怀大笑，20年前是、20年后也是。90年代港片喜剧的最大特点就是难免会夹杂一些荤段子，这部电影也不例外。很难想象当年那些和我一样在上小学的小朋友看到这部电影是作何感想——在这个方面我觉得现在的喜剧电影元素要好很多，例如开心麻花，大多的梗都来源于生活日常中语言魅力的智慧。最让我感动的反而不是尹天仇站在台阶上对柳飘飘说「我养你啊」，而是他们俩在深夜的海边谈心，互相祝愿彼此能成为一个非常出色的死跑龙套和一个非常出色的座台女，然后两个人陷入默然。喜剧的最高境界，或许就是这样黑色幽默吧。无论如何，这部都比续貂之作的《新喜剧之王》要好太多了。,3,还行,0,1.0
"
                    2008-04-08 20:07:40
                ",七先生™,《食神》是小学时看的 虽然还是非常好笑 但当时音乐觉得没有周星驰之前的片子那么好玩了 ...  现在在知道  原来周星驰参与了片子的导演。 不得不说 周星驰参与导演 给喜剧片增加了一点让你沉思的内容...不过肤浅的我  还是希望周星驰继续只做演员  而不要做导演..不过 周星驰年纪大了  这些事情不可逆转了..他不能永远只做屏幕上的传达者  而是想做幕后的思想者。《喜剧之王》他参与导演、接下来的《少林足球》、《功夫》、《长江七号》..我们发现周星驰已经不再自己身上发觉喜剧元素了  喜剧台词也在减少...他,3,还行,0,0.9999999999983356
"
                    2018-03-31 11:46:27
                ",茕茕白兔,笑中带泪，以幽默的方式表现了小人物的悲哀与无奈。面对命运的捉弄与现实的嘲讽，尹天仇对梦想的坚持与执着难能可贵。,4,推荐,8,0.9999998534079613
"
                    2009-09-05 21:04:42
                ",面板鲍勃,天仇：喂！飘飘：干什么？天仇：走了？飘飘：是啊。天仇：去哪里呀？飘飘：回家。天仇：然后呢？飘飘：上班喽。天仇：不上班行不行？飘飘：不上班你养我呀？天仇：喂。飘飘：又怎么了？天仇：我养你呀！飘飘：你先照顾好你自己吧，傻瓜！,5,力荐,0,0.9888967963685039
"
                    2006-04-06 04:11:58
                ",天生变态难自弃,第一遍看只记住了柳飘飘的麻花辫。第二遍看只记住了尹天仇的鼻涕。第三次、第四次，只是记得更多的细节罢了。直到我也开始觉得自己的心态像一个小临记，才找到惊喜的感觉。让我感动和难忘的情节太多了，可以说充斥全片。只想赞一下结构，这样的高潮迭起，整体又不显疲乏，从港片的角度来说太少了。,5,力荐,3,0.9999982342542245
"
                    2011-03-05 22:25:18
                ",欺霜傲雪,"周星驰电影中印象最深的一部，非常喜欢，柏芝那时候看着多纯情啊，呵呵
ps:2019.02.25重温。感觉这部片子更像是周星驰的一部半自传，只是融合了很多现实里没达成的想法。",4,推荐,1,0.9999999629567695
"
                    2017-03-03 16:25:58
                ",月芽AM,一部剧喜欢一个人,4,推荐,5,0.696684358392199
"
                    2008-05-10 22:57:32
                ",Lan~die,"很真诚。周星驰最好的现代片。每个人都是个演员，“努力！奋斗！” 最好的情话：“我养你啊！”
柳：喂，看前面多黑啊，什么都看不到。尹：也不是啦,天亮之后就很漂亮！",4,推荐,12,0.999993620517951
"
                    2017-03-06 21:34:10
                ",宋雯婷,3.5？我能说我都是给柳飘飘的吗,3,还行,5,0.7834344885325872
"
                    2012-12-31 18:58:06
                ",451½°F™,周氏自我的心路历程（相较《功夫》还不算自我膨胀），少女时代的张柏芝惊艳无比，可惜后半段叙事完全崩溃，似乎为了贺岁与商业目的对剧本删改得无以复加。,2,较差,3,0.9999999861170312
"
                    2012-08-02 06:53:17
                ",Jiajiachan,周星驰最有情怀的电影，不过说是他最好的电影很勉强，这片是落俗套的，有很多桥段跟全片风格不搭，闹过头了，结尾也很莫名其妙,4,推荐,0,0.9986491629941132
"
                    2022-06-13 23:22:23
                ",林雨,属实是把喜剧的写意张力玩到极致了。笑与泪的翻转在尴尬的前一秒停止，恰到好处，便是写意，极简的剧情与背景设置，也能蕴意无限。是为写意经典，忧伤与幸福的公式的底层，写在这里了。,4,推荐,5,0.9999999999744467
"
                    2013-03-11 07:34:10
                ",Indecent time,星爷最爱电影并列no.1,5,力荐,3,0.8382141318816088
"
                    2019-09-26 22:53:17
                ",RYZ,一部分是极度的写实，比如两角色在各自圈子里的遭遇；一部分又是过度的出乎意料和夸张，比如小混混段落和卧底。总的来说还是疯癫喜剧。有很多闪光点：两人对戏，第一次过夜后等，是值得学习的地方,3,还行,0,0.9998596860838165
"
                    2018-08-11 09:10:35
                ",小方方爱小兰兰,周星驰的电影逗好搞笑，张柏芝在这里面真的好好看啊，经典。,5,力荐,4,0.9919940735607596
"
                    2013-06-18 14:04:09
                ",猫苦艾。,"——你这个死跑龙套的。
——其实我是个演员。
多次泪崩的时候脑子中都是这句话。",5,力荐,1,0.9942431537486911
"
                    2019-12-14 11:20:15
                ",初音求道大帝,9.3分，其实在周星驰进入豆瓣top250的五部电影《大圣娶亲》《喜剧之王》《月光宝盒》《唐伯虎点秋香》《功夫》里，《功夫》《月光宝盒》《唐伯虎点秋香》我是不服的，我只服《大圣娶亲》与《喜剧之王》。好的喜剧其实更能让人看的心酸。周星驰的《少林足球》《长江七号》这些电影给我的感觉只是在装苦装穷人，但《喜剧之王》却给我感觉很真实，或许电影中有周星驰的真实经历吧。,5,力荐,2,1.0
"
                    2012-01-05 08:02:43
                ",Joyce,喜剧之王，含义应该是悲剧之王吧。 周星驰虔诚的眼神是他的电影里最大的笑料，不论他演正角，反角，追求正义还是金钱，他都不放弃这虔诚的眼神，他用心理解这个世界，追求他认为正确的东西。,5,力荐,3,0.9999999992891835
"
                    2017-02-12 00:47:35
                ",暴富的女孩是我,你养我吗。,4,推荐,5,0.5
"
                    2010-04-12 10:41:34
                ",Cynical,"十年前看这片的时候没什么感觉`觉得还没有以前的好.可是现在回头又看了一次.感觉完全不一样了,尤其是那句我养你让我感动了很久...这是星爷所有电影中最好的..其实这部电影也可以看做星爷前半身的自传..非常好.顶起",4,推荐,0,0.9999896533384774
"
                    2018-03-31 22:39:33
                ",尽人事，听天命,“我养你啊”好感动的一句话。张柏芝年轻的时候确实很美,4,推荐,5,0.9998766282565317
"
                    2017-03-26 09:21:57
                ",别人老公,都他妈是回忆,4,推荐,9,0.8873068827628188
"
                    2017-04-02 16:44:36
                ",冰山,原来星爷创作力最巅峰时期的作品是这样的！张柏芝作为新人，表现力真好！,5,力荐,6,0.9993773154098754
"
                    2018-04-01 12:43:08
                ",小晗要当锦鲤,"尹天仇：“喂……！”
柳飘飘:“又怎么了？”
尹天仇:“我养你啊！”
🤗
……  ",4,推荐,38,0.9121414883447871
"
                    2010-06-08 13:36:56
                ",野草,好久以前……20100608标记//前几天看完新喜剧之王今天把这部翻出来，竟然已经标记过了，还是豆瓣250？然后一点没有印象的看了一遍，嗯。我觉得有趣的是“嗯。哦。还看我还是先走了。”其他无感。20190214 with js,3,还行,0,0.9984119190274071
"
                    2009-04-17 11:33:03
                ",鱼丸粗面,每年都重看一次，分分钟都动人，感慨万千。尹天仇这个角色，和周星驰本人一样复杂。,5,力荐,1,0.9098094211768666
"
                    2012-10-24 16:12:16
                ",皮皮的皮神,初中喜欢看的《读者》有篇文章里提到这句台词：“其实，我是一个演员”，这是我对星爷头一次有了荧幕之外的印象。后来成为星爷忠实粉丝之后，不得不感慨，星爷这一路走得很艰辛也很精彩----永远的喜剧之王。,5,力荐,3,0.9999999999399038
"
                    2018-10-16 02:17:35
                ",爱的镇魂歌,只有亲身从龙套爬上来的人才能有这般真切的体悟。遗憾点是尾声处理的不好，突然被派去当卧底而且还慌神演砸了，与全片的主题和风格不搭...。,4,推荐,1,0.8871598192244552
"
                    2016-02-09 22:01:31
                ",流光溢彩`,看来看去，周星驰最好的还是这一部！经典就是经典，经得起细品，尹天仇的经典告白、柳飘飘的泣不成声、跳舞与陪酒的平行剪辑，那种苦难日子里爱情给予我们的相互慰藉，把握的太到位了！很难不为之动容！张柏芝最动人的两幕是刚出场和坐窗边。可惜结尾卧底还杀了三个人什么的有点扯了，不过不影响整体质量。喜剧之王或许有很多，但周星驰永远就这一个。说是半自传性质的片子，可他却至今都未再见他的柳飘飘。,5,力荐,0,0.9999999999999976
"
                    2009-06-13 22:02:22
                ",泥鳅鳅,柏芝的初期之作。MS是讲周星驰自己的故事，跑龙套的小演员。有空还想翻来再看一遍。,4,推荐,0,0.9998292550612239
"
                    2010-09-06 22:50:40
                ",stknight,周星驰从个人经历出发，在本片中讲述了一个龙套演员的事业和感情生活，以小人物之卑微道出摸爬滚打的辛酸路，搬出草根阶级的爱情故事，同时也不忘对高高在上者进行讽刺和揶揄。本片延续了星爷的夸张喜剧风格，展现的却是让人笑中带泪的悲喜剧，是融入个人奋斗史的一部真诚之作,4,推荐,3,1.0
"
                    2017-03-10 15:09:30
                ",叫她孙女凯拉走,这其实是周星驰为自己拍的电影吧。笑中带泪，尹天仇和柳飘飘的开始很现实，结局却又很童话，不能实现的就在电影里实现吧。,5,力荐,25,0.9999983389034016
"
                    2017-01-14 22:55:49
                ",WINJENT,"""喂！"" ""干什么？"" ""走了？"" ""是啊。"" ""去哪里啊？"" ""回家。"" ""然后呢？"" ""上班喽！"" ""不上班行不行？"" ""不上班你养我啊？"" ""喂！"" ""又怎么了？"" ""我养你啊！"" ""你先养好你自己吧，傻瓜！""",4,推荐,2,0.04757318366249952
"
                    2017-06-03 22:03:15
                ",美神经,即使打的喜剧的片名，但是，用心看了的人，都不会肤浅地认为是喜剧。嗯，表白美美的张柏芝～,4,推荐,3,0.9772522938326268
"
                    2017-06-12 23:09:37
                ",梦魇,考试之前可以看看放松,3,还行,5,0.9659394056574396
"
                    2017-03-27 01:57:50
                ",Sunshine娜,这是一部个人色彩浓厚的电影，整部影片就是为了告诉大家我是个演员而不是个喜剧演员，而且有点自述的意思。,4,推荐,5,0.9999595259132805
"
                    2010-03-04 15:05:48
                ",yukainju,"依稀记得在我的小房间~
晚上透着看电视盒电影~
这个电影就是其中之一~",4,推荐,0,0.90558691787109
"
                    2016-11-07 10:37:44
                ",你爹语重心长,这部电影再往后，周星驰电影的笑点和泪点好像就再也融合不到一起了。,5,力荐,20,0.9439827050104925
"
                    2011-10-22 12:21:44
                ",楚子宙,这部电影被我列入了华语电影有史以来的前十名，排了第4。虽然看起来挺粗糙比如排练《雷雨》的戏码，比如小混混们殴斗、聊天的场景。但太多深刻细腻的表演和镜头，使本片彪炳史册，为电影史树立了巨大的标杆和楷模。开头的面对大海的自我激励、男女主的深夜海滩漫步、送外卖时背不出菜单的那个360度环绕镜头、面试时表演各种表情、被解雇时抓着剧本死死不放手、还有那个经典的“我养你啊”，都让人无比难忘，百看不厌。每次回看这部电影，都会对周先生心存巨大感激。同时感谢这个世界，能有电影这种艺术，能有像周星驰这样的大师，每每在人绝望的时候，让人心存慰藉，心怀感恩，一觉醒来，继续阔步前行。10分。,5,力荐,2,1.0
"
                    2022-04-27 00:06:43
                ",小叶子,我觉得电影并不配进入二百五。一些恶俗的情节我很讨厌，然后剧本也写的不算是很好。张柏芝青春时代真的是很美，演技也非常好。周星驰扮演的角色，小人物的艰辛，总被欺负，在艰辛中坚持自己的梦想的精神，值得赞叹。,3,还行,2,0.999999999996493
"
                    2011-03-03 16:15:31
                ",hyskoa99,和周星驰的其他无厘头喜剧相比，本片在更加无厘头的同时，又注入了一种情怀,4,推荐,0,0.9990224199971034
"
                    2008-02-18 03:50:53
                ",神游少年欣小欣,"很早看过了..现在记得不清了..
不敢给太高分.有机会一定重新看过后再评分..",3,还行,0,0.458375673657651
"
                    2018-03-28 12:25:56
                ",柠檬不及WO心酸,星爷电影很多都是搞笑的，觉得能让人呛死。,3,还行,5,0.2866571399874601
"
                    2010-03-20 12:16:50
                ",容貌见附件,周星驰最好的电影，小人物的真实写照，除了不时出现的典型星爷无厘头搞笑外，弥漫全片的是一种悲情气氛,5,力荐,0,0.999610738832869
"
                    2022-08-14 08:44:26
                ",m89,目前好像只有翡翠台的高清源，记忆中貌似删减了弹鸡鸡的段落，不一定准确。百看不厌，周星驰最伟大的作品，完美诠释了什么叫“最好的喜剧是悲剧”。这是一个演员的自我修养，不妥协，不放弃，尊重自己的职业，百折不挠，勇往直前。这是一出纯真的成人童话，就像当年出淤泥而不染的张琶芝，如梦一般惊艳。当然基于贺岁片考量硬加上的卧底枪战戏算是唯一的妥协。,5,力荐,0,0.9999999999994651
"
                    2006-07-12 23:41:34
                ",隐忍黄药师,本片是对星爷未成名前所经历的艰辛生活的真实写照，　何况也是张柏芝靠星爷提携的电影处子作，　不容错过．,5,力荐,0,0.9999907561462715
"
                    2009-04-30 20:08:17
                ",琉璃氏约尔凡格,2009-04-30 我以前最喜欢的电影之一！星爷的“努力！奋斗！”一直激励着我。,5,力荐,0,0.9983273544152651
"
                    2008-10-05 19:01:20
                ",xiphosura,最近真的下载下来从头到尾看了一遍，感觉有点类似各种桥段的拼凑，各种意像的叠加，尤其是越到片尾这种现象越为严重,3,还行,1,0.7354094909981402
"
                    2019-02-06 20:50:49
                ",橙子换马甲,为了明天去看新喜剧之王重刷了一遍，有点放心了，这个老版也不怎么好看嘛。。他导演的我最喜欢的大概是功夫，不知道要不要重刷一下食神。。他主演的我最喜欢的大概是回魂夜，那里面的星星×莫文蔚是我最爱的CP之一了。。当然应该至少还有一半我没看过。。（等一下明天的电影票还没买,4,推荐,0,0.9993764334534687
"
                    2015-05-18 13:12:03
                ",熊大茸,兜兜转转，小人物总还是小人物，但努力生活的小人物，自有其可爱之处。p.s.音乐总是想起得很是时宜。,5,力荐,2,0.9936732657057834
"
                    2017-09-30 15:11:23
                ",关耳,喜剧之王是我心目中星爷电影的巅峰。那种笑中带泪的辛酸，每次再看都有不同的体验。周星驰的电影基本都看过，比较喜欢的有国产007，喜剧之王和功夫，喜剧之王是拍的最棒的，没有之一。,5,力荐,3,0.9999999891765666
"
                    2018-10-08 05:34:04
                ",Tiotoy,"

：飘飘。 
：干什么？天都黑了，电话也没打来。要不要做你的饭啊？
：我刚才…… 
：你怎么穿成这样，不是演主角吗？我不管你做主角也好，跑龙套也好，你都要养我一辈子。来，试试看，合不合适。哇，红色的，是唇膏印，你去鬼混？ 这次我就给你条生路，再有下次我就不给你饭吃…… 怎么？不服气啊？打我啊？！",5,力荐,2,0.7710448580550906
"
                    2019-04-01 22:41:50
                ",午后Ice Tea,你养我啊，非常经典了～ 融合了戏谑和自嘲，心酸中带着坎坷,4,推荐,1,0.9999775315587156
"
                    2017-05-01 06:55:28
                ",透明的橘子,同一部电影，儿时看是笑话，长大后看是人生。,4,推荐,3,0.9987699958077091
"
                    2021-10-15 08:25:50
                ",迪斯尼的喉舌,"有人说后面的像是拼接的，但我倒觉得后面更像是前面主角的一场梦。现实中，多少“死跑龙套的”能被主角明星们一眼青睐，又有多少能被警方抓去参与一场“激烈的枪战戏”。达叔上一刻瞧不起这个小演员，下一刻怎么又认定他是“专业演员了”呢？多少普通演员和群演在日复一日的充当背景板，混口“便当”，最终沉没下去，无人识得。毕竟，如同蜂巢一样，演艺圈拍电影但不是电影，没有那么多人能够以小搏大，成功逆袭，从出道伊始，阶级就已经明确划分出来了。
主角多次想要的“便当”，甚至像命一样护着它。因为这不只是一顿饭，也是对他的演艺，付出的肯定，对他作为一个“演员”的身份的肯定。",5,力荐,5,0.9999999999997518
"
                    2017-02-15 14:55:25
                ",ᥫ᭡້໌,星爷早期的作品真的有泪有笑，张柏芝那个时候真的美。,4,推荐,6,0.9992525083445419
"
                    2017-09-26 21:59:35
                ",修门叫我来巡山,"张柏芝真的好美~~~感动哭，哪去找愿意说出""我养你啊""这样话的人",5,力荐,5,0.9984937506942136
"
                    2016-12-31 23:44:20
                ",丑嘴唇,25岁看《喜剧之王》和19岁看《艾德伍德》心境是不一样的,1,很差,1,0.9867590121489687
"
                    2018-08-23 17:54:08
                ",尚好,再见，我真的不适合看周星驰。通篇只让我觉得恶寒无聊。,1,很差,9,0.515875453361168
"
                    2006-10-21 16:04:27
                ",cathycat,不像周星驰以前的电影那么搞笑了！应该说是电影想讲一个深刻的道理同时又想搞笑，但这部电影达不到这个愿望。,5,力荐,3,0.9906694832992815
"
                    2022-06-30 18:20:51
                ",思详者悟心生,"真实的龙套演员生涯故事，虽然影片结尾被强行塞进一个广告作为结尾，但依旧是一部好电影。

作为卧底差点被打死的结局是因为钱不够的无奈之举，如果原本的参加比赛结局拍出来，将会是新的高度，可惜没机会了，虽然新版有圆了这个梦，但新版整部电影都是因为对赌协议临时拍出来的作品。

影片里的小人物，龙套演员伊天仇和被母亲当作赚钱工具的舞女柳飘飘，两人在影片里的感情真心，为了事业就会失去爱情，为了弥补现实的遗憾，电影里的伊天仇在面对杜娟时，依旧对柳飘飘做出了回应。

影片虽然没有拍出雷雨参加比赛，但卧底枪战也能看作一场真实的表演，一位演员面对真枪实弹时的表现，看见有人被打死时的恐惧感，最后的手枪当步枪反杀也是采用了一贯的无厘头，不管这场戏是真是假，最后一段与柳飘飘的对话才是主题。

不管主角还是龙套，他都一直爱着她",4,推荐,2,1.0
"
                    2010-11-09 21:56:20
                ",###疼,尹天仇：不管你看得起看不起我，我都是一个演员。 辛酸的人生,4,推荐,0,0.9991735316216306
"
                    2017-04-21 18:35:02
                ",肖浑,重看，“我养你啊”那儿看哭了，本来想改五星，可到结尾还是不能忍，太草率了。,4,推荐,5,0.8574272217832376
