time,uname,comment,star,title,support,sentiment_score
"
                    2007-02-06 13:40:44
                ",掀桌超人｜2U4U,总有一些人以为自己是鸟。,5,力荐,4503,0.6235408399784214
"
                    2011-07-28 22:54:20
                ",一只麦麦,杜琪峰曾说，王家卫实际上只拍了这一部电影：后来影片中的人物都能在其中找到原型，而主题永远是人与人之间的沟通——疏离与亲近，拒绝与接纳，追求与失落，忘却与铭记，逃离故土与寻找自由。,4,推荐,9333,0.9999999971595068
"
                    2008-11-07 15:24:13
                ",恶魔的步调,梁朝伟在阿飞正传中的登场令人匪夷所思.这也使得王家卫超越了一般的闷骚.（180630影院国语）,5,力荐,3277,0.8416096814349082
"
                    2011-06-05 13:06:37
                ",安蓝·怪伯爵𓆝𓆟𓆜,物是人非，你是否还记得那一秒，你到底最爱哪一个。刘德华在张国荣面前暗淡无光。,4,推荐,4680,0.9926501813269999
"
                    2013-07-16 14:11:43
                ",小师妹,像旭仔这种男人大概没有女人会不爱吧 每一个都以为自己能够改变他 其实都是做梦,5,力荐,2855,0.9819706421651202
"
                    2009-11-24 23:29:42
                ",泥人。,这座城市的雨水真是绵长啊，显得所有情意都变得稀薄。,5,力荐,2650,0.9481729216327092
"
                    2007-06-24 10:31:16
                ",战国客,虽然看不太懂，但片中张国荣实在太让人着迷了~~,4,推荐,2727,0.09627587618753575
"
                    2009-09-24 20:00:58
                ",刘小黛,一九六零年四月十六号下午三点之前的一分钟你和我在一起，因为你我会记住这一分钟。从现在开始我们就是一分钟的朋友，这是事实，你改变不了，因为已经过去了。我明天会再来。 　　 我不知道他有没有因为我而记住那一分钟，但我一直都记住这个人。,4,推荐,2120,0.011135919566735542
"
                    2009-12-11 15:20:23
                ",Ridden,“我听别人说这世界上有一种鸟是没有脚的，它只能够一直的飞呀飞呀，飞累了就在风里面睡觉，这种鸟一辈子只能下地一次，那一次就是它死的时候。”  “以前我以为有一种鸟从一开始飞就可以飞到死的一天才落地，其实他什么地方都没有去过，这只鸟从一开始就已经死了。” ,5,力荐,2102,0.9996707975705095
"
                    2014-05-11 11:49:54
                ",米粒,好湿的电影！比花样年华更湿。。。有些人就是没有根的，任谁都无法把他留下。本来有续集所以梁朝伟最后出现了一下，可惜影片因为拍了太多用了太少严重超支把制片人气到进了医院所以续集胎死腹中了 = =,5,力荐,1482,0.9902027825676817
"
                    2011-07-09 10:16:20
                ",诸葛若见,"我听别人说这世界上有一种帆布鞋是不能洗的，它只能够一直的走呀走呀， 走累了就在风里面睡觉，这种鞋一辈子只能下水一次，那一次就是它死的时候。
——《匡威正传》",5,力荐,1382,0.12770533857762256
"
                    2010-10-24 03:01:01
                ",樹一,我只想知道最后在小阁楼里露脸的梁朝伟代表着什么,4,推荐,2013,0.3507712388026888
"
                    2011-05-22 22:08:06
                ",陌聆,你 风华绝代,4,推荐,1032,0.5
"
                    2016-12-01 14:23:12
                ",张苑希,阿飞爱苏丽珍吗？亦或是爱梁凤英吗？不，都不是，他最爱的只有他自己。他就是那只无脚鸟，终其一生都在飞翔，苏与梁不过是人生旅程中一个短暂的停靠点，停靠之后，继续前行，直到孤独死去的最后一刻。,4,推荐,488,0.9999999999858653
"
                    2016-07-25 17:24:03
                ",冰红深蓝,王家卫确立风格之作，或者说他拍的始终是同一部电影。难以长久的爱情、对自我身份的求索及都市人的困惑疏离。部分镜头极易联想起[重庆森林][花样年华]。大量运用镜像的修辞策略和开放式构图，氤氲于光影中的迷离气格，文艺台词。| 无脚鸟致敬戈达尔[法外之徒] | 1960.4.16.15:00前的1分钟。（8.0/10）,4,推荐,350,0.999999999949506
"
                    2009-03-12 21:58:04
                ",原来是西门大嫂,结尾梁朝伟是作者还是又一个阿飞呢,4,推荐,327,0.9692758569957132
"
                    2016-06-19 05:20:26
                ",汪金卫,【上海电影节展映】胶片版。资料馆王家卫展的缺憾终于在上海补完。风格很张国荣，很杜可风，也很王家卫。把一个渣男的故事拍得如此动人好看，也是厉害。几个斯坦尼康长镜头以及梁朝伟镜头非常出色，大银幕看简直晕眩迷人。台词金句频出，流传于世，至今听来都动人心弦,4,推荐,289,0.9998972437505945
"
                    2018-06-27 15:48:26
                ",亵渎电影,电影院里的音响很刺耳，那时候这帮演员都很年轻，王家卫后来只拍了一部电影，都是技巧更加娴熟的这部电影。,4,推荐,199,0.9977481786088099
"
                    2013-01-17 23:35:09
                ",科林,他最终还是没能飞起来；她最终还是忘却了；他最终还是没能接到电话；她最终还是割舍不断；他最终还是卖掉了车；她最终还是去了美国；他最终还是踏上了2046；他们 最终 还是……,3,还行,1396,0.10939129359410571
"
                    2006-01-18 18:32:44
                ",Connie,Being Wild的阿飞旭仔，背影也是戏，发梢也是戏。,5,力荐,1371,0.9875624187689069
"
                    2018-07-07 03:24:08
                ",胤祥,啊王家卫第二部片就堪称代表作了，啊原来[花样年华]是续集，啊原来[东邪西毒]的叙事原型在这儿，啊王家卫真是把男女爱情琢磨透了，啊91年金马奖简直是炸裂般的存在，啊艺联全国发行真是件好事儿。,4,推荐,151,0.9999482655435639
"
                    2005-12-28 08:48:48
                ",bookbug,一群人的经典,5,力荐,671,0.7841266674193609
"
                    2010-02-11 00:13:00
                ",焦瑷,故事不是关键，弥漫的氛围完胜。,4,推荐,199,0.7175694989164986
"
                    2012-01-06 23:33:47
                ",南笙,每次在镜子面前跳舞的时候，我都觉得自己是张国荣,5,力荐,616,0.835369373776208
"
                    2016-10-31 21:42:16
                ",吃瓜的咪兔,王家卫的电影里面最喜欢的就是阿飞正传了，阿飞里面最喜欢的片段就是旭仔打完那个拿他养母项链的男人之后对镜梳头发的镜头，张国荣真是把旭仔的嚣张自大演绝了，连发梢都是戏，这部电影真的是看多少次都看不腻。,5,力荐,593,0.9999949954748931
"
                    2014-12-24 20:14:24
                ",烈焰红唇龙,王氏演技速成班，刘德华老是留级。,5,力荐,324,0.9376773805389867
"
                    2006-02-10 19:44:32
                ",nadja,愣头青假装小资青年,3,还行,805,0.2590400270621621
"
                    2005-12-13 23:15:26
                ",missfaye,这一秒属于你和我。,4,推荐,247,0.6818181818181815
"
                    2006-01-29 23:28:57
                ",S.Dummy,从现在起，我们是一分钟的朋友,5,力荐,355,0.5000903156988308
"
                    2016-04-09 06:48:20
                ",微風,张国荣的风华非笔墨可以描绘,5,力荐,315,0.9454860896321394
"
                    2017-05-11 13:01:00
                ",新桥妖妖,因为苏丽珍，旭仔记住了一辈子里的一分钟。因为那一分钟，苏丽珍决定要忘记一个人。,4,推荐,156,0.6600489425917194
"
                    2005-12-03 22:04:37
                ",苏比,浓郁的怀旧和王家卫风格。,5,力荐,256,0.6892841611941336
"
                    2011-09-10 19:34:44
                ",握不住的灵魂,让我再看你一眼，星空与黑夜,4,推荐,142,0.7521817696089929
"
                    2018-06-25 21:21:06
                ",风间隼,墨镜王肥皂剧第一集，多年后重温，已经绿成渣的画质反而像热带暴雨后的残枝断叶，洇出另一番人生况味。那是他们的青春，也是我们的。但今时今日的中国电影休想拍出那一份漂泊和疏离，我们这个时代只配有林超贤和贾樟柯。,4,推荐,88,0.9999999996794502
"
                    2008-12-19 16:41:55
                ",momo,要记得的永远都会记得。当我开始想体会他音容笑貌的时候。他已经死了。,5,力荐,219,0.9705621437254981
"
                    2018-06-28 13:35:46
                ",坦克手贝吉塔,梁朝伟的最后一段镜头是非常文学化的。演员们都太出色了，尤其张国荣，黄金时刻。,4,推荐,79,0.9898247183286176
"
                    2017-04-02 13:06:18
                ",西楼尘,他清楚南洋寻不回母亲，她晓得再没有一分钟的初心，他明白舍弃全部家当也取代不了那个位置，她知道即使离开也不会挽留，他悉知彳亍多久都等不到回音。这世间来来往往的痴男怨女，分明看得清情爱里的真心假意，却偏要做那扑火的飞蛾、下凡的神鸟。在爱火里燃烧一次，在宿命的土地上落脚，死无葬身之地。,3,还行,684,0.999906787853539
"
                    2018-07-18 15:35:35
                ",根,能够做这无脚鸟翼下的一片风也是很好的了,4,推荐,79,0.41034602486823923
"
                    2010-08-12 13:13:57
                ",晚晚,重温一次 还是好啊,5,力荐,165,0.947362016677735
"
                    2013-06-17 14:27:06
                ",欢乐分裂,SIFF@国泰；作为观影启蒙，此片一直停留在最美好的印象里，重看也不过如此，时代和个人主观的原因；看王家卫，若追究情节，实在毫无意义，批评此片情感纠葛的，到底不懂他，质疑最后梁朝伟出场的，到底不是真爱粉；那么多雨夜场景，那么多灵动音符，难道不是南美热带气息的预告么？,4,推荐,71,0.9824410469389653
"
                    2012-08-18 13:59:54
                ",朝暮雪,王家卫最重要的作品之一，之后的《重庆森林》《春光乍泄》《东邪西毒》《花样年华》《2046》《一代宗师》都能看到《阿飞正传》的影子。,5,力荐,100,0.9999986992637749
"
                    2016-07-27 20:30:38
                ",红豆♥,对苏丽珍感同身受，就是太要面子了。明明就是自己离不开别人，又不承认，放不下身段，又要不到他的好，只能恨自己。要像咪咪那样耍泼直接，伤心了就哭，嫉妒了就发狂，不是舒服得多。,5,力荐,143,0.7483127514734083
"
                    2008-08-19 01:07:37
                ",小耳朵图吗,众多大牌呢。。。你看看都有谁。,4,推荐,50,0.9335668593834853
"
                    2018-04-22 18:39:01
                ",影志,"张：世界上有一种鸟的故事，你听过没有？
刘：听过啊，没有脚嘛，都是拿来哄女人和骗小孩的…",3,还行,244,0.9478376261229995
"
                    2018-03-09 23:27:38
                ",波波维奇,无脚鸟一直在寻找他的精神家园，可惜一直未能找到，死亡是他必然的结局。,4,推荐,65,0.999896063679991
"
                    2012-02-08 16:58:32
                ",把噗,又一部不是一级棒的华语电影。镜头，光影，音乐的运用上无比成熟。张国荣真是无敌了，他的粗暴张狂与梁朝伟的深沉内敛恰是两个鲜明的对比（不是讲这部电影）。恋爱中的男女与《浮云》一脉相承。最后梁朝伟的登场绝对让这电影更上一层，不是可有可无的。,4,推荐,83,0.9999999064969124
"
                    2018-06-27 22:42:38
                ",远子,其实这个故事挺刻意的，尤其是菲律宾那段。不过在90年的香港，拍这样的电影还是很需要勇气的……关键是，音乐声一起全都是回忆啊。我第一次看这片是在县城舅舅家开的小餐馆里（旁边是一家VCD碟店），那年我16岁，看完还跑去跟班上女生讲无脚鸟的故事……可惜啊，长得不帅说啥也没用。,5,力荐,100,0.999882553987632
"
                    2012-04-01 18:59:11
                ",林探惜,如果你有机会再见到她，帮我告诉她，我什么也不记得了。这样，对大家都好些。,5,力荐,120,0.9659031265185359
"
                    2018-06-29 12:50:44
                ",邓安庆,在电影院看，实在太幸福了。真是无一不好，每一个镜头都喜欢，每一个演员都很好。,5,力荐,93,0.9912078238501723
"
                    2017-04-08 17:41:52
                ",猫大状,里面的女人都是张国荣的备胎，里面的男人都是张国荣备胎的备胎。#最后一幕的梁朝伟真是帅啊#,4,推荐,74,0.25682305944910966
"
                    2017-09-16 09:43:22
                ",ZWW,无脚鸟在落地的那一刻也还是不知道他最中意的是哪个,4,推荐,62,0.7748425703199608
"
                    2018-06-28 22:54:59
                ",btr,湿漉漉、热烘烘、笃悠悠的电影。到结尾，还是无脚鸟最深情。,4,推荐,40,0.9802877731001247
"
                    2013-01-17 12:20:44
                ",韩伯愚,王家卫以别具一格的摄影和简练直白的台词，形成了自己独特的文艺气质，勾画了一幅充满着孤独和凄苦的人间画像。人都是这样，浸在自己的一滩苦水中，爱情的、报复的、叛逆的，而宁愿溺死也都不愿意抬起头来呼吸，直到像无脚的鸟一样触地。有道是世间万苦人最苦，犹不悔九死落尘埃。,4,推荐,67,0.9999999999950273
"
                    2007-11-28 15:38:13
                ",ζωήιδ,戏内戏外的牵强附会：张曼玉的内敛矜持，刘嘉玲的敢爱敢恨，后来果然还是刘赢了人。张国荣对刘德华说会有机会看我飞的，到时候你可不要自卑哦。张学友的角色同刘嘉玲一样痴心一片抛去自尊死乞白赖死缠烂打，只可惜“命里无时莫强求”,4,推荐,45,0.9999997270107789
"
                    2018-06-27 21:51:20
                ",尉迟上九,张国荣真是个不可多得的魅力型演员，大银幕重温很享受，特写不得了，即便巨星云集，也压不住他身上的光芒。梅艳芳唱完《是这样的》大家才起身离开。无脚鸟的迷途与传说，男欢女爱互相辜负，不如赌博一场痛快。望以后少放点不堪入目的烂片，多放点经典耐看的老片，也许我进影院的次数能取得突破性进展。,4,推荐,59,0.9999999851639609
"
                    2006-03-27 17:03:27
                ",薇羅尼卡,我是一只无脚的鸟，等到落地的那天，就是我的死期。,5,力荐,152,0.9389357753893279
"
                    2017-12-22 22:00:51
                ",寒枝雀静,B /  今年最后一部。目前相对不喜欢的一部墨镜。对“无根”状态的刻画被限制在了相对狭隘的格局里，放不开。/  二刷依然不是很喜欢也究不清不喜的点在哪。或许是本应通过情绪漫漶产生隔离感的故事被过分清晰的叙事越俎代庖而真的产生了隔膜，又或许是多人物的交错以及略显刻意的爱情时空结构让人难以深入某一人物的情绪中。影像值得逐个镜头细品，文本也有广阔的空间解读，但却没有那种感性的沉迷与被操纵的冲动。到今天才意识到那几个雨林的镜头似乎正是在模拟那种“无脚鸟”的主观视角，作用类似于cmbyn中旅行时行进于山路中的颠簸镜头。,4,推荐,24,1.0
"
                    2017-04-22 21:19:38
                ",请保持高冷,王家卫的经典之最，每个演员都特别牛，表白哥哥,5,力荐,61,0.999096873442689
"
                    2014-01-15 20:45:04
                ",韧勉,说实话，王家卫的片子都看不太懂，但是群星飙戏的确是挺难得的！,4,推荐,32,0.965835599613531
"
                    2010-12-04 09:36:51
                ",Bill,总算对刘嘉玲看顺眼了一次。,5,力荐,76,0.20749879683803574
"
                    2018-07-01 04:06:26
                ",掉线,【A】银幕重看，因为阅历增长，体悟比五年前多出太多。漫不经心的浪子对女人总有莫大吸引力，而女人对浪子又只是填补空虚的消耗品。阿飞是个找不到“根”的人，他对归属的执念，造就了他疏离又渴望爱的矛盾性格。他自知不可救药，却不知人生本就虚无，永无法消解的痛苦，最终令其走向毁灭。,5,力荐,48,0.9999999999884228
"
                    2008-06-08 19:31:18
                ",张小北,20180629内地公映版观影。,5,力荐,56,0.9560486548421291
"
                    2016-12-19 00:01:53
                ",momo,给五星是因为某人的执念...对那个时代的香港不了解，也不太理解导演要表达的内容，但看出了主演的演技。张国荣举手投足间都是戏，眼睛会说话。众多实力派的加盟，经典！,5,力荐,126,0.9986837270006308
"
                    2010-07-25 03:07:42
                ",有心打扰,“我听别人说这世界上有一种鸟是没有脚的，它只能够一直的飞呀飞呀，飞累了就在风里面睡觉，这种鸟一辈子只能下地一次，那一次就是它死的时候。” “以前我以为有一种鸟从一开始飞就可以飞到死的一天才落地，其实他什么地方都没有去过，这只鸟从一开始就已经死了。”,4,推荐,20,0.9996707975705095
"
                    2018-07-23 21:22:33
                ",Alain,有的电影只能早看，或者永远间接存在于别人的转述当中，这一部便是，我已经过了能欣赏这种台词的阶段，只觉得做作，连同张国荣扮演的尬撩直男，都令我难以喜欢，当然张曼玉还是楚楚动人。,3,还行,101,0.9999999775857406
"
                    2017-05-02 10:10:48
                ",bornfreeyolo,王家卫是一种风格，张国荣是一个代表。,4,推荐,58,0.6911785433846943
"
                    2016-11-19 21:55:28
                ",yocofcjx28,无足鸟。。。哥哥的经典角色！！！最后阿飞还是没有见到自己的母亲，最后阿飞在火车上闭上了眼睛！泪目！！！想哥哥了！！！,5,力荐,58,0.9999639668393022
"
                    2022-04-02 22:04:03
                ",熊阿姨,幸好小时候没有看这部片子。此时只觉得整部片子都在讲香港，无脚鸟，南洋弃子，跑船人，一闪而过的普通话，最后头势分得清爽的陋屋赌徒……总是在一片湿漉漉的雨中，没有来处，也不知道去哪里，职业、关系、财产都是临时的，阿飞的寻根永远是个借口，他注定找不到母亲。,5,力荐,36,0.9999927291616537
"
                    2018-03-17 14:56:20
                ",巴伐利亞酒神,热带丛林中的那一列火车，一出生便死去的无脚鸟。90年代的一张张脸，有的已经模糊，有的仍旧不老。,4,推荐,21,0.9441882240521476
"
                    2018-04-21 10:43:11
                ",一起吃地瓜,王家卫最好的作品，给五星是执念，但片子里每个演员都很好。,5,力荐,33,0.997639760511837
"
                    2020-03-19 14:02:13
                ",连城易脆,王家卫的第2部长片，也是第1次和杜可风合作，自此奠定了他极具风格化的基础。对于墨镜王的褒奖我在其他电影短评中已非常充分得表达了，这里反而强调一下他的自我重复，后续几乎每一部作品都能找到阿飞正传的影子。《花样年华》算本片的续集，《东邪西毒》可在这里找到叙事原型，拢共十来部电影，演员重复，故事重复，台词重复，叙事方式重复，摄影风格重复，表达的主题更是重复重复再重复。王家卫的电影几乎可以用一个公式概括了【(张国荣梁朝伟金城武+林青霞张曼玉刘嘉玲+旁白金句+香烟)×(前景遮挡掉帧处理紧密构图超低照度+湿漉漉汗津津的天气+爱情)=王家卫式的无尽孤独与忧郁】就像李荣浩的歌曲一样感觉都差不多，不同作品简直可以无缝衔接，毫无违和感，用杰伦一首歌名形容就是《同一种调调》，王家卫亦如是，然而如此极致却又如此精致！令人赞叹！,3,还行,57,1.0
"
                    2012-10-07 22:41:43
                ",是Queen妮呀,无根的归处,4,推荐,18,0.31068821111958644
"
                    2013-04-04 15:02:02
                ",小川叔,请给我说！我没看懂的权力！因为没懂所以来看别人的影评，看了五篇真心拜倒再各种文艺浓烈碎片等词汇里！最后我选择说我最直观的感受！我没看懂！觉得莫名奇妙，请给我这个权利！我只是不想不懂装懂！,1,很差,922,0.9283411751187542
"
                    2018-06-29 03:27:33
                ",朝阳区妻夫木聪,很多时候我觉得自己都是旭仔，只有面对你的时候我才觉得自己成了苏丽珍。,4,推荐,23,0.5852411361404175
"
                    2018-06-29 00:07:14
                ",艾晨,影院重看。上一次标注是2006-04-13。王家卫算是我看电影的入门之一，从前看阿飞，只看到旭仔的不羁和倔强。重看却觉得每个人都有所偏执，都是冷傲与卑微同行。,5,力荐,36,0.9814938080664294
"
                    2011-04-16 00:35:27
                ",豆瓣1160,喜欢张国荣，但本片实在太差了 几乎没有值得回味的地方,1,很差,367,0.6077254186221053
"
                    2017-05-28 19:32:47
                ",brennteiskalt,几乎个人物都在怀念过去，怀念那一分那一夜那一段放不下的情；只有落不了地的阿飞自己活在永远的现在时里。他扎在过去的根早就斩断，而他的寻根之旅却成为一切的终点。只有在王家卫的电影里才能看到这样富有感官性的华语角色，一颦一笑一梳头一根烟都富有表情，放在冰绿色的森林监牢里慢慢风干褪色。,5,力荐,33,0.9999999837295839
"
                    2016-04-22 21:05:56
                ",木偶,风华绝代的强大阵容，梁朝伟打酱油都那么有范,3,还行,89,0.9567304456867212
"
                    2021-08-14 13:05:28
                ",茈此䔮,2046年8月7号下午三点的某一分钟，我下楼买了包烟，碰巧遇到王家卫找我借火，我和他成为了一分钟的朋友。他可能不承认，因为他不中意我，不过没关系，因为那一分钟确实还没到来。,5,力荐,40,0.0689785517947562
"
                    2013-07-30 13:48:04
                ",浩子菌,"从2003年的4.1日那一天开始，我永远记得哥哥的一辈子。

从呢一分钟开始，我会永远记住，张国荣，你可能系我一分钟噶朋友，但肯定系我一辈子的偶像。",5,力荐,32,0.9706192938424303
"
                    2011-07-03 12:53:46
                ",饭夫斯基,我再不相信无根的浪荡，你失去什么便寻找什么。,3,还行,55,0.7639844368723824
"
                    2016-11-01 13:44:19
                ",股神看不懂,看着这部影片，看着哥哥青涩的面庞，看着他动情的演出，心中无限回想这哥哥的脸，看完电影静下心来，才发现，哥哥已经不在了,5,力荐,26,0.9999999996449047
"
                    2017-08-12 00:17:06
                ",seabisuit,有的老片演员表会按出场先后顺序而排，从上部的刘德华到这部的张国荣还有结尾为了续集惊艳亮相的梁朝伟，仿佛也奠定了王家卫电影宇宙的开篇和男演员的走势。影片中多次出现了表，加上杜可风的摄影张叔平的美术，都是在时间空间上定义了香港的孕育问题和那些求自我身份认同无根漂泊的男女情感关系。百老汇粤语二刷，资料馆又二刷，香港影展4K修复。,4,推荐,14,0.9999999999747966
"
                    2017-06-09 23:10:46
                ",杨大志°,王家卫是一种风格，张国荣是一种代表。,4,推荐,19,0.8570132612328877
"
                    2018-06-25 22:04:20
                ",TWY,“香港尚盧高達”，还是很喜欢这样一个完全绕着明星的魅力展开的简单的故事的，有着很令人动容的情感气息。,4,推荐,13,0.9999997343635112
"
                    2021-10-12 09:28:26
                ",少年纪念碑,我最喜欢的是刘德华在菲律宾出租屋里怼张国荣的那段儿：还鸟儿？你飞啊！飞一个我看看…你那几句话也就去骗骗女孩子还行。🤣,3,还行,34,0.988706108664651
"
                    2015-07-29 02:26:38
                ",陆钓雪de飘飘,因为王家卫而喜欢张国荣、梁朝伟、张曼玉，还是反过来？好的导演与演员是绝配的，连说他们互补都是对他们的降解，他们是分不开的。王家卫的文艺加爱情，不可避免得折服我，想起戈达尔，想起杜拉斯。,5,力荐,29,0.9999984648855824
"
                    2016-06-16 02:18:09
                ",林西拿,他真的很強。我覺得很厲害的一點，在於他能將視線引導、空間展示和運動軌跡天才地融為一體。幾乎是霸道地在用直覺創作每一場戲。,5,力荐,13,0.0010319716150785085
"
                    2017-04-05 22:26:54
                ",梦梦梦梦,好看，不错,4,推荐,12,0.9322527502022643
"
                    2018-04-21 10:26:22
                ",做一件事很难吗,张国荣的代表作品 凭借《阿飞正传》获得第10届香港电影金像奖最佳男主角奖。,4,推荐,23,0.9944617538830863
"
                    2018-04-15 01:09:09
                ",晚不安,北影节大银幕重温，王家卫风格确立之作，黄金时代的黄金阵容。年少时连故事都没有看懂，但却被画面、台词与情绪俘获。无论是一分钟的朋友还是无脚鸟，是张国荣跳舞还是梁朝伟梳头，男男女女在城市里相遇，拥抱或走开好像都没有因由。寂寞的烟雾无时无刻不笼罩着观众，外冷内热的疏离感永远萦绕在心头。,5,力荐,18,0.9999999978915455
"
                    2022-06-13 04:12:39
                ",九苍,也许总有这么一个时刻，反复看同一部电影次数太多以后，它的魅力就开始像人造皮革沙发一样某一天忽然表面开裂皮肤脱落。依然觉得影片的开场的引诱实在精彩；刘德华和张曼玉的部分是分寸感拿捏得最到位的一段关系，结尾球场售票处窗户关上后，电话亭的铃声响起也是思绪万千后的点睛一笔；谭家明在同一空间内时间跳跃式的剪辑产生了某种瞬间并行又永恒流逝的新浪潮诗意。但是，当潘迪华二次出现，墨镜开始有些费力地往影片中塞进超越人物关系的地缘关系表达后，整个片子开始下坠成近乎碎嘴唠叨甚至让人有些不耐烦地大段表意。挪步去到菲律宾后，甚至唯一的动人亮点就只有那个深夜敲刘德华房门的女孩。在大量暗示和隐含意味的背后，墨镜悄悄跨越了一条界限，过渡到了一个想来想去只能称之为“油腻”的情绪境界，并将此境界一直保持至今。,4,推荐,13,1.0
"
                    2010-09-30 03:40:07
                ",托尼·王大拿,"专属于王家卫的私密影像世界，所谓""只可意会不可言传""大抵指的就是这类电影。",5,力荐,22,0.9999785241669641
"
                    2017-03-30 11:10:51
                ",幕天席地,"以前我以为有一种鸟一开始飞就会， 飞到死亡的那一天才落地。 
其实它什么地方也没去过，那鸟一开始就已经死了。",5,力荐,25,0.9549474999048595
"
                    2018-07-12 18:50:53
                ",Vincent Lan,似乎确实过了迷恋王家卫的人生阶段了，这种爱得死去活来自我陶醉的片子，无论拍得多性感都有一种“高配版郭敬明”的蜜汁尴尬。,3,还行,19,0.9999999344830711
"
                    2010-10-06 20:24:52
                ",游牧人·芳汀,#20180630重看##电影院#阿飞就是张国荣！能够在影院里重映这样的电影才是影迷的福音，画质比去年修复的失业生好太多。终于能够一次集邮大屏幕上的张曼玉张学友刘德华刘嘉玲，警员和苏丽珍在潮湿幽绿的石板街道上来来回回的散步聊天，旭仔倔强不羁的眼神，露露的天真烂漫…构成六十年代暧昧迷离众生相,4,推荐,36,0.9999985004536209
"
                    2021-12-18 00:19:29
                ",思路乐,【A】被众多影迷朋友诟病的色盲修复版，在大银幕上效果却出乎意料。青与蓝皆为达成既定语境的视觉渠道，缥缈而虚幻的生存世界，又被无数音效细节填满。镜面与钟表为观众标定时空坐标，一些娴熟的室内对话调度也能看出空间感的构建，但王家卫仍然喜好跳切与虚焦，必须让观众在模糊中感知角色。于是情绪的表现不仅局限于台词和表演，在动作和景别的切换中也能被触碰，空境下的声音也成了记忆触发点。以面孔诉说，以背颈倾听，却又以幽魂视角代入观众，随后抽离。一段音乐出现，替观众划分章节幕间，人物带着迷局入场，伴随言语退场，流连忘返。,5,力荐,9,1.0
"
                    2012-02-21 07:44:37
                ",a little mark,浪子的故事一直在继续。喜欢这种属于王家卫的怀旧风，张国荣早晨在镜子面前跳舞那段最撩人。,4,推荐,34,0.9449123521101224
"
                    2007-12-04 22:43:58
                ",文泽尔,没有脚的鸟，没有根的人..而且，阿飞是一个轮回的悲剧,4,推荐,30,0.9372289972591772
"
                    2018-06-19 19:44:57
                ",凌小璐佩,一直不太喜欢刘嘉玲，但这部，她演的超赞,5,力荐,29,0.9112434530184689
