time,uname,comment,star,title,support,sentiment_score
"
                    2010-10-30 00:12:19
                ",malingcat,八公的主人，也在天堂的门口等了它很久吧。,5,力荐,10182,0.9730660936765967
"
                    2010-02-06 20:02:14
                ",汪拾叁,这真是漫长的一生啊，八公。,5,力荐,8049,0.9279264590605047
"
                    2010-02-14 23:07:02
                ",shu,Hachi就是爱一个人过一生了。,5,力荐,6748,0.9328738845569327
"
                    2010-02-28 00:51:04
                ",战国客,感动你们的是电影，还是故事本身？,3,还行,818,0.9889740864738541
"
                    2010-02-05 14:36:08
                ",farmyra,动物是我的死穴...从头哭到尾..,5,力荐,5306,0.7738716747442739
"
                    2010-02-06 13:48:18
                ",神迦乐小舞,这是我所看过的关于狗狗电影最感人的一部，我想它的成功之处就在于将重点正确放至在了对Hachi内心的刻画上，而没有像其他一些影片文不对题，偏偏喜欢渲染一些多余人物的情感，很显然，主题对了，观影者自然而然会买单。,5,力荐,4514,0.9999999726394758
"
                    2010-02-10 23:56:48
                ",影志,“永远都不能忘记你所爱的人” 狗尚如此，人何以堪？5星给动情的真实故事。,5,力荐,4069,0.9782995612876152
"
                    2010-02-17 02:49:17
                ",Y,“等有一天它会给你捡球的时候，一定有什么特殊的理由” 八公用这种方式来告别了他的主人....,5,力荐,3964,0.19830565994975513
"
                    2010-02-06 00:11:23
                ",玉米鸡蛋小笼包,纸巾抽到还剩最后一张,5,力荐,3022,0.0331326100556073
"
                    2010-02-07 01:55:37
                ",Kelly光。,"哭死啦...想去涉谷看看那尊雕像...by the way,那个帅老头我好喜欢...!!!",5,力荐,2992,0.8521765784913397
"
                    2010-02-21 10:51:04
                ",塔塔,这次不是拉布拉多，不是金毛，是默默无闻的秋田犬~在电影的最后部分我哭的稀里哗啦，意气风发的八公老了，脏了，以前不怎么喜欢他的女主人抱着它感动的流泪，大雪纷飞的夜里因为有火车来了八公又在等，似乎是回光返照般的看见男主人一如从前那样从火车站里走出来张开双臂要拥抱他~其实狗狗什么都知道,5,力荐,2980,0.999999760748725
"
                    2010-02-06 19:55:52
                ",倪娜,被狗狗的一往情深击倒，和老公两个哭得稀里哗啦。今天抱着家里的狗亲了一天。,4,推荐,8026,0.9979990441367489
"
                    2010-02-06 02:15:48
                ",饭岛蜗牛,....明早眼睛又肿了,5,力荐,1020,0.13458690918552707
"
                    2010-02-23 16:57:18
                ",chaaaaad。,狗比人更有情意。我们若是怀念一个人，也许只有短短一段时间。,5,力荐,484,0.9927555551575976
"
                    2010-02-07 14:22:56
                ",゛婷滞吥偂﹏,任泪纵横。。。,5,力荐,428,0.4581875877112891
"
                    2018-01-23 18:11:42
                ",bekey,手法细腻独到，却又慢慢渗入人的情感，感动、悲痛、泪流，直至成伤。这个世上最厉害的武器，从不是伤害，而是温暖，你的心都掏空了。而我们又甘之如饴，我们终究是孤独的个体，需要爱和暖。,5,力荐,486,0.999999999814676
"
                    2010-02-09 17:36:57
                ",浑浊儿,"你要养狗,就不能当它是guest,十年可是一只狗的一辈子",4,推荐,3958,0.7558748076852677
"
                    2017-09-10 22:45:31
                ",ZWW,热泪盈眶,5,力荐,133,0.6666666666666666
"
                    2018-02-06 10:22:31
                ",愿赌服输,在狗狗的世界里，认定了你，就是一生一世，泪目。,5,力荐,382,0.9991923670123078
"
                    2010-03-31 23:12:47
                ",城南草木生,你和我在一起两年，你走之后，我剩下的人生都留给你了。。。,4,推荐,1915,0.7533011213982889
"
                    2017-08-15 00:30:45
                ",滚滚的麻麻,看的时候哭成狗，心痛的不行。,5,力荐,131,0.8375221655001436
"
                    2018-01-04 09:11:04
                ",橘生淮北,hachi的后半生都在等待，暴风哭泣。,5,力荐,302,0.7597530512256555
"
                    2014-11-23 09:59:10
                ",赫恩曼尼,存了好久的片子终于鼓足勇气看完。最怕这种嘲讽，人在无尽的生命里早早学会遗忘，狗短暂的一生只懂得一个道理——终始如一。,5,力荐,113,0.999999998408208
"
                    2018-01-11 15:36:39
                ",梦询,感人致深，哭死我了。值得回味，发人深省。,5,力荐,77,0.9999915322727494
"
                    2018-03-04 11:29:15
                ",👹天神的审判,看完后觉得狗狗演技好棒！这狗狗太通人性了，和主人的感情太好了！哪怕后来主人去世后它每天都要去车站等主人接主人而且是不管刮风下雪，真的很让人感动，看完这片子后我都想养只狗狗了,5,力荐,90,0.9999991282471822
"
                    2016-12-23 19:06:33
                ",雨果,秋田犬不会像其他犬种一般讨好邀宠于主人，自古便作为人类伙伴与同盟者的它们，自信高傲，绝不委屈自己。小小的八公在火车站遇上教授帕克，这就是天授的缘分，他们是朋友也是家人，注定一辈子不离不弃，相扶相守（最后八公在车站门口想着教授慢慢死去的情景太感人了）。,5,力荐,228,0.9999999999999503
"
                    2017-01-02 14:15:48
                ",momo,生与死的距离，对于一条狗来说，它无法参透，它只相信，他的主人会回来。 它的生命如一注流水，一点一点在车站的青石台上年复一年地流逝。作为一只狗，它有它的原则，不离不弃，不论生老病死。它卧在那里，十年，透彻成一种风景。死生契阔，与子成说。,5,力荐,192,0.9999995376382869
"
                    2017-12-20 00:06:48
                ",麦垄风来翠浪斜,是我至今为止看过的最动人的电影，看看八公，再看看我脚边的追着自己尾巴正欢的狗狗，嗯。。。。我还是再看一遍八公吧,5,力荐,223,0.9863623447957337
"
                    2011-08-12 16:00:59
                ",大头绿豆,散乱不堪，俗不可耐。如果没有那只秋田犬的表演，根本是浪费时间；即使有了它的表演，也还是浪费时间。,3,还行,311,0.016917583981228557
"
                    2013-07-21 18:55:40
                ",周杰伧的小粉丝,太勉强了，从头到尾没有入戏，这个故事的日本味道太浓厚了，所以里面的西洋面孔看着违和感十足，而且音乐几乎没断过这一点真的挺烦啊,3,还行,125,0.9897472850523465
"
                    2010-02-21 06:06:59
                ",Jiong,所以说，与人打交道越多，就会越喜欢狗,4,推荐,1437,0.8928847205383024
"
                    2018-03-19 15:48:54
                ",挽梦忆笙歌,哭的稀里哗啦的，被小八和教授还有那些好心人感动了，想起来了自己养的狗狗，小八等教授等到老死，秋田只有特殊情况才玩球，因为那天教授会永远离开，太感人了，现在还有点想哭,5,力荐,76,0.9999902621338451
"
                    2010-02-07 12:34:13
                ",Mr.lonely,催泪大片，排毒良品，超憨的秋田犬，还有久违的理查基尔兄,4,推荐,1149,0.37086934548687944
"
                    2015-05-01 03:55:30
                ",同志亦凡人中文站,看完只有轻飘飘的感动，故事性还是太弱了些。人类真无耻，主演表排第一位的为什么不是八公？！,4,推荐,631,0.9967875434742491
"
                    2011-11-01 00:36:36
                ",有心打扰,在心里默念着，眼睛不要再睁开了，别再醒来了，够了，已经够了，你已经做得太多太多了，10年了，够了，去另外一个世界与他相遇吧！泪眼婆娑。,5,力荐,77,0.9894521311023385
"
                    2018-01-20 03:31:49
                ",接十分钟的吻,还记得全班一起哭的震撼画面，等待教授对八公来说是一种幸福,5,力荐,211,0.9999062827927626
"
                    2016-08-28 18:58:25
                ",云巅,很美国的影片，今天才看，据说是基于一个真实的故事，没有喧嚣的暴力，色情，和故事般的浪漫，但深刻感人。爱情如此简单，如此纯洁和忠诚度如此经久不衰的，它会融化的铁石心肠。影片适合所有年龄段，力荐,5,力荐,67,0.999999999546124
"
                    2010-02-17 13:48:27
                ",范困,想起回家的出租车上的广播，一对老夫妇丢失了狗狗寝食难安不知道该怎么生活，他们女儿在广播里说抱了狗的人，你们要是卖我们再买回来。尤其是她妈妈现在整个人都吃不下饭了，他们年纪大了，狗狗就是他们的生活寄托啊。【我已经使劲克制自己不哭了，但还是不行。】,4,推荐,870,0.9998817790989224
"
                    2016-12-30 17:58:51
                ",娜莉梦游仙境,狗是人类忠实的伙伴，也许它们没有人聪明，但是正因为它们的这股傻劲，才会有很多坚持。八公也是这些人类的亲密伙伴之一，跟主人的缘分一开始就注定了，在男主人临终前还特意玩球，还是挺有灵性的！善待每一个生命！,5,力荐,52,0.9999999094806877
"
                    2010-02-05 22:39:00
                ",死小姐,天呐我从后半段开始一直在哭 为什么面对这么居心不良的赚眼泪煽情电影我还是被套牢了！我马上要给我家小羊皮一个热烈的大拥抱！！！,4,推荐,925,0.9996537172310552
"
                    2010-02-16 22:36:48
                ",朱岳,看的同时，狗在叫、拉稀，一边流泪一边给它抓稀屎。,4,推荐,530,0.5978062359545362
"
                    2010-02-17 00:27:36
                ",jj73浅之,这只秋田犬演是演得真好，不过总让我有种看日本纯爱片的错觉。。。,4,推荐,459,0.9708893880656797
"
                    2012-08-07 15:50:46
                ",朝暮雪,“我等你”比“我爱你”更真挚，更感动。,4,推荐,231,0.9977862447270566
"
                    2010-02-08 21:28:21
                ",黄青蕉,什么叫卖萌啊什么叫洒狗血啊！哭死老娘了喂！！,5,力荐,91,0.4501784778343235
"
                    2012-12-12 20:11:41
                ",左儿,一种类型片叫不哭死不让出电影院,3,还行,75,0.36955867864289094
"
                    2010-02-16 00:52:14
                ",水木丁,何勇说：找个男（女）朋友，不如养条狗。,4,推荐,282,0.9254456310121721
"
                    2010-03-02 14:09:52
                ",爱茉绿绿,一年的眼泪都流干了 never forget anyone you loved...,5,力荐,190,0.6338696623673237
"
                    2018-01-06 23:40:02
                ",快乐人生,当时看的时候哭的稀里哗啦，心里特别难过，如果那天主人回来了，一切都不会发生，多好的狗狗，舍不得,5,力荐,243,0.9968287658793209
"
                    2018-01-23 16:32:40
                ",吃瓜(^.^),有时候动物比人重情 小八太可爱了 前期很萌 后面很悲 看到小八伤感的眼神 一直在无声的流泪 ,4,推荐,95,0.9999999979053804
"
                    2017-12-21 06:47:25
                ",婷婷爱八卦,感动得一塌糊涂，这个狗太通人性了，主人都不在了还天天去接他重情重义的狗狗🐶……,4,推荐,88,0.731529010312837
"
                    2017-12-06 11:06:27
                ",花衬衫,看这部电影时曾哭得稀里哗啦，因为前面铺垫众多人与动物的真挚情感，让观众感受到美好，所以最后结局才那么让人心碎。不愧为经典之作，故事最动人的永远是感情，无论是人与人之间，还是人与动物之间。,4,推荐,76,0.9999999999999998
"
                    2010-02-13 06:26:07
                ",Ragdoll™,催泪弹什么的最讨厌了T——T,5,力荐,51,0.3360279770327105
"
                    2016-12-31 10:19:09
                ",隔岸观船,“有时候我在想 并不是人类在养宠物 而是宠物愿意陪伴在人的身边啊”看这部电影 我哭了一卷纸巾 八公对主人的忠诚 对主人的爱 从始至终都没有变过 从春到冬 从花开到叶落到白雪 从幼到老  从日出到日落 从生到死 八公的形在变 可心却始终没变 感动不止一点点💗,5,力荐,129,0.9999999999640632
"
                    2018-05-16 00:04:25
                ",宁宁,它只是你的一条狗，但你却是它的一生！,4,推荐,54,0.8926262093145705
"
                    2012-11-13 19:16:44
                ",亚比煞,看完这部片的，不要再说人不如狗了，Hachi是等了9年不错，但王宝钏不是等那谁等了18年嘛，两个狗啊！！！,4,推荐,44,0.8188670243211877
"
                    2017-02-23 18:49:45
                ",蓝下老婆,突然想到那个采访，养十年的狗和处一年的男朋友你选择谁，毫不犹豫的选择狗，所以你懂的,4,推荐,62,0.9844098913447824
"
                    2018-03-20 07:37:53
                ",酒鬼一家小迷妹,当初在宿舍看着看着就哭了，特别是对于喜欢狗的人来说，分分钟致命。,5,力荐,46,0.9659454945540598
"
                    2018-05-16 21:29:38
                ",幸存者,它只是你的一条狗，但你却是它的一生。,5,力荐,40,0.8926262093145705
"
                    2018-03-09 11:01:28
                ",潇湘烟雨,明明泪点很高的，看完这部电影还是止不住泪流满面，太感人了，很多时候狗比人还要重情义,5,力荐,47,0.9989982669593592
"
                    2010-02-16 21:47:54
                ",蜉蝣,哭着看完的。看完片尾字幕又哭了半天。最感动的是它没干什么现身救主这样的英雄事迹，只是漫长的等待着。可是八公，你真傻，那是很长的一生呢。,4,推荐,33,0.9992634110075547
"
                    2016-04-06 22:09:11
                ",芳心暗许,waiting for you till the end of my life,4,推荐,42,0.421874597530976
"
                    2013-09-30 13:13:46
                ",卢十四,拿辣椒水喷眼逼人哭的电影，和咯吱人逼人笑的电影，本质上是一样的。,4,推荐,35,0.8262542508054528
"
                    2018-03-05 06:54:09
                ",七七,再次重温，依旧是那么感人！,4,推荐,33,0.996545255273093
"
                    2017-03-09 11:17:21
                ",旅途人生,狗通人性，同时也是人类最忠诚的朋友！预感到危机来临，八公想尽可能的拖住主人！主人死后八公也忠诚的守护了九年，在八公走后见到了主人，也令后人为八公建了雕塑！很温暖的故事！但是个人感觉故事情节有些弱，可以更紧凑些！但真实的故事的确令电影增分不少！,4,推荐,21,0.999999999999988
"
                    2018-04-14 11:10:53
                ",谁家今夜扁舟子,为了释放情绪来看八公后半段真的哭了，谢谢你小八,5,力荐,31,0.982596650723471
"
                    2018-05-17 08:53:44
                ",东篱,影片没有跌沓起伏的情节，也没有令人震撼的特效，有的只是温暖安详的音乐，看似平淡无奇，却给人带来深深的灵魂震撼，催人泪下。,5,力荐,34,0.9999998818218871
"
                    2016-12-03 16:11:33
                ",回不去的夏天,看后很感动   没养过宠物   没有那种感觉   不过观影以后挺触动的  那样漫长的日子啊   一直遥望着  等待着   有点泪目  我记得小时候 我朋友的猫死了   他还很伤心的哭了   那会儿有点理解不了  ,4,推荐,26,0.9999996612484683
"
                    2016-11-12 16:10:07
                ",yocofcjx28,泪奔！,5,力荐,35,0.9656231585546386
"
                    2014-03-19 09:34:19
                ",小米=qdmimi,确实感人，不过也就是感人而已,3,还行,28,0.9982852342631573
"
                    2018-03-19 19:45:55
                ",萌宠小坏坏,很感人，尤其在看到教授逝世后的情节，八公还依然每天在火车站口等待着它的主人的回来，泪目了，狗狗真的很重情感，教授和八公之间的情感，温馨治愈。温馨提示:看此影片，准备好纸巾,4,推荐,23,0.9999996161091628
"
                    2018-03-04 13:20:57
                ",瞧一瞧,狗狗也是你的亲人，哭的稀里哗啦的,4,推荐,22,0.9854929411418214
"
                    2020-01-13 16:37:53
                ",桃桃林林,狗狗催泪片，狗子太萌了。宠物，是亲人、也是朋友。最好的陪伴。,4,推荐,22,0.9992381281214827
"
                    2018-03-04 15:28:41
                ",救赎.,狗狗是人类最忠诚的朋友，说实话真的看哭了。,4,推荐,21,0.993179694616872
"
                    2018-05-18 07:05:55
                ",橘猫爱吃鱼,故事情节非常简单，着重刻画狗狗的内心，通过它的眼睛，你就能感受到他的对主人的感情。,5,力荐,33,0.9999499665894735
"
                    2010-02-12 21:42:09
                ",匡轶歌,做狗做得比人还人。这年月，忠诚与无条件的爱，是不是只有在狗身上才能找得到了？,4,推荐,18,0.8561297032267101
"
                    2013-08-21 22:37:12
                ",西楼尘,真心没觉得有传说的那么神，可能我并不太喜欢小动物吧。,3,还行,35,0.9020363004722122
"
                    2010-05-16 22:09:51
                ",Touma,除了狗可爱点还有什么，喜欢狗不会自己养一只啊？尽干这叶公好龙的事。我被动物电影快恶心死了。,4,推荐,19,0.9281808860439461
"
                    2010-02-04 19:06:48
                ",偏爱旅行,爱狗的人都会喜欢的片子,3,还行,29,0.9650045461795298
"
                    2017-03-10 10:41:12
                ",M能能M,感动的不行不行的，真的很棒，情感方面就容易收获人心，棒,4,推荐,8,0.9999865118064839
"
                    2013-03-10 17:36:22
                ",文泽尔,最感人部分安排在最后五分之一 秋去冬来 日复一日等待那部分 故事讲述是孩子嵌套倒叙的模式 其实并没有太大必要 全片若能砍掉一些旁枝 让Hachi的戏份更重些 等待的艰辛更突出点 或许会更好 全片演技最佳无疑是Hachi 完全贴合片中情境 卖萌 忠诚和坚持的尺度把握颇佳 日本人和东方神秘虽赘 为票房也可恕,4,推荐,19,0.9999999999999654
"
                    2018-04-08 21:12:48
                ",顾盼,以后有机会的话也想养一只宠物。,5,力荐,20,0.841297814618409
"
                    2018-03-20 08:31:39
                ",CCandFF,很感人，忠义的狗狗，狗是人类最好的朋友，它们懂得感恩，回报。,5,力荐,27,0.9999921707125173
"
                    2017-01-07 22:37:19
                ",梦梦梦梦,一直很喜欢狗，一个人一生可以养很多狗，但是对于狗来说你就是唯一。真的很感人,5,力荐,26,0.9999163307525809
"
                    2018-05-14 20:44:03
                ",尽欢,真让人心疼。,5,力荐,26,0.6055459282378419
"
                    2018-03-09 10:14:43
                ",、佚,10年后妻子回来扫墓看到小八还在那个车站守候，她走过去打招呼说我能和你一起等吗？真是哭惨！,5,力荐,106,0.9996645728320969
"
                    2018-01-22 19:44:26
                ",空瑾,当年在宿舍熄灯了看的  然后整个宿舍就听到我的哭声和抽纸的声音  早上起来地上一片纸  感动的哭  尤其是最后等到死都没等到自己的主人 ,5,力荐,159,0.977939805766128
"
                    2016-10-26 20:00:02
                ",摇尾巴,我用我的一生等你。阿八。,5,力荐,35,0.8967296918013871
"
                    2017-03-06 16:25:20
                ",别人老公,永远也等不回你依赖的人,4,推荐,10,0.6943207080948531
"
                    2017-02-16 20:50:01
                ",我lu不会飞,狗的一生可能对你来说只是一个过客，而你，却是狗的一辈子。,4,推荐,18,0.9929142899483718
"
                    2016-10-07 11:12:10
                ",事儿妈,狗的演技，远胜我国诸多男女明星，从这点出发，本片就值四星。,4,推荐,20,0.9995892742739075
"
                    2018-01-21 22:49:07
                ",丑小鸭cxy,很多年前看了，只能说是一遍一遍的看，一遍一遍的哭😭,4,推荐,62,0.9833377230985757
"
                    2017-03-07 11:14:27
                ",花落  思量错,这只秋田犬演的真好，悲伤又温暖的片子，十年是它的一辈子，动物永远最真诚。,4,推荐,12,0.9999847566506508
"
                    2018-05-16 22:24:30
                ",春风不解意,分分钟哭到炸。,5,力荐,24,0.5245133346275371
"
                    2018-03-05 16:50:37
                ",吃货少女萌萌哒,好感人的一部电影，看的时候哭成了狗，唯一认定的主人，它的一生只有你,5,力荐,28,0.9997219169137395
"
                    2018-02-07 12:49:16
                ",偏要勉强,被这个故事感动得泪流满面。在那个车站，八公，你一直守着他。。。“永远不要忘记你所爱的人”,5,力荐,28,0.9999612079670834
"
                    2018-05-16 16:40:31
                ",今天也没有猫,太催泪了。小八和主人之间的感情已经超越了狗狗与人类的界限，甚至比人与人之间的关系还要更真挚更密切。,5,力荐,24,0.9999923598120134
"
                    2017-01-06 15:38:26
                ",柳上安,会在这里等着你回来 一直等着 它们的世界 那么纯粹 是它们愿意守着你 陪伴着你 泪目 认定一个人 就是一辈子了 ,5,力荐,25,0.9997655770027867
"
                    2018-04-14 11:08:51
                ",何处相思明月楼,小八终于等到了它的主人。,5,力荐,24,0.7805301680630695
"
                    2017-01-01 23:18:07
                ",登对,他笑着问：“你觉得是金毛温驯还是萨摩耶温驯”我哭着说：“柴犬”,5,力荐,29,0.9969581940801611
"
                    2018-04-26 21:55:46
                ",病娘,个人很喜欢小狗，这部电影素材很好，很容易入戏的一部电影，小八在主人去世后每天坚持等他的情节真心看哭我了,4,推荐,13,0.9999994748767289
"
                    2013-03-10 17:36:22
                ",文泽尔,最感人部分安排在最后五分之一 秋去冬来 日复一日等待那部分 故事讲述是孩子嵌套倒叙的模式 其实并没有太大必要 全片若能砍掉一些旁枝 让Hachi的戏份更重些 等待的艰辛更突出点 或许会更好 全片演技最佳无疑是Hachi 完全贴合片中情境 卖萌 忠诚和坚持的尺度把握颇佳 日本人和东方神秘虽赘 为票房也可恕,4,推荐,19,0.9999999999999654
"
                    2018-05-19 22:28:52
                ",做一件事很难吗,泪点太低了 看电影到最后好心酸啊 有的时候我们都不如一条小狗执着,5,力荐,14,0.9967619797122083
"
                    2017-03-06 16:25:20
                ",别人老公,永远也等不回你依赖的人,4,推荐,10,0.6943207080948531
"
                    2017-02-16 20:50:01
                ",我lu不会飞,狗的一生可能对你来说只是一个过客，而你，却是狗的一辈子。,4,推荐,18,0.9929142899483718
"
                    2010-02-18 13:58:12
                ",米粒,太感人的狗狗了555555,5,力荐,13,0.9239145712613668
"
                    2020-12-23 22:14:29
                ",E酱,它不能理解他发生了什么，但它等了一辈子,5,力荐,44,0.7396562152620503
"
                    2016-02-27 23:11:18
                ",Cheesy,补。一个感人的故事 拍出来却看的我毫无触动,2,较差,38,0.9940295021746416
"
                    2016-10-07 11:12:10
                ",事儿妈,狗的演技，远胜我国诸多男女明星，从这点出发，本片就值四星。,4,推荐,20,0.9995892742739075
"
                    2016-11-29 08:28:26
                ",孔雀鱼,老早前看过的影片，在大学我们寝室还为了他做了英语PPT，很棒的一部影片，故事娓娓道来，充满了温情，悲伤，可以温暖冬日。当然这种影片不能看第二次，太悲伤。,5,力荐,65,0.9999999951442997
"
                    2018-05-14 22:58:45
                ",尽人事，听天命,狗狗是人类最忠诚的朋友一点没错了。看完哭得稀里哗啦,5,力荐,11,0.9995811994731381
"
                    2018-01-21 22:49:07
                ",丑小鸭cxy,很多年前看了，只能说是一遍一遍的看，一遍一遍的哭😭,4,推荐,62,0.9833377230985757
"
                    2016-11-20 02:37:40
                ",Qing,家中养狗，临死前没能陪在它身边走完最后一段路，梦里无数次见过它奔向我的样子……从教授去世前就开始哭一直哭到结局都分不清我到底在哭谁，Mark下辈子要找一个好主人好好待你知道吗┭┮﹏┭┮,5,力荐,70,0.9999999487992277
"
                    2012-05-06 23:35:35
                ",TimberNord,"i am a dog lover, so 5 stars ",5,力荐,12,0.0912717176645289
"
                    2017-03-10 10:41:12
                ",M能能M,感动的不行不行的，真的很棒，情感方面就容易收获人心，棒,3,还行,8,0.9999865118064839
"
                    2017-03-07 11:14:27
                ",花落  思量错,这只秋田犬演的真好，悲伤又温暖的片子，十年是它的一辈子，动物永远最真诚。,4,推荐,12,0.9999847566506508
"
                    2016-12-29 20:32:56
                ",大志的小耳朵,感动死了，动物对人的爱真美丽真纯粹，想哭的朋友可以去看。,5,力荐,10,0.9989755984727641
"
                    2018-03-24 21:21:50
                ",明天你好,整部片子展现出满满的温暖，狗对主人的忠诚，主人对狗的爱，主人公和妻子的爱，邻居们对狗的照顾，人与狗之间，人与人之间，都有这世间最珍贵的情感，也正是这一份感情让电影的世界很美很感人，也是这一份感情让忠犬八公成为经典，每每观看，热泪盈眶！,5,力荐,10,1.0
"
                    2018-05-20 20:19:06
                ",爱看电影的少年,好感动，狗狗果然是人类最真诚的朋友。唉,5,力荐,10,0.9970711888052316
"
                    2017-03-09 13:22:19
                ",璐baby,很感动，最后哭的稀里哗啦，狗对你来说只是个过客，可你对他来说却是一辈子,5,力荐,8,0.99990133232253
"
                    2018-05-16 07:24:32
                ",一蓑烟雨任平生,狗是人类的朋友，在危难时刻有可能救你的命。电影里的狗的真的让人感动至深，保护主人，毫无畏惧。,5,力荐,18,0.9999625715054332
"
                    2016-09-11 17:04:57
                ",请保持高冷,故事很感人,5,力荐,11,0.9892310188780333
"
                    2017-03-09 22:39:13
                ",卡比巴拉的海,主人就是狗的所有，哭死！,5,力荐,8,0.6424559978421457
"
                    2018-01-12 13:30:48
                ",那个你,哭死，因为那份感情太纯粹。因为那份感情很难得，好好珍惜现在拥有的,5,力荐,37,0.9994956441397583
"
                    2022-08-17 19:41:16
                ",不在乎,不是很理解为什么在豆瓣排名这么高……令人感动的是原本的故事，而电影本身很普通……,3,还行,18,0.9977449176464985
"
                    2018-03-20 18:35:01
                ",爱影视，爱生活,狗是人类最忠诚的朋友，这句话说的太好了，后半部分真是太感动了，哭的稀里哗啦的，就是因为小八,4,推荐,10,0.9988518065653169
"
                    2017-03-17 13:02:58
                ",美女菜kun,记得最深的一句话，他不会再回来了。。。哭惨了,5,力荐,17,0.9237732931503705
"
                    2018-02-05 00:17:24
                ",你说呢,这个电影超感人的，现在虽然有很多人和狗狗的电影，但始终细腻的情感比不上这一部！,5,力荐,50,0.9999782867820196
"
                    2018-06-13 17:48:33
                ",翠蝶🌸羽生✨💫,最令人感动的是，在主人离开的十年时间里，八公风雨无阻每天都去车站等候它的主人，直到生命即将走到尽头的那一刻，它也一直在等主人，因为它相信主人总有一天会回来。,5,力荐,14,0.9999758383266943
"
                    2018-05-16 12:17:25
                ",老人家,终于明白了为什么说狗通人性,4,推荐,9,0.8227913815014222
"
                    2018-06-13 18:44:48
                ",波波维奇,我们不应该忘记任何一个我们爱过的人，这就是忠诚的含义。,5,力荐,8,0.9656128579412554
"
                    2011-07-05 13:26:33
                ",方枪枪,一句话点评：在那个美丽的车站，有一只可爱的狗狗在永远等待着他的主人的归来！一个关于忠诚的人与狗狗之间的美丽故事，他们之间的依恋早就超越了平凡，这一刻，我看到了动物身上所淌露出来的温情和执着，这部电影，让我更加有一只的自己的八公了••••泪奔••••,4,推荐,10,0.9999999999998721
"
                    2014-03-03 23:48:01
                ",连城易脆,没有特别刻意煽情，却依然感人至深，我也好想拥有一只秋田犬...,4,推荐,10,0.9866388107595868
"
                    2013-07-01 16:17:09
                ",张腾森,在人的世界里，狗是配角；在狗的世界里，人是主角,5,力荐,14,0.9994179361812322
"
                    2012-02-08 21:23:04
                ",7酱™,我的心很小，如果只能记住一个人，那必定是你。,4,推荐,5,0.8178129100014466
"
                    2018-02-09 07:23:14
                ",不错我就是神,看的哭了好几次，我竟然被一只狗狗打动。。。。再一次告诉我们狗狗是人类最忠诚的朋友，我们应该爱护它们,5,力荐,52,0.998106231969936
"
                    2010-11-20 19:10:42
                ",踢你小腿骨,這隻狗很油....,1,很差,3,0.2659904681502723
"
                    2018-11-17 02:39:20
                ",心是孤独的猎手,大众就喜欢哭，这让他们误以为自己善良。,3,还行,9,0.9147130992602227
"
                    2017-02-07 16:38:57
                ",幕天席地,几年前看完电影心心念养一只柴犬，奈何心太大，蜗居并不能好好照料，天下的狗狗都至情至性，谁对他好他必定会回报，小八格外如此，为小八和主人间的深情感动,5,力荐,8,0.9999826982239345
"
                    2017-04-16 00:43:32
                ",shield,狗狗太可爱，结局很催泪,4,推荐,6,0.9950593067050204
"
                    2010-03-27 11:23:20
                ",错别字,"我和这些人看的是同一个片儿吗？
这片想说啥？日本是美国的一条狗吗？",1,很差,9,0.8756795991712604
"
                    2015-05-11 15:36:02
                ",烬。,这种傻逼的温情脉脉故事果然从来都入不了老衲的法眼。,1,很差,9,0.977623168229406
"
                    2013-10-03 22:26:56
                ",Ocap,他那么一个平凡之人，因为一只曾被他爱过的狗所等待，就此真正得到了永生。和八公一样，我多么希望，后头变成奇幻情节，门一推开——还是那一个慈祥的老头。可现实总是残酷，奇迹不来，才懂珍惜。,5,力荐,9,0.9999636410962082
"
                    2018-01-12 21:37:49
                ",栀锦_,第一次接触这本电影是老师推荐寒假可以去看的，所以只是抱着无聊的心态去开始欣赏的，但是到最后却被感动的稀里哗啦，故事没有什么特别华丽的特效或跌宕的情节，只是平淡的叙述，却传达了最朴实而真诚的情感，八公用他的一生去等待，用一生去坚守与主人之间的爱，但愿自己也能珍惜并坚守身边的人间大爱,5,力荐,45,0.9999999999999998
"
                    2012-02-07 22:40:00
                ",曾于里,唉，潸然泪下,5,力荐,8,0.8
"
                    2014-08-10 22:37:44
                ",梦里诗书,我们的一生会遇到很多值得珍惜的人，但对于狗狗而言，他们的一生却只有你这么一个人来珍惜，所以你如果有一条狗，请善待它，如果你想有一条狗，那么请你一定考虑清楚是否能善待它！,5,力荐,9,0.9999634336989509
"
                    2018-05-19 21:31:38
                ",初秋絮,八公其实做的并不多  它所做的  其实就是每天在同一时刻  蹲在火车站前的花坛边上  热切而又忠实的等着主人归来。,5,力荐,10,0.9765657145125992
"
                    2017-03-07 00:11:29
                ",チョウエイ,特别喜欢这部电影，很温暖，哭的稀里哗啦的,5,力荐,7,0.9998678204133232
"
                    2017-02-13 10:05:55
                ",昵称被占不开心,永远不要忘记你所爱的人，感动,4,推荐,10,0.9882150651207015
"
                    2017-01-31 02:08:31
                ",lynn,在它的眼中 你就是唯一  我的生命里只有你  有你在我身边就够了  即使你不在  我还是会在老地方等你回来   😭😭😭  狗是人类最忠实的朋友  爱护动物  一旦养了就不要抛弃它   我家的小狗狗已经十岁了 很可爱  很听话  ,5,力荐,14,0.9999999903230571
"
                    2010-03-23 15:00:41
                ",眠去,呵，明知如此,3,还行,6,0.6363636363636364
"
                    2012-10-29 09:35:26
                ",左胸上的吸盘,一般，普普通通的翻拍,5,力荐,6,0.36892761433479326
"
                    2019-05-01 14:44:36
                ",weictsai,養過狗的人看了都會很有感觸吧。想到之前我家養了十六年的老狗。2009年暑假，牠狀況已經很不好了，但還是撐到我從美國放暑假回來後才走的。抱著冷冰冰的牠，我娘說牠是為了等我回來見我最後一面的。沒想到一晃眼已經過了十年。感謝妳陪伴我們一家，希望我的寶貝在天國無憂無痛。,5,力荐,4,0.19644308880635863
"
                    2017-03-20 08:47:09
                ",炫3D,其实我没看过，但是我一直知道这部电影，不是不想看，是不敢看，狗狗的特点大家都知道，不用我多说，我自己养过两条狗，一条被卡车压死、一条意外走失，没能陪伴它们一生，我很难过，之后再也不敢养狗，因为如果它先离开，我会伤心，如果我先离开，它会无助。,5,力荐,12,0.9980923097145342
"
                    2018-04-26 09:11:29
                ",匡笺恭,每个养狗狗的人必看片。狗的一生也就十几年，既然遇到，有能力，何不对它好点。爱我家的小白！,5,力荐,11,0.9989354885921248
"
                    2018-02-03 13:17:40
                ",没有好的,每次看都会被感动 这部影片赚足了我的眼泪 很温暖很治愈 动物真的是很有灵性 你对他好他也对你好 怎么都不肯跟主人玩扔球游戏的狗在主人走的那天拉着他玩游戏 明明知道主人不会回来了还等着主人 最戳泪点的是女主人都放下了它还在坚守 世界还是很美好,5,力荐,43,0.9999999999933369
"
                    2017-01-29 00:05:29
                ",杨大志°,对这种温情向电影毫无抵抗力，感动,5,力荐,8,0.993739674657621
"
                    2017-02-03 22:10:56
                ",不吵的猫,看一次哭一遍,4,推荐,9,0.870129162676525
"
                    2012-11-18 18:52:09
                ",Q。,电影很平淡，但感人至深。动物和人类的感情已经完全超越了故事本身。★★★★,3,还行,8,0.9999937279514765
"
                    2017-01-10 22:16:47
                ",月涩,看的我稀里哗啦的，想起了我之前走失的狗狗😭,4,推荐,6,0.9596345158132742
"
                    2018-05-16 11:32:06
                ",优优,姐姐以前养过一直狗就是因为咬了人而且病了所以选择了安乐死，那一天全家都没吃饭，每次我们回家狗狗老远的就会摇着尾巴跑过来在我们身边,4,推荐,10,0.9709235871802722
"
                    2018-04-26 11:39:48
                ",茕茕白兔,对于人来说，那可能只是九年，但是对于狗狗来说，那是它的一生。只看影评就看哭了的我，看电影看到不能自已。,4,推荐,10,0.9956518475112651
"
                    2016-10-27 12:05:03
                ",你爹语重心长,什么治愈，致郁还差不多。留了一升的眼泪。,5,力荐,7,0.9158041339405043
"
                    2020-03-19 02:41:04
                ",dow,狗的主观镜头不错，但是总体来说还是很反动的一部电影，难怪有“忠犬八公是帝国主义阴谋”的宏论,2,较差,2,0.9997190656363758
"
                    2010-02-12 09:12:56
                ",UrthónaD'Mors,"昨天半夜痛哭流涕的看完,一早眼睛都是腫的年前最後一天又看一遍,哭了,痛哭流涕的感覺,,,,很久不曾被這樣質樸的電影所感動.很久不曾因為動物與人的感情而哭泣,很久找不到如此單純的美好",5,力荐,6,0.9681405228154781
"
                    2017-05-02 16:32:19
                ",慕詩,可爱，感动！狗狗是人类最忠诚的朋友。,5,力荐,6,0.9995042535546497
"
                    2022-07-11 00:12:42
                ",噔噔蹬蹬～,感觉看人也没啥感动的，但是看狗就真的太感动了，可能是因为这种忠诚是真实存在的吧,5,力荐,18,0.9982637921336939
"
                    2013-11-26 18:42:38
                ",你看起来很美味,翻出来重温，由于知道剧情，所以火车站相遇那一幕我就哭了QAQ,5,力荐,8,0.9984576270277653
"
                    2018-01-23 16:41:01
                ",青城清茶倾城歌,感人额,5,力荐,38,0.9609041798923039
"
                    2018-02-07 19:45:09
                ",秋瞑,喜欢狗的忠和对人的感情，就算主人去世了狗狗还一直在老地方等待着他的主人，善待每一个小动物吧。,3,还行,54,0.9998076933816124
"
                    2012-05-10 22:58:28
                ",小海,其实狗只是一种动物，只能做出其智力范围内允许的事情。但是人们都相信狗通人性，狗具有和人类一样高贵的品质。这是人对于这种精神的美好向往和寄托。我也选择相信狗的忠诚，狗用它的生命证明着它的选择：一生只为你绽放一次。,5,力荐,4,0.9999999986723329
"
                    2018-05-16 19:01:24
                ",蒹葭苍苍,都说狗比人忠诚，在这多变的世界，让你更懂忠诚的意义,4,推荐,7,0.9967506514851066
"
                    2017-05-05 07:51:43
                ",阿别给我打电话,慢节奏的清新电影，看着看着却被戳中心窝，看完很久都很难走出来，不敢重刷的一部啊,4,推荐,9,0.9943621270122884
"
                    2019-07-31 10:15:10
                ",张天翼,它就是不能明白，为什么再也等不回那个人。,4,推荐,6,0.136539150718601
"
                    2014-01-20 20:59:27
                ",陈粒,哭喽,5,力荐,13,0.7150322176881059
"
                    2016-11-25 20:04:52
                ",小橘子,看完这部电影，被八公感动得稀里哗啦的，八公是最忠实的宠物。,5,力荐,5,0.9999189014688226
"
                    2013-10-06 00:23:04
                ",姚瑶,十年，三千多天，他有多孤独。,5,力荐,7,0.9960835590297219
"
                    2018-02-02 12:35:06
                ",程晴之,他不会再回来了，你不要在等了😭😭,5,力荐,37,0.22472616066292916
"
                    2018-05-16 19:18:42
                ",霜寒,它是一条狗，一条被主人捡回家悉心照顾的狗，最后，他是一个重要的成员。狗的忠诚，在这样一个势力物化的时代简直难能可贵，当初自己收养了两条流浪狗，现在他他们是我的朋友和家人，他们的陪伴与忠诚是生活中纯澈的甜蜜。看了这部电影深有感触。,5,力荐,6,0.9999999999967741
"
                    2017-04-03 22:39:25
                ",已注销,狗对人的感情真的很真实，忠诚。而朋友却不一定能做到,5,力荐,3,0.9903341138769628
"
                    2015-12-03 21:45:23
                ",刘建明,翻拍！,2,较差,3,0.3936983688801887
"
                    2012-02-10 12:54:17
                ",如小果,故事本身很平，只是动物和人类的感情完全超越了故事本身。,4,推荐,5,0.999955677146997
"
                    2010-02-06 13:12:23
                ",可爱猫猫头,犬类的忠诚,4,推荐,4,0.7059514727817189
"
                    2018-01-21 19:22:00
                ",全都是泡沫,等待的滋味，真的是，没有经历过不会懂！,5,力荐,40,0.783862339357952
"
                    2017-01-29 22:23:02
                ",壳子,不是一个特别喜欢小动物的人 但是感动是不分物种的 很感动❤永远都不能忘记 你爱的人,5,力荐,9,0.9984227273527205
"
                    2011-02-19 23:08:12
                ",荒也,爱狗，一切的狗，一切的关于狗的故事。,4,推荐,5,0.9305503305115475
"
                    2012-05-23 00:49:33
                ",梦到sf,狗狗什么的最可爱,5,力荐,0,0.8803568260399185
"
                    2012-05-23 00:32:38
                ",Yvonne,好感人,5,力荐,0,0.9709793681024435
"
                    2012-05-22 22:35:55
                ",Leric,一部赚眼泪的电影。很感人。,5,力荐,0,0.9977060891576469
"
                    2012-05-23 16:33:51
                ",果子,我哭了,5,力荐,0,0.7049180327868854
"
                    2015-10-04 01:13:47
                ",木由,虽然早被剧透一脸还是看得哭到稀里哗啦。狗狗的谜之三角眼太忧伤。,5,力荐,8,0.9525629802771494
"
                    2012-05-25 18:33:24
                ",etodemerzel,温情中的感动,5,力荐,1,0.9887194194192421
"
                    2017-01-14 10:15:21
                ",思路乐,【A】我从出生到现在，只有这一部，第一部，也是唯一一部，让我哭了下来，而且是那种嚎啕大哭的状态。真的，只有这部《忠犬八公的故事》做到过。,5,力荐,3,0.9994200950004041
"
                    2012-11-23 07:24:30
                ",bird,来生是幻影，我只在今生等。,5,力荐,4,0.9756823316994953
"
                    2010-12-14 02:13:14
                ",Moe Szyslak,。。。,5,力荐,0,0.4843517138599106
"
                    2010-11-11 01:09:37
                ",只有霸王,与日本版各有千秋。,4,推荐,0,0.8986856586277062
"
                    2010-02-09 21:29:49
                ",陳,我也想有个它接送我，那样的路程会很温馨很轻松吧！,4,推荐,0,0.9936500771068014
"
                    2015-03-18 17:13:30
                ",九命猫@victor-eyes,最难过这个事情是真的。八公在如此恶劣的生存条件下竟然还活到十一二岁。想起曾经大白对我也是这么一心一意 T T,4,推荐,3,0.8047574441892038
"
                    2017-05-16 23:27:30
                ",溪棠-迷糊狐,看不得宠物电影，一看就泪奔,4,推荐,5,0.963929307510375
"
                    2011-10-21 20:04:28
                ",诸葛若见,最感人的宠物电影，曾让很多人都哭的稀里哗啦。本片触及到你我心里最柔软的地方，养过宠物的人都懂，每次回忆起来都能充满了温暖的力量。有只狗，始终在某个地方等你。这种感觉，想想也是很幸福的吧！对于狗狗来说，此生最美好的回忆，永远不能忘记爱的主人，与君相依，生死不变。,5,力荐,3,1.0
"
                    2010-02-14 22:05:20
                ",可可肚子,动物永远比地球人可爱,5,力荐,12,0.9992883904809917
"
                    2019-08-17 21:01:14
                ",火娃,6/10。镜语多为正面角度和狗的主观表现八公的主体性，教授和八公相遇这个段落，影影绰绰的灯光下人腿攒动，表现八公的孤单，被捡回家后凡是人狗互动的画面均采取近景+正面角度来传达情感牵绊，八公在火车站等待主角的构图，八公总处于远景偏左的位置（画右空缺），镜头微仰表现八公对主角的不舍，教授去世八公趴在广场安家的几个构图突出前景的钟（暗示八公无法等到主人的悲凉），整个镜语体系比较平淡。掘地帮助教授上班以及一起吃爆米花一起赶走臭鼬，众多细小繁琐的生活片段构建人狗关系但故事的丰富性、冲突感明显乏味。细节譬如教狗叼球（暗示主人和狗心有灵犀）、先后给八公喂食叮嘱其保密的男女餐厅老板和管理捐款的车站站长，体现社会关怀，都烂俗到一个境界。教授妻子落泪抱起八公的结尾高潮，不光狗血催泪还使本来的安静文艺范毁于矫情。,3,还行,7,1.0
"
                    2018-05-17 17:43:00
                ",白云飘飘,太感动了，被八公的忠诚而动容。此片没有缠绵的感情纠葛，没有华丽的特效。但那份安静的等待让人心里非常温暖。最后八公慢慢闭上眼睛的那一刻，心里好难受。,4,推荐,4,0.9999999330067328
"
                    2012-08-12 16:40:17
                ",薇,在火车上看的关于等待于车站的故事 也是一种缘分吧 但是太不适合在公共场合看了,5,力荐,0,0.998991856465256
"
                    2017-01-09 00:10:24
                ",已注销,"最后的最后，只是眼泪。
等待，等一个永远不可能再回来的人。
当意外来临前，总是不安。
很喜欢狗狗，可是有的时候，却更不愿意承受改变不了的现实，会有点想放弃。",5,力荐,5,0.999996277204494
"
                    2017-03-18 22:10:51
                ",sharon,人照顾抚养狗狗，狗狗用自己的生命守护主人，这就是最简单最深刻的关系,4,推荐,7,0.9997670117510274
"
                    2011-08-04 11:06:23
                ",我还是我,x,3,还行,0,0.5833333333333336
"
                    2010-02-28 22:43:08
                ",陶子冬,不是人性，是狗性，日本版和美国版都有看，不喜欢不可能都看的，先看的美国版，再找来原版看，这次，翻拍的也挺好,4,推荐,0,0.992360292150755
"
                    2017-05-03 19:11:27
                ",顾俏乜,室友推荐给我时，不以为然，看了之后，我默默地流泪，人和动物感情有时比人与人的感情还要坚固，大抵明白了人们养宠物的心情。,5,力荐,9,0.9999803394736739
"
                    2010-03-13 21:50:20
                ",艾米栗,明天找原版再轰轰烈烈一回吧~~~~(>_<)~~~~ ,5,力荐,0,0.31419916345683085
"
                    2012-09-03 15:47:32
                ",逅逅,真正催泪的电影是这样拍的。,5,力荐,0,0.7513372680753521
"
                    2012-06-18 18:46:02
                ",脑洞修补科科长,太他妈催泪了！！！,5,力荐,0,0.04325165627229677
"
                    2010-06-14 18:39:00
                ",Y,日本版曾经让俺哭死。。试试美国版,5,力荐,0,0.9600010869788472
"
                    2012-06-18 12:06:44
                ",手怎么老是受伤,"看的时候已经忘了这是部电影了，只是一味地哭泣。
也只有狗的思想如此单纯。你只要对它好一分，它会用这个生命来守护你。
",4,推荐,0,0.9999997734025532
"
                    2012-05-25 22:26:49
                ",杨大点,always waiting for u...,4,推荐,0,0.4737672181921908
"
                    2015-02-05 21:46:12
                ",Enjoy🌈Rachel,狗是人一辈子中的过客，人却是狗的一辈子。,5,力荐,2,0.9937332927037761
"
                    2011-05-14 03:12:44
                ",🐳 居北望南 9¾,和表弟一起看的，大感动的片子。,4,推荐,0,0.9175053629957077
