time,uname,comment,star,title,support,sentiment_score
"
                    2009-11-20 03:49:04
                ",Minjie,昆汀的恋足癖还是藏不住啊。,5,力荐,3545,0.6746077790741354
"
                    2009-11-21 11:29:08
                ",杜,当法国人不讲情义，美国人不讲人权，德国人不讲原则，英国人满脑浆糊，犹太人大开杀戒，希特勒就死了。,4,推荐,13079,0.9985555087922385
"
                    2017-08-25 08:25:04
                ",甜腻的砒霜,不喜欢 看了一点弃了,1,很差,51,0.526179541341687
"
                    2009-12-08 09:27:24
                ",JACK,冲着皮特和昆汀去的，结果被德国太保给迷住了,5,力荐,1696,0.9302840888699166
"
                    2009-09-03 23:01:34
                ",yuςii,"天才這次拿出了歷史,以影史破壞影史,甚至燒毀影史,瓦解歷史,誓要引領影迷在面對歷史的同時要走出歷史.",5,力荐,1116,0.1770734459196116
"
                    2010-10-17 10:30:09
                ",文森特的耳朵 | 生命短促啊,看到女主角对着镜头外的纳粹大笑，简直肾上腺素爆增啊。,5,力荐,1265,0.8056065335090178
"
                    2010-07-26 10:40:58
                ",大头绿豆,流畅，看起来毫不费力。除了布拉德皮特显得格格不入，除了地下酒吧那场居然不收拾现场有些BUG，除了绑着TNT居然能混进元首活动场所很无稽，其他都很好，很完整，完成了电影所能给出的最重要的功能：娱乐。,4,推荐,2296,0.9983404532107975
"
                    2009-12-03 12:14:34
                ",喵过留影,这部电影告诉我们：绝对不能相信美国人！,4,推荐,1628,0.9122869295531895
"
                    2012-07-14 21:54:53
                ",荞麦,重新看了一下开头：德国军官是如何在十分钟之内让一个大老爷们儿崩溃的。,4,推荐,1360,0.972356234407414
"
                    2009-09-09 10:07:44
                ",sasasasa,Waltz屌，虽然片子一堆问题,4,推荐,1253,0.5061058073445638
"
                    2009-12-12 23:10:39
                ",jj73浅之,美国人与德国人的对比太好玩了，喜剧与正剧间的平衡，昆汀还是那个昆汀，看得那叫一个爽！克里斯托弗·瓦尔兹演得太好了～,4,推荐,379,0.9999113469810965
"
                    2009-11-20 23:13:15
                ",光年‖影视歌三栖民工,红衣女子因为恻隐之心送了命，是少数几个正常点的黑色幽默。。。,5,力荐,1169,0.07740186606810939
"
                    2017-08-25 00:11:19
                ",爱吃烤鹅,这是一部非常离奇的二战影片。,4,推荐,331,0.9438322268722252
"
                    2009-11-23 16:07:24
                ",桃桃林林,电影的魅力，他用电影创造历史,5,力荐,996,0.9993062123500414
"
                    2009-12-11 08:36:54
                ",汽车大师,2009 no.1；开场戏和酒馆戏可以做教科书了；每一章都是含戏中戏的类型片，狂野的电影情书贯穿始终，最后的对白成了点睛之笔；猜猜谁最先翘？影评人！,5,力荐,382,0.9997291550966231
"
                    2009-08-23 10:21:27
                ",猫小姐,昆汀同学越来越变态了 ，比北野武还杜琪峰。,3,还行,1940,0.9271218770568392
"
                    2009-05-27 06:16:21
                ",Kennn.,Quentin是他媽的天才！,5,力荐,553,0.447678458509865
"
                    2020-01-18 16:47:24
                ",欢乐分裂,#重看#血色的浪漫书写，诗意的颠覆既往，癫狂的以暴制暴，以重构的历史想象为外衣，再度圆梦迷影心愿（夹带私货）。绝对是一枚超级影迷的赤诚心才能铸就的黑色童话（pitt不无浮夸怪诞的口音也是整体风格的一部分），以常规「真实性」窥其内里，真是误解（小看）昆汀了；且看他穿插了多少迷影梗，从第三帝国的电影业状况到同期名导的作品提及，从电影制作流程的展现到胶片的属性科普，以及暗暗潜伏的致敬细节，焚毁的胶片映照着复仇的面孔惊心动魄，一切以电影始，一切以电影终，一切都和电影有关，简直叫人感慨莫名。开场戏和酒馆戏太棒了吧，氛围营造和镜头剪辑都相当瞩目；刀起刀落的犀利淋漓，放映室里的残酷决绝，配乐更增一份写意。,4,推荐,77,1.0
"
                    2009-08-22 15:12:38
                ",Jean,Tarantino 真是电影天才.,5,力荐,494,0.5365218346134946
"
                    2009-09-05 10:41:11
                ",艾小柯,昆汀更上新台阶,5,力荐,332,0.5968398691665534
"
                    2010-08-19 14:49:14
                ",shu,我豆是都觉得，通俗又好看的电影就是Quentin这样的。,4,推荐,160,0.9455113126576136
"
                    2009-11-23 16:26:12
                ",大奇特(Grinch),华而不实，剧情是典型的美国英雄主义的意淫，如果不是昆汀和彼特谁还会给它这么高的分数？刻意营造了老式B级战争片的感觉，却拍不出《十二金刚》《敢死突击队》那样的深度，就连OST都是完全从老片中东拼西凑来的，这样一部作品还能说是什么经典？！,2,较差,522,0.9518451953851919
"
                    2012-05-23 14:10:37
                ",TimberNord,老子就是不喜欢这部电影，打两星都觉得多了,2,较差,93,0.8304869322032271
"
                    2011-08-09 12:06:39
                ",洗狗,引某人影评“电影拍到这个程度，历史可以丢了，严肃全不要了，什么规则传统定理定律全部统统都给扔了，到最后是观众全陪着他昆汀一个人玩儿”,2,较差,44,0.9855887225666249
"
                    2015-02-18 10:36:41
                ",Ocap,昆汀算不上天才，叫神童合适些，因为这就是他完美的电影语言和单向的空洞思维交配催生的四不像产物。差劲的幼齿意淫，顶级的娱乐商品。,5,力荐,103,0.7129678251674878
"
                    2009-08-21 00:24:31
                ",Ariza,引用某影評人曾說的話：「一些得令的導演，由於創作泉源枯竭，只會從B級或C級垃圾片堆中覓食，美其名說向它們致敬，終究下過是垃圾再造垃圾而已。」,3,还行,986,0.004144512216846308
"
                    2010-03-22 21:10:19
                ",王xx,学好外语很重要！,4,推荐,197,0.7381157574095292
"
                    2010-12-11 02:03:31
                ",西宇,五星，全都给那个犹太女人。老实说：这部电影的黑色幽默很难受。,5,力荐,168,0.6253690437295489
"
                    2009-12-17 19:41:27
                ",匡轶歌,天才在戏谑之后闪闪发光。电影让一切成为可能。历史也可以在影像当中颠覆、调侃、拼装、再造。一向不好昆汀这一口，认为他太着重于摆弄趣味。此片虽不脱其一贯的套路，但明显大为精进，是升级版、进化版。癫狂的想象力、黑色幽默、行云流水的节奏、精彩的群像演技…纵情悖理却有无耻的辛辣、大胆、痛快。,4,推荐,98,0.9999999995652584
"
                    2009-12-01 18:15:56
                ",梦朝大海,为本片击节叫好并顶礼膜拜的只有两种人。第一种是真正的伪昆丁迷。另外一种则是真正的伪Cult迷。,2,较差,21,0.9973358184443099
"
                    2009-11-29 12:07:48
                ",眠去,"爱Quentin嘛。只是有几段音乐响起的时候，很想哭。Ennio M
orricone果真是我杯茶。",5,力荐,99,0.8958839981878008
"
                    2009-09-24 10:02:58
                ",叶子风,塔伦天伦回光反照之作。《杀死比尔》时奄奄一息的他，竟然还没死。片中有让人久违的怪鸡幽默，都通过愚蠢的对话表现出来的。这是他的招牌菜。其他的乏善可陈，割头皮是大败笔，黑色有余，幽默不足。,3,还行,278,0.9988241986875416
"
                    2010-09-28 00:14:58
                ",UrthónaD'Mors,这个片子的败笔是皮特，他怎么看怎么就像是个摆设连演插科打诨的皮条客都不像，最后那点太能YY了,3,还行,224,0.12861780972079417
"
                    2009-12-12 11:44:11
                ",Song³,戏谑二战。配乐加分，Christoph Waltz演得太好了！“当法国人不讲情义，美国人不讲人权，德国人不讲原则，英国人满脑浆糊，犹太人大开杀戒，希特勒就死了。 ”,5,力荐,91,0.9996474855103142
"
                    2009-11-19 19:30:08
                ",西老米,本来以为没有字幕我会看不懂电影，后来发现，剧情真的能猜出来，很失望,3,还行,114,0.5828039227231795
"
                    2023-03-12 13:20:53
                ",馮呵呵,很流畅，布拉德皮特确实格格不入，太现代了。苏珊娜最后一刻动了恻隐之心，但在德国人撞开门那一刻就该知道，这个男人只是绅士的皮恶魔的心。,5,力荐,69,0.9999999123762403
"
                    2009-08-26 11:03:16
                ",汽水|不core不得嗨,我得重看遍有中文的。。。,5,力荐,54,0.1876662908504424
"
                    2021-11-27 15:00:37
                ",春眠不觉小辣椒,妈的我到这个年纪才知道了昆汀的快乐，妈的光尼玛说血腥，从来没人告诉过我这么好看……,5,力荐,67,0.8789052655625301
"
                    2010-04-30 18:45:26
                ",Mamula,2010看这部电影英语不好，德语不会，但能发现字幕和台词完全不符，于是对前半部的印象是字幕组看图说话胡编的故事。。。25/04/15会了英语，德语到了当年的英语水平，爱死了这部电影，节奏把控太惊人！虽然结局一般~德国人和北欧人怎么一个个这么适合演变态，有机会一定要在影院看一次~法鲨没演过八月,5,力荐,48,0.9999959420476199
"
                    2012-12-29 21:38:02
                ",同志亦凡人中文站,太荒诞太暴力我欣赏不来啊 感觉整个片都吊儿郎当的...,3,还行,103,0.8358786302751804
"
                    2013-04-15 08:51:00
                ",李小丢,想想可能我还是更喜欢这部，每个小章节都很有意思。苏珊娜和弗里德列克的结局让我唏嘘了很久。,5,力荐,59,0.9999994809642881
"
                    2009-08-28 04:24:37
                ",Virgohi21,他一直都不是我的菜乎,3,还行,78,0.36834573128374615
"
                    2011-09-04 21:29:41
                ",有心打扰,能把二战拍得如此诙谐，非昆汀再无二人；能把希特勒这样拍 死，也非昆汀再无二人。,4,推荐,152,0.7849315084472066
"
                    2009-12-10 21:34:37
                ",岛上的夏奈,我觉得好的导演不应该将眼界放在特效或者视觉效果上，而是放在每一句台词跟每一段剧情。昆汀的这部作品，在这点做到了极致。,5,力荐,46,0.9997456845743841
"
                    2015-10-28 10:57:22
                ",梦里诗书,血腥的暴力美学在昆汀·塔伦蒂诺的《无耻混蛋》中得以酣畅淋漓的体现，这部以二战为背景的昆汀之作，简单凌厉的表现手法与复杂的暗杀悬疑合二为一，令人一直屏息于那有以黑色幽默为渲染，张力十足的剧情之中，不拘一格的疯狂，方有此独出机杼的二战传奇。,5,力荐,17,0.999999999994365
"
                    2010-03-08 17:08:38
                ",袁牧,奥斯卡对不起你，未来的历史将证明这一点。,4,推荐,112,0.8838734843712936
"
                    2017-08-25 08:40:23
                ",高冷的鸡蛋仔,影片足以炫耀的东西不够多，但是拍得不错，而且有趣的元素不少，影片更注重对白而不是紧凑的动作戏。,3,还行,41,0.9873298609379998
"
                    2009-12-06 13:49:04
                ",Connie,混蛋界的鼻祖，混搭界的奇葩.......ps. QT真正的野心是：让一切变革都跟电影沾边。,4,推荐,76,0.956572387070416
"
                    2015-04-28 00:31:34
                ",西楼尘,向来对昆汀的暴力美学不太着迷，但是这部片子的品质着实不错。喜欢的二战题材，颠覆历史，恣意而为，让一群大咖在一部爽到嗨的片子里飚戏……几场气氛十足的碟战戏紧张感营造得很棒，片中难得一对突破了阵营的情侣最后还被昆汀整得这么惨。割头皮、爆头、枪战、纵火，昆汀将鬼才展现得淋漓尽致。,3,还行,29,0.9999999999999967
"
                    2013-01-07 18:24:47
                ",心生,昆丁的故事总是让人越看越兴奋，最后把一众人集合到电影院然后彻底改写历史的安排真是屌爆了！,4,推荐,88,0.998706983628313
"
                    2017-08-25 00:49:15
                ",momo,剧情其实挺好的，但是我对战争片一般都喜欢不起来,4,推荐,50,0.9867402868564267
"
                    2017-08-25 17:48:46
                ",半城风月,昆汀式电影感，有趣但深度不足。,3,还行,42,0.983490609342567
"
                    2011-03-20 19:53:34
                ",托尼·王大拿,此货只应天上有，地上哪得几回闻,5,力荐,46,0.016375794050577874
"
                    2010-08-30 14:03:42
                ",今何在,这就是一少儿不宜的童话。昆汀的所有电影都是成人童话吧。,4,推荐,30,0.9999072052986312
"
                    2022-08-05 05:29:37
                ",白斬糖,昆汀的电影总是让人骚痒难当：他明知道自己的姿态是无耻的，但除了节制的自嘲和无足轻重的破罐破摔之外，他绝不会从这顶轻松意淫的高台上下来一步。对他来说，历史的恐怖可以近在咫尺，但历史却是禁止碰触的（off-limit），一切之所以如此快乐，恰恰因为它尽管有着危险的局部，但整体却处在绝对的安全之中，正是一个关于美国机器的隐喻。,3,还行,8,0.9999999981410865
"
                    2015-07-08 17:44:39
                ",LORENZO 洛伦佐,爽歪歪，各种大牌。CW操四门语言真震撼。。。,4,推荐,41,0.9905024781588854
"
                    2011-12-28 07:59:04
                ",陀螺凡达可,妙趣横生的二战狂想曲！29/12/2018重看加满五星,5,力荐,28,0.923436968920701
"
                    2017-08-25 08:07:00
                ",苏晓晓,冲着男女主的颜值吧,3,还行,30,0.6848755504407347
"
                    2010-01-11 16:50:49
                ",张小北,靠～～～～西部片啊,5,力荐,45,0.6227979559164738
"
                    2018-06-29 16:32:32
                ",糖罐子.,电影有时并非仅限于宣传某些思想或引起某些共鸣，它就是一部电影。它满足了所有观众的需求：猎奇/狂想/梦幻/虚拟，并且发笑、发怒、发颤。,4,推荐,16,0.9999098318056808
"
                    2010-07-10 00:05:08
                ",阿北,又看一遍,4,推荐,48,0.7942751337439924
"
                    2009-12-16 14:54:02
                ",九尾黑猫,嗯。。。Christoph Waltz演的不错，其他的我觉得没啥新意嘛,3,还行,8,0.6394710273208449
"
                    2010-01-11 09:58:31
                ",高歌,"我的昆汀作品first love！
可以拿来当文艺小说读.
皮特在结尾替导演说了一句：“我想这可以成为我的杰作了”",5,力荐,16,0.9998998654672461
"
                    2023-09-05 00:14:01
                ",STONEMAN,酒馆戏里盖世太保的微表情演绎堪称登峰造极。当法鲨伸出三根手指，局面变成“你知道我知道”的完全信息博弈，德国人知道自己也演不下去了，那几秒钟的表情逐一呈现了惊诧（你一个英国间谍怎么这么外行？！）、不安（老子这条命今天就撂这儿了？？）、强装镇定（容我在分析下局势……）和下定决心（那就玩到底吧！！）。该桥段私以为全片最佳。,5,力荐,16,0.9999999996542557
"
                    2014-03-30 11:39:02
                ",徐若风,其实总的来说还是比较糊涂、糟粕、且垃圾的。（…………）个人口味问题吧，现在突然比较喜欢比较糊涂、糟粕、且垃圾的东西了。,4,推荐,13,0.0004777083358246115
"
                    2023-06-10 22:30:27
                ",动力二踢脚,"居然是架空的历史！全片都太迷人了，视听流畅，演技在线，紧张中透露着插科打诨平衡着情绪，对这样的类型片很喜爱。
影片中用一个个微小的点却串联着历史的脉络，有一种《人类群星闪耀时》影像版，“但在历史长河中，某一时刻，命运之神就这样伸出了它的双手。” 但从影片的情节来看，命运之神的绒毛，也在丝捋轻抚着变幻的时光，而电影的力量，改变着历史。
后知后觉:改写一段人们熟悉的历史，而在这其中因为对现实历史的可预知性，在这之中描写一段人们常规认知里可能会失败的行动。在这样的叙述中，有了一种希区柯克桌下的炸弹的异曲同工之妙。紧张悬疑感飙升。",5,力荐,9,1.0
"
                    2011-01-22 17:51:20
                ",Stella,此篇最美的一刻就是苏珊娜和德国士兵互相残杀的一刻，太美了，尤其是配乐！ennio morricone-un amico让人想恋爱的旋律实在太美了，配合血腥画面，绝配！,5,力荐,27,0.9999996671547708
"
                    2009-12-01 12:09:07
                ",左胸上的吸盘,挺好看的，为什么我觉得昆汀十几年没有拍片了？,3,还行,9,0.8686303856749134
"
                    2023-05-27 10:25:38
                ",LOOK,3.5  除了表达“对电影的爱”以及将“对电影的爱”翻转成极致的套路颠覆之外，其实没啥特别的东西，这也就是六十年代戈达尔《男性女性》提出的问题：只有可口可乐，没有马克思。实际上塔伦迪诺所有的电影表达都是建立在“对电影的爱”之上的与套路对话，这套游戏终有一天玩腻，就只能退休。,3,还行,5,0.9999999994945121
"
                    2009-11-29 16:07:18
                ",米粒,哦 很爽的~~！！德国军官好结棍哦,5,力荐,23,0.9939191248342549
"
                    2009-10-02 23:42:46
                ",深白色,慕名前去电影院观看结果煎熬了差不多3小时。感觉部分章节有些冗长。其他人看得很high，我就是没品味无法欣赏昆汀的风格，大段大段对白中夹杂着一些听不懂的笑点，要么就是赤裸裸的割头皮、杀人、被打爆脑浆的场面。看着豆瓣满是五星四星的评价，实在不好意思说我的想法，不过音乐和画面真不错。,2,较差,14,0.995458977919226
"
                    2009-11-27 23:03:08
                ",蚂蚁没问题,真一般，俩半小时我分了三回才看完，情节进展那不叫一个一般的慢。音乐尚可，那个“犹太猎人”尚可，毕皮特同学的英语有点味道勉强算是尚可，别的实在没什么意思。我也算是昆丁粉丝了，不过这个可真失望。,3,还行,8,0.020052923129408318
"
                    2014-07-04 17:15:15
                ",连城易脆,昆塔通过电影篡改历史的功力确实非凡！佩服佩服！,5,力荐,11,0.9999321957720197
"
                    2022-04-04 13:16:26
                ",popon pop,昆汀厉害的地方就是把电影组织得十分得体之后再漾出幽默。我特别喜欢的是他的荒诞感是故事分泌出来的，任何人都是主角，而主角下一秒就死。他能完全不夸张地讲出我生活里认为夸张的地方！,5,力荐,8,0.9999116791295037
"
                    2010-06-05 17:29:29
                ",熊仔俠,除了bgm和几个很爽的昆氏镜头之外，其他一般般的说。,3,还行,7,0.8775600337561095
"
                    2017-08-25 20:03:28
                ",沉,剧情题材不是很有兴趣，但是主角是真的帅,4,推荐,28,0.9023309027071954
"
                    2013-05-03 23:38:47
                ",圆首的秘书,之前说低俗小说是昆汀最好的，收回此言论，把奖颁给无耻混蛋。皮特愧对男主！沃兹是我最爱！,5,力荐,18,0.06374924459376774
"
                    2010-01-24 19:01:57
                ",prost,Brad Pitt太没气场了，这个片子里所有其他演员都比他好。导演给Til Schweiger戏份太少。电影节奏过慢篇幅过长，去水30分钟会精彩很多。结尾犹太姑娘的报复才是亮点。犹太猎人的倒戈突出了“无耻”的主题,3,还行,1,0.9999551618008585
"
                    2010-02-20 01:20:14
                ",胤祥,冷死我了……看来本届奥斯卡剪辑奖应该收入囊中，最佳导演有戏，编剧奖也有戏。,5,力荐,10,0.9965150633037496
"
                    2010-01-23 21:07:07
                ",godannar,对付一张DVD有很多种办法。吃一顿丰盛的晚餐，喝一点珍藏的美酒，洗个痛快澡，换件干净衫，灯光调暗，陷进沙发——开始。或者，抓起才买来的薯片和可乐，翻翻Mravel的肥皂漫画，没看几页就大发一通牢骚，最后被逼无奈随便挑一张塞进播放器或者其它什么玩意儿里。不过这部电影……我推荐后者。,4,推荐,9,0.3289070683941623
