time,uname,comment,star,title,support,sentiment_score
"
                    2012-02-25 15:28:09
                ",和也也也也也n,妖怪有颜就是治愈片 妖怪没有颜就是恐怖片,4,推荐,7982,0.8709092802020405
"
                    2012-02-24 19:47:26
                ",瑾朵朵,郁闷死了 守着一颗白白嫩嫩的大白菜多少年细心栽培没舍得吃，最后这颗大白菜被猪给拱了的感觉 (☍﹏⁰),5,力荐,6144,0.16171268405379713
"
                    2012-02-23 23:34:41
                ",[己注销],我说………………既然树枝和毛巾可以，那么手套也不会有问题吧…………所以婚姻幸福就指望保险套了……………………………………………………………………,5,力荐,4370,0.8837528812605784
"
                    2012-02-24 22:02:58
                ",♠¾゛,永远不会忘记的拥抱，是你让我曾有过怎样也不想结束夏天,5,力荐,2266,0.9715843688344289
"
                    2011-10-14 01:21:00
                ",一枝花奶糖子,动画表现平平，算是很平庸的还原了原作，而且……好你妈的短！！,3,还行,1223,0.9949943952168965
"
                    2012-03-09 21:29:04
                ",LORENZO 洛伦佐,小孩子跑不好就不要跑好伐？！摔个什么摔！摔！,4,推荐,4510,0.12658295405527809
"
                    2012-03-06 21:38:01
                ",aluuuuuuuuuuuu,“总有一天，时间会把你我拆散吧，可是，即便如此，在那个时间到来之前，我们一直在一起吧”,4,推荐,1334,0.6334569906963314
"
                    2012-02-24 20:53:58
                ",凉,时间停止在阿金消失的那个夏天，一生一次的拥抱放在回忆里不会变老。,5,力荐,1615,0.9995246409958037
"
                    2012-02-24 19:31:25
                ",路小北,有些故事，就算早已烂熟于心，再看时也还是忍不住要哭的,5,力荐,1329,0.9247149784643456
"
                    2012-02-23 17:38:24
                ",之弦,一点都没失望( >﹏<。) 真是发自内心的喜欢又痛恨这个故事！,5,力荐,949,0.9609682359173609
"
                    2012-02-23 16:55:11
                ",你家贰哥,最爱 没有之一 少女心都在这了,5,力荐,817,0.9925726891498748
"
                    2012-02-25 14:36:49
                ",工口工口小黃門,银发的狐面少年 夏日 花火 浴衣 隔着面具的那个吻 终于能够拥抱到你了阿金TAT 内山的声音好温柔 从开始就等着虐心的结局呜呜呜我又得内伤一天了 ,5,力荐,526,0.9998886224498479
"
                    2018-01-31 10:10:05
                ",青 天大老爷,我有多渴望触碰你，我就有多害怕失去你。,4,推荐,1076,0.4121242544062057
"
                    2012-02-23 23:48:55
                ",BKKKKKKK君,我这个泪点低的人又。。。TAT 又萌又忧伤。。我所剩不多的少女心啊~~,5,力荐,424,0.9996641244838371
"
                    2012-02-25 16:22:05
                ",沉歌,“你绝对不可以碰到我啊”，除了一生一世的最后一回。这些悲伤而又温柔的夏天——绿川幸总是能直戳人心最柔软的地方啊！,4,推荐,819,0.9999961597956671
"
                    2012-03-20 13:47:08
                ",不良生,是从哪一年开始，我们也不再对夏日怀有期待。那样的少女心事，你我也曾拥有。,4,推荐,187,0.9999631674050916
"
                    2012-02-23 15:56:56
                ",竹子哟竹子✨,TTTTvTTTT ←只有这个表情,5,力荐,278,0.5486976325915107
"
                    2012-04-04 22:08:12
                ",影志,“触不到的恋人”——以为他们会主动接触然后灭亡，就像那部短片《雪与沙的爱情故事》一样，可是不是，“银”无意间的一次对人类小孩的帮助，导致他在一瞬间必须做出决定：与爱人告白、再见直至死亡。完全意料之外的、突如其来的，一切幻灭。抱空爱人的感觉应该会很糟糕吧。,4,推荐,158,0.9999999999984326
"
                    2012-09-11 22:49:30
                ",同志亦凡人中文站,突然想起了小时候的玩伴些，长大后是再也没联系过了。也许——我们就这样，各自奔天涯...情怀被挑起来了，故事倒是一般。,4,推荐,121,0.9999726008200177
"
                    2012-02-23 20:22:33
                ",Epony,我靠，每一次摘下面具都特么美得要死要活好么！,5,力荐,187,0.8201306573666163
"
                    2019-01-16 11:11:55
                ",tangerine,二次元太可怕了！这什么东西！豆瓣250的耻辱！是时间太短的问题吗？跳过感情升温的阶段直接跳到了爱已永恒的阶段，爱情来的没有道理，女孩为什么会喜欢男孩？似乎除了颜控也没有更好的解释了……整体给人的感觉就是刻意、做作，强行赚人眼泪的设定，强行煽情的突兀结尾，让人反感至极，不过对于二次元粉丝来说，倒也符合卖萌和颜值即是正义的原则。在B站看的话，弹幕远比正片感人，优点就是没做成长片，只浪费我四十分钟。,2,较差,236,0.9999999999917719
"
                    2018-02-22 09:11:55
                ",欣欣向荣,虽然很美好的故事，但是这个故事是个悲剧，日本动画片很多像这样的引人深思的动画片，明明是美好的情感，可惜身不由己。,5,力荐,65,0.9999985680777776
"
                    2012-02-25 21:07:04
                ",凹凸代餐,期待已久的夏日 女孩不由地伸手想要握紧身旁的温柔 又倏忽停住将手收回 一生一次的拥抱 先是微笑着 最后却又流泪了,5,力荐,110,0.9999930572782192
"
                    2021-01-23 14:29:44
                ",Spike,这咋就能上top榜，好普通啊,3,还行,150,0.41977597822425183
"
                    2012-03-16 15:03:07
                ",小徐师傅,无与伦比的做作，这片要是中国产，豆瓣评分可就是颠倒的了,1,很差,673,0.9698155543364919
"
                    2012-04-05 02:31:04
                ",陀螺凡达可,这故事看的我很不爽...太拧巴了,3,还行,90,0.34003044093221857
"
                    2018-01-28 21:56:50
                ",愿赌服输,能够拥有，便是最美好的事，至少还有拥抱，至少那些快乐的日子不会被忘记。,4,推荐,135,0.9998784888620205
"
                    2012-03-12 23:33:28
                ",薇羅尼卡,都快三十岁的人了看这个还看哭了是要怎样( ⊙ o ⊙ )啊！我真是一颗少女玻璃心，真是受不了自己了( ⊙ o ⊙ )啊！“我想碰触你”,5,力荐,50,0.9996314024007789
"
                    2018-01-29 15:06:55
                ",酒鬼一家小迷妹,从小女孩到大女孩，萤终于在银消失前拥抱了他。,4,推荐,151,0.998711737551968
"
                    2012-03-01 18:52:51
                ",欢乐分裂,在我消失之前，请给我一个拥抱。,4,推荐,64,0.8129987786006053
"
                    2012-03-17 10:20:14
                ",芦哲峰,人生最美初相恋，少女情怀总是诗。,3,还行,78,0.9999742126029803
"
                    2022-05-20 17:17:24
                ",冰拿铁,可能时长太短导致故事简单到不行，刚有点感觉就戛然而止太突兀了，画面唯美人物可爱什么的难道不应该是基本吗？能在TOP250里，且排名130是挺困惑的(•_•),3,还行,70,0.6624647133629532
"
                    2016-12-22 18:20:53
                ",清歌墨苒,最后，银张开手臂，笑着说，来吧，我终于可以碰到你了，然后这个少年消失在了萤的双臂之中…这个拥抱唯美却伤感，看得哭得停不下来，看完之后一种说不清的情绪一直萦绕心头，就像被什么堵着一样，发泄不出，不敢看第二遍,5,力荐,81,0.9999999965713784
"
                    2016-12-06 09:11:12
                ",孔雀鱼,我最爱的夏目人设。每个人都有一段别人无法复制的经历，是秘密，闭口不言，是惊喜，你不知道下一个相遇在哪里，带着遗憾，离开那个夏天。最后，用我的生命给你一个拥抱。,4,推荐,47,0.9999989307833469
"
                    2012-03-12 13:39:05
                ",Obtson,每每看这种款，都能重逢自个儿的这副铁石心肠。,2,较差,76,0.9338105713619927
"
                    2016-11-14 20:29:12
                ",焚紙樓,呃，從小就患了「一碰人類就會死掉」病的傢伙，在山林獨居了十幾年，怎麼可能會有隨便攙扶陌生人的生活習慣？離世前的邂逅與離世後的弔情有四星級甚至五星級的水準，就是這個轉捩點明顯是為事件而事件了。,3,还行,40,3.384300371500615e-06
"
                    2016-11-26 14:03:55
                ",momo,哭的稀里哗啦，很难走出结局的悲伤。多希望结局出现转机，山神被男女主的爱情感动，银没有消失。银摘下面具给萤戴上，吻上面具，我的少女心啊！,5,力荐,48,0.9999999999998788
"
                    2017-02-15 14:45:41
                ",ᥫ᭡້໌,为了能见你，不能触碰你；见到你，忍不住想触碰你。,4,推荐,30,0.005712007747708192
"
                    2020-01-23 00:48:07
                ",连城易脆,又是一部让我感到困惑的电影，中不溜秋的片长要么可以再精简一下索性拍成短片，反正故事那么简单还那么平淡，要么再扩展一下加点情节弄成一个长片，将整个森林和妖精的设定补充完整。日本这类治愈系的【轻电影】真的挺多也挺受欢迎的，但是我看着真的如同嚼蜡，真的就跟吃菜一样没放盐，还是我的口味已经很重了？另外一点，可能是我真的老了，不适合这种青春气息的纯爱片了？依然觉得无法理解不可思议。,3,还行,42,0.9999999979412277
"
                    2012-03-27 15:16:36
                ",蜉蝣,又快到夏天了呀银~……看的我泪流满面，唉，羸弱的少女之心……看完想拥抱！！!~,4,推荐,10,0.9999651243112819
"
                    2020-08-13 01:52:52
                ",pond,没有任何词语能去形容那个拥抱。,5,力荐,51,0.8993051598749066
"
                    2022-02-06 23:46:04
                ",星星被风撩过✨,看的时候脑海中一直反复循环一首诗：“只要想起一生中后悔的事，梅花便落满了南山。”,5,力荐,29,0.9999882495920275
"
                    2013-03-28 11:34:34
                ",bird,有些东西还是一直这样维持着好，一触碰就会消失不见。,5,力荐,19,0.07237313450253902
"
                    2022-02-06 00:18:13
                ",好渋一代男,可能最打动我的就是戛然而止的这个点，我们都曾有许多同行的人，曾以为某个夏天会成为永恒，但失去永远是突然的，我们最终都要带着这份遗憾和记忆义无反顾地生活下去。(但说实话我看的时候好想出钱给他俩买副手套，或者紧身衣也不是不行),5,力荐,32,0.9999911118133038
"
                    2012-02-23 17:20:12
                ",711|湯不餓,http://www.tudou.com/programs/view/1fnj4luBypI/,5,力荐,25,0.5
"
                    2012-02-28 22:00:51
                ",沉默的若亚,无法触到的便是最美好的，触到了，梦也醒了,5,力荐,25,0.9082070758632601
"
                    2012-09-26 17:00:20
                ",Panda的影音,2012.09.26：无法触碰的爱~~ —— 2016.08.01：⒈果然比起TV版动画，一般情况下还是更喜欢画面更精致的电影版/剧场版动画一些；⒉难怪看《夏日友人帐》的时候会觉得画风气质跟《萤火之森》挺相似，因为它们拥有共同的导演「大森贵弘」；⒊可能是跟喜欢的人在一起时那种幸福感使得他们即使做无聊的事情也会感觉很有趣吧？…… 附注：在注册「豆瓣」迈入第6年之际，终于给【Panda的阴影】添加了无法更改的域名「PandaMovieMusic」！—— 惊喜：时隔多年意外发现本片有国粤日三语中字版，果断下载收藏起来。—— 2024.03.10：《萤火之森》是如今「豆瓣电影 Top250」中片长最短的一部作品。,5,力荐,7,0.9999999110012047
"
                    2022-05-08 21:43:12
                ",Louise_lin,不需要很符合逻辑，只需要唤起藏在内心深处的眼泪，就足以成为一个很好的艺术作品了。,3,还行,16,0.9999993942461615
"
                    2021-04-17 07:13:36
                ",托尼·王大拿,为的就是最后那一哆嗦,5,力荐,15,0.5
"
                    2012-05-17 13:02:57
                ",ღ 狐不悔，,萤，现在你可以扑过来了喔.,5,力荐,14,0.08261926409518916
"
                    2022-01-15 01:50:20
                ","杉小爱|好姑娘,咱们走起来",完整的拥有即是失去,3,还行,5,0.9637451721442044
"
                    2021-01-18 21:45:10
                ",Nah_,要是放高中看怕是要在qq空间立刻写一篇伤春悲秋的日志了，可惜年纪大了有点消化不良,4,推荐,23,0.9950368106108674
"
                    2016-01-03 22:38:20
                ",冰红深蓝,那年夏天，这片森林。1.明媚忧伤的纯爱动漫短片。2.真·触不到的恋人，一生一吻。3.虽然没被赚到泪水，但莫名地喜爱这个故事，说明我原来还有少女心么？4.配乐营造的氛围感恰到好处，清新美好却略带酸涩的回忆。5.结尾还真未猜到。（8.5/10）,5,力荐,8,0.9999999999447822
"
                    2022-04-27 21:08:59
                ",屹青,年复一年的夏天，森林中的邂逅，无法触碰的爱恋，铭记一生的拥抱。,5,力荐,26,0.9999818579316165
"
                    2022-06-27 21:52:47
                ",瀚海星辰,一个人类女孩和森林幽灵谈恋爱的故事，幽灵想要留住女孩心中初恋的美好，即使没有意外扶住人类小孩，他也会在下一年的夏天主动拥抱女主的，钓鱼的时候他也说过一次，长久地没有感情地活着，还不如为了短暂的温暖和爱而牺牲。而且这段注定没有结果的爱情，男主选择牺牲自己，也是为了成全女主。最后他说出，我终于可以拥抱你了，化成了晶莹的萤火虫。妖怪们最后也感谢和祝福了女主，因为她给男主带了快乐和温暖。对女孩而言，她说过“在我们分开前，我们要好好珍惜现在共处的时光”，尽管最后恋情无果，但这是她心中一种缺憾的美好，纯真的初恋，最后，她抬头走向了新的生活。,5,力荐,10,1.0
"
                    2020-03-15 10:46:40
                ",豆友50809981,看似意外的触碰，却隐藏着必然，如果不是早已经不再排斥，如果不是打心底渴望，或许就不会有这样的下意识和发现后的情绪自然和流动般的释然。动画永远不会展现给我们的，或许也是它想留给我们的，是这淡淡的释然与克制背后，银和萤有怎样深炙的感情。,5,力荐,3,0.9999999999943607
"
                    2012-03-02 12:58:17
                ",啊鲨里瓦鲨里瓦,少女心%>_<%,3,还行,1,0.9716529459347013
"
                    2020-09-07 02:28:13
                ",雁鸣时代,"中规中矩小短片而已，怎么就刷成top120了？只凭着每年夏天一起散散步，看看风景就积累了深厚的情谊，实在无法令人信服，铺垫缺失。
阿金，不要忘记我的点滴，不要忘记。时光总会让我们分离，但即使如此，直到那一天都让我们在一起吧。
永远不会忘记的拥抱，是你让我曾有过怎样也不想结束的夏天。
",5,力荐,21,0.9999999999379723
