time,uname,comment,star,title,support,sentiment_score
"
                    2009-11-26 12:32:09
                ",Zero-_-,太感人了，在电影院笑着哭了。 男主角演的太好了。在美国看的第九部电影。,5,力荐,950,0.9987854751831602
"
                    2010-04-09 14:21:55
                ",十个斗的眼窝浅,我从未有过这个——一张床！,5,力荐,772,0.19059107551130638
"
                    2010-03-13 02:15:09
                ",蚂蚁没问题,一开始，老师那里我以为会有冲突，结果没有，兄弟姐妹那里我以为会有不愿意接纳他的意思，结果也没有，夫妻会因为到底要不要收留他而激烈争吵，最后居然还是没有，没有，都没有，这是一部有很多很多好人的电影，看电影都说喜欢看冲突，可是真的关心一位角色的话，我愿意看到他生活在这样的世界。,4,推荐,5588,0.9999861620007899
"
                    2021-02-04 21:29:50
                ",浅眠未安,"为什么你要去密西西比大学？
因为我的家人都在那读过书",5,力荐,758,0.9857763889258521
"
                    2010-02-05 14:58:36
                ",大奇特(Grinch),比我期望的还要好，一个基于真实故事改编的好电影，励志、温情+美式幽默。妈妈不是自私的功利心，而是真诚付出，呼吁有能力的人们拿出自己的力量拯救那些边缘孩子。桑德拉.布洛克给出了她职业生涯中最好的表演，但仅仅是突破称不上很出色，不过仍然希望上帝把今年的小金人赐给她~,5,力荐,573,0.9999999990805701
"
                    2010-04-02 11:18:56
                ",Q。,关键是你是什么人，还有就是你想成为什么样的人。ps，不管是否太美式温情励志，但他始终是真实发生并且存在着的事情。★★★★,4,推荐,1459,0.9604980528692562
"
                    2010-03-15 08:47:38
                ",L***,啊哈啊啊 只要每个富婆都献出一点爱 世界将变成美好的人间,3,还行,1586,0.9939700299726788
"
                    2010-04-04 23:04:13
                ",Nov-L,給劣評的人們新賽季開始記得要去看看烏鴉隊的比賽！！！,5,力荐,243,0.062375733324044336
"
                    2022-04-15 12:02:37
                ",流星主义,"复读一下这段话：
一开始，老师那里我以为会有冲突，结果没有，兄弟姐妹那里我以为会有不愿意接纳他的意思，结果也没有，夫妻会因为到底要不要收留他而激烈争吵，最后居然还是没有，没有，都没有，这是一部有很多很多好人的电影，看电影都说喜欢看冲突，可是真的关心一位角色的话，我愿意看到他生活在这样的世界。

正因为这些我想象中的冲突没有发生，我才对这部电影充满好感。",5,力荐,150,0.9999999406173421
"
                    2020-12-30 21:26:39
                ",可乐太冰,也不知道说啥，但愿每个被遗弃的孩子，都能像Mike一样遇到温柔的人吧,5,力荐,119,0.9566447049164273
"
                    2022-07-20 17:04:25
                ",深白色,美式鸡汤太励志了。但偏偏是真实存在的事。这种小概率事件不足以成为普遍模范，却可以温暖人心。,5,力荐,52,0.9263206864020439
"
                    2011-08-21 22:17:47
                ",方枪枪,看起来很轻松也很温情的一部电影，恍惚之间已然到了凌晨一点，但却一点也不疲惫，这就是电影本身带给我的乐趣和消遣吧，美好的故事，美好的人物，一切都恰到好处的得意表达和诠释，温情橄榄球，是的，温情，最后再看看布洛克的微笑，就把好久没有打出的5☆力荐佳片投给这部有着美丽故事的电影了,5,力荐,58,0.999999999999998
"
                    2017-04-01 17:16:55
                ",倩婧箐菁靓,很有正能量，人与人之间的缘分也很奇妙的，电影的剧情细节能打动人，值得二刷,5,力荐,55,0.9999979321829957
"
                    2010-06-16 04:15:32
                ",岛上的夏奈,看到一半的时候我想为这装逼温情打二星，但看到结尾发现竟然是真人真事，好吧，人性还是光辉的，四星,4,推荐,1078,0.9808120112318073
"
                    2012-09-04 22:00:08
                ",Lynndia,赞，,5,力荐,4,0.9178743961352657
"
                    2011-01-29 14:06:56
                ",独立日,太感动了,5,力荐,1,0.782064823407764
"
                    2010-06-11 22:02:59
                ",菠萝,一个橄榄球员的出众励志片,5,力荐,2,0.9310519096098014
"
                    2009-12-15 22:16:26
                ",皮皮鲁西西,傻大姐傻大婶和傻大个儿，统统都爱！,4,推荐,626,0.08439109911874887
"
                    2013-11-16 21:56:40
                ",卢十四,看了觉得假，但它居然是根据真事儿改编的。这让我感觉很复杂。,4,推荐,586,0.35354826436049946
"
                    2010-01-07 14:49:53
                ",阿诺说,虽然看不懂美式足球，可还是很被打动，看完之后，觉得黑人也不是那么可怕的。,5,力荐,1,0.4541611283724244
"
                    2012-01-30 07:52:16
                ",皮卡丘薯条大王,哭得一塌糊涂 稀里哗啦,5,力荐,7,0.49445213770909635
"
                    2017-03-06 09:46:33
                ",昵称被占不开心,桑德拉布洛克的演技，莉莉柯林斯的惊艳,4,推荐,191,0.9341904894419263
"
                    2009-12-10 06:03:04
                ",亵渎电影, 桑德拉布洛克 迎来事业第二春！,4,推荐,51,0.8014269925013294
"
                    2010-01-20 21:03:06
                ",米粒,本来四颗星 看到片尾的那些真实照片真是忍不住~很感人，桑德拉布洛克很赞！,4,推荐,38,0.9978340925208472
"
                    2017-04-01 21:36:12
                ",半城风月,励志温情，值得一看。,4,推荐,28,0.9426883535286221
"
                    2010-03-11 22:06:24
                ",荔枝超人,其实跟拿最佳影片的The Hurt Locker是一样，都是美国佬用来自恋的。你们都好温情，你们都好有爱，你们都好福音，OK？,3,还行,271,0.9999659542157574
"
                    2010-03-18 01:27:00
                ",曾经,生搬硬套的温情，牵强附会的励志……,3,还行,230,0.6191987148068283
"
                    2009-12-18 10:15:32
                ",浑浊儿,感人吗好笑吗,3,还行,188,0.8777795419739077
"
                    2009-12-27 22:35:34
                ",焦瑷,打一两星的人是人生多loser多难被打动啊。,5,力荐,8,0.9396108702315077
"
                    2010-03-10 16:49:05
                ",城南草木生,就桑德拉布洛克这么一角儿，绝望主妇里随便抻出来一位演都可以，伊娃朗格利亚都比她有戏，而且不会是一张打针打到表情异常淡定的脸，看了这个就明白为什么成长教育能入围了，那个姑娘在里面的演技完全在桑德拉阿姨之上，遇上好剧本前途无量,3,还行,102,0.9999999656292821
"
                    2010-03-18 19:51:06
                ",二甲,我在寻思，如果把巴洛特利的人生事迹改成电影，绝对比这个有意思多了,3,还行,92,0.9993975329461947
"
                    2009-12-14 21:32:22
                ",蹄蹄,可能是因为字幕太烂的原因导致我听到和看到不一致的时候直接脑子混乱掉，觉得没有想象中的那么好，倒是最后出现故事原人的照片的时候哭得淅沥哗啦……,3,还行,59,0.01378332423060269
"
                    2010-01-03 23:38:04
                ",战国客,不能说好，但也不能说差，就是吧，挺没劲的 ,3,还行,41,0.005349215192736345
"
                    2010-02-06 09:08:05
                ",神迦乐小舞,“假“，“大”，“空”铁人三项第一名，你圆满了。,2,较差,376,0.7417687962560686
"
                    2017-04-01 13:49:42
                ",可缓缓归矣,励志的成长史,4,推荐,19,0.9846496748983599
"
                    2010-02-01 14:05:27
                ",Anubis,不咋样。。。,3,还行,26,0.0691861819084012
"
                    2010-01-04 23:16:22
                ",杨迪,豆瓣上面的剧情简介存在很大问题。,4,推荐,16,0.9736777989053622
"
                    2017-03-31 11:17:40
                ",(๑⁼̴̀д⁼̴́๑),"真实
感动",4,推荐,27,0.9553820152995214
"
                    2012-02-25 00:36:19
                ",巴喆,"美国人用心灵鸡汤似的电影占领我们的内心。陶西太太大概真的是天使吧，如果真的如此，地球人都后悔自己投错胎了。“我想你做你自己想做的事情。It's your decision, it's your life ！”温情的美式励志片，生活多美好啊，来吧，来美国吧！7.1",3,还行,21,0.9999999759316806
"
                    2015-03-08 15:23:21
                ",哪吒男,上帝为你关了一扇门，然后把所有窗户为你打开。流浪儿进入一家教会学校，从此他的人生开挂了，好老师、好教练、好收养人、好兄弟姐妹……最后成为一代运动明星。,3,还行,15,0.9999977366020225
"
                    2010-04-10 17:48:23
                ",饮歌,09年最温情最感人的正片之一！超推荐，虽然有点晚···,5,力荐,2,0.99611816682349
"
                    2017-04-01 15:15:43
                ",一颗栗子,很温情的电影，和常见的美国大片不一样,4,推荐,26,0.9929756536216449
"
                    2019-09-10 22:49:23
                ",是王帅傅,极度政治正确的白人至上主义，耶稣视角的白人救赎，当代文化奴役,3,还行,10,0.9997802897113925
"
                    2010-01-16 11:24:29
                ",大宸,多希望我也能陪着你，看完你每一场比赛...,3,还行,11,0.9539609436756467
"
                    2012-02-16 05:39:26
                ",北极熊7,遇見女神,5,力荐,0,0.2603248344210546
"
                    2013-01-31 17:31:53
                ",叶洲,又是好莱坞温情主旋律，看上去脱离现实，不过也不算过于甜腻。桑德拉布洛克的表现也只能算合格，奥斯卡影后略显名不副实。倒是那个安静的大个子挺招人喜欢。同其他真人真事改编电影一样，最感人的地方是片尾的真实人物照片 Lily Collins,3,还行,8,0.9999345860756939
"
                    2017-03-31 19:50:33
                ",╯^╰,剧情不怎么喜欢,3,还行,16,0.6474518121943431
"
                    2017-04-01 17:23:18
                ",苏晓晓,挺励志的,4,推荐,18,0.6990084174756402
"
                    2012-09-19 10:45:51
                ",麦子,很不错哦，推荐,4,推荐,2,0.9469337643297971
"
                    2009-12-24 21:55:58
                ",影志,"比烂片更浪费时间的，就是这种平淡无奇、冗长缓慢的美式温情励志。“我向你保证，你打的每场比赛，我都会为你加油。但我不会穿的太招摇，不会大喊大叫，也不会太疯狂…我想你做你自己想做的事情。It's your decision, it's your life”  shit !!!",2,较差,214,0.7257807918550263
"
                    2010-03-03 00:01:07
                ",ℨℨℨ,烂片，虚伪，鼓吹。豆瓣“励志”标签下就没部好的么！,2,较差,114,0.03383769054949837
"
                    2019-03-14 18:39:34
                ",之晨,"7.3
他个头很高显眼却很安静，脏兮兮的短袖短裤运动鞋是一身的印记，文化课不好却有心有猛虎细嗅蔷薇的品性，东西都能收拾干净，对视为己出的人会守护到拼上性命，命运的改变是与白人精英的相遇，吃穿住行接受救济，白人家庭成员与他没有摩擦产生间隙，白人老师对他的学习给予鼓励，白人教练和队友为他的无坚不摧感到高兴，真正坑他的是与他肤色相同的兄弟，这是黑人版的《公牛历险记》，尽管知道是真人事迹，还是不自觉的认为白人在秀优越性。",3,还行,6,0.9999999965912207
"
                    2010-03-04 00:25:03
                ",A-sun*,MIKE出生的家庭背景本应是一个悲剧，但是幸得人性的尊重与正确的监护得到了转折。但在影片的末端插了一段阴谋论我觉得完全没有必要，或许导演觉得整部片励志得太笔直了所以非得弄点戏剧性。还有，我以为这是部说橄榄球的电影，但不是，这部电影满满的人性温情。还有，SJ太棒了，这小屁孩！,4,推荐,15,0.9999999973423797
"
                    2017-04-01 07:39:05
                ",美美哒Cindy,很不错啊,4,推荐,7,0.9200760629671317
"
                    2010-07-10 01:09:10
                ",幻影刺客,美国人救济黑人，真是奥斯卡最佳“和平”“人道主义”奖啊！,3,还行,3,0.9400385576472369
"
                    2010-04-25 16:17:59
                ",陳小明,Sandra Bullock 拿影后是因為她好運接到這片 事實上她演技一如既往的差,5,力荐,0,0.26062021185987116
"
                    2017-04-01 13:47:15
                ",小雨沙沙地下,片子一般吧,3,还行,20,0.7333333333333333
"
                    2012-05-24 12:04:37
                ",廢柴光,励志片，还好吧。,3,还行,0,0.6779597931494725
"
                    2014-08-23 00:33:35
                ",可风,柯林斯的千金真的是巨漂亮！,3,还行,1,0.8162912637950986
"
                    2010-03-10 20:51:27
                ",冰山李,真想给个四星呀，可是就看不惯倒叙,3,还行,2,0.2212224706881063
"
                    2017-04-01 15:34:27
                ",红色的狐狸,励志，温馨，搞笑，无聊的时候看吧，不用想太多,4,推荐,15,0.33051489822347846
"
                    2016-03-31 22:09:53
                ",倒长的树,"其实美国人是喜欢收养孩子的这是事实
但是太温情了，让我觉得有点假。",3,还行,3,0.9940622004157337
"
                    2012-01-16 16:06:24
                ",杰德的十四行诗,低调，Sandra演得很低调！,5,力荐,0,0.7066590941313037
"
                    2011-09-20 20:22:54
                ",我还是我,x  一家人真心地接纳了麦克尔奥尔。从此大个儿的人生改写，很温情。,3,还行,1,0.9993294702441017
"
                    2010-03-15 22:33:25
                ",九尾黑猫,演平凡人是最不容易的，你得让人信服、喜欢，记住你，又不能太花俏,4,推荐,6,0.7839152533040001
"
                    2012-11-21 22:39:45
                ",🐳 居北望南 9¾,昨天看了一部收养的惊悚片，今天看了一部收养的温情片。这里没有坏人，大家都品德高尚，为了黑人孩子好，无处不闪现着人性美的闪光点。看了很温暖，很幸福，很开心，简单也很好。,4,推荐,1,0.9999999998775226
"
                    2011-09-13 15:43:33
                ",七色潜水艇,相当平淡的励志体育片。,3,还行,0,0.5160644158633778
"
                    2010-06-16 09:58:04
                ",Charles,看完后心里暖洋洋的。真不错。,5,力荐,1,0.9913740661240406
"
                    2011-09-03 23:57:06
                ",七月,我愛善良的你們。,5,力荐,0,0.9701450363952554
"
                    2010-03-28 20:17:44
                ",Lucifer,故事性，感情都很充足啊,4,推荐,1,0.9945861690562914
"
                    2010-03-10 19:49:04
                ",pabhassara,好看。,5,力荐,0,0.7112462006079026
"
                    2010-02-08 12:12:44
                ",凹凸代餐,大笑姑婆不演得挺好的。那些因为之前的傻大姐形象就极力否定她的人何必呢。只是还是希望她别拿女主。不然要被口水淹死。还是给梅姑吧。奥斯卡欠梅姑太多,4,推荐,1,0.6586978631534829
"
                    2016-09-28 23:11:29
                ",左胸上的吸盘,作为一部糖水味呛鼻子的白人圣母片，我看前半段布洛克一家收养大块头黑人的戏笑了几次，倒不是嘲笑，但也挺尴尬的，布洛克在这片里的表演基本是个美国政委啊，熟悉的感觉，亲切的配方。后半段开始打橄榄球了也没什么看点，其实这片子的唯一看点就是怎么呈现球赛，但是比那些体育电影差太多了,2,较差,12,0.9998876216166733
"
                    2010-04-01 22:08:10
                ",小米=qdmimi,桑姐，老到不能露了也学会演戏了……,4,推荐,2,0.8863074467741884
"
                    2010-03-11 07:07:43
                ",hildgard,太爱这一家了,5,力荐,0,0.48196121763507027
"
                    2012-08-12 01:18:14
                ",比宠物还天真,充满了正能量！,4,推荐,0,0.9295084029593733
"
                    2010-05-09 17:37:00
                ",影子的影子,要不是因为超级可爱的SJ，我估计只会给两星。剧情的转折都太直角了，人物很脸谱化。我还是觉得Sandra的表演没什么特别大的突破，比起梅姑真是差远了。也许因为这片子代表了真正的美国梦才让评委们更自恋吧。比起电影本身，片尾那些真实的照片让我更感动。那种幸福淡定的表情不是表演可以比拟的,3,还行,1,0.9999873299524512
"
                    2010-04-16 21:01:21
                ",金英俊,The.Blind.Side.DVDRip.XviD-DASH,4,推荐,2,0.5
"
                    2013-07-11 22:36:56
                ",掉线,【B】桑婆的角色太讨巧，男主演极差，很容易猜测故事进展的传统美式励志温情片，虽然烂俗做作但只要好看我还是很乐意好评的，可电影演了大半正当我满心欢喜的等待着情感积蓄到最后一刻爆发时，它居然阳痿了！,4,推荐,3,0.9999893600132723
"
                    2010-01-02 02:48:49
                ",莱尼圆,整体不错的美式温情剧。成功的两个重要条件：天赋加运气。不得不让人羡慕片中美国家庭和学校的教育方式。影片很容易塑造白人救世主的主题，但或许这也是我们对白人群体的刻板印象，不应该把这种印象无差别应用到个体之中。既然是真人真事，影片的这种主旋律政治正确也无可厚非，甚至在美国种族问题愈演愈烈的今天，越发弥足珍贵。和影片中的大麦克一样，桑德拉布洛克也是赶上了好时候，把握住了这个天赐良机。,4,推荐,6,1.0
"
                    2023-02-14 10:02:58
                ",欢场华佗,放在2009年的话绝对是正常的电影，但如今用政治正确的眼光去看，这就是一堆善良，富有的白人拯救了一个出生于贫困家庭的黑人的故事，由于是真实故事，这方面其实没啥好说的，不管是啥种族的人做的，好事就是好事。只是本片中的一切似乎都顺利了一点，本片男主角人物原型表示不喜欢本片，有很多地方太不真实，而且对他的职业生涯造成了负面影响。的确，本应该专注于他的角色的，却成了赞美白人善心的故事，的确感觉有点怪。布洛克的角色其实并不突出，表演也配不上奥斯卡奖，那个小孩子倒是演得很棒。莉莉·柯林斯很漂亮。,3,还行,3,1.0
"
                    2011-09-17 17:53:05
                ",我爱大猪宝儿,傻人有傻福~~by the way，这妈也太辣了~~,5,力荐,0,0.2672390104624961
"
                    2010-02-20 20:04:19
                ",小塚ai艾,喜欢电影结束后的人物原型照片，很感动。片中..桑德拉布洛克的发色好怪；小儿子好可爱；女儿好漂亮~~,4,推荐,0,0.9999978216663767
"
                    2012-05-22 21:32:50
                ",枕,跑到楼上瞎转的时候就坐那看完了电影……,3,还行,0,0.9283734532739022
"
                    2011-04-04 17:12:52
                ",[已注销],还挺不错的，平淡中的精彩,4,推荐,1,0.9921438586214186
"
                    2009-11-28 13:56:04
                ",猪大腿,这么有气势这么有潜力的前三分之一，最终仅仅演化成一部合格的感恩节电影，实在太可惜！另，假使未来我辅导某高中生取得大学入学奖学金并怂恿其申请SFU而不是UBC，那么我还违法了？！,3,还行,1,0.6883102210757691
"
                    2010-03-08 19:53:45
                ",南团,拿影后有点牵强,3,还行,0,0.20075524165803815
"
                    2011-06-15 11:17:23
                ",郭襄和杨过,小温情,4,推荐,0,0.8512893278972657
"
                    2011-09-23 05:05:13
                ",Singin'in rain,非常感人，特别特别喜欢那个胖子,4,推荐,0,0.9953117099942153
"
                    2012-05-23 13:40:35
                ",闫某某在放空,对这类的剧情完全没有抵抗力啊...,4,推荐,1,0.7231521361193904
"
                    2012-05-22 23:18:54
                ",沫.泡泡,每个人都在自己的世界里扮演别人代替不了的角色,4,推荐,1,0.9921559134067156
"
                    2012-05-23 13:11:21
                ",春后的火华,不错的片子。真实得让人感动,4,推荐,0,0.9971816274669558
"
                    2011-05-26 17:51:09
                ",一條魚佔滿了河,質疑不是無故來的，Sandra Bullock片中表現值得給一個Oscar影后提名，但尚達不到一個影后的水準，只能慶倖當年同提女演員均沒有突出表現。影片提名最佳影片，但水準不過是一部標準化體育勵志片，劇情均在預期內，夠溫情不夠驚喜，還不如把提名讓給《A Single Man》。,4,推荐,1,3.844134174202374e-06
"
                    2009-12-29 17:12:45
                ",Lan~die,温暖的感恩节大餐。这么善良贤淑又热辣的妈妈真是让人艳羡，不过咱妈妈也很好，回头再听遍世上只有妈妈好~,3,还行,7,0.9999997053072223
"
                    2011-10-16 20:23:16
                ",阿毛,母亲太强势,3,还行,0,0.78853130748689
"
                    2009-12-31 16:18:56
                ",三淡发,一般吧，有点煽情，有点假,3,还行,0,0.5221136101164411
"
                    2017-04-01 18:57:32
                ",牵不到的爱,相信每个人都能绽放属于自己的光芒,4,推荐,11,0.9289885198362092
"
                    2010-06-08 00:23:13
                ",许侠客,难道是传说中的“美国梦”？,3,还行,0,0.5608514142706659
"
                    2012-06-14 11:13:05
                ",shelley,相当一般啊，这个家庭是不是太完美了一点感觉相当假,3,还行,1,0.664368745735543
"
                    2011-05-20 11:52:46
                ",摇滚玄奘,挺温情的，感觉还不错。可就是不够有亮点，就是说好也说不出好在哪里，温情但不够让我感动，励志但又无法让我激动。就像千霈の華山蝶说的，感觉还不够。,3,还行,0,0.9997845907799349
