time,uname,comment,star,title,support,sentiment_score
"
                    2006-11-06 10:42:26
                ",张天师,真希望世界像它描述的那么美好,5,力荐,1546,0.9807294639686885
"
                    2006-09-11 17:38:57
                ",2013,原谅我，我真的不知道它好看在哪里。,3,还行,733,0.5083774902266531
"
                    2018-05-17 16:08:15
                ",挽梦忆笙歌,雪绒花这首歌太熟悉了，玛利亚老师真的是一个与众不同的家教老师，她用她的爱她的音乐感染了上校一家，让原本枯燥无味的家变的活泼充满音乐和欢笑的家，真的是一部很经典的片子,4,推荐,430,0.9999999996097058
"
                    2006-02-03 22:37:43
                ",薇羅尼卡,很棒的电影，唱段经久不息，流传至今。,5,力荐,1267,0.8501088448032732
"
                    2010-12-31 08:29:28
                ",赱馬觀♣,经典迟观，竟也分次完成。除三个小时确实太长，很重要的一点：这是一部优缺点非常突出的电影。优的部分如此之优。哆来咪雪绒花孤独的牧羊人，密集在60到90分钟时段。只要回想史上经典歌舞片留下过几首脍炙人口的歌曲？雨中曲第二首名曲叫什么？音乐之声仅用30分钟就奉献了足以同竞三甲的作品，足见伟大。可另方面，用以产生名曲的故事进程老实说有些乏味。反纳粹题材框束了某些情绪抒发是一方面。另外在角色层面上，上校的性格太硬太矜，普卢默高富帅却不够引人；玛利亚也只在与孩子相处歌唱时才显魅力（安德鲁斯的爱戏普通），俩人吸引动情的火花不够，加之竞争对手女侯爵被刻意处处下风，即使情路曲折，也无法让观众更多移情与期待。七小孩倒是展现了差异之趣，却局限在年龄和形态，性格或情感好恶上还是偏于单调——凭啥一定要“都”爱玛利亚？,4,推荐,186,1.0
"
                    2006-06-05 19:39:14
                ",superfei,从小看到现在，大概有50遍了吧。,5,力荐,1189,0.7317534447908759
"
                    2018-04-29 10:53:22
                ",翠蝶🌸羽生✨💫,我是先喜欢里面的一首歌才来看这个电影的。里面的歌舞不错，故事也挺正能量的，如果老师都用爱来教育培养孩子，那孩子们就太幸福了。,4,推荐,84,0.9999999881120586
"
                    2018-02-13 01:56:18
                ",秋瞑,里面的音乐真好听，女主挺阳光的，小孩子也很可爱，经典音乐剧。,4,推荐,51,0.998713088342945
"
                    2018-09-18 09:59:45
                ",托尼·王大拿,最开始是小时候是听了一盘所谓的外国优秀影视音乐磁带，其中打头阵的便是《哆唻咪》和《雪绒花》两首；后来又在电视上断断续续看了好几遍，却总是没有留下整体的印象，最后便是此次完整的重看，真是一种固执而坚强的原始性单纯美好，鲜艳的色与柔和的光好生温暖，亦是好莱坞传统歌舞片的最后高峰。,4,推荐,20,0.9999999999987617
"
                    2009-03-13 23:21:57
                ",战国客,难以被超越的音乐剧经典~~,5,力荐,1204,0.9414003293428624
"
                    2013-03-17 19:27:24
                ",巴喆,里面的音乐剧已经载入教材，《哆唻咪》《孤独的牧羊人》《雪绒花》《音乐之声》等歌曲至今让我们耳熟能详。而更让我动容的，是隐藏在音乐背后的那博大而深沉的爱。最后特拉普带领他们逃到广袤而无限秀丽的阿尔比斯山脉，那是从专制走向了自由。8.8,5,力荐,610,0.9999999999999039
"
                    2005-08-22 15:53:52
                ",boks,需要温习,4,推荐,51,0.33333333333333337
"
                    2012-02-25 14:15:20
                ",白发生,温情四溢、沁人心脾的音乐电影，经典的一塌糊涂。,5,力荐,764,0.9991728490982305
"
                    2016-11-03 17:20:10
                ",股神看不懂,还记得是音乐老师放给我们看的，真的好好看，真希望现实生活和剧里描写的一样和谐,5,力荐,568,0.9999080364927442
"
                    2011-10-10 20:41:13
                ",Panda的影音,有悦耳的音乐相随，有动人的情感相伴；有政治但没有阴谋，有战争却并不残酷；不愧是一部极佳的音乐电影！——《音乐之声》上映50周年纪念日 2015.03.02 重温：在玛利亚的身上看到好些我自己的影子，喜爱大自然、喜爱音乐、带孩子们愉快地到处玩乐、教孩子们唱歌、……，这一遍的观影真是满满的享受呀！,5,力荐,405,0.9999999999999916
"
                    2005-07-28 15:17:51
                ",影志,用音乐化解仇恨，让歌声串起美好。,5,力荐,614,0.9985219683582006
"
                    2018-04-27 17:58:16
                ",快乐人生,经典之作，其中反纳粹，追求自由，积极乐观的生活态度，至今仍打到人心，激励和鼓舞一代又一代的人。,5,力荐,382,0.999999995804137
"
                    2018-04-25 22:03:39
                ",偏要勉强,音乐剧中最经典的了吧，难以超越，里面的音乐至今仍广为流传。,5,力荐,204,0.9936963055926448
"
                    2017-02-15 18:36:45
                ",石头星,风景、音乐、唱功、家庭、爱情、教育、幽默、优雅、爱国、反战、男神、女神 演技什么都有了。,5,力荐,160,0.9999999527716328
"
                    2008-03-30 17:09:24
                ",Lan~die,居家旅行必备良药~,5,力荐,252,0.9230082061572623
"
                    2018-05-17 16:24:54
                ",波波维奇,经典音乐剧，剧里的世界很美好，喜欢《雪绒花》这首歌。,4,推荐,20,0.9999342593231001
"
                    2017-02-18 16:08:30
                ",斑斑点点,非常经典的音乐剧。但是我只喜欢看上半部。,4,推荐,27,0.8883917779142635
"
                    2021-08-03 13:03:31
                ",CJ Bryant,修道院不是让你逃避的场所，而是让你鼓起勇气，直面人生困境的摇篮。任何时候都不要放弃，音乐给你宽慰，给你勇气，给你向前的力量。爱情的流逝，似落花流水，潺潺之声不绝，但落花已远，流水无情。面对纳粹强权，对国家信仰依旧，纵使翻山越岭，也要逃离那至暗时刻。以音乐为媒介，影片介绍了德奥合并背景上尉一家人祸福相倚、荣辱与共的家庭命运，表现了在国家危亡时刻忠贞不渝的品质，用音乐表达心声，传达对和平的歌颂，对战争的抵制。,5,力荐,75,1.0
"
                    2010-07-26 21:58:14
                ",Ｍ．,我们班唱这个拿合唱节特等奖= =,5,力荐,23,0.9342984917934595
"
                    2018-01-17 12:17:54
                ",婷婷爱八卦,会好看的电影，音乐非常好听，男主角的小孩真多啊！好可爱,2,较差,125,0.9952368099527047
"
                    2017-03-18 19:38:49
                ",啊啊啊啊啊,我可能不太爱看歌舞，太繁琐啦了,4,推荐,28,0.31810240792579636
"
                    2018-04-26 07:58:52
                ",做一件事很难吗,"
影片上映后当年票房达到1.59亿美元，一举荣获第38届奥斯卡金像奖十项提名并获得最佳影片、最佳导演等五项大奖，写下了好莱坞影坛历史性的一页 
",4,推荐,17,0.9905128202235518
"
                    2018-04-29 11:08:56
                ",宁宁,片里的歌曲雪绒花很喜欢，很好听，虽然是喜剧片但是反映的是严肃深刻崇高的人道主义！,5,力荐,39,0.9978376337797992
"
                    2015-04-01 15:27:42
                ",冰红深蓝,1966奥斯卡最佳影片，好莱坞歌舞片没落前的力挽狂澜。片中《音乐之声》《雪绒花》《哆来咪》《孤独的牧羊人》等都已成为影史经典原声。奥地利和阿尔卑斯山风景美如画，柔焦镜头和温暖明亮的配色让人赏心悦目。尽管是略显俗套的主旋律剧情，对抗纳粹戏份的悬疑氛围和爱国情怀为影片加分不少。（9.0/10）,4,推荐,41,1.0
"
                    2020-01-06 23:50:46
                ",夏日的小西瓜,4.5星。初二的时候，音乐老师在大阶梯教室里给全年级同学放这部电影。我一直以为自己没看完，直到今天看到最后一幕，才意识到那时候我已经看到了结局，只是对结尾部分的大约半小时的剧情不记得了，才让我多年以来误以为这部电影在我这儿未能列入已观看的序列中。多像某份感情啊，怀揣多年等一个结局，其实也许那个时候就已经是终章了吧。说回来，电影很纯净，最喜欢男主家的房子、花园，太美好了。院长修女是灯塔一般的存在：遇到困难，勇敢坦然地面对。大概是一部会一直鼓舞我的作品。,5,力荐,8,1.0
"
                    2017-11-16 17:15:06
                ",南悠一,2017.11.15是为记。再看时，关于我为什么至今还单身这个问题有了答案。大概我是那个伯爵夫人，并不真的热爱生活，同时我还没她那么有钱（分别时她提到了钱）。小时候真的不曾喜欢和注视这个配角，现在靠移情理解，她的形象太立体了，她不是坏女人，她是现实，反而女主角则更像过度美化的梦。,5,力荐,26,0.9999964345800703
"
                    2016-11-30 02:49:24
                ",amelin,"音乐，让世界更美好。
很经典的音乐电影， 现在一想起它就想起了lei yi ou du lei yi ou du lei yi ou的旋律。
愿每个人能在繁杂纷扰的世界里有自己的一片净土。",5,力荐,38,0.9999956876873889
"
                    2018-04-25 10:03:36
                ",哈哈哈啊啊啊,经演不衰的故事，传唱深远的插曲，都很经典。这是我看过的第一部歌舞电影，时常回味。女主人公青春活力，对待孩子，对待生活，对待爱情的积极态度如同温暖的阳光感染着我。,4,推荐,26,0.99999999999975
"
                    2011-05-08 23:51:22
                ",前海一支剑,高中时候一面学英语，一面感受影片那如诗如画的美景以及人物那美轮美奂心灵。这是一部健康的电影、高尚的电影，脱离了低级趣味的电影！,4,推荐,11,0.9999516868624622
"
                    2017-03-18 15:30:02
                ",我的天呐,歌舞剧挺喜欢那部歌舞青春的,5,力荐,16,0.9999675662441138
"
                    2018-04-24 08:30:50
                ",醉里挑灯看花,教育是鼓励与宽容，很经典的一部电影，还有经典的音乐。,3,还行,37,0.9999479651531527
"
                    2013-02-19 06:52:41
                ",a little mark,小的时候在电视上断断续续地看过无数次，今天才终于完整地看了一遍。那些耳熟能详的歌谣也不觉得有好听，电影过于四平八稳反而没亮点了。虽然Maria性格招人喜欢，但我还是更喜欢表面工于心计其实心地善良的男爵夫人，不是帕克的话我也不会想重新找来看的= =,5,力荐,14,0.9962744879207767
"
                    2008-04-26 12:31:30
                ",粟熙,从三岁开始看，至今看过次数最多的电影，每一首歌都会唱，我不管什么蜜糖或是虚假，我就喜欢怎么招,5,力荐,36,0.5476551323577531
"
                    2018-04-27 11:19:20
                ",👹天神的审判,是部音乐剧，整体上比较轻松欢乐，影片中玛利亚是一名家庭教师，她有一颗包容善良的心，她用自己的智慧解决了对孩子教育的问题，让孩子从原来的调皮捣蛋变成了聪明好学。,5,力荐,25,0.9999999390299562
"
                    2018-04-26 08:03:37
                ",夕梨,读书时音乐老师放给我们看的，一部经典之作,5,力荐,27,0.9819507698637205
"
                    2015-08-05 11:50:13
                ",哪吒男,纯洁多无趣，善美多乏味，《音乐之声》却创造出一个充满真爱又引人入胜的触手可及的理想世界，再愤世嫉俗的人看《音乐之声》也会露出温柔的微笑。,5,力荐,22,0.9999504460036368
"
                    2008-03-19 00:38:43
                ",九尾黑猫,我的经典。,5,力荐,43,0.7606837606837609
"
                    2018-04-27 18:41:43
                ",遇见彩虹🌈,超治愈的作品。里面的音乐特别好听，《Do-Re-Mi》英语老师在课上经常放！,5,力荐,23,0.9845304322346311
"
                    2017-03-18 12:47:00
                ",红色的狐狸,小的时候老师给看的，很久很久了印象还是很深，真的很美好,5,力荐,24,0.999424231404543
"
                    2018-06-03 01:36:47
                ",芊颖,真的很棒啊，很好看，歌也好听……听歌的时候QQ音乐有歌手的图片，有点惊讶 但是想了想时间，也就懂了……只是有点感伤，有点羡慕她们老了还有这些证明着她们的优秀与美貌，挺好,5,力荐,13,0.9999999979008114
"
                    2017-03-12 21:25:35
                ",mingjoyce,看了一次一次又一次，看了幾百次都不會膩！怎麼有電影可以拍得如此……，即使過了50年還是沒有時代感的隔閡！怎麼有歌曲可以寫得如此……， 首首好聽，沒有一首歌是不抓耳不動人的！,5,力荐,19,0.0005232442951721428
"
                    2017-03-18 20:58:45
                ",豆友153586472,以前还小，老师放给我们看的时候并不觉得有多经典有多好看。现在长大了，才学会……,5,力荐,18,0.9978141661628571
"
                    2012-12-21 23:29:23
                ",朝暮雪,歌曲改变人生。,5,力荐,27,0.9892673639438654
"
                    2018-04-27 22:03:29
                ",烟雨墨冷竹离殇,治愈的音乐剧，非常美好非常经典,5,力荐,15,0.9507626606943795
"
                    2019-10-15 19:25:41
                ",神仙鱼,长大重看，当然会发现几处关键转折的简单粗暴，剧情进展的冗长乏味，但并不影响对于用歌声传递「真善美」的单纯表达方式的全盘接收，更何况那一首首皆是如此不灭经典。It's the power of the music. ,4,推荐,3,0.9999102802033129
"
                    2020-02-07 18:58:36
                ",火娃,6/10。空间、光线的运用优美，玛丽亚推开紧闭的铁栏门，走进空旷的房子中间，脚步撞击地板发出响声，她情不自禁来了两个舞蹈动作，弯起腰撞上满脸怒气的上校推开房门，上校内心就像这个空荡沉寂的空间、被带来生机的玛利亚踩踏着；玛利亚为逃避爱情回到修道院，阴影遮蔽的室内玻璃窗透射出半菱形的光亮位置，身着灰褐色的玛利亚和妈妈唱着歌靠近窗户，光与影的对比象征真诚是打开心灵之窗的钥匙；剪影式的亭中相吻与大女儿花园幽会的夜景布光一致，只为人物轮廓用光，暗背景中局部照明渲染了深沉、愉悦的情感；逃亡的歌唱比赛，上校一家站的舞台光线很强，黑暗的四周密布着纳粹的监视，充满了不可预测的威胁。剧作太古典容易看困，都是将大麻烦变成主角未来生活的发展，譬如七个孩子的捣蛋、上校的严酷管理，被善良的玛利亚一一化解使她改造和融入环境。,3,还行,11,1.0
"
                    2011-08-21 03:44:50
                ",阿奇波尔德,由商业化接生的我们真能感受出老片的魅力那就太不容易了，能从你的出生年电影开始感受魅力就已经很不错了,4,推荐,4,0.9999861390427531
"
                    2023-03-15 21:02:58
                ",山下猫,可以边看边跟着唱的电影。小时候先买的丁建华和乔榛配音版的磁带，后来买了《疯狂英语》有这部电影原声的那期磁带，所以大部分歌曲和台词都能跟下来。十一二岁听觉记忆拔群，当年应该认真学习，现在徒有仲永的悲伤。阿尔卑斯山大好风光迷人眼，真人演出童话感。简爱的阳光歌舞版，鳏夫同样不愿忆起亡妻，妻子挑选的主要标准还是适合做孩子们母亲。上校的好莱坞的charming耀眼失真地就像大柔光。男女主在河边吵架听觉上就像duet，Julie台词功力不必说，剪辑和对白编辑也有功劳。把16岁大女儿唱作empty page想在上面书写的17岁少年放弃了初恋，履行对大统领的忠诚。最后躲入修道院，弹幕总结得好：“修道院的高墙不是用来逃避问题的，是用来逃避敌人的”,4,推荐,1,1.0
"
                    2017-03-12 10:06:27
                ",╯^╰,很美丽的一个故事~电影中的很多歌曲现在听来也是那么的动人，不愧是经典。,4,推荐,9,0.999998774171294
"
                    2018-04-27 22:36:44
                ",幸存者,当上帝关上一扇门，某处他打开了一扇窗。,5,力荐,17,0.014590025593732903
"
                    2014-11-07 00:48:43
                ",Clash-Cash-Car,又看了一遍高清蓝光版 才想起来 原来 嗖 是缝衣服的针啊 拉 还是他的跟班吗 仔细想想真奇怪啊 美国当时就这么国际眼光了 居然会拍一部阿尔卑斯那边民族音乐味的百老汇一样的片 最后深谋远虑 卧底很久 给孩子们成功音乐洗脑的 猪脸得卤老姐 成功变身成此家女主人 不知道以后还会不会带着孩子们 哆啦咪了,5,力荐,9,0.9999972760337112
"
                    2017-03-18 15:01:24
                ",爱吃烤鹅,经典的歌舞剧，白看不厌,5,力荐,24,0.6652058291854083
"
                    2018-06-03 08:37:25
                ",一起吃地瓜,经典音乐剧，好喜欢雪绒花这首歌，第一次听是中学英文老师唱的。,5,力荐,11,0.9995528794376728
"
                    2015-07-31 18:04:30
                ",方枪枪,简单纯朴而不复杂的故事，优美而旋律飘飘的歌声，可能是我在《雨中曲》之后看到的第二部经典的音乐歌舞爱情电影了。,5,力荐,10,0.9999720220459412
"
                    2017-03-18 22:24:06
                ",趣多多配红茶,经典就是百看不厌，真的超级好看,5,力荐,19,0.8818730892179165
"
                    2017-03-18 21:26:51
                ",小雨沙沙地下,绝对经典的作品，值得反复品味,5,力荐,20,0.9842690859607842
"
                    2017-03-18 22:02:01
                ",桃桃桃跑了,经典的电影，经典的旋律，百看不厌,5,力荐,18,0.9923094388331511
"
                    2007-02-27 19:51:26
                ",眠去,明明是童话。,5,力荐,27,0.8293154273803746
"
                    2011-01-31 15:19:48
                ",周鱼,没想到儿时吟唱的《雪绒花》都能如斯深情 在这个快过年的下午 还有神马比听一场倍儿棒的音乐会 更暖心的事情呢,4,推荐,4,0.9999993175249436
"
                    2019-10-03 16:39:02
                ",高詩遠,《Do Re Mi》《My favorite things》《Edelweiss》这三首太经典了！！片子带给我的感动有两个：第一，玛利亚教育孩子们的方式，可惜现在再也没有人用这么有趣的方法了。第二，男爵夫人决定离开男爵，尽管非常深爱对方也刻意说对方的不好，傲娇地放手。那个邮差也是个很有灵性的角色，前面是个深情的小伙子，后面成了法西斯的一份子，性格也天差地别，还以为最后结局会来个反转呢。修女们也是他们一家的领路人，带来了希望与启迪。,5,力荐,2,0.9999998601639526
"
                    2012-02-10 18:37:28
                ",清玄子,我会说我小时候想要一个像玛利亚那样的妈妈么。,5,力荐,11,0.9797469070480984
"
                    2015-06-17 11:53:40
                ",梦里诗书,那声与影绝佳的契合，放才能诞生如《音乐之声》这般经典的光影典藏，电影不仅关乎情感更还关乎于政治与战争，但其所呈现的一切都是那般的美好，七个孩子天籁般的童声沁人心脾，用音乐所洋溢的情感充沛而真挚，美景美声美乐编织的是一场如此梦幻的至美之境。,5,力荐,6,1.0
"
                    2007-05-12 05:08:41
                ",小斑,这个电影是这样的，小的时候看爱情，大一点开始欣赏歌舞，现在这个年纪沉迷于萨尔斯堡的美景和修道院的宁和。,5,力荐,4,0.9987348208989866
"
                    2012-02-02 21:44:14
                ",🐳 居北望南 9¾,很欢快，虽然电影是HE，但是现实貌似最后女老师被男主甩了= =,4,推荐,0,0.7034098258957918
"
                    2013-08-04 18:18:04
                ",皮革业,看完发现这应该是第一次完整看完全片，歌舞片真是一种特别讲求阵法的类型。感觉歌舞片从那时候已经式微，再没有一千条大腿的气概，也少了金凯利、阿斯泰尔式的舞王。,4,推荐,1,0.999839584003901
"
                    2019-09-09 23:59:22
                ",嘉木,除了纳粹和倒向纳粹的唯一一个小伙子，剧中所有人身上有闪耀着一种明亮的可以称之为“人性光辉”的东西，女主人公就不说了，比如男主人公对暴政的不合作，对亡妻的深情，对子女虽刻板仍然尊重的爱，孩子们调皮但健康的身心，女主人公“情敌”的正直和敏感，管家的忠诚和圆融……甚至，修女都个个善良可爱宗教哲学观现代而成熟，连修道院里都没有一个道德僵化的反派啊！后来想想，毕竟这部电影拍的是二战，而拍摄时，离二战也没有过去多久，大约只有战争才能让人如此渴望普遍的平淡得古典的正面角色吧,5,力荐,12,1.0
"
                    2018-04-28 07:47:03
                ",一蓑烟雨任平生,很喜欢里面的女主人公唱的歌，很有活力，可以使人快乐。,5,力荐,11,0.9999918379487365
"
                    2023-08-07 08:38:23
                ",华夫饼大和平,"以为只是一部简单的歌舞片，谈谈情说说爱嘛，轻松，音乐好听。但是没想到到后段竟然引出了这么沉重的话题。
画面特别美，音乐特别好听。而且一点都不尬。
最后那段是全片唯一安静的一段，但是却是情绪最最紧张的，与其他形成了鲜明的对比。用音乐表达爱，用无声表达专制。",5,力荐,7,0.9999998956394842
"
                    2017-02-14 17:01:23
                ",铃儿响叮当,法国电影中我最爱的一部，看完后心底暖暖的，莫名有种幸福感！,5,力荐,4,0.9999871702478252
"
                    2017-03-18 21:37:51
                ",赚钱最要紧,好电影应该推荐,5,力荐,17,0.9153680780816775
"
                    2021-02-17 22:53:37
                ",冲天小火箭,"哎呀，电影频道居然在放这部
上校真是老傲娇了哈哈哈",5,力荐,23,0.9806104211173305
"
                    2018-09-14 20:45:07
                ",曼仔,歌舞片式微前的回光返照。影片最后半个小时简直像另一个故事。。男主角真的很像Colin Firth，但是老派爱情片儿越来越难以打动我了，爱情（crush）并不necessarily要导向长相守啊，而且我也越来越觉得本性难移，利他是一种罕见的精神，大多数时候也无非是各自满足自己的需求，追求自己理想中关于自我、关于伴侣、关于想要的生活的image。,4,推荐,5,0.9999999984656229
"
                    2012-10-09 16:50:44
                ",我只是只懒羊羊,果然艺术造纸不够，在画面配乐演员极致美翻情况下，还没忍住快进快进再快进，原因是不喜音乐剧，再加上对爱情如此之美的东西融入到无波澜曲折狗血剧集中的不感冒，所以允许我任性的打四星罪过罪过~印象深刻的歌唱片段有：修女合、大女歌、玩偶表演和晚安歌，帅气男主的雪绒花，最后表白的画面构图好美,4,推荐,0,0.9999999999999365
"
                    2016-12-29 19:20:25
                ",大思级,如果说音乐是无国界的语言，那么真挚的感情就是直通心灵的钥匙。经典音乐片。,5,力荐,5,0.9990330999917226
"
                    2014-08-07 10:32:44
                ",铎奇,没有理由不给满分吧……不给满分简直是反人类。如果感到任何厌倦，那是因为已经在后来的影片中被致敬了太多次。而且每个角色都好可爱。还有My Favorite Things啊。,5,力荐,5,0.999814066227373
"
                    2012-11-12 08:41:50
                ",楚神轩,"not my type. I give it four, just because I believe the public.",4,推荐,0,0.027192356780931015
"
                    2011-11-16 23:43:24
                ",青,人生看的第一部电影，印像非常深刻，好像是上小学之前看的还是小学的时候看的。。。。至今还能记得剧情和很多画面~好想重温啊~,5,力荐,0,0.9999677638497247
"
                    2018-04-01 15:04:47
                ",tangerine,小时候在音乐课上看过无数次片段，今天终于一睹全貌，一想到它就是无忧无虑的快乐，看来爱笑的人运气果然不会差。不过没想到的是，它的最后三十分钟居然如此悲哀，不断提醒着你过去的欢乐，反顾现实的凄凉。这，就是杰作，五十年的岁月一点也没能消减它的魅力，反而更凸显了它的珍贵。,5,力荐,2,0.9999999642366197
"
                    2010-09-24 12:20:07
                ",=_=秋叶,Maria教育小孩的方式是尊重对方意愿、给予足够的发展空间，她与上尉的相处模式是尊重与平等。而女爵与男主之间不过是政治利益结合罢了，不可能长远的,5,力荐,1,0.9999975464966223
"
                    2014-10-26 20:52:43
                ",[已注销],是我人生中喝到的第一碗洋鸡汤。同时她与茜茜公主也成功安利了年少无知的我：奥地利才是欧洲唯一仙境。莫扎特故乡萨尔斯堡在片中美轮美奂。刨去歌曲、城堡、风景，就是一个灰姑娘翻身的故事，大概就是另一个版本的《简爱》。三俗的真善美。,5,力荐,4,0.9999999705827121
"
                    2010-05-25 13:12:49
                ",强尼 走着,很小的时候，电视上分成上下两部来演。看了上部盼星星盼月亮等着看下部。很嫉妒弟弟在红五月能唱《孤独的牧羊人》。时隔多年后终于看了完整的音乐之声，却觉得下半部枯燥无味，昏昏欲睡。多年以来我真的把这当做一部单纯的音乐片。,4,推荐,0,0.999999999714817
"
                    2010-12-09 22:44:48
                ",么妮,"2019.7.22 音乐 爱情 幸福的家庭 坚持 信念    无比治愈和美好2016.5.14 美好",5,力荐,0,0.9999747958180186
"
                    2018-06-03 09:34:39
                ",愿赌服输,高一的时候音乐老师放给我们看的，歌剧形式，歌真的很好听了。,5,力荐,4,0.9966889737059675
"
                    2017-03-27 07:44:51
                ",甜椒Oli,不喜欢这种 把外在事物夸大影响人生的东西 我就是不接受教育批评还不喜欢别人给我灌鸡汤 ,4,推荐,5,0.2329005899936082
"
                    2019-12-07 23:57:44
                ",春和,"  拉低评分挺于心不忍的。。。一直希望能提高电影评分的，但是五星只能就给最爱的！
  啊，还是五星吧，唱词用心了，选角用心了，我太爱男爵夫人了！高贵仙女姨姨，形象还讨喜，和舰长在一起配一脸啊！劳夫这个人物设定也很用心。开始以为只是个丑小鸭逆袭的爱情片，喜欢的是丑小鸭还是丑小鸭，第一次暗示舰长对待德国的态度是就猜到了是包袱，没想到后面会铺这么大，格调一下子上去了。
  最大的惊喜就是那个音符歌，就是我六年级的时候在家新买的电脑上学英语听的歌啊！！我听到的时候真的震惊了，这种感觉，与尘封已久几已永远忘记的记忆吻合，我刚才为什么想打四分啊？揍死你！
",5,力荐,4,0.9999999878531848
"
                    2012-01-31 17:12:47
                ",瑞鶴,音乐之声的男主角是奥匈帝国一次大战时的王牌艇长冯特拉普男爵，那个电影里说的也都是真人真事。,5,力荐,3,0.9277368027721334
"
                    2010-03-05 20:20:05
                ",serenity never,多亏了中小学音乐课，该片前后两部分认知度有落差,4,推荐,0,0.8949369065817917
"
                    2010-10-05 10:54:53
                ",老泰瑞,真正优秀的电影，是能够彻底的感化人的心灵的。昨晚看的，即使今早加班，耳边仍然荡漾着悠扬的歌声愉悦人心。这部影片的OST已成为公认的经典，但是直到亲自看了才发现画面也是那么美，故事虽然简单但是充实。值得回味。,5,力荐,0,0.9999999999861757
"
                    2018-06-18 01:10:46
                ",小重山,不是不能接受音乐剧，但本剧情节浮夸，人设僵硬，男主的情感突变，女主的心生爱慕都很不合理。后面三分之一的逃亡稍微生彩一些。我一向不因老片就无原则放宽底线。老片子只能是标准从宽，也不能是没标准。萨尔茨堡回来后看的，还是有点温馨。本想行前看但没空。,3,还行,15,0.6368496428869771
"
                    2012-05-20 11:25:51
                ",Aubrey,老爷子年轻的时候，还真没联系起来！,4,推荐,2,0.7621601359216591
"
                    2010-04-09 21:37:16
                ",独行侠杀手阿何,以音乐教化孩子，以音乐牵起姻缘，飘飘仙乐很是动人。,4,推荐,1,0.9985827012168621
"
                    2017-10-23 17:03:38
                ",张苑希,世界级经典歌舞电影，其乐曲的流传程度之广，歌舞与剧情的契合度之高。自然流畅，温情动人，不仅描绘了个人与家庭之间的羁绊，其后更上升到政治立场、民族大义的基础上，首尾呼应的歌唱比赛更完美融合时代背景，可以说是那个年代人们对于真善美追求的最佳诠释。,4,推荐,0,0.9999999999999951
"
                    2011-10-04 21:56:38
                ",荼笑,首首曲子都是经典，太难得...初中在外语校还演过上校，真是太糟蹋了T_T,5,力荐,0,0.9164241166057252
"
                    2007-04-15 23:57:02
                ",Bill,小时候看了很多遍 一直很喜欢里面的音乐 后来长大了 也读懂了故事中更深刻的道理,5,力荐,0,0.9999946747379359
"
                    2017-03-27 07:44:51
                ",甜椒Oli,不喜欢这种 把外在事物夸大影响人生的东西 我就是不接受教育批评还不喜欢别人给我灌鸡汤 ,4,推荐,5,0.2329005899936082
"
                    2015-07-29 15:37:06
                ",影毒肥佬,"感人经典音乐剧歌舞片 去年有重映, 我看了.再重映重看,再感動一次!!  忽發奇想,  香江可以買版權重拍!!  有山有水,  香江人生的小孩不止7個,  也能歌(粵劇)善舞(北派武打), 也有修道院,  也有不少家庭請了家庭老師,  當然買了版權, 不是唱大戲, 把原曲全加上粵語歌詞,不少曲目已改編過粵語的感覺....",5,力荐,0,0.020829885756922684
"
                    2021-10-10 14:31:35
                ",一二三四卌,如果单从电影角度来看，样貌、地位、学识、财富…男爵夫人都是如此得完美。家庭的厚重，七个子女是她不可逾越的障壁。她洞晓人心，聪慧得让人心疼。强势的男人终究不爱同类。可惜啊，爱情里面没有先来后到，不被爱的才是第三者。 ,5,力荐,5,0.9999998959833966
"
                    2009-12-05 12:55:53
                ",菲布理佐,"it`s amazing,音乐剧经典起来真是其他类型电影所无法比拟的。音乐之声充满着心灵时，邪恶，堕落，贪婪又有什么可以畏惧的呢。",5,力荐,0,0.9998547586518485
"
                    2017-03-19 17:25:11
                ",完颜穆尔登格,发型也太重要了呀，朱莉·安德鲁斯在Mary Poppins里那么好看，这个老气短发这么难看。,3,还行,3,0.3079855472107962
"
                    2010-03-05 20:20:05
                ",serenity never,多亏了中小学音乐课，该片前后两部分认知度有落差,4,推荐,0,0.8949369065817917
"
                    2011-05-04 22:43:16
                ",烟视媚行,哆来咪，哆来咪，多来米发嗦啦兮。永远的哆来咪，雪绒花，还有窗帘布做衣裳。还有孩子们演木偶戏时的那首羊绵绵歌。,5,力荐,0,0.9999931118733217
"
                    2008-12-12 17:00:03
                ",囍夭夭,剧情和人物设定都太简单了吧，也许小一点看之前没有听过原声会比较好呢。现在再看就觉得单纯得令人发指并且主旋律痕迹过重而显得尴尬呢。。。,3,还行,1,0.8576154247232419
"
                    2013-09-16 12:06:12
                ",Carpe Diem🧐,有爱情，有亲情，有友情，有信仰，有……从小看的电影，每次听到里面的旋律依旧会觉得美好,5,力荐,0,0.9999995717682553
"
                    2012-05-20 11:25:51
                ",Aubrey,老爷子年轻的时候，还真没联系起来！,4,推荐,2,0.7621601359216591
"
                    2011-11-20 18:16:07
                ",大象也是只猩猩,"Perhaps I had wicked childhood / Perhaps I had a miserable youth / But somewhere in my wicked, miserable past / There must have been a moment of truth ",5,力荐,0,0.0006334835655303905
"
                    2010-12-15 01:34:47
                ",按下葫芦浮起瓢,刚看完蓝光版，觉得自己仿佛从来没看过此片一样！好像还是小时候在CCAV的『译制片』节目里看的，情节早已忘却，只有美妙的歌声还在记忆深处。近三个小时的片长，居然一点都没感觉！,5,力荐,0,0.9999726062529901
"
                    2010-04-09 21:37:16
                ",独行侠杀手阿何,以音乐教化孩子，以音乐牵起姻缘，飘飘仙乐很是动人。,4,推荐,1,0.9985827012168621
"
                    2006-06-02 15:13:21
                ",badapple,片子其实我很喜欢，但不幸让我知道了电影后面真实的故事，只好把遗憾转移对电影的评价上。,3,还行,0,0.9994408259073013
"
                    2017-10-23 17:03:38
                ",张苑希,世界级经典歌舞电影，其乐曲的流传程度之广，歌舞与剧情的契合度之高。自然流畅，温情动人，不仅描绘了个人与家庭之间的羁绊，其后更上升到政治立场、民族大义的基础上，首尾呼应的歌唱比赛更完美融合时代背景，可以说是那个年代人们对于真善美追求的最佳诠释。,4,推荐,0,0.9999999999999951
"
                    2012-06-02 01:18:52
                ",游牧,When the Lord closes a door，somewhere he opens a window。,5,力荐,0,0.147186021335178
"
                    2011-05-03 01:35:16
                ",小醉仙,小時候不知道這片價值觀有問題啊，只覺得有點怪怪的。現在才發現，女主角不就是小三上位嘛。。。雖然性格很可愛，但原則上真的一言難盡。男主角也是，變心了就該勇敢承認並承擔後果，怎麼還能繼續坑人家呢？不愛人家訂什麼婚？,4,推荐,0,0.9987272487289206
"
                    2015-03-03 01:06:25
                ",猪头妖怪,还是开头修道院的戏最好看，最后要嫁接上这么一个勾连着时代背景的结尾就显得太生硬了。但如果要为这个结尾铺垫得足够充分，那整部戏恐怕又会成为另外一个样子了吧……,3,还行,2,0.9999988511037846
"
                    2014-12-24 20:42:34
                ",qw0aszx,从当年我爸给我放盗版DVD到今天在电影院看4K版本，《音乐之声》也随我走过十多年了。还记得当初没有MP3就把那些歌自己录到磁带里后天天用复读机听，而今天却在全景声厅里享受着歌声。这也算是见证了我自己的一段成长历程了吧。 --2015.6.19,5,力荐,2,0.9999999982116066
