time,uname,comment,star,title,support,sentiment_score
"
                    2012-02-27 22:33:01
                ",张天翼,对残障人士最大的尊重，就是不要把他们当做残障人士。尊重比爱和同情心更高等级,5,力荐,8690,0.5288760917071339
"
                    2012-02-16 21:05:30
                ",LORENZO 洛伦佐,我想每个人都至少有这么一个挚友，你和他/她在人生的拐点遇到，惊叹于彼此的不同或者相似，有过不少平淡无奇却值得纪念的时光，ta会将心比心，为你的哀伤扼腕，为你的快慰击节，更会在ta的心里，为你留下那么一块永恒的位置，任白云苍狗，风云变幻。 ,5,力荐,7540,0.9999999987847163
"
                    2012-07-23 22:35:48
                ",Dr希鲁鲁克,给领导做一万件好事不如陪他做一件坏事,5,力荐,6110,0.7899550263143058
"
                    2013-05-20 10:15:12
                ",小岩井,不怜悯是种更高级的尊重,5,力荐,4273,0.6661079386549521
"
                    2012-02-16 18:57:55
                ",吉云,今年看的第二部佳片。茫茫人海，两个截然不同的人相遇，你改变了我，我改变了你，相逢的人会再相逢。关于社会的贫富差距、青少年犯罪、种族歧视这些虽没有明说却在暗中映射，以此来烘托角色。富豪有钱却残疾不快乐，黑人贫穷却有一颗善良乐观的心。ps:Ludovico Einaudi的配乐很加分！,5,力荐,2810,0.9999999999754206
"
                    2012-02-13 22:37:33
                ",桃桃林林,音乐真棒，看到最后有些意犹未尽。很舒服的电影，故事有趣又会带些感动。两个完全不同世界的人，因为教育、知识、习惯等各种不同造成情节冲突及笑料；而彼此的影响和同化则是感动的部分。对于菲利普来说，有时需要的未必是小心翼翼的服侍，而是像对待普通人一样的无歧视对待。,4,推荐,5726,0.9999999999968947
"
                    2012-02-19 12:39:34
                ",艾小柯,轻松诙谐，很有趣的搭档故事。但叙事浮于表面，人物塑造脸谱化，故事缺乏真实感（尽管是据真事改编）。弗朗索瓦·克鲁塞和奥玛·赛的表演动人，但受剧本限制人物缺乏层次。过分中正的温情。3.5星。,3,还行,797,0.9999988532221508
"
                    2012-02-18 00:41:41
                ",匡轶歌,开怀大笑一整场，最后却蓦然飙泪。身份、地位、财富、性格、教养、爱好、年龄，各方面皆如此悬殊的两人，磁场却契合完美。无论爱情友情，所谓好的、有爱的关系，是两个人都在关系里感到开心融合、自由释放、并因而成长。什么是灵魂伴侣？这，就是传说中的，灵魂伴侣。,4,推荐,3553,0.9999999999999993
"
                    2011-11-05 03:26:36
                ",饭团,原声实在是棒！两个演员都很精彩 完全是笑声和泪水齐飞的电影！！！,5,力荐,2371,0.9959482078618007
"
                    2012-02-16 21:51:04
                ",晚安好运©️,某个人在不经意间走进你的生活，他和你不同阶层，不完美，甚至有不少讨人厌的毛病，但是长期的相互信任和理解成就了一段真挚友情，也给两个人的生活都带来了阳光。把德瑞斯的原型改成黑人使对比更强烈情节更戏剧化，也让这段超越种族的友情更感人。影片里乘着滑翔伞在山谷中翱翔那幕太美了……,5,力荐,1754,0.9999999999999996
"
                    2012-02-20 03:32:33
                ",psycho DC,黑&白，老&少，超越种族和阶级的友情，感人至深的温情，细腻动人的剧情，以及极赞的电影配乐，不禁让人想再次回味...,5,力荐,1119,0.9999999999478797
"
                    2012-04-03 17:29:35
                ",思考的猫,乐而不淫，哀而不伤，碰到达到这种境界的生活喜剧是件幸事。,5,力荐,930,0.9969448172221749
"
                    2012-05-29 20:06:40
                ",司令,残疾高帅富与乐观男屌丝的旷世友情。,5,力荐,579,0.9938496154846297
"
                    2018-03-29 07:56:28
                ",铃铛,有时，你必须进入别人的世界去发现自己的世界缺少什么。,5,力荐,438,0.9851758485302717
"
                    2012-03-10 11:36:59
                ",白日美人_S,身边的人换了又换，最了解我的还是你。,5,力荐,374,0.3937522695282313
"
                    2012-02-15 09:32:14
                ",浅苍,毫不基情的友情片！,4,推荐,2883,0.9224079213568623
"
                    2023-06-13 11:28:36
                ",o.m.,“铁生，踢球去！”,5,力荐,220,0.8401556761116937
"
                    2012-02-14 20:43:03
                ",Q。,去年的法国票房冠军，来自于一个真实故事的改编。少有的不刻意煽情，原声很棒，一个老套的故事竟能讲的如此有趣，还总能时不时惹人发笑，让人感动。最后字幕拉起时，仍在回味并享受那种喋喋不休与法式优雅情怀。有时，也许你给我的，是所有人都无法触及到的。★★★★,4,推荐,1924,0.9999999999999911
"
                    2018-01-14 16:13:01
                ",ZWW,黑人小哥总是能轻而易举哄得菲利普开怀大笑，看似截然不同的两个人，但心灵的契合度却如此之高～为这段跨越阶级的友谊喝彩！,5,力荐,298,0.9999818083126053
"
                    2012-02-19 17:26:32
                ",琦殿,但你们真的好容易被感动哦。,4,推荐,867,0.9486162231896141
"
                    2012-02-14 03:43:11
                ",大奇特(Grinch),高雅喜剧，黑与白分别代表两种被法国社会所孤立的特殊群体，他们相互嘲讽，是用法国社会的嘲讽来引领观众对使角色的认同；他们相互扶持，融为一体并重新融入社会。通过片尾我们了解到原型是白人，片中改为黑人一是能够起到对角色的随性化处理；二是对于第三第四代非裔法国人渴望融入社会的渴望。,4,推荐,774,1.0
"
                    2012-02-13 11:40:57
                ",齊克斯尼力佐飛,其实是一份无甚惊喜的叙事和感动。,4,推荐,595,0.9878071057344732
"
                    2012-04-03 02:23:21
                ",chaaaaad。,又被神话了的电影。,3,还行,511,0.9096523107432393
"
                    2012-05-18 00:40:10
                ",bamboo,是关于阳春白雪怎样与下里巴人和谐融洽的故事么  黑人大哥完全集中了所有的笑点与哭点  没有大起大落没有波澜曲折 却甚是好看,5,力荐,196,0.9829311677968613
"
                    2017-03-10 14:48:06
                ",甜椒Oli,生活很孤独。爱人知己无法触碰触不可及。,5,力荐,162,0.9996379272422159
"
                    2012-02-13 18:28:54
                ",亵渎电影,就像Ludovico Einaudi的钢琴配乐，古典，氛围，轻易就可以打动人心，我对于此人的印象，还停留在【这就是英格兰】电影原声阶段。欢乐和温情并存的法式温情喜剧，台词很精准，刻画人物的同时还让人捧腹，力道精准，火候尚佳，这应该就是点到即止的魅力！高雅和喜剧细胞还真不是随便就能学来的。★★★★,4,推荐,496,0.9999999999779376
"
                    2012-12-25 22:24:07
                ",影志,“真正的残疾并不是坐在轮椅上，而是失去她。” 当你真正适应一个人后，任何人都是取代不了的。艾迪·墨菲与罗伯特·德尼罗不得不说的故事。,4,推荐,382,0.9892472132570768
"
                    2011-11-27 07:45:53
                ",弗朗索瓦张。,看预告片还觉得这么老套。没想到这是我第一次在法国看到数次笑出声的电影，第一次全场满座我买到最后一张票的电影，第一次看带字幕的法语电影(聋人专场)，没想到摄影如此唯美合我胃口，没想到难舍基情如此动人。你们懂的。尤其是最后换谁都不要的那段，简直了。PS:白人男主角像张国立。,4,推荐,241,0.9954721908556732
"
                    2012-02-25 21:42:15
                ",同志亦凡人中文站,这是两种截然相反的人生和性格碰撞在一起迸发的光亮。因为剥离了怜悯而显得更加不卑不亢。真人真事无疑有加分。然而假使小黑没有在野蛮和暴力外保留那份本来的善良，well，这一切恐怕永远都不会发生。,4,推荐,152,0.9999741853254954
"
                    2012-06-24 11:24:18
                ",易老邪,以调和阶级矛盾为旨的片子必以强调阶级差异为乐。,3,还行,332,0.4988486641660562
"
                    2012-04-07 22:22:23
                ",风间隼,宣扬阶级调和的励志片，从立意到手法都很平庸，不明白怎么那么受欢迎。,3,还行,210,0.8980094838723217
"
                    2016-12-23 15:50:07
                ",木由,不自觉地和Me Before You对比。最大的差异是对于生死的选择，最大的共同点是帅且多金。为什么不拍一部残疾+穷人的电影呢？想想也挺悲哀的，毕竟拍了也没人爱看。因为我们总是自动屏蔽渺无希望的生活。即使这样的生活被编剧改编得大爱无疆，也会使我们直面藏在骨髓里的冷漠，太不可爱了。,5,力荐,94,0.9999993270540245
"
                    2012-02-16 01:24:16
                ",时以星,好看又感动。粗朴但善良的心灵，与细腻却退缩的灵魂的对话。人生行到某个阶段，影响你的，改变你的，往往不是那些长期陪伴在身边，以为已经了解你熟悉你的人，而是另外一种人，带着他的生活观，他的眼睛和心来给你一种全新的角度去了解生命。不是每一个人都能幸运遇到他的黑先生，幸运的是我们有电影。,4,推荐,159,0.9999999999999978
"
                    2012-11-03 21:36:42
                ",樹一,每个人都是一个容器，你的容量决定了朋友的品质。所谓的人文关怀不是给予同情和物质帮助，而是尊重每个人平等享受生活的权利。,5,力荐,141,0.9999906843476181
"
                    2012-02-17 11:50:24
                ",Connie,还是有钱人爽,3,还行,179,0.574549474228723
"
                    2012-02-15 09:57:29
                ",花儿果果,即使拥有高雅的修养，敌国的财富，也抵不过触碰自由与激情的内心渴望。音乐很棒啊。,4,推荐,134,0.9999995530330813
"
                    2015-07-15 22:20:30
                ",西楼尘,这样的故事如何来建立价值认同？残障人本身得是个富可敌国的大富豪，出手阔绰黑人才肯勉强戴上手套给他掏屁股。护工得语出惊人似乎做真实自己就可以得到钱罐子青睐。富豪连脑门上都刻着人傻钱多，如果这样的设定都能让一大波人悟出人性，拜托以后看到霸道总裁爱上灰姑娘的时候别忙吐槽，尝个鲜乃常情。,2,较差,214,0.9999824416097567
"
                    2011-11-02 06:42:33
                ",TORO VAN DARKO,欢笑和感动并存的优秀法国喜剧，两个各方面都天差地别的人碰撞出层出不穷精彩捧腹的笑料，同时影片中感性动人的段落也恰到好处，触动心弦又不会显得刻意或过头。影片主题对症下药，法国观众自然爱到不行。原声很赞。,4,推荐,99,0.9999999999964873
"
                    2012-08-07 15:58:17
                ",朝暮雪,温柔，可以化解肤色和阶级的隔阂。,4,推荐,85,0.99411787744044
"
                    2012-03-26 04:01:26
                ",罗弘霉素,有感动的地方，但是没有影评来的那么夸张，只能说这个电影看着很舒服，音乐很棒。,5,力荐,100,0.9932228405951612
"
                    2021-03-12 14:14:29
                ",愤世嫉俗,"""因为他不同情我""",5,力荐,105,0.6536312849162014
"
                    2021-09-01 14:13:43
                ",谢飞导演,      补看这部豆瓣排行26，评分9.2的法国电影，IMDB排行46，评分8.5。是部不错的作品。虽然是真实事件改编，但还是太“甜”了，技法上也没有什么突出或过人之处。我的打分不高。看来这两个国内外观众的打分排行榜，还主要是反映了当前大众的欣赏口味。,3,还行,102,0.9997098140142436
"
                    2023-08-30 17:54:30
                ",lion,最后一幕人物原型出现的时候，我突然觉得，哇，这种理想主义拉满的故事是真实存在的，世界真美好。,5,力荐,53,0.9994600990188988
"
                    2012-02-15 22:14:27
                ",欢乐分裂,对于过于完美的想象，我总是心怀恐惧。,3,还行,107,0.9922621937415125
"
                    2017-03-12 22:27:46
                ",爱情海,音乐很棒，故事有趣与感动并存。两个完全不同世界的人，因为教育不同、阶级不同、习惯不同，相处之间造成冲突及笑话，而对彼此的影响和同化却是感人的。,5,力荐,42,0.9999965979244788
"
                    2012-03-10 21:08:59
                ",fany,没有想象中那么牛B啊。,3,还行,106,0.7788647546759476
"
                    2012-03-26 11:35:27
                ",乌鸦火堂,见识了传说中的神作，并非传统的法国喜剧，而是那种笑中有泪的电影，平淡的故事中透露着质朴的真情，始终散发着一种摄人心魄的魅力，欢笑场面很多，但最终是那种笑着哭的感觉，非常精彩的法国片，音乐动听，画面美丽，佳作一枚,5,力荐,48,0.9999999999999998
"
                    2012-07-25 22:16:21
                ",荔枝超人,法国《失恋33天》，全是聒噪无趣的对白和装模作样的悲喜交加。,2,较差,51,0.798582613976296
"
                    2012-12-26 12:48:48
                ",芦哲峰,只有在这种极端的对比之下，我们才能看清：财富并非万能，健康无比重要。一具病体，连灵魂都不得安宁。,3,还行,52,0.9556148366463086
"
                    2017-01-25 22:56:09
                ",老袁,低俗让人快乐,4,推荐,65,0.7696219058731397
"
                    2012-09-23 07:44:55
                ",米粒,倒没有觉得这是个多让人感动的故事，但这种人与人交往中学到的珍贵的东西，才是最让人感同身受的地方。而且这是个真的故事啊。这种缘分，真的是一辈子的财富,4,推荐,60,0.9999999868614302
"
                    2022-09-04 21:26:56
                ",又青,笑点get 不到，剧情不吸引人，节奏拖沓，主角人设也很难让人喜欢……黑人普信男还没礼貌，白人换护工了莫名其妙对负责任的新护工发火……虽然人和人是有磁场的，但是大可不必如此没有礼貌……不是很懂这部剧的三观，以及想要表达的东西。尊重比同情更重要，但是礼貌待人不正是尊重吗？不是只有没边界感的友情才是友情。唯一可以夸的是配乐还不错，无法理解评分这么高,3,还行,58,0.9999999992241924
"
                    2012-04-23 22:51:15
                ",九尾黑猫,他很有钱，而他什么都没有，但是他们忘了无论面对什么样的逆境都能开怀大笑，是种无价宝，千金不换。你说它美得像个童话，但它真的发生了，就存在于这个世界上。童话，生活，不过是相同风景中不同人眼中的世界。,4,推荐,68,0.9999999955697105
"
                    2012-02-28 21:40:28
                ",A L E X,没有刻意催泪，但那股暖流贯穿始终，真是一部治愈影片，两个人的性格都好棒！一直对黑人带有偏见的我都觉得Driss好可爱！跳伞时的那首Feeling Good配的太好了，那是真正的Feeling Good~~~~,4,推荐,57,0.9999563318938647
"
                    2012-06-15 01:32:51
                ",水木丁,太喜欢法国人的那个劲儿了,5,力荐,46,0.718470282274104
"
                    2022-08-21 05:33:49
                ",jarvia,好想成为主角这样的社牛啊，不见外，精力充沛，不害怕冒犯别人，也不讨厌被别人冒犯，被人拒绝也绝不怀疑自己魅力，遇到不好的事也一笑置之。,5,力荐,55,0.8714160389928842
"
                    2020-02-29 12:06:33
                ",连城易脆,其实最感人的是这部电影改编自真实事件，并非一些人一厢情愿的主观意淫。所以人性中积极的那一面确实是充满光辉的，电影最后的那段长时间的钢琴曲也使得本片更加隽永。相较于美版颜值更高娱乐性更强而言，原版的文艺气息更足，再加上毕竟是第一版，自然也应该收获更多的好评。两个版本情节上最大的差异应该是对于会见女性笔友的处理，原版更多的是留白，而一向不喜欢留白的好莱坞则详细地描写了一番。男主弗朗索瓦真的和达斯汀霍夫曼有些神似呀，海报乍一看真以为是他呢。,4,推荐,24,0.9999999997047728
"
                    2022-12-05 03:59:04
                ",blue,平平淡淡大大方方的讲了一个很好的故事，不需要什么激化矛盾，升华主题，就简简单单的，却让人感觉无比舒适，致敬伟大而真挚的友谊。,5,力荐,40,0.9999999850612269
"
                    2015-05-10 21:35:13
                ",Ocap,3.5。叙事白开水，配乐犯规向。无刺可挑，但也不亮，启蒙时期错过即无感系列。,3,还行,32,0.9902360816155641
"
                    2013-04-28 22:15:10
                ",TISA,你有没有能力去点亮另一个人的人生？,4,推荐,32,0.7917535069980217
"
                    2023-10-27 13:48:44
                ",女斗士使用指南,intj强行雇佣entp的故事…,5,力荐,39,0.7849104391579039
"
                    2012-03-12 11:17:57
                ",原来是西门大嫂,这种题材放给美国人拍肯定会完全不一样吧，当代的法国人拍东西还是太GING太温情脉脉，贱不起来也残酷不起来。关系进展太刻意了，黑人的前史结合的不好，观影过程挺愉快的，但看完了有种无法回味的尴尬感。,3,还行,42,0.9999990736486891
"
                    2012-10-03 00:34:29
                ",novich,理想化的处理不在于剧情，而是对待生命力的演绎。下层移民拥有粗俗蓬勃的力比多，给衰老垂死，残疾的上层文化输血。这个模式近乎D.H.劳伦斯，编剧导演也聪明地利用这个陈腐观念中的戏剧效果。,4,推荐,24,0.999834241044785
"
                    2016-08-16 23:07:25
                ",虚弱橙,豆瓣观影第1000部。比最开始设定目标时候竟然晚了这么多年。唯有超越了同情，才有真正平等的爱。,5,力荐,42,0.999958473746389
"
                    2016-12-03 13:03:05
                ",雨果,看完心里暖暖的。触不可及，多恰到好处的名字。德瑞克和菲利普在身边都没有自己的知己，反而是两个完全不在同一世界的人成为了好伙伴。菲利普需要的是别人不要把他当残疾人对待，德瑞克理解菲利普，不同圈子的人慢慢相互理解，并成为挚友，这比中六合彩都难。,4,推荐,38,0.9999999999538574
"
                    2017-02-04 00:30:00
                ",卡拉卡拉淅沥沥,"      有时候  我们真的需要一个人冲进我们的生活  然后  才知道原来这样的方式会使我们更加的快乐自由        孤独是人的常态  所以陪伴  才显得格外重要吧  如果可以彼此默契 志同道合  这是多么幸运又幸福的一件事啊        大海  蓝天  自由  朋友",5,力荐,49,0.9999999999752935
"
                    2021-12-01 14:57:16
                ",死的蚊,号称真实故事改编，但是看完却并不真心相信。片尾的护工照片是个白人，正片改成了黑人，这算是“刻板印象”还是政治正确？,3,还行,32,0.9783692079754706
"
                    2022-09-04 00:59:20
                ",一条潜水咸鱼🐟,观感极佳的一部电影，节奏舒缓而又能每一个细节都踩在共鸣点上。有和《绿皮书》类似的双向救赎情节，但我认为这部电影在叙事上更加独到而精妙，剧本用了我们在文本中再熟悉不过的倒叙，但是这种叙事感不刻意，让人在平静自然的观影过程中发现前后呼应时大呼过瘾。在不到两个小时的剧情中，能把每个人的性格变化自然生动地刻画出来真不是一件容易的事，「友谊」这个泛而又泛的主题在这部影片的表现中显得不做作而又不落俗套，这才是值得标榜的杰作。,5,力荐,16,0.9999999999999978
"
                    2018-04-04 09:11:21
                ",酒鬼一家小迷妹,"人的一生难得如此挚友。印象很深的是在很多人觉得德希斯不靠谱的时候，菲利普说就是因为他没有同情心才选的他，甚至在看护的时候，德希斯会忘了他在照看的其实一个残疾人。真的是很暖了。
",5,力荐,39,0.9999940553267849
"
                    2016-02-15 20:37:01
                ",维城乱马,以为苦情却是温情而且不乏幽默。伴着熟悉悦耳的钢琴曲开始，劣迹斑斑的流浪汉登堂入室，下里巴人彗星撞击阳春白雪地球，他就像戳穿皇帝新衣的男孩，完全无视上流社会的繁文缛节，普通和文艺青年之间的种种冲突令人捧腹，但话糙人不糙，大俗大雅最终和谐共处。让改变发生，生活中一切皆有可能。,4,推荐,24,0.999999999904222
"
                    2012-02-14 01:00:43
                ",有心打扰,钢琴缓缓流淌的温馨，流行歌曲跳跃的欢快。人生中总是在不可知的位置遇见那个影响自己一生的挚友。,3,还行,24,0.9997626602323546
"
                    2017-03-22 12:50:09
                ",扌丁月佥,真的很搞笑，没有刻意的用眼泪表达男主的不幸，但是男主失落的表情真的让我印象深刻。,4,推荐,30,0.999970099313202
"
                    2012-08-06 17:37:03
                ",荞麦,这才是阶级嘛。阶级不是一个贬义词，只是一个描述。,3,还行,33,0.6969225300617571
"
                    2017-08-15 00:33:57
                ",滚滚的麻麻,没有我想象中的感动，男人之间的友谊还真跟女人不一样。,4,推荐,34,0.9976091865883697
"
                    2017-02-10 14:38:01
                ",月涩,朋友推荐的，很好看！喜欢这种感情细腻的影片能够打动人心。结尾部分赚了我眼泪，被感动到的。这世间的美好！,4,推荐,27,0.9999995707797898
"
                    2012-04-05 20:54:19
                ",亚比煞,谈不上深刻，但还是好看的，被逗笑了好几次，尤其是音乐会，猫和老鼠。整晚一直循环播结尾的那段原声，音乐中安静而汹涌的力量，一次次击中我。,4,推荐,28,0.9996441914959614
"
                    2016-08-07 03:06:55
                ",momo,看过后并没有别人说的震撼，给4星吧,4,推荐,13,0.5641636892749372
"
                    2012-07-21 18:48:01
                ",大头绿豆,❶菲利普们需要的是平静和尊严，这是比源自同情的照料或者有道德表演意味的愚孝更难得的东西。❷德利斯将上层社会装的逼一一消解的过程，是此类题材中最成功的。❸François Cluzet继「小小的善意谎言」后的又一次完美演出。,5,力荐,18,0.9999999999870428
"
                    2012-03-25 21:58:03
                ",思郁,很温情倒是真的，音乐也不错，但是没有传说中这么神吧,4,推荐,10,0.9975917562474736
"
                    2016-04-20 16:29:05
                ",shininglove,非虚构真实事件改编，其蕴含的情感纹路是虚构创作无法比拟的，不同阶级、种裔、文化背景的黑白配碰撞，擦出的火花打动人心。它能持久的留下来，非技法的纯熟，是源于细腻的情感范畴捕捉。,5,力荐,22,0.9999999999690412
"
                    2012-07-07 20:46:13
                ",张熊熊,T^T为什么世界上有电影这么美好的东西！！！！！！！！！,5,力荐,26,0.9471136193996749
"
                    2014-01-28 22:43:17
                ",胤祥,看到片尾原型是突尼斯人而不是黑人，瞬间秒懂片中各种微妙的不和谐感是哪儿来的了。编导实在是要找个身体过于健壮的黑人来形成对比了。文本结构的还算精细，A故事的展开很不错，B故事（黑人小哥这边的高等文化教养）则是意料之外情理之中。影片槽点不少。,4,推荐,16,0.999998299028869
"
                    2017-05-15 22:56:37
                ",柠檬海盐,很好看，超棒，配乐很好听。喜欢,4,推荐,9,0.9831446774977208
"
                    2017-01-29 20:34:25
                ",lostmore,不值这个分数，也就6顶多，也没觉得感人，如果黑男免费照顾他n年，而富翁也不是富翁，那这个才是感动。一切建立在金钱关系上的炫富故事，如果让我感动，那我感动拜金主义？说坐私人飞机去跳伞，几十万买一幅画，还很像郭敬明的故事。,2,较差,33,0.9999994485644633
"
                    2013-03-17 11:46:04
                ",海特,这尼玛也有9.0，这尼玛也能进九强？！,2,较差,20,0.1687895830612529
"
                    2022-09-13 22:04:52
                ",杨迪,都这样了，也绝不让你掉一滴眼泪。生活有意外也有无限可能，我都接受也都享受。,5,力荐,14,0.9999011530650396
"
                    2012-02-23 16:30:52
                ",57,出发之前温情一下。天下最难的是，找到面对我们的天性，甚至释放我们天性的人。这不是一个阶级融合的故事，只是一个巧合而已。,3,还行,15,0.9999956907845062
"
                    2012-05-19 01:14:58
                ",刘康康,由此可见法国人民的文艺其实还是假文艺，骨子里还是喜欢看好莱坞这种温情加点幽默的故事。这片子给我的感觉是音乐真的很棒，演员表演也没说的，但故事其实也就是好莱坞最主流的那一套。所以说人人都爱好莱坞。,3,还行,18,0.9999999999995033
"
                    2020-01-27 20:52:14
                ",Rorschach,3.5 。初看4星，再看下降，现在凭回忆打3分，主要是越来越不喜欢这种想象一番上层生活，然后意淫他们需要我们下层的激情和灵魂来拯救，的主题。,3,还行,25,0.9997778491741565
"
                    2021-03-15 17:35:38
                ",雪球,"黑人政治电影，谁能告诉我这电影是怎么有这么高的评分的？是我见识太过浅薄了吗？
我看下来就感觉…全程都在洗白黑人，还洗的很僵硬……伯牙子期式的友情营造的很刻意，仿佛硬按着我的头让我磕cp……
想反种族歧视，但是亚裔角色又全是妓女
6分给了配乐和摄影……剧情和价值观真是不敢恭维……",3,还行,13,0.9975042476993458
"
                    2014-02-16 22:40:16
                ",诸葛若见,电影改编自真实事件，温情故事与法式幽默相得益彰。黑与白，健康与残疾，富有与贫穷，幽默与尊重。若有交心挚友，不会触不可及。,4,推荐,12,0.9999979937756195
"
                    2018-05-07 02:37:41
                ",DIANLIN,观影体验愉快，但作为一个调和阶级差别的故事，仅有偶然意义，而无标本价值。,3,还行,19,0.97359646571558
"
                    2012-02-28 19:22:19
                ",方枪枪,没有想象中的那么好，也没有看完后的那么糟糕，两个陌生男人阴差阳错相识然后是一段悲欢杂糅却不暧昧的友情故事，有时候人与人的相交就这样。（这位瘫痪的病人和霍夫曼有点神似）,3,还行,9,0.999372181038095
"
                    2017-03-20 10:49:46
                ",X,喜欢法国电影，特别是喜剧，这部是经典中的经典，两个人，一个小混混一个高知，机缘巧合的相会成就了一段感人的故事，真人故事改编的,5,力荐,15,0.9999998809220045
"
                    2012-02-16 23:00:54
                ",握不住的灵魂,“对他说” ,4,推荐,11,0.39041446358519516
"
                    2015-12-20 21:40:52
                ",城南草木生,法国人真的很单纯。,4,推荐,8,0.9765353529141784
"
                    2018-08-06 23:11:05
                ",橘猫爱吃鱼,人生观和价值观完全不同的两个人之间的碰撞、同化。他们相互拯救了彼此。,5,力荐,12,0.9938065533480008
"
                    2017-02-15 11:14:34
                ",昵称被占不开心,知己难求,5,力荐,19,0.5417696177286323
"
                    2017-02-08 20:53:29
                ",热心网友方先生,很有意思的电影，我最喜欢里面讽刺抽象派的那一段。就像男主角说的，我之所以选他是因为他对我没有怜悯之心，并不会把我当做残疾人来照顾。就算有再专业的人照顾男主，但始终也没有黑人那种从心底的关怀，带给他不一样的东西。带他抽烟打雪仗。这都能让男主活的很开心，不会像个木头一样坐在房间里。,5,力荐,21,0.9999999999194202
"
                    2012-09-28 00:44:45
                ",米姐起飞,有的人是打心眼儿里散发一种对生命的激情，可以强有力地感染到周围人，带来快乐。或许这便是正能量的魅力所在。,5,力荐,16,0.9999995697675815
"
                    2012-09-28 00:44:45
                ",米姐起飞,有的人是打心眼儿里散发一种对生命的激情，可以强有力地感染到周围人，带来快乐。或许这便是正能量的魅力所在。,5,力荐,16,0.9999995697675815
"
                    2016-09-29 18:04:14
                ",布宜諾斯,这是后劲很足那种电影，因为一个人满足快乐的笑容会一直回荡在脑海。如果世界上有一个人曾让你那么开心，你会忘掉一切只因身边有这个人，那你为什么要选择放弃ta？明明快乐触手可及？难道你不怕这辈子最让你快乐的一个人已经渐渐不见了嘛？,4,推荐,8,0.9999999995717281
"
                    2012-02-28 19:22:19
                ",方枪枪,没有想象中的那么好，也没有看完后的那么糟糕，两个陌生男人阴差阳错相识然后是一段悲欢杂糅却不暧昧的友情故事，有时候人与人的相交就这样。（这位瘫痪的病人和霍夫曼有点神似）,3,还行,9,0.999372181038095
"
                    2021-05-21 12:36:16
                ",工湖马扁子,被两个男主的戏感动的一塌糊涂…,5,力荐,19,0.37434267638140895
"
                    2012-05-05 11:47:23
                ",Lottie,我真正的残疾不是坐在轮椅中，而是失去她。,5,力荐,13,0.6681267636208689
"
                    2017-04-01 23:02:32
                ",小痕呀,根据真人真事改编的，令人发笑，令人感动。好的朋友无关于身份地位，无关贫穷残疾，心灵相通就是最好的默契。,4,推荐,7,0.9999976737605709
"
                    2013-03-17 11:46:04
                ",海特,这尼玛也有9.0，这尼玛也能进九强？！,2,较差,20,0.1687895830612529
"
                    2016-07-24 02:26:49
                ",蕉,其实打开时充满疑问的，毕竟法国尼格这种生物比较陌生。结果他开嘴就是kool n the gang和地风火，我就放心了。配乐也不错,5,力荐,10,0.9957950943475822
"
                    2012-09-23 20:35:48
                ",巴喆,他们知道什么是人性，懂得尊重别人，有信仰，普遍自由平等博爱，人们可以追求他们想要的生活和梦想。。。 8.5,5,力荐,15,0.9999962443788588
"
                    2017-04-06 15:13:14
                ",苏幼,很好看，在不知不觉中感动了你,4,推荐,8,0.9982569000657284
"
                    2015-02-16 10:05:58
                ",Azeril,真诚触动人心。孤独的人 渴望友谊与爱情 不是希望能够带来什么缓解什么 而是作为一种抵达寻常生活的诉求。And 倘若一个人有底线 刻薄无礼却有分寸 那依然不失为一个善良而有原则的人 是啊 哪怕是我 也要一点耐心一点时间 才能让别人靠近。,5,力荐,8,0.9999999999587772
"
                    2012-03-04 23:56:19
                ",楚平,春寒料峭的雨夜，看这部电影，好像来了一大碗香喷喷的心灵鸡汤，还附赠一条油汪汪的鸡腿。。。该片展现了男人之间最温暖的情谊。估计最腐的腐女也不好意思说这是什么基情了吧。。。顺便说一下，别看有的人长得黑，但在那黑色的皮肤下，却有一颗洁白的心灵。。。,5,力荐,16,0.9999666464808652
"
                    2017-05-05 14:49:22
                ",顾俏乜,触不可及，多恰到好处的名字。德瑞克和菲利普在身边都没有自己的知己，反而是两个完全不在同一世界的人成为了好伙伴。知己真是可遇不可求啊。,4,推荐,13,0.9999831089719763
"
                    2017-04-05 14:47:11
                ",素年锦时,尊重是什么大概就是这样的把。感动,5,力荐,8,0.9059427521339528
"
                    2023-10-16 22:33:13
                ",苦瓜太甜,想到了余华说 踢足球史铁生当守门员，他俩关系一定很好吧,5,力荐,10,0.7271652790530543
"
                    2012-04-22 07:28:34
                ",小薯莎莎,法国温情喜剧+优秀剧本,4,推荐,0,0.9966772521604137
"
                    2017-03-09 15:33:24
                ",别人老公,你永远快乐且知足，真好,4,推荐,7,0.9965572065164918
"
                    2012-04-18 11:55:49
                ",心生,很温暖很舒服的一个法国电影，没有《桃姐》的那种忧伤与孤独，却同样有很多思考，关于尊重究竟该限于何种程度，关于强制照顾与理解引导的区别，关于人生起落的平淡感应，关于人与人之间最原始的真诚与感动。所以你应该不会看得哭哭啼啼，但是它的魅力在于那种隐忍苦涩的幸福，而且，它的票房就在那里。,4,推荐,9,1.0
"
                    2016-03-09 13:14:56
                ",撒旦的表妹,前面没什么感觉，后面触动挺大的，欣赏两个主角对人生的态度，配乐太加分。,4,推荐,13,0.9956912937619973
"
                    2013-01-03 14:51:30
                ",徐若风,温情精致，渐入佳境。,4,推荐,12,0.9943401923391288
"
                    2012-06-18 00:54:27
                ",Tron,3星的影片，+1星给黑人男主,4,推荐,1,0.18788629624813757
"
                    2017-02-24 20:45:33
                ",赫舍里清如,笑中有泪，牵动人心,4,推荐,7,0.9989312438590647
"
                    2014-12-29 15:12:38
                ",冰红深蓝,根据真实事件改编的法国喜剧片。弗朗索瓦·克鲁塞和奥玛·赛的表演无可挑剔，全片细节丰富而真实，毫无矫揉造作之感，在大部分时间让你开怀大笑的同时，结尾又让人潸然泪下。配乐更是无与伦比，听着那些古典名乐和温情婉转的钢琴曲，顿觉一秒钟也没有浪费。而对白内涵甚至连解读癖都能满足。（9.5/10）,5,力荐,8,0.9999999492394519
"
                    2012-06-18 22:56:13
                ",鼬,看了好久终于看完的片，最后还是很感人,5,力荐,1,0.9923662231268695
"
                    2014-12-11 09:30:13
                ",齐物秋水,味淡反浓。,5,力荐,7,0.08047325067332667
"
                    2012-06-18 17:55:31
                ",司努比,他们需要的不是怜悯~,4,推荐,0,0.32193684157878666
"
                    2012-06-18 09:34:42
                ",_Strygwyr,"跨越社会等级的真正友谊,结局真的很感人",5,力荐,1,0.9999885581371071
"
                    2012-06-18 12:08:11
                ",萝卜丁,励志片,4,推荐,1,0.5021579248194599
"
                    2012-06-19 01:50:21
                ",koyforca,真正的电影,5,力荐,0,0.8026315789473686
"
                    2012-08-12 21:44:07
                ",双双,这个黑人真不错。 12-8-12跟麻麻一起穿插着看过 16-11-9 和麻麻、7 一起在bilibili又看了一次~这样的友情~真好啊~笑着享受人生~,4,推荐,0,0.9988816803638684
"
                    2017-05-25 22:09:32
                ",吃瓜的小土豆儿,令人感动的一部电影，音乐也非常棒。,4,推荐,7,0.9992707130441728
"
                    2013-05-16 10:38:54
                ",蜉蝣,最打动我的是，即使对于一个瘫痪了的人，他们也给予了他享有隐私和个人空间的权利。这比在言语中回避到一些让人不舒服的词汇重要得多。 （然后我终于明白了一个挺有趣的疑问，嗯~）,3,还行,8,0.9583126139563654
"
                    2021-01-22 00:05:45
                ",噼里啪啦肖大侠,最高级的感动是笑中带泪。真实故事改编并不影响整部影片发人深省的部分：究竟什么是贫穷，什么是富有。（ps：绿皮书有点像）,5,力荐,29,0.999984328173406
"
                    2012-06-18 20:22:48
                ",月缺迷墙,warm,4,推荐,0,0.5
"
                    2012-03-04 20:11:34
                ",内陆飞鱼,有趣好玩，当仆人的比当主子还拽。,4,推荐,8,0.9248666357888357
"
                    2012-02-19 12:59:33
                ",到底凡人,有些桥段真是笑死，看完一想起那个因为2万3千欧元自杀的建筑师就觉得这又是一部现代童话而已了,3,还行,3,0.9998965766264475
"
                    2021-07-19 23:17:51
                ",自闭勿扰,2021.7.19。互相成就。是有点好笑，经常莫名跟着笑起来。说明电影拍得细腻。调侃不是因为无知而冒犯，而是潜意识里的开放和平等，不觉得那是软肋，不觉得你因缺少什么而更加脆弱。,5,力荐,33,0.9929999582111283
"
                    2012-08-12 22:47:48
                ",张维托,4.5,4,推荐,0,0.5
"
                    2018-09-14 23:39:47
                ",Mr. Infamous,说到底，人还是得有钱。这样，才有选择的脾性，才有进退的余地，也才有相互成全的缘分。而这金主，偏生连邂逅的底气都比旁人少些，愈发亲和、重情得迷人了，而那半忍的笑颜，就格外有感染力。粗俗的Driss叫Philippe那高雅世界也捎上了黑人文化的俏皮，亏得爽直，都是开怀，也由此，才有平等与共振。片末突然说，他再婚了，而他结婚了，像极了所有徒留遗憾的同志故事。可亏得是直男，所以隐了那半分深情，都付作一腔笑意了。@资料馆，得见弗朗索瓦·克鲁塞，仍是那般绅士模样，谈起合作往事，念及两人相处，感慨分开如此脆弱不堪，一起如此坚不可摧。（有兴趣的，可以看看前因后果：https://www.sohu.com/a/203778330_488482）,5,力荐,8,0.9999999998783007
"
                    2012-05-29 19:24:01
                ",MichelleLOU,如果不是法语我总会穿越得以为是好莱坞的新主旋律电影，2017年，兩個導演是正能量爆棚了吧。,4,推荐,1,0.9993295331722413
"
                    2013-02-23 09:53:03
                ",查克同志,这部片子让我直面自己骨子里是个俗人的现实；作为一名俗人，看罢最大的感触是：有钱真好。原声很舒服，平淡的叙事挺治愈。,2,较差,14,0.9999906790863353
"
                    2012-02-14 01:23:27
                ",翻滚吧！蛋堡,怎么老让我想到闻香识女人和潜水钟与蝴蝶，不过显然更喜欢后两个,3,还行,11,0.4238191486649733
"
                    2012-06-19 10:25:06
                ",乱乱,温馨又爆笑。可以想象同样的题材在天朝会被拍成怎样“催人泪下”的主旋律电影。,5,力荐,0,0.9980075135954514
"
                    2012-08-12 23:30:03
                ",Ralph,挺有意思的法国轻喜剧. François Cluzet和Dustin Hoffman完全就是一个模子里面出来的啊.,3,还行,1,0.982118230467131
"
                    2012-06-18 13:22:43
                ",curbdog,两位主角的演技很彪悍，全剧无尿点·,5,力荐,1,0.9972090853399189
"
                    2012-06-18 15:26:32
                ",Dlyz,平淡而温馨~,5,力荐,0,0.8857195903573245
"
                    2012-06-18 15:42:41
                ",patwat,人和人的关系多么奇妙 ,5,力荐,0,0.9174342669179038
"
                    2012-06-18 13:42:14
                ",聪葱,慢慢的温情，里面的歌也很好听,5,力荐,0,0.9799685133400661
"
                    2012-09-03 12:44:33
                ",cucu,这俩cp太有爱了好不好！！近年基片水准大大提高了耶……富二代小青年实在太富二代了。,4,推荐,2,0.1457316372019899
"
                    2012-06-19 01:21:03
                ",豆瓣酱,喜欢音乐，喜欢他们相处得这一过程。,5,力荐,0,0.991917206051566
"
                    2016-06-13 20:20:44
                ",Jiangdada,对残障人士的最大关心就是心灵上把他们当正常人一样真挚对待 无需同情 ,4,推荐,14,0.9997784922791756
"
                    2017-03-20 13:52:14
                ",薄荷,很温情很治愈,5,力荐,5,0.9813693493825526
"
                    2012-08-14 17:21:36
                ",红豆♥,driss把philippe抱起来摇摇摇的时候，philippe笑得好可爱啊~T T,4,推荐,10,0.9917905770809461
"
                    2017-03-30 15:30:40
                ",大耳朵图图_,尊重和理解,4,推荐,7,0.6762633736310768
"
                    2012-02-20 13:04:14
                ",珍妮的肖像🦄,四星半,5,力荐,1,0.20819699210239828
"
                    2012-06-18 22:33:23
                ",黄瓜土豆,很温馨的法国电影。从雇主与保姆，变成了朋友。残疾人不需要怜悯，需要的是理解。,5,力荐,0,0.9919803544229484
"
                    2012-05-25 21:41:24
                ",Spendy,跳伞,5,力荐,0,0.5
"
                    2012-05-26 03:02:20
                ",Mophister,2012-05-25，很温情，很喜欢,5,力荐,0,0.9735379293007648
"
                    2012-02-19 18:44:20
                ",周杰伧的小粉丝,一个柔弱的白人老头和一个爽朗的黑人汉子之间的故事。非常温暖，但能让人笑出声来的地方只有一两处，不能算喜剧。,3,还行,9,0.9939823835071672
"
                    2012-03-11 21:40:09
                ",鬼腳七,小格局温情，其实回避了一些其他问题。流畅是最主要的，然后是细节，小煽情点不多，但是轻描淡写地味道很够，然后是表演，这样的戏有了合适的演员就成功了大半。,4,推荐,5,0.9999968456269263
"
                    2012-08-11 08:42:05
                ",黄海,不走寻常啊，在残疾人身上精神的主线就更加突出。世间的一切都是浮云，只有点滴细节需要表露。主题人就被突出出来了。竟然还是真事改编，太治愈了！,5,力荐,0,0.9992582623107449
"
                    2023-12-09 18:30:43
                ",silmarillion,节奏和氛围掌握得都很好，没有《绿皮书》中隐隐约约的那种意识形态不适感。音乐为电影增色不少。,5,力荐,12,0.999491034723329
"
                    2012-04-03 00:25:33
                ",晓东,很感人,5,力荐,0,0.9731008220151653
"
                    2012-04-10 20:33:58
                ",mmhh,被影片名字骗了，其实是将富翁残疾人和贫穷黑人之间的友谊。配乐很赞,4,推荐,0,0.9840586461643925
"
                    2012-05-25 16:14:35
                ",yy,有点意思,3,还行,1,0.5262327818078083
"
                    2012-05-25 21:40:50
                ",爱菜,动人,5,力荐,0,0.818181818181818
"
                    2021-06-13 22:06:21
                ",思之一二,这部电影，搞笑但不夸张；感动，但不煽情。让人在平平淡淡中看完电影，却回味无穷。大黑和老白阶级相距甚远，本应毫无交集。但抛开阶级，他们却又那么的相似。他们都富有责任心，都向往充满激情的生活。两颗相似的心惺惺相惜，再加上彼此的真诚，换来了这段不朽的友谊。,5,力荐,12,0.9999999999391911
"
                    2016-02-03 21:29:42
                ",会笑的昨天,温暖、幽默，并带有不同寻常的些许甜蜜。,5,力荐,4,0.9997829049622288
"
                    2017-02-10 18:48:55
                ",铃儿响叮当,法国的片子艺术感太强了，有点接受不能，不过友情还是诠释得很棒,3,还行,6,0.999482298584549
"
                    2012-08-12 15:38:54
                ",Queenuts,很轻松幽默又充满温馨的电影！人与人的理解和默契是不分种族，阶级，年龄的,5,力荐,0,0.9998889183407454
"
                    2012-06-01 22:03:31
                ",外省青年狼二蛋,今年看过最好看的电影了。普通的故事讲得很流畅舒服，恰到好处的音乐。宁愿自由自在也不要狗一般的怜乞。2个阶层地位完全不同的人对生命有着一样的尊重与敬畏。,5,力荐,0,0.999998751003982
"
                    2012-03-24 22:46:43
                ",Michael,我觉得就是一个平铺直叙的故事....没啥高潮....,3,还行,10,0.12201288753001516
"
                    2012-03-27 21:30:26
                ",冰与火之歌,触不可及.Intouchables.2011.BD.MiniSD-TLF.mkv,5,力荐,0,0.5123614965890048
"
                    2012-05-25 23:29:16
                ",菜头,黑人真有意思,5,力荐,0,0.7015612476961287
"
                    2013-01-12 16:35:28
                ",掉线,四星五星之间犹豫很久，觉得还是没能达到让我特别喜欢的地步，电影拍的很平淡但是不闷，很感人却不刻意。喜欢全片那种乐观又带点儿蛋蛋忧桑的范儿，不过还是觉得剧情有些理想化了，四星半,4,推荐,4,0.999998101883931
"
                    2012-07-12 23:23:32
                ",Vamei,同情，是我最不需要的东西；但偏偏很温情。,4,推荐,8,0.9715686893423651
"
                    2012-06-28 21:41:46
                ",黑樱桃摩卡,有时一件事，一个人就能改变你的一生~,4,推荐,0,0.9410312089928891
"
                    2016-08-23 21:28:44
                ",非鬰,麻麻，除了感动也没啥感觉了，低于期待值。,3,还行,6,0.25485893949772775
"
                    2012-06-18 20:15:26
                ",孟德尔的豌豆,坏小子也可以有好心肠。当然好哥们你必须了解他怎样才能“开心”，等他躺病床上快不行的时候，问他。。。,5,力荐,0,0.5496040670416832
"
                    2012-06-18 20:31:58
                ",hi云中漫步,喜欢他们的幽默，有意思，他们的友情也很感人,5,力荐,0,0.9997503768119348
"
                    2012-06-18 21:35:54
                ",金陵小胖虎,原声确实很棒！给人想笑的时候的，泪水却又微微止不住，没办法，我也是太感性。,5,力荐,0,0.9963517753947773
"
                    2012-06-18 18:44:37
                ",某慧,两个男人之间超越种族，贫富的深厚友谊,5,力荐,0,0.9999881543206031
"
                    2012-06-18 23:37:15
                ",西斯,比较有感染力，不错的片子。很励志，很有人文关怀气息。,5,力荐,0,0.9998972435451615
"
                    2012-06-18 19:18:27
                ",Winton,肖邦钢琴曲打头，温馨浪漫，搞笑轻松，却引人思考。推荐！,4,推荐,1,0.9981729416961703
"
                    2012-06-18 20:57:55
                ",Jolie Vie,很不错的一部电影,5,力荐,0,0.984273105692434
"
                    2012-06-18 20:57:04
                ",蓝小默,还是关于尊重,5,力荐,0,0.5555555555555558
"
                    2012-03-28 23:15:43
                ",阿士匹灵,温情满满。,5,力荐,0,0.8771857506671101
"
                    2012-03-11 22:44:48
                ",૮ – ﻌ – ა,开头的开路曲子好欢乐，想改铃声了，BA~DE~YA。配乐都很美。真的好多笑抽鸟。一切都很有真实感很自然，喜欢。做真实的自己会更好玩，很棒。,5,力荐,0,0.999999961042128
"
                    2012-06-19 09:56:43
                ",Rad Wimps,从头看到尾，居然没觉得2小时长,5,力荐,2,0.01488364363481387
"
                    2012-05-24 07:15:48
                ",24721猪崽,好看~~~~,5,力荐,0,0.6662018297125808
"
                    2012-05-24 12:54:19
                ",奋斗青年陈先生,两个演员那无法辩驳的表演使得整部影片充满了力量和感人的情愫。可以说，这是一部杂糅了《为黛西小姐开车》和《国王的演讲》特点的作品。,5,力荐,0,0.9999909108044204
"
                    2012-05-23 23:53:36
                ",央然,清清的入心感 简单并深刻,5,力荐,0,0.9772626578669437
"
                    2012-05-24 16:31:32
                ",蛋蛋糯米球,好温馨，喜欢。,5,力荐,0,0.9518610616376195
"
                    2012-05-23 18:05:15
                ",玩具,不吝惜的给五星，开剧是两个人在路上开车，觉得很无趣，又来看到想再看一遍。那个黑人太可爱了，推荐,4,推荐,0,0.7465511226238638
"
                    2012-05-24 16:36:48
                ",lzero,-触不可及的碰触。,5,力荐,0,0.5123614965890048
"
                    2012-05-24 13:17:29
                ",芋丁,法国电影的色彩总是特别美,4,推荐,0,0.9905336853007393
"
                    2012-05-23 22:51:46
                ",火山,很温馨的法式小品,5,力荐,0,0.9872105494699539
"
                    2012-05-23 22:45:22
                ",尼欧✔️,友情的温暖,5,力荐,0,0.9939995852168612
"
                    2012-05-23 20:02:55
                ",k,配乐赞，没品幽默依然无力理解。残疾人需要的不是同情。,5,力荐,0,0.99515226963197
"
                    2012-05-24 09:54:01
                ",Gracieee,是个好电影！,5,力荐,0,0.8746492779231411
"
                    2012-05-23 21:52:39
                ",痕去无欢,每个人都是有缺陷的人，所以要活出自己完美的一面。好想去体验一把把自己当个风筝放了的那个极限运动啊~,4,推荐,0,0.6780773740764816
"
                    2012-05-23 19:29:22
                ",On love,触不可及 不懂这个电影的名字 但是故事我懂了,3,还行,0,0.8486797605636436
"
                    2012-05-23 19:59:48
                ",将姜姜姜,因为有了你...,5,力荐,0,0.4235033259423502
"
                    2012-05-23 20:22:21
                ",花椰菜菜,知己难求，唉,5,力荐,0,0.5417696177286323
"
                    2012-05-24 14:30:33
                ",momo,照常的法式温情片，它居然由真人真事改编。让人感怀的是，世界上最和你契合的那个人完全不是自己可以想象的，也许一辈子也遇不上,5,力荐,1,0.9998333922757553
"
                    2012-05-23 19:28:47
                ",all blue,很不错的一部感人法国电影~,5,力荐,0,0.9995789590018817
"
                    2012-05-23 20:17:18
                ",gravity,相信自己。,4,推荐,0,0.5262327818078083
"
                    2012-05-23 17:52:48
                ",vitan,只要真情在，社会阶级天差地别的人也能成为朋友。为他们的友情感动,5,力荐,0,0.9981792944561808
"
                    2012-05-23 23:10:48
                ",K.,"最近给了好多电影5星，这部依旧。
太感人了，一想到这是改编自真实故事，人类之间的友谊又升华了。",4,推荐,0,0.9999993835215543
"
                    2012-05-24 10:59:57
                ",❤ Alice,英文课上老师放的 感觉不错 一直都爱法语 却一直没有学习 遗憾 很久没有写影评 话有些说不上来 对电影没有太多的研究 只是喜爱法式电影的一种优雅 画面的温暖 和镜头切换的感觉 那种话语不多或者说多而不腻 加上风景作铺垫 着实让人舒心。,4,推荐,0,0.9999999999955818
"
                    2012-05-23 23:06:20
                ",just遇见,缓缓的温馨~,4,推荐,0,0.9834491288897149
