2008-07-22 21:17:36,Bill,曾经力压The Godfather的IMDb第一猛片 久久无法平静 最喜爱的superhero movie 其实决不仅仅是一部superhero movie Heath Ledger演得令人意外地好 两艘船的引爆很揪心 投硬币定生死让人想起No Country for Old Men,5,力荐,18,0.999999337968497
2008-07-26 13:50:52,。。。。。。,第一次看的时候吓到了，给了三星，缓过来以后回味了一下给了四星，看完第三部回头再看一遍，一对比，给了五星。,5,力荐,6,0.9863236681847796
2008-07-28 01:27:13,迷影网,这是我见过的最好的漫画英雄电影，而Heath Ledger让电影更上一层楼……,5,力荐,14,0.9998314681813252
2008-08-06 00:14:09,何倩彤,11-3-2009 6:30pm imax & 28-2-2009 6:30pm imax & 25-1-2009 6:30pm imax & 5-11-2008 5:50pm imax & 20-10-2008 9:40pm imax & 13-10-2008 9:40pm i,5,力荐,64,0.9961259707627176
2008-08-17 23:01:37,奇爱小姐,整部片子，逻辑混乱，剪辑无序，故事情节夸张。看完我只记得那个犯人把炸弹控制器扔入船外那一个片断。,2,较差,1055,0.9512066272309716
2008-08-29 22:07:30,bayer04,诺兰接手后蝙蝠侠和其它漫画英雄片完全不是一个等级了,5,力荐,19209,0.9227590051403316
2008-09-05 00:00:06,Lan~die,蝙蝠侠、双面人和小丑这三个形象把人在善恶两面的矛盾及选择映射得淋漓尽致，于是成就了史上最佳漫画和英雄电影。时光网：“诺兰让关于艺术片和商业片的讨论变得毫无价值。《黑暗骑士》不但拍出了古典悲剧的感觉，还探讨了恐怖主义、越界权力等美国当代的热点话题。最关键的是，电影好看得无懈可击。”,5,力荐,10800,0.999999999999839
2008-09-05 04:46:09,思郁,这一部太黑暗了，但精彩无以复加,5,力荐,349,0.7865822599182329
2008-09-05 23:31:39,恶魔的步调,tim burton的batman是带着他诡异的幽默感的东西；而nolan的batman则是让人感觉满满，持续移动联通着的快感。,5,力荐,82,0.482563233990278
2008-09-05 23:31:43,Adrian,too much bugs,3,还行,25,0.5
2008-09-06 08:49:31,小老鼠,也没牛逼到那种地步，剧情不少牵强之处，整体气氛确实强悍,4,推荐,93,0.9847386456789318
2008-09-10 11:56:30,云倾,小丑把该说的不该说的都说了 蝙蝠侠把该做的不该做的都做了 生命在于抉择 英雄的时代已经逝去了,5,力荐,5906,0.9999875002480364
2008-09-10 14:23:11,战国客,诺兰归来，尽显王者风范；小丑登基，我们拭目以待！,5,力荐,13,0.9970905941437862
2008-09-10 15:35:09,illusion不忘记,当之无愧最出色的商业电影！,5,力荐,2039,0.9565777539316692
2008-09-10 17:17:00,草威,诺兰是个侠客。,5,力荐,34,0.4737672181921908
2008-09-12 07:25:20,同人于野,"看的时候感觉非常压抑。我不知道他们是怎么拍出这种压抑感的，但是整个电影无疑代表了电影技术和艺术的最新水平。
",5,力荐,281,0.9751962712085952
2008-09-13 14:58:14,sonic monk,其实感情分有一部分 当然片子也不差,4,推荐,0,0.5198782880037178
2008-09-15 12:48:37,Jin,对于这么优秀的电影来说，再多的赞美都是多余的。,5,力荐,3959,0.979913422203236
2008-09-16 12:21:49,g9421,看了快版……经典的好莱坞范式啊……小丑的表演有点过。,4,推荐,3,0.9931954225726608
2008-09-23 11:11:54,M,绝对是杰作，大陆上不了院线在广电的耻辱柱上划了浓墨重彩的一笔～,5,力荐,1813,0.9543943580077476
2008-09-29 00:21:00,薇羅尼卡,真的很棒，不仅仅是动作场面，更触及人性。Heath的表演太精彩，愿他安息。,5,力荐,72,0.9999262807453376
2008-09-29 00:21:00,薇羅尼卡,真的很棒，不仅仅是动作场面，更触及人性。Heath的表演太精彩，愿他安息。,5,力荐,72,0.9999262807453376
2008-09-29 21:32:44,小M,光明与黑暗是同一个人的两张脸,5,力荐,5373,0.734776956388869
2008-10-04 20:28:59,香水瓶,才看了一半 这片子让人感觉太压力了 确实非常好看 编剧简直是疯子！,5,力荐,29,0.7779333532446134
2008-10-14 05:03:58,原来是西门大嫂,"诺兰的贝尔牌蝙蝠侠最牛逼之处在于塑造了一个无超能的苦行僧式黑暗英雄。贯穿的主题是：一个人如何克服内心的恐惧和恶（前传中建立了他对世界不信任的根源，如何痛苦的克服它并选择用善对待世界。）所谓正义是相较于世人定义的丑恶暴力才会存在的，而选择哪一种方式对待世界才是对的？于是小丑出现了
",5,力荐,231,0.999999999999882
2008-10-17 18:46:13,穆玉修,Christopher Nolan太厉害了，好莱坞漫画类型片居然能拍到这样的高度...,5,力荐,5735,0.0943772184850498
2008-10-23 00:02:51,张小北,我在巴黎和中国电影资料馆一共看了三遍胶片拷贝放映。可惜没能看成IMAX版。,5,力荐,195,0.7701841810605721
2008-10-26 19:55:53,某四,超英为啥那么蛊惑人哩，因为偶们滴内心一样狂野@_@,4,推荐,4,0.4740016326885162
2008-11-15 00:03:25,故里,神作,5,力荐,10,0.5
2008-11-15 16:42:13,眠去,惊见越狱FBI。。。诺兰我爱你！莱杰我爱你！小丑我更爱你！！！,5,力荐,431,0.7988185850752311
2008-11-16 22:34:49,小肚子✨,哪有那么好看啊  ,3,还行,142,0.7112462006079026
2008-11-17 02:28:55,九尾黑猫,不错的大片，但显然不能算有史以来最好的大片，这么说就过誉了。,4,推荐,10,0.7877231521492142
2008-11-21 12:41:29,粟熙,赞誉众口一致夸上了天，百闻不如一见，这种连环画超级英雄故事居然能扯到第六集真是要把编剧逼跳楼了，最后呈现的暗夜骑士全然超越了原著，悲怆到迷人的境界，着实是个奇迹。剧本确实很卓越，导演确实很出色，还有演技真是不得不叹服一下太tmd震撼,4,推荐,4978,0.9999999510647548
2008-11-23 19:46:13,Multivac,缀好的蝙蝠电影。没有之一。,5,力荐,18,0.9385571911072604
2008-11-24 11:43:13,思阳,拍这些电影真是浪费资金啊……,3,还行,147,0.897861100295336
2008-11-27 10:05:19,汽车大师,史诗 ,5,力荐,3,0.5
2008-11-28 23:43:05,豆腐脑敢死队,黑暗颠覆 燃烧票房 完美谢幕,5,力荐,5,0.9994423595627936
2008-11-29 16:36:15,荔枝超人,Batman是最不漫画的漫画英雄，也正因为这一点，使之最有可能成为跨越犯罪剧情片和漫画英雄片界限的特例。而这一次，编导精准的抓到了这一点，把这部电影打造得丰富严谨又酷劲十足，无论是满足视听还是人性复杂层面的挖掘上都做到了堪称完美！,5,力荐,2312,0.9999999999996324
2008-12-02 00:05:09,五色全味,诺兰的叙事能力不但在于结构上。。他总有一个与众不同的主题,4,推荐,3213,0.9650838069225924
2008-12-11 00:13:51,巽,我明白为什么会一而再再而三的看睡着而不喜欢这个系列了：丫一边想要玩阴暗绝望一边又把态度端着，唧唧歪歪整个一事儿妈~,2,较差,596,0.0378566055129576
2008-12-12 20:57:19,等一个人,小丑一人，就值得满分,5,力荐,24,0.8984759488004834
2008-12-12 20:57:19,等一个人,小丑一人，就值得满分,5,力荐,24,0.8984759488004834
2008-12-14 15:32:12,影志,“有些人并不喜欢那些常人偏爱的东西，比如金钱，他们不被收买、不会被恐吓、不可理喻、更不接受谈判，有些人就想看人间地狱。” 也只有蝙蝠侠，才能让小丑变得完整。无尽的黑暗。,5,力荐,2529,0.9892583625103586
2008-12-14 17:25:29,狼大疯,快餐电影也开始走向牛逼了,5,力荐,12,0.9931987808907236
2008-12-23 00:16:22,Over5,人的恶念就像地心引力，只需轻轻推上一把～大片儿且有品,5,力荐,147,0.6142677225247443
2009-01-05 20:27:42,Song³,希夫列特遗作 / 光明与黑暗是同一个人的两张脸,5,力荐,14,0.6151907909638635
2009-01-11 11:57:31,Q。,蝙蝠侠为小丑点燃最后的烟花。★★★★★,5,力荐,18,0.9666468971901736
2009-01-27 22:23:16,浮生若梦,08年最好的一部片子。,5,力荐,626,0.9070345020594422
2009-02-01 09:49:34,小崔,两小无猜的人儿到了第二集也换。换的太频繁了点儿吧,5,力荐,8,0.0584302040669992
2009-02-08 17:44:01,叶扬 | 独眼,对情感的描写太泛泛，而动作镜头也没有那么精彩。小丑确实是其中演得最好的了。,3,还行,133,0.991546949865317
2009-04-05 18:54:37,D I D A,商业式的古典戏剧，重要的是，身临其境,5,力荐,10,0.9937809546336278
2009-04-20 20:39:58,A L E X,HEATH LEDGER..............................I LOVE U!!!!!!!!!,5,力荐,16,0.6864403227850091
2009-05-04 21:10:38,周鱼,JOKER已成绝唱,2,较差,0,0.8281989779598536
2009-05-16 11:12:11,evonne||芝士命,好到一秒钟都不曾浪费,5,力荐,6713,0.6880189123138242
2009-05-19 12:30:11,王写写,无法言说的伟大电影，莱杰版的小丑真是魔鬼附身一般的演技！,5,力荐,21,0.9170156360575884
2009-05-23 23:48:46,流浪达摩,每隔十年都会出一部票房口碑双丰收的大作。十年前的《泰坦尼克》，08年的《黑暗骑士》。,5,力荐,442,0.99958246701476
2009-05-31 23:24:34,我的苦難史30天30夜也講不完,好过瘾啊要是可以在电影院看就更爽了,5,力荐,139,0.9506593643495178
2009-07-05 21:46:22,芥末蘸酱,2008年度电影！2018.04.14@CBD万达 IMAX版重温，激动湿了。,5,力荐,6,0.9832315143194612
2009-07-07 23:07:40,飞刀员外,没感觉出彩在哪……,3,还行,673,0.9143225095607322
2009-07-20 22:05:09,米粒,史诗,5,力荐,162,0.5
2009-07-28 10:21:42,fishlee,大片中很有内涵的一部，不管是人们心中暗自涌动的对小丑疯狂灭世主义的不安的共鸣，还是对蝙蝠侠孤独暗夜行走的英雄惜英雄般同情，其实都是人们对这个世界失望的一种情绪释放。其实小丑说的很对，他和蝙蝠侠很像，都是异类，只不过蝙蝠侠把痛苦留给自己，顽固地去坚守一丝信仰，而小丑把痛苦还给世界。,5,力荐,7628,0.9999999999999902
2009-08-08 03:52:08,Medellín,被高估的典范啊,1,很差,18,0.574549474228723
2009-08-13 13:40:59,zero,这是蝙蝠侠电影系列中的巅峰之作，无与伦比。无可否认，无论是希斯莱杰的重低音假声“Why so serious？！”还是克里斯蒂安诺兰的“Why you want to kill me！”，每个演员的表现都很到位。黑暗，矛盾，残忍，混乱，人性的阴暗面。。。我们每个人都是小丑。。。,5,力荐,457,0.9999999725998142
2009-11-08 16:47:58,汪金卫,第一次看是高三时躲被窝在小MP4上看的；第二次看是“蝙蝠侠大战中国国宝”事件时在电脑上看；如今终于在IMAX银幕圆满三刷。航拍镜头大场面都是16:9的数字IMAX满屏画幅，加上高潮迭起的剧情、小丑的绝佳演技、汉斯寂寞的鼓点配乐、DC粉丝的五度鼓掌欢呼，营造出年度最佳最爽最HIGH最震撼观影效果！,5,力荐,14,0.9999999977512316
2009-11-08 16:47:58,汪金卫,第一次看是高三时躲被窝在小MP4上看的；第二次看是“蝙蝠侠大战中国国宝”事件时在电脑上看；如今终于在IMAX银幕圆满三刷。航拍镜头大场面都是16:9的数字IMAX满屏画幅，加上高潮迭起的剧情、小丑的绝佳演技、汉斯寂寞的鼓点配乐、DC粉丝的五度鼓掌欢呼，营造出年度最佳最爽最HIGH最震撼观影效果！,5,力荐,14,0.9999999977512316
2009-11-12 17:30:02,方枪枪,希斯莱杰表演很精彩！+1,5,力荐,18,0.9258063736612536
2009-12-12 23:32:34,泽帆,喜欢里面的配角小丑就像喜欢《无耻混蛋》里面的配角纳粹军官一样。,5,力荐,13,0.9001734310955859
2009-12-15 18:44:35,felt u,Christopher Nolan从没让我失望过,5,力荐,8,0.067796224032233
2009-12-17 01:26:12,杨迪,一直知道它是部神作，2009看这部片子是怎样的我居然只打了三颗星。2020年再次重温，直接超五星好评。小丑的癫狂，蝙蝠侠的隐忍，双面人的沉沦，庆幸我再次看了一遍。,5,力荐,43,0.9992913796537192
2010-01-01 21:43:50,Eve|Classified,要么跟随蝙蝠侠，要么向小丑倒戈。有一天我面对这个世界，突然间想要吐。,5,力荐,40,0.9106672077589656
2010-02-19 22:04:35,Alan Sleep,The hero we deserve.,5,力荐,53,0.2883928661326987
2010-04-19 12:29:25,有心打扰,1.无与伦比的黑暗！2.节奏控制得很好；3.恶意成为兴趣、无差别残杀结合在一起，那才是真正的恐怖，是人性里最黑暗的部分。,5,力荐,37,0.9676133186065092
2010-05-04 05:58:45,LORENZO 洛伦佐,我觉得没那么好看,3,还行,85,0.5484433549225474
2010-05-14 16:17:23,猛汉世雄,太喜欢小丑了,4,推荐,38,0.4971488599653418
2010-08-22 18:05:42,小刀周遠,"a hero can stand anything.两艘船上的普通人和罪犯们，他们才是整个影片的精神所在。
",4,推荐,5,0.922900257482091
2010-09-06 09:40:59,岛上的夏奈,Christopher Nolan似乎总是想把人性最黑暗的一面展露在众人面前，让人无法逃避无法不面对,4,推荐,14,0.997304681769978
2010-10-19 22:42:26,豆友36105243,以后无法再忍受烂片了……,5,力荐,6,0.0677904290564122
2011-01-07 11:41:06,袁牧,希斯·莱杰创造了影史上绝无仅有的坏角色，一个集高智商、组织力、悲剧命运和变态人格于一身的怪异人物。开场镜头从远处推进到摩天大楼的玻璃窗，一枪爆裂，行动开始，低角度先拍小丑手中的面具……好开头。,5,力荐,12,0.9999999517151028
2011-01-07 13:25:19,🌞娘卷卷🌙,资料馆2011.1.6 我就想说，也太壮观了吧，600人的大厅呀！踩着人头坐过道台阶上看的。,5,力荐,7,0.1356716249245091
2011-02-06 23:28:10,fateface,這部電影的主角是Joker。最後兩艘渡輪互相決斗的情節設計真神來之筆啊。,5,力荐,18,0.4745211390616987
2011-02-08 20:07:04,mumudancing,人性悖论,5,力荐,16,0.8716825199857332
2011-02-27 00:31:25,伍德与夏洛蒂,本来想给5星，但看的我累死了，4星，三颗都给希斯莱杰，剩下一星给累的半死的诺兰,4,推荐,603,0.0002543658339079
2011-05-19 17:35:06,笨锅,这片我好象没看完全，下次记得再下载,4,推荐,1,0.5145642023874925
2011-05-23 16:17:24,睡懒觉的cc,【第81届（2009）奥斯卡最佳男配角】为英年早逝的Heath Ledger，为小丑，为能把《断背山》里的俊美男子整成小丑这般怪胎样的造型师。,4,推荐,0,0.8938097159511648
2011-06-09 12:02:15,望仔放弃减肥了,他不要钱，不要名利，甚至不要命。他永远在脸上涂着厚重的油彩，却一直要求另一个人摘下面具。他从来都没想过要杀他，他想要的是被他亲手杀死。他在夜空中仰望他，命悬一线，我们注定了一直这样纠缠下去，情牵一线。忘掉那个口是心非的女人吧，忘掉那个道貌岸然的男人吧，只有小丑才是最懂蝙蝠侠的人,5,力荐,14,0.9900889354950464
2011-06-09 12:02:15,望仔放弃减肥了,他不要钱，不要名利，甚至不要命。他永远在脸上涂着厚重的油彩，却一直要求另一个人摘下面具。他从来都没想过要杀他，他想要的是被他亲手杀死。他在夜空中仰望他，命悬一线，我们注定了一直这样纠缠下去，情牵一线。忘掉那个口是心非的女人吧，忘掉那个道貌岸然的男人吧，只有小丑才是最懂蝙蝠侠的人,5,力荐,14,0.9900889354950464
2011-06-18 16:11:40,渡口无边,蝙蝠侠不同于英雄系列电影的地方在于，让人体会到更多关于黑暗关于人性的诠释。诺兰对人物个性色彩的刻画和内心动作的表达淋漓尽致。至于大场面又完全不亚于其他英雄大片。,4,推荐,12,0.9999999998422104
2011-07-14 00:27:14,朋克布莱克,何谓正义？文明社会无法回避的问题，本片让人陷入漫长的沉思。,5,力荐,23,0.9998324262170004
2011-09-17 22:38:08,川总,女猪脚丑死了！Aaron Eckhart帅的让人崩溃！整个故事还是显得矫情，过于主旋律,3,还行,17,0.9112490327524928
2011-10-18 10:11:22,林愈静,2011-10-15 诺兰硬是把一部动作片搞的很哲学，so，有点失败。,3,还行,96,0.4244913464263289
2011-12-24 18:43:26,晚不安,我以为蝙蝠侠会摘下面罩，和哈维坦诚相见，但是他没有。祝愿每个伟大的斗士，在领受痛苦的同时，都能收获一份幸福。,5,力荐,8,0.993298750984841
2011-12-24 23:48:28,小海,抑或舍身取义，抑或长生久视，坐等与恶人为伍……你们将来追捕我，你们将来审判我，你们会让我恶名远扬，因为那本来就是你们的职责所在。因为有时候，真相是远远不够的，有时候人们需要得到更多，有时候人们应该得到他们对于信仰的回报……他是沉静中的守护者，一位警觉的卫士，黑暗中的骑士。,5,力荐,15,0.9999999366002446
2011-12-28 05:13:50,陀螺凡达可,从此无人再敢挑战漫画英雄电影的巅峰，包括诺兰本人,5,力荐,1853,0.9999664739335472
2011-12-31 16:10:00,把噗,爽爆了！！！,5,力荐,14,0.250224631030017
2012-02-02 00:12:14,冰红深蓝,最好的漫画英雄电影之一。,5,力荐,50,0.998386419901546
2012-03-05 00:29:17,私享史,谢天谢地，Nolan在本片里没有采用非线性叙事，不变的是心理学元素的融入。我觉得这部电影不仅是秒杀了漫画题材，从黑暗内核的角度，星战系列或者《七宗罪》简直弱爆了。,5,力荐,26,0.999602046142688
2012-03-17 21:29:04,kiki,这种类型的片子不适合我。如果不是为了尊重导演，差点看一半就退出了。就因为自己喜欢的人死了，立刻从光明骑士变成terminator了，难道就为了突出小丑智商1200么？好弱智的片子。,3,还行,42,0.108620065561624
2012-03-31 15:51:31,汝就做吾的犬吧,个人还是比较偏爱前传1，但是2里船上那段戏确实是蝙蝠侠系列所有真人翻拍电影的最高峰…很多人都喜欢这个版本的小丑和阿福，而我恰恰觉得这两个角色不尽如人意，不是演员演技不行的原因；Joker因为剧本和台词的关系狠辣有余但幽默不足，阿福则是因为演员太有气场故使老管家这个角色看起来太过强势…,5,力荐,34,0.999998672788272
2012-04-13 23:38:25,🐳 居北望南 9¾,美国那么多的super heros，最不喜欢的就是蝙蝠侠了。。,5,力荐,1,0.7129472743729572
2012-05-08 19:36:09,苏仁,剧情很诱人，总体很赞。不过，坏人的形象太完美而不真实，在智商情商上都是超一流，远胜主角。漏洞太多，哪有那么快就能搞到详尽的内幕信息？哪有说请了一帮小匪徒却跟受过严格训练的军人一样恪尽职守按时按点执行计划没有分毫不到位的？要搬运大量的汽油桶这种事怎么能在不引起官方注意的情况下实现？,4,推荐,577,0.9995995519987384
2012-07-22 19:11:43,包子,陈老师亮瞎了= =这龙套跑的。。。,5,力荐,8,0.8965120598795864
2012-07-22 21:17:00,胤祥,这片儿不提最佳影片合情合理啊！Maggie Gyllenhaal不适合这个角色。小丑的戏还算不错。可是木有心理剪辑还能叫诺兰么？吐槽中国到这个程度，无怪不能引进。,4,推荐,136,0.9995665372992854
2012-07-30 00:38:31,方方土君,其实小丑才不是疯狗，他是人性大师与博弈大师……,5,力荐,22,0.9990785034351832
2012-07-30 12:26:13,Arrhyth,平平淡淡…不过导演告诉我们，如果正派的男主不够帅，他早晚要变成反派的。,3,还行,9,0.9939632980783808
2012-08-03 22:36:04,奇爱博士,伟大、通俗又深刻的商业殿堂级佳作。【电影资料馆】,5,力荐,131,0.9902070395786046
2012-08-18 00:59:42,朝暮雪,"纵然人们污蔑他、陷害他、诋毁他，他也始终坚守内心的信仰。
面对无数的指责和误解，他依然坚持做一个好人。
人们不理解他为什么凌驾于法律之上，不理解他为什么殴打警察……
无论你为他们做了多少，永远有人不识好人心。
不能因为有人黑你，你就放弃，或者黑化。
骂声再多，困难再大，他永远不忘初心。
卧薪尝胆，忍辱负重，背负诋毁和指责前行，换世间美好和安定。
因为世界上只有一种真正的英雄主义，就是认识生活的真相后依然爱它。
他不在乎人们的看法，永远去做别人不会去做的正确的抉择。
即便人们会因此恨他，但这才是蝙蝠侠。
从当初卸任、把拯救世界的希望寄托在别人身上，到后来身披铠甲、战斗到底，这正是英雄比反派更加伟大的原因。
他不仅仅是想当个英雄，他想比英雄做得更多。
正如诺兰拍的不仅仅是超英片，更是一部力透纸背的人性史诗。",5,力荐,1225,1.0
2012-08-19 02:09:30,办公室甜心,不多说，这是一部伟大的电影。,5,力荐,18,0.6474210600439799
2012-08-19 02:09:30,办公室甜心,不多说，这是一部伟大的电影。,5,力荐,18,0.6474210600439799
2012-08-27 15:24:24,开膛手贝塔,所谓英雄，难的不是在高楼挺立抱着救来的美人受万人敬仰，而是为世人之福祉，担得起所有的唾弃、怪责与嘲弄。,4,推荐,17,0.9999720250702692
2012-08-28 08:46:20,Mr. Infamous,对于孤寂与绝望有着腐蚀性的刻画，在小丑诡异疯狂的思维逻辑下，其实有着对世态最精明深刻的透视，人性两面翻飞颠仆，神速地侵吞着信仰与底线。蝙蝠侠这一次浓重的阴郁、无助与动摇，无不是为他百炼成钢铺就一种可能。坐等下一部神话的重塑。（MG是我所好，但Rachel换人还是不惯。又话说，有冠希哎。）,5,力荐,12,0.9999999999977948
2012-08-28 12:54:32,徐若风,完美诠释GRAVITY.,5,力荐,23,0.9402857430578389
2012-08-28 12:54:32,徐若风,完美诠释GRAVITY.,5,力荐,23,0.9402857430578389
2012-08-28 14:49:40,文泽尔,补记：都说三部里面第二部最佳 细想确实如此 毕竟忍者大师和贝恩都有人间羁绊 固定指向的动机 是不可能与小丑那种纯粹的恶相提并论的 另一方面 一三两部的反派在肉搏武功上 同出一门 各较长短 而小丑则完全是凭着超群智力和疯狂 将蝙蝠压制得服服帖帖 黑化一人残杀一人 最终令蝙蝠自我放逐八年 难超越,5,力荐,385,0.997407066794818
2012-08-30 23:23:41,啊撒酷啦哟,不难看，有点期待第三部的说~,4,推荐,0,0.6558407062038543
2012-08-31 22:06:22,亚比煞,希斯莱杰真是戏疯子。,4,推荐,383,0.8876752915215684
2012-09-02 08:34:25,UrthónaD'Mors,其实我想说，小丑说的话多半是真理I try to show the schemers how pathetic their attempts to control things really are. its a funny world we live in,5,力荐,25,0.0122501186209446
2012-09-02 09:07:06,shelley,我不是粉啦,4,推荐,1,0.3452787547128308
2012-09-02 12:40:46,阿麦,3星+希斯莱杰,4,推荐,1,0.2227691040436605
2012-09-02 14:21:51,豆瓣酱,最喷血的是居然有陈冠希打酱油。。。。吐血。。。,4,推荐,1,0.3431866859170237
2012-09-03 23:26:00,豆友2454628,"在第一部冗长的铺垫和热身之后，诺兰终于放开手脚，让蝙蝠侠2脱离了多年来漫画超人大片的乏味套路。小丑这一角色的成功塑造，使这部片的内容甚至胜过形式，变得真正有料可挖起来。只不过，我真是受够150分钟的电影了，观影舒适度在90分钟后就开始逐渐下降，如今难道都没人崇尚""短小精悍""了吗？！",5,力荐,6,0.9964439045697974
2012-09-23 10:05:52,Fleurs.哼哼,完美,5,力荐,4,0.8233995584988961
2012-09-25 01:01:36,高歌,竟能把美式大片拍成这样，我已无话可说。,5,力荐,9,0.011517569986194
2012-10-07 12:02:03,老Ben蘇,从没有一部商业电影可以做到这种高度，也許說這是一部商業片是在侮辱這部電影了。小丑这个人物无疑是美国超级英雄系列电影里最伟大的反派，希斯萊傑毫無疑問已經超越演技同樣神級別的傑克尼克爾森了，希望他R.I.P..諾蘭用他黑暗風格加一個一個虛構的哥譚市完美呈現出人性的光明和黑暗，詳見三位主人公,5,力荐,11,0.9999999751163546
2012-11-25 16:11:23,Vamei,"韦恩如何能在这个世界的疯狂中保持一颗蝙蝠侠的心呢？这对于我来说是个未解之谜。地区检查官尽管不幸，但和韦恩比差远了。
可不可以把韦恩也理解为小丑那样的偏执狂呢？",4,推荐,79,0.9999944413861632
2012-11-30 23:24:02,石墙,现实世界中的暧昧性让很多真正的好人必须去做一些坏事；但是虚构世界中的蝙蝠侠虽然声名不好做的却全是好事。两者都保留了事实的复杂性，但是前者是现实的，后者是理想的。蝙蝠侠只能是一个理想中的英雄，市民对他的误解其实更强化了他的英雄形象。小丑的形象则没那么含混，他不考验伪善，他考验真善。,4,推荐,8,0.999999999980302
2012-12-27 10:58:42,猫语猫寻,刚刚看到说，这个片子里有陈冠希，你们发现了么？我怎么一点印象都没有！要不要再看一遍呢！好犹豫，如果他是去拍照的，那不是很亏么！唉！,5,力荐,21,0.926157374088959
2013-02-01 18:22:19,南笙,挚爱希斯莱杰，永远的小丑，无人可超越。癫狂的演技，已分不清那是戏还是人,5,力荐,83,0.9965664798684286
2013-03-03 16:35:56,朝阳区陆依萍,看的我下巴快掉下来了。。。。,5,力荐,31,0.2270301422669741
2013-03-24 17:50:17,爱幻想的小孩,个人缘故，特别喜欢这种片子的质感。各方面处理的都很到位，引人深思,5,力荐,10,0.9958836034931812
2013-05-25 22:20:51,bird,牛逼,4,推荐,6,0.6923786120385603
2013-08-21 22:54:15,西楼尘,最棒的一部超级英雄的电影，带着看无脑片的心情看到了诺兰的惊喜。隐喻影射着我们的社会，好电影就是能把现实生活的不完美巧妙告诉你。,5,力荐,98,0.9999999999289708
2013-08-25 11:25:17,老罗Lazzaro,诺兰经典无法超越，燃cry+1。,5,力荐,11,0.9694574865160054
2013-08-25 11:25:17,老罗Lazzaro,诺兰经典无法超越，燃cry+1。,5,力荐,11,0.9694574865160054
2013-10-09 23:22:54,書衣偵探華斯比,个人观影感觉上，没有其他推荐人说得那么经典，没有超能力的蝙蝠侠前传电影真心不科幻，但还是相当不错的犯罪电影。实体正义和程序正义的关系问题也一直是超级英雄电影要涉及的内容。,4,推荐,3,0.9999999965519806
2014-02-01 19:41:05,国王KING,【电影之夜】暗黑英雄最强力作！,5,力荐,15,0.998318369467095
2014-04-28 23:02:19,Ocap,启蒙我的电影重作之一。以最痛快的方式，直面黑暗，相信黑暗。,5,力荐,55,0.9999494116974031
2014-05-25 18:25:53,闲菜大姨,英雄总是寂寞的，罪犯却从不缺帮凶。还是普通人最幸福，生活在粉饰的太平中。,4,推荐,16,0.9999999396851084
2014-06-10 14:32:04,沉歌,即使这是我最讨厌的电影类型，也必须赞叹一句导演技法的纯熟，完成度之高。这已经不是普通的超级英雄电影了。,4,推荐,159,0.9989416953282694
2014-08-04 11:14:14,许季山,看电影过程中一直困扰我的是小丑怎么完成诸多不可能的任务？他真是天仙下凡，只看到结果不解释过程。如果这个问题不解决的话，这电影的根基在哪呢？,3,还行,42,0.89719874322253
2014-08-04 11:14:14,许季山,看电影过程中一直困扰我的是小丑怎么完成诸多不可能的任务？他真是天仙下凡，只看到结果不解释过程。如果这个问题不解决的话，这电影的根基在哪呢？,3,还行,42,0.89719874322253
2014-09-04 10:28:37,灰色堡垒,我心目中的最佳商业片之一。,5,力荐,4,0.6156032394034827
2014-11-06 19:20:10,纸风筱龙,莱杰极致的完美演出让影片中所有角色黯淡失色，诺兰这次把写实犯罪风发挥到极致，蝙蝠侠成了只是披上披风头盔盔甲和一堆高科技的普通人，tdk中依旧由季默和纽顿霍华德作曲。无可挑剔的剧本、登峰造极的演技、近乎完美的配乐，商业电影的极高境界，诺兰把商业电影结合艺术让这部商业电影有一半是文艺片,5,力荐,7,0.9999999999703428
2014-11-08 13:00:30,教授,最后真是人性trick大连击 我就不懂了 为什么非要把女主搞成这种德行 上一分钟还在那和双面人说my answer is yes 一掉头又和老爷说什么等你一万年 这么理直气壮的劈腿真是吓裂,5,力荐,2,0.4717893461926272
2014-12-22 07:33:19,尚在影,看过最多遍的电影！,5,力荐,16,0.9749847661394128
2014-12-24 21:20:34,qw0aszx,奇怪的是诺兰之前居然没人想到胶片IMAX相机可以用来拍剧情片,5,力荐,15,0.8546964250324832
2015-01-30 16:52:16,Walt,我从小梦想做大英雄 长大后梦的破碎并非我无法成为英雄而是 这儿根本没有英雄 这个世界上从来没有人堪称英雄 在此之前没有 但 也正是因此 我们有了抛开过往一切所有有关英雄的定义 重新开辟一个新的有关英雄的词条 属于每一个人自己的词条,5,力荐,11,0.9999999999999998
2015-02-02 19:35:44,凹凸,4.5 唯一的败笔大概是双面人的转变太过突兀了 把超级英雄电影拍得如此深刻又悲怆都没能提名81届奥斯卡的BP和BD 学院也是有点可悲,5,力荐,12,0.9931854680644172
2015-02-05 00:14:40,爱的镇魂歌,正气与狂气碰撞交织，冲破底线人性畸变，转折层层突进，多重高潮共鸣。通过小丑催生堕落的双面人，通过哈维鼓舞奋起的哥谭市，三艘船构建猜疑链，同样生杀在握却走向不同于自然选择号的结局，给予了蝙蝠侠背负起罪名的意义，结尾将小丑赚走的风头一把抢回，老爷赛高!,5,力荐,18,0.9999999999371544
2015-04-05 13:00:12,S........en,这次从头到尾彻彻底底地重看了一遍，以前看是被小丑吸引，后来看是被蝙蝠侠所感动，现在看有一种感觉是诺兰剪辑后本来应该有四小时长的，后来硬是剪成这样，但居然无尿点，赞。每次再看都有新的感慨。,5,力荐,14,0.9998571047645596
2015-06-11 11:36:12,Leon Winters W,蝙蝠侠版的铁血丹心！即便蝙蝠侠真的没有了抵抗能力，任他宰割时，他会放弃。或者，他会杀掉这个蝙蝠侠，然后再去找一个蝙蝠侠去杀。如果这个世界上只有一个蝙蝠侠的话，他会舍不得杀的。这不只是为了不断斗下去而活在“一个不那么无聊的世界”，也是他内心深处那个小男孩的一点微弱而坚定的呼声。,5,力荐,45,0.9998699585768084
2015-07-15 14:01:31,绿酱（冷萃版,诶，我还是觉得老爷比较帅啊，小丑什么不是我的菜呢(嘻嘻) ,5,力荐,9,0.9577770732834832
2015-12-26 23:34:16,曾于里,虽然是老套的超级英雄主题，但关于人性善与恶、正义与法律悖论的思考非常深刻,5,力荐,41,0.9999998516567684
2016-03-04 21:01:23,秋里,重看一遍，想起王尔德的一句话：把人分成好的与坏的是荒谬的，人要么迷人，要么乏味。小丑就是那个迷人有趣的人，而蝙蝠侠不仅弱爆了，还很乏味。我真的是三观不正吗。 另外小丑看到船竟然没炸的时候，他应该是感到一种巨大的怅然若失吧。,5,力荐,26,0.0481106361279429
2016-05-05 17:33:50,FrozenElsa,【9.4】5.5.2016重温！千言万语说不尽我对黑骑的爱，从这部开始入的DC坑，爱上美漫，爱上蝙蝠侠。感谢诺兰拍出了这么棒的作品，特别现在看来，如果没有三部曲撑腰DC会被嘲讽成什么样子。TDK完全值得给满分，不过这部没有太多情感的渲染，感觉还是扣点分吧。,5,力荐,11,0.9999999968409428
2016-05-30 03:46:06,掉线,【A-】四年后重看感觉好多了，但依旧不是心中神作。诺兰太聪明，能够如此精确的抓住观众的情节期望并推翻，最出色的还是在漫画英雄类型片里达到了前所未有的主题高度。和剧本相比其他就显得逊色了，过于依赖非线性剪辑显示了导演单场景调度能力不足，以及部分动作场面真的满难看,5,力荐,84,0.9999997755072748
2016-06-10 16:37:03,撒旦的表妹,很久之前看了一半没看完，就记得整部电影的色调都是黑乎乎看得人太压抑，这次终于分两次看完，然后更压抑了。,5,力荐,13,0.3410323359135505
2016-07-06 22:00:22,SELVEN,88/100 第二遍看还是cry了,5,力荐,6,0.66849543660873
2016-08-12 14:50:37,判官,小丑这角色真是屌炸了，真男人从不回头看爆炸啊。,3,还行,5,0.9680689276407816
2016-08-25 11:20:25,圆首的秘书,整部片子因为希斯·莱杰的死而高度过誉，而且真心没觉得希斯·莱杰的表演有多好。小丑这个角色本身并没有什么发挥余地，作为一个反派心理还是太单薄了些，什么表演也撑不起来。编剧其实比较大条，关于善恶的讨论还到不了哲学层次，关于行善行恶的手段、转化、对比，比这个好的一箩筐。,4,推荐,284,0.9999301541350344
2016-10-23 09:13:12,RUNE,诺兰成功的将一部超级英雄电影极尽升华，在正邪交锋中，用以探讨人性，用以诠释选择，将商业与文艺完美结合，将蝙蝠侠从失落的泥潭中拉起，塑造出了超英电影一个前无古人后无来者的巅峰，精彩到无以复加！由此诺兰便成为了我最喜欢的导演，没有之一,5,力荐,17,0.9999999999963564
2016-11-21 18:42:08,momo,知道诺兰擅长烧脑类电影，没想到动作大片也如此带感。主角蝙蝠侠演的很好，但发挥空间不大。反派小丑很变态，获得奥斯卡最佳男配实至名归。卢修斯和阿福是蝙蝠侠的左膀右臂，都是超级熟悉的实力派。人们津津乐道英雄的风采，却不知英雄的无奈。,5,力荐,47,0.9999996540218457
2016-11-21 21:12:41,后天的雨,作为诺兰吹贝尔颜粉必须给五星，很纯熟的商业片，除去商业片元素之外还有些能打动人心的部分,5,力荐,34,0.997931098452569
2016-12-10 09:28:40,思路乐,【Great】最后那个背影到底承受了多少黑暗和光明,5,力荐,20,0.9931771506797628
2017-01-01 12:14:13,bamboo,甩普通英雄片一个宇宙,5,力荐,315,0.9964364791909558
2017-02-24 23:00:13,石头星,可惜大陆未公映，没有大屏幕前欣赏。对人性的拷问直击人心，太经典，小丑也是。,5,力荐,9,0.9998111829371984
2017-02-26 22:08:20,yyb,补了一年美漫再回来看黑暗骑士，终于明白经典为什么是常看常新。没有读过蝙蝠侠，你无法理解蝙蝠侠不杀原则，没有读过小丑和致命玩笑，你不明白蝙蝠侠和小丑是一枚硬币的两面。这部电影有巨大的背景门槛（诺兰对于蝙蝠侠和小丑的理解令人惊叹），条目下的长短评论基本是瞎扯，大多只浮于表面,5,力荐,74,0.9999996579584572
2017-03-29 14:37:25,大耳朵图图_,最强的人类——蝙蝠侠。虽然是超级英雄片儿，诺兰却把它拍出了人文气质，同类题材的真的会很难超越,5,力荐,37,0.9999969646470216
2017-03-31 16:37:34,X,私以为蝙蝠侠是一众超级英雄电影里最有深度的一部，非常有讽刺意义,5,力荐,26,0.9999191498250052
2017-04-06 15:29:29,卡比巴拉的海,无尽的黑暗,5,力荐,9,0.9867153285347392
2017-07-06 00:41:24,征服者张袭,★★★☆,3,还行,30,0.5
2017-08-02 18:50:57,焚紙樓,成功原因：諾蘭兄弟（10%）+法蘭克米勒（10%）+華納公司放手一搏的膽識（80%）,5,力荐,19,0.958089655248227
2017-08-09 01:06:31,寒枝雀静,看完新蝙蝠侠后改三星。,3,还行,3,0.540777207445575
2017-08-28 22:47:39,根,一直在搜索“为什么还有人想住在哥谭市”,4,推荐,3317,0.8810346597347856
2017-09-27 00:24:43,王大盆,蝙蝠侠不是这个电影的主角，小丑才是。,5,力荐,11,0.7543583045769738
2017-10-13 10:05:53,水木丁,快十年过去，终于敢看这部片子了，但是他一出场，还是忍不住落泪啊……,5,力荐,142,0.9962800009508946
2017-11-18 16:51:51,。,【重温】看了无数遍，结局仍然看哭。环环相扣，引人入胜。几乎大部分台词都有所铺垫且耐人寻味。更别提及其出色的人物设定，最爱的蝙蝠侠，最经典的反派。如果可以打一百颗星就好了。,5,力荐,8,0.9999999565642992
2017-11-25 22:43:44,孑秩,随着超级英雄片批量下线，越发怀念这部,5,力荐,15,0.9966211780758414
2017-11-26 02:03:34,陆钓雪de飘飘,"果然是系列最佳，燃爆。Because he's not a hero. He is a silent guardian, a wachful protector, a dark knight.",5,力荐,14,0.1428950631114609
2017-11-26 21:14:46,顶天立地咩抹酱,不是脑残粉也觉得这片子拍得实在是好,5,力荐,13,0.6051955135453027
2017-11-26 21:14:46,顶天立地咩抹酱,不是脑残粉也觉得这片子拍得实在是好,5,力荐,13,0.6051955135453027
2018-01-23 09:37:38,云城,希斯莱杰今天离开十年了,5,力荐,5,0.4949087960916
2018-04-07 23:19:54,深邃,#BJIFF# 回溯了一下这是我完整看完的第四遍（部分片段看过次数数不清了），IMAX4K的配置，全场集中鼓掌六次，分别是影院黑灯、小丑出场（伴有高声尖叫与欢呼）、结尾随寂寞神配乐出片名黑暗骑士、字幕出西斯莱杰、字幕出诺兰、全片字幕滚动完毕。相信黑暗骑士的荣耀，仍将震撼我的余生。,5,力荐,12,0.999999315504442
2018-04-08 00:13:28,HarperDie,四星半。诺兰把蝙蝠侠的精神内核推到这样的高度，令人太难拒绝对其赞美。可为了承载这样的体量，情节不留余地的加速推进，强硬到不讲道理，角色皆为影片附属品。即便希斯·莱杰与小丑已融为一体，却也只是诺兰扯下人性伪装的一隅。可敬又可惜。,5,力荐,7,0.9983812492764628
2018-04-15 17:37:11,DEPARTURES,BJIFF 2018 Day3 金逸大悦城2号厅，TDK十周年，总算补上大银幕，无需多言！多年以后仍旧是同类型难以逾越的巅峰，超英漫改题材范畴能有的都有了。不能有了也有了。十年以后依然屹立不倒！DC有这一部就够留名，话说JNH配乐明明贡献不小，怎么老被无视。,5,力荐,11,0.9236009136761008
2018-06-29 13:36:27,糖罐子.,希斯莱杰的表演犹如魔鬼附体。英雄总是外表坚强内在脆弱，此部中小丑在气势上完全喧宾夺主压过了主角，一切仿佛都在堕落边缘。然而，正是这种临界状态的坚守才使正义变得可信，才使光明成为可期盼的将来#仍旧不爱此系列，但不能否认，艺术与商业的完美结合体现于「黑暗骑士」。,4,推荐,11,0.9999999999998654
2018-11-12 08:39:33,大島,可贵的是他不是超级英雄，而是人类的极限，阐述的不是正义，而是人性。,4,推荐,61,0.999912406200118
2019-01-08 23:05:29,肯拔基,"回看第二十一遍！每当有朋友没看过，我都会带着他重看一遍。因为每一句台词都是有用的，剧情从头到尾都是连贯的，所以每次都有新的发现。尽管一个榜单一个标准，在我心里这永远是影史第一！
P.S. 20190108 之前一直想不通为什么瑞秋会搭上一个光明骑士，今天想通了，因为黑暗骑士晚上老往外跑......",5,力荐,8,0.9942461493409064
2019-09-01 21:24:05,刘安溥,评分高的吓人，我看时只觉得累，虽然节奏很快，真的只觉得眼花缭乱～像说教一样的电影，某些桥段太刻意表现人性美好～可能我就是不喜欢超级英雄电影，即使是诺兰导的…,3,还行,32,0.9999990073464654
2019-09-11 09:52:37,丁一,看短评区，好像进了个夸夸群~,3,还行,117,0.1822043661601554
2019-09-28 14:42:43,phoebe,小丑应该开创了一个反派类型吧，佩服。,4,推荐,6,0.8881815379652719
2019-11-27 15:33:38,[己注销],（８／１０）《小丑》是小丑的起源，《侠影之谜》是蝙蝠侠的起源，《黑暗骑士》则似乎是蝙蝠侠和小丑的首次交锋+双面人的起源。希斯·莱杰演绎的小丑很出彩，看了花絮介绍莱杰参考了1989版杰克·尼科尔森的小丑。说起来早期小丑只是个很普通的反派，但尼科尔森在演绎方式进行了突破，赋予了这个反派角色邪恶的魅力，之后包括莱杰在内的诸多小丑都多少有点尼科尔森版小丑的影子。不过话说回来，小丑如此受观众欢迎，也说明了如果希特勒活在了这个时代，他也会有很多粉丝吧？或者，“如果”二字完全可以去掉。,4,推荐,8,1.0
2020-04-18 22:20:25,是灰小猫啊,我和各位超级英雄真的八字不合,3,还行,22,0.9590400854906924
2020-08-01 13:14:45,同志亦凡人中文站,以后还会看很多诺兰电影，但这是第一次也是最后一次在IMAX银幕上看到希斯·莱杰。罪恶从未如此华丽。,5,力荐,178,0.98175945074795
2020-08-21 17:07:37,千堆雪与长街,这座城市需要有品味的罪犯 还有我居然一眼认出了出镜只有一秒的陈冠希,5,力荐,14,0.930960970370121
2020-08-26 11:04:02,大头绿豆,如果仅仅作为不讲道理的无脑爽片来看，是非常过瘾、值得五星的。但诺兰显然不甘于此，非得逼着观众强行思考一些他自己也没弄明白的大道理，结果呈现出来的，变成一堆似是而非、经不起推敲的价值观。,3,还行,52,0.9999987428766238
2020-11-14 22:07:57,铲铲,居然评这么高？只觉得很黑暗但是没啥特别的感觉，想拍人性但是可看性一般，差点睡着。不至于不至于。,3,还行,26,0.6585481886281146
2021-01-20 12:40:00,高詩遠,这一部已经是蝙蝠侠的天花板了，与小丑的博弈之中存在多重反转，完全摸不透这一局谁是赢家。打破了非黑即白的世界观设定，几乎每一个人都是双面的，蝙蝠侠最后承载了绝对的正义与邪恶，双面人又从黑暗之中驱散光明给活着的市民们给予希望，绝对的正义无法独自享受光明，有时也需隐忍，没有非黑即白的世界，只有黑白颠倒的乱世。,4,推荐,2,0.9999999999137426
2021-02-10 01:38:15,柴郡猫,哈维有他决定命运的硬币，布鲁斯也有，但他从来不掷。,5,力荐,35,0.9795044529395064
2021-06-14 01:16:58,春衫薄,对不起诺兰，此类题材依然欣赏不来,3,还行,8,0.887928711998028
2022-03-18 23:29:20,猎户星座,与其花钱看新蝙蝠侠，不如重温黑暗骑士,5,力荐,94,0.8757964181072052
2022-03-23 14:37:23,哟          .,大概是第四遍了，一不小心打开就停不下来。其讨论问题之深，演员演绎之绝，超英电影至今大概无人能出其右。布鲁斯韦恩不断的自我怀疑，以及面临的数次道德抉择都令人动容：正义与善良，理智与情感，正直与极权，希望与谎言……最终蝙蝠侠一瘸一拐地逃跑，那一大段放在别的地方也许伟光正、也许矫情的对白，在这两个半小时的讲述后都成立了。我们都知道他承受了什么。这也许正是诺兰导演的高明之处，在最适合的故事下讨论最适合的主题，在最合适的语境下说最合适的话。,5,力荐,19,1.0
2022-03-24 02:10:25,杨清嘉,最好的情节是货轮没炸，能在黑暗中拯救人们的只能是人们自己，真正的英雄主义是一个个普通人不屈服于恐惧。Super hero就像童话里的王子，弱鸡如白雪公主只能等待被拯救，普通人可比白雪公主强大多了，能在混沌中坚韧不拔地活下去，他们比英雄更有力量。,4,推荐,15,0.9999999999999992
2022-03-27 16:14:02,不说也罢,没有什么超能力，没有什么高科技，像是一个警匪片。而且反派还特聪明，把三个主角耍得团团转😧小丑做什么都顺风顺水，想干啥干啥……电影拍得还可以，但剧情一般了，好像小丑才是值得歌颂的主角。想到同样是厉害反派的灭霸，格局比小丑大多了。钢铁侠们的正义感也没那么容易崩塌，世界上的人都没了一半，也没说变成坏人的去报复社会的。,3,还行,11,0.9930848748283114
2022-04-27 21:39:25,法外之徒,在诺兰的眼中 蝙蝠侠从来不是一个穿着紧身衣的超级英雄 他是另一种形式的世界警察 从诞生到死亡都被宿命般的悖论所萦绕：究竟是谁给了Bruce Wayne权力 让他能够超出法律的边界 仅凭意志做出价值判断？如果这种权力来自于城市的腐败和普通人对正义的渴求 那么打击罪恶的代价又应该由谁来承担？而这一质问完全可以延伸到美国在反恐战争中所扮演的角色 如果说小丑这种恐怖分子的诞生是源于作为义警的蝙蝠侠的存在 那么自诩世界警察的美国进行反恐战争的合理性自然需要打上一个问号 正如决战处蝙蝠侠通过监控所有人的通讯设备来找到小丑 这简直就是“棱镜计划”的翻版 在用监视所有人而获得虚无安全感的前提下 谎言的破灭引发了更大的信任危机,5,力荐,24,1.0
2022-04-27 21:39:25,法外之徒,在诺兰的眼中 蝙蝠侠从来不是一个穿着紧身衣的超级英雄 他是另一种形式的世界警察 从诞生到死亡都被宿命般的悖论所萦绕：究竟是谁给了Bruce Wayne权力 让他能够超出法律的边界 仅凭意志做出价值判断？如果这种权力来自于城市的腐败和普通人对正义的渴求 那么打击罪恶的代价又应该由谁来承担？而这一质问完全可以延伸到美国在反恐战争中所扮演的角色 如果说小丑这种恐怖分子的诞生是源于作为义警的蝙蝠侠的存在 那么自诩世界警察的美国进行反恐战争的合理性自然需要打上一个问号 正如决战处蝙蝠侠通过监控所有人的通讯设备来找到小丑 这简直就是“棱镜计划”的翻版 在用监视所有人而获得虚无安全感的前提下 谎言的破灭引发了更大的信任危机,5,力荐,24,1.0
2022-05-14 01:57:52,Elizen,讨论人性的超级英雄，怕狗。,4,推荐,6,0.997899285320394
2022-06-08 11:44:31,契阳,"我大概永远无法欣赏，英美的混乱美学。
正直精英靠钱堆出来的科技变身暗夜骑士，以哲学理念包装行为偏好的小丑，微笑疤痕的来历，见一个人就换一个说法。。。。。警察市长法庭。民众。无法对任何一方共情。
感觉像好几个道德困境选择题连缀起来的一篇作文
说不出啥感觉，就是经不起仔细推敲。毕竟真空状态下的完美哲学难题，在漏洞百出的现实当中是不存在的
没有人是掌控一切的出题者，各有自己的信息优势，在有明有暗的混沌当中朝各自的目标摸索，才更像我理解的世界。我看到的灰色的风格，跟创作者眼里黑白交织的织法太不一样了。大概真的是跟诺兰没有缘分吧
6部片了，看到的都是背后那个有制造场面的才华、但真的让我很想劝他重新接受基础文科教育的偏执者",3,还行,46,1.0
2022-06-18 11:49:59,曼仔,时隔四年重看这部，希斯莱杰确实是真正的天赋型体验派；但诺兰确实不懂人。诺兰对“人”的解读是模式化且抽象化的，只能隔着距离去想象大众的善恶，呈现粗糙的“普遍人性”，一旦涉及个体幽微复杂的心理性情，除非演员天才，否则人物的工具感和匠气感非常明显。结尾蝙蝠侠自污名节深藏功与名的设置简直给我看笑了，能说什么，这种“清者自清是于无声处对无人的承诺”式的自怜审美真是跨越中外，鹤唳华亭、庆熹纪事、琅琊榜里的男主角，每一个都在做出一模一样的沉浸式自怜，以自污来自我升华。想象中的孤胆英雄铁肩担道义吗？只怕“载不动许多愁”。,3,还行,40,0.9999999999968164
2022-08-28 22:52:43,开朗米奇罗,结尾只好为蝙蝠侠献上一首：爱你孤身走暗巷爱你不跪的模样爱你对峙过绝望不肯哭一场,4,推荐,9,0.9967303566020228
2022-10-04 22:00:33,本味何知,这部基本脱离了超英的趣味。片中的一些探讨谈不上深刻（无论是社会运作还是群众道德都跟开玩笑似的），但概念玩得挺溜，小丑、双面人、黑暗骑士互为对照，在犯罪片里也算出类拔萃。,4,推荐,3,0.9999971245722052
2023-05-09 12:58:01,la dolce vita,真正意义上的神作，太好看了。蝙蝠侠、小丑和双面人三个人，分别代表着正义、邪恶和选择。当大家发现选择无底线的恶比坚守正义更容易时，人们就会堕落，向下是轻松的、简单的、付出很小代价的。而向上却意味着要冷静、清醒、牺牲。具有古希腊悲剧的色彩的现代寓言故事，蝙蝠侠选择自我牺牲来守护正义、守护光明。希斯莱杰演的太太太太好了，癫狂又可悲，真的演活了小丑,5,力荐,22,0.9999999999999996
2023-06-21 19:39:41,匿名用户,前2小时只是一部优秀的超英电影，后半小时主题突然升华,5,力荐,20,0.9845992255753
2023-07-06 15:11:54,和时间做朋友,"跟其他的超级英雄片相比，这部片子的立意真的是在next level。
btw我很悲观，我一点都不相信两艘游轮上的选择在现实中会真的出现。",5,力荐,41,0.9981855107825696
2023-08-18 20:42:34,忙忙碌碌老花农,通篇过于上流，有些不适。唯独小丑形象深刻至极，三颗星都为希斯·莱杰，这部电影完全是他的个人solo，此外的部片无聊到可以随时停止播放。,3,还行,10,0.4040316647584963
2023-10-04 22:22:16,宇宙无敌库里哥,"神作的结局总是如此有张力，不论是《搏击俱乐部》还是《黑暗骑士》，都令人头皮发麻。

小丑和蝙蝠侠各赢一半。当两艘游轮上的人们都没按下起爆按钮时，小丑输了；当哥谭最正义的检查官哈维堕落成杀人犯时，蝙蝠侠输了。

哈维冒名顶替蝙蝠侠，蝙蝠侠顶替哈维罪名，这对照让神作气质侧漏。

规则之中的正义使者戈登警官、情感线支柱瑞秋、雷厉风行的正义骑士哈维、金句频出的阿尔弗雷德管家、蝙蝠侠的阴暗面小丑，每一个配角都是构成这部神作的不可或缺的齿轮。",5,力荐,21,0.9999999984984632
2023-12-18 22:32:27,藿香柠檬,诺兰生涯最佳，商业与艺术平衡的佳作，当年多么惊世骇俗，奥本海默就有多么陈词滥调。,3,还行,10,0.9998712672593276
2023-12-28 05:19:07,牛奶配送员,站在2023年感叹现在的英雄片也太烂了…,5,力荐,8,0.953498777448912
