2014-09-12 12:35:15,Sammy,#TIFF2014##同性恋合法的起源，伟大的图灵#有着厚重历史背景的个人故事，破解Enigma的传奇被精彩呈现，节奏紧张三条时间线反复穿插，幼年图灵出彩，马修古迪美颜抢镜，电影没有犯下任何错误让我有一瞬间以为是奥斯卡热门，还是找到了瑕疵：请不要把BC跑步时候的脸给特写镜头！屏幕再大也装不下！,5,力荐,745,0.9999990775402992
2014-09-20 10:01:22,Hollyh,学校的电影节放映，比上映提前了2个月，好看的泪流满面。多希望图灵能看到今天世界因为他有多么的不同。,5,力荐,74,0.995345923592398
2014-09-28 12:55:05,enzo去了夏天里,#SDFF# 终于溜进来看了一部premiere 错过了开头二十分钟 但二缺颜值终于回来了 以及少年图灵真的太嫩了 估计会大火 二战背景故事也不算新鲜 但是图灵本人真的很传奇 几条故事线层次清晰 最后二缺飚戏看的好喷泪TT,3,还行,21,0.9999990510987882
2014-11-09 09:30:48,Magpie,真的很好看…最后简单冷静的几行叙述文字本来我有一种欣慰的感动但准备会心一笑又觉得一种莫名的委屈，然后“噗哧”一声我就哭了出来…真的是五味陈杂啊T~T and thank you for bringing Turing back,5,力荐,1208,0.999986151464448
2014-11-15 08:38:14,李小饼,1最佳soul mate是去掉性吸引力 你仍是完美伴侣  2唯一爱你的方式，是建造一部解决人类所有问题的机器，冠以你名。 卷福又上升了一个新高度，演绎淋漓尽致  结巴天才四星半,4,推荐,3329,0.997845190412721
2014-11-15 09:46:21,毛豆バブン,太惨了，做人怎么能这么惨，惨得我和女士看完电影坐在椅子上一边擦眼泪一边思考了五分钟人生，上一次哭成狗的lgbt电影还是断背山。现在终于感觉，一个很厉害的人过得很惨，比一个很惨的正常人丧多了。,5,力荐,4969,0.9999993310089148
2014-11-17 04:21:45,litanerr,"每年年底标准的颁奖季命题作文 典型的笑点泪点刚刚好based on a true story主角无限飚戏空间观众（和奥斯卡评委）要什么就给什么的韦斯坦恩式好莱坞商业片 it's not bad, but it just hasn't got any surprises",4,推荐,37,0.9999953399638838
2014-11-17 05:13:45,苗儿,没特别期待也没大失望。人物脸谱化。故事简单化。好莱坞。高大全。然而若不是这电影我也不会了解那故事的细节和其他人物。卡司非常好。我觉得最喜欢的表演反倒是Matthew Goode和Mark Strong. Matthew Beard在那角色里都发挥不出来，可惜。,3,还行,285,0.999986077692784
2014-11-20 12:38:41,米粒,在图灵这样一个传奇、天才的身上，只能说我想看到的比这部电影说得要多得多：它说的是一个智商超高的人的故事和悲剧，却把观众的智力水平放到了最低的位置… 许多如同琼瑶剧一般的矛盾制造把我是看呆了。当然各方面都太讨好奥斯卡了，英国演员、欧洲导演，配乐，摄影。领奖标配。,3,还行,1684,0.9999999918724244
2014-11-25 04:41:38,蕭查某,看完图灵隐形眼镜都哭掉了，倒不是benny演的有多好，说实话还是没有突破自己固有的银幕形象，能入围的话就已经很不错了。但图灵的一生真的很有泪点，影片结束能听到后排抽泣的声音， 因为真实存在过，所以让人心更为他疼。 ,4,推荐,393,0.9999986394643438
2014-11-27 06:39:35,对方正在输入.,看完之后才理解为什么学校的数学楼叫alan turing building，为什么工程学院的咖啡馆叫enigma cafe,4,推荐,6377,0.9904817244026906
2014-11-29 04:11:32,cheryl夜猫猫,卷福的演技加分。故事开篇让我想到听风者，整张下来尽是温情。以为是悬疑片结果人性和温情才是故事的基调。题材赞！,5,力荐,17,0.9999992022850366
2014-11-29 12:52:13,dow,一部未来的人显然不会想起，刚出影院的观众也讲不清楚的电影。,2,较差,687,0.9979883838784545
2014-12-02 04:47:09,春彦会长,天才之觞。Alan Turing的这台baby computer如今安静地站在曼城的科学工业博物馆一角，看电影之前我刚去看了它。机器不能思考，但天才倾注于它的所有心血和情感，也许是他孤独短暂的一生唯一可宝贵的珍藏。,4,推荐,1604,0.9999999997197536
2014-12-07 07:49:57,小肥啾～,电影院看的时候哭成狗，图灵一边颤抖一边哽咽着说“我不能进监狱，他们会把我的christopher抢走，他们会再一次抢走他！”，看到这里我已经哭的泪流满面，一个英雄，他拯救了整个世界，但是看看这个世界给他的回报是什么！！,5,力荐,1265,0.9999844374600134
2014-12-08 15:01:06,网瘾少女JW,看完电影感慨很多，但最希望的是我的同性恋朋友都能被这世界温柔对待。过了几十年，同性恋“罪”终于得到平反……因为这“罪”牺牲了多少有才的individuals啊...图灵是当中杰出的一个。无法想象他生平遭遇了多大的痛苦和委屈，感觉他的成就、后世人对他的平反都弥补不了他所承受的痛苦,5,力荐,18,0.9999999999718168
2014-12-12 12:41:16,香槟塔,拍的太平庸了。本片的主题：德国人被任性害死了。我们英国人真厉害。我们破解了密码。我们击败了敌人。我们发现了间谍。我们真伟大。【英国人你们还记得剑桥五杰怎么拼嘛？马脸充满着“我就是一个天才”的气质，演技是很好，但剧本的刻画太单薄。即便如此，征战美帝没问题。美国人不是喜欢英国的文化嘛,3,还行,647,0.9999968791881408
2014-12-19 22:56:22,ShrimpEmpanada,在一部高度浓缩的传记片里，我只能看到一个浑身贴满标签的孤僻，偏执，交流障碍的同性恋天才，看到他的经历和思想奇迹般的被剧情串联在一起，看到防空洞里的全民填字游戏，以及在战争和解密的夹缝中拼命挤出的一丝性向与性别平等的声音。如果只能以这种电影纪念的话，多年后他大概还会长出一张长脸吧…,2,较差,480,0.999984323758286
2014-12-25 12:00:11,同志亦凡人中文站,他给机器起名“克里斯托弗”，因为这是他初恋的名字；他同意接受化学阉割，因为这样政府才不会把它带走：这大概是今年大银幕上最含蓄和悲伤的一段同性恋情了。全世界的恐同者都该知道，他们用来敲出每个仇恨字眼的电脑在很多年前曾有一个名字——“克里斯托弗”。,5,力荐,15879,0.9999977483899885
2014-12-27 07:33:27,LORENZO 洛伦佐,一定要打五星表示支持，丰满而感人。剧情编排很聪明，时间线打乱留足了悬念且增强了感情冲突，图灵的一生被完美诠释，这是对所有同志或仅是不同的人的献礼，伟大的人多是与众不同的。小男主隐忍的特写表演很好，BC也终于感动到我了，有奥卡相！唯独如今的电影都超宽屏要装下BC的长脸还真不容易！,5,力荐,227,0.9999999990705916
2014-12-28 04:43:01,玑衡,BC是为这个角色而生的，聪明，孤独，神经质的天才。导演对于情节的安排和取舍很克制，没有为了夺人眼球而刻意强调Turing的同性恋，同性恋情节只是轻轻点过。错落有致地讲到了Turing生命中的所有其他维度：希尔伯特猜想，图灵机，Enigma，人工智能，对长跑的热爱。人物很丰满。,5,力荐,296,0.9999999849037844
2015-01-06 04:12:55,盗米者,真的只是还行吧,3,还行,132,0.7228956131895249
2015-01-07 22:26:07,Redux,又名：我要奥斯卡,3,还行,163,0.4186856850106283
2015-01-08 00:21:09,亵渎电影,什么片子配上Alexandre Desplat这种学院派的煽情配乐都能让你感动，更别提这片子还有讨人喜欢的腐国文艺片气质，还有男女主角优秀的表演和一群熟脸配戏，背后还隐藏着一个伟大的男同爱情故事。不过将图灵的一生编排进这样的颁奖季类型片，时代背景，无名英雄，天才与自闭，没什么惊喜。★★★,3,还行,758,0.9999999999299944
2015-01-08 09:06:57,明明,毫无亮点的片子。剧本幼稚。想想类似这种传记片一抓一大堆,3,还行,66,0.6179228556287293
2015-01-09 16:56:15,匡轶歌,借用一个木心的句式：别再提图灵了吧，他的死，使我们感到大家都是对不起他的。天才总天真、坦荡、毫不设防地迎向这个庸人占领的世界，一腔热诚付与世界。世界待他们，往往却是一盆脏水兜头浇下。有人说：人类社会进步得还是太慢了。嗯，或许吧。人类社会大约是进步了，但人性从未进步过。,5,力荐,13342,0.9999007536097708
2015-01-09 22:20:12,bird,配乐，演员，摄影和故事核心的掩饰下毫无出彩点的庸作。,2,较差,86,0.9995504847901344
2015-01-09 23:22:50,Granite_花花,一个传奇式的天才英雄故事。虽是一位悲剧人物，但是影片着力表现图灵对战争所做的贡献以及自身的纠结点。三线叙事让情节变的丰满，也让图灵这个人物变的更立体。卷福的表演大赞，奈特莉也是可圈可点~,4,推荐,14,0.9999999999838672
2015-01-10 22:14:14,A L E X,重度虐伤。我承受不了图灵所承受的这种委屈，這個世界亏欠他太多太多。,5,力荐,2234,0.9511387827349832
2015-01-11 10:14:05,仿真男孩哪吒,以学院奖的标准配置，工整、流畅、单调，冲奥气质浓郁。二战、天才、同志题材本就是万金油，加上大把优秀演员、AD煽情的配乐、精细的摄影和美工，本应该会非常好看才对。最后把图灵拍成这样，还是太小看人家。3.5。,4,推荐,40,0.9999999152086756
2015-01-11 12:49:13,Hey Johnny,可以把它看作传记片剧情片爱情片... 科学、爱情、友情、LGBT、战争、人性...... 可解读的方面很多，而且各方面表现都令人满意。一直都认为对用心佳作吹毛求疵蛋里挑骨的人一定不是宽容温厚的人。,5,力荐,19,0.9999999968338716
2015-01-11 14:25:52,战将波舰金,非凡的人被拍成了无聊的电影。,2,较差,43,0.8319074886055376
2015-01-11 15:30:33,隆咚锵,真实的故事常常让人流下无可辩驳的泪水,5,力荐,63,0.9940190756079644
2015-01-12 19:12:15,朝暮雪,发明密码、破解密码、又发明新型密码、又破解新型密码……这群人真是天才。,3,还行,39,0.0241047354442913
2015-01-12 19:43:41,Ocap,在结尾打上一行又一行陈述史实的字，这已经成了冲奥传记片的标配，让你混淆历史和片子本身，双双敬畏起来。其实这是春风化雨的绑架。传颂历史的电影跟创造历史的人关系很大？我给图灵牛逼的贡献真真诚诚地打五星，给距离《美丽心灵》十万条街的本片打三星。,5,力荐,33,0.9999999998113988
2015-01-13 00:51:49,朝阳区陆依萍,又一部四平八稳安全着陆的冲奥电影。天才就这么被一群自以为是的庸才耽搁了...同样是传记类，《万物理论》就像可笑的过家家偶像剧....但说句真心话，卷福和kk的表现是意料之中的好，整体没什么太大的惊喜，相比之下，配乐真的是太抢耳了...,4,推荐,94,0.9999998396617245
2015-01-13 02:10:14,羚羊的灵魂,本质是爱情片  图灵这么拼都是为了初恋,4,推荐,82,0.9943560471164492
2015-01-13 02:59:39,翻滚吧！蛋堡,再被图灵的守护感动前竟然先被KK感动了，“那又如何？我们和一般人不一样，我们用自己的方式爱着对方”,4,推荐,1136,0.9987418497939006
2015-01-13 13:07:36,J,导演不造怎么继续就开始音乐抒情，剧本超烂，铺垫非常刻意，少年线完全没用好，卷福的演技真的称不上一流，不够投入也就不够迷人。但是，图灵本身的故事还是让人深为一叹的。,1,很差,80,0.999981349847396
2015-01-14 16:25:17,裴Pey,故事本身便动人、跌宕起伏，看得难过。看到木心谈图灵的一句话，已经贴切地说出我所想的，“别再提图灵了吧，他的死，使我们感到大家都是对不起他的。天才总天真、坦荡、毫不设防地迎向这个庸人占领的世界，一腔热诚付与世界，世界待他们，往往却是一盆脏水兜头浇下。”,4,推荐,145,0.9999930599722366
2015-01-14 22:54:59,黄小毛,感谢祖师爷赏饭,4,推荐,28,0.320316118743818
2015-01-14 23:55:31,影志,“无人所念之人，方能成就无人感想之事” 工整却依然好看。“我们用自己的方式爱着对方，我们能一起过我们想要的生活，你成不了完美丈夫，我也不想做什么完美的妻子，我不会整天给你做羊排，等你从办公室下班回家…我们享受互相的陪伴，我们享受互相的思想，因为我在乎你。我们彼此相知，胜过任何人”,5,力荐,4420,0.9999999998344472
2015-01-15 23:04:52,英恩,他大脑那么迅速地运转，他的双手却那么愚钝地触摸世界。他用聪明保护世界，却被事件的愚钝所迫害。愿所有的伟大都得到应许的赞誉。在图灵做出“考文垂事件”的选择时，我在想如果政府在破解时就得知他的同性恋身份，还会用牺牲战争胜利来做出对他的审判吗？,4,推荐,86,0.9999999075061302
2015-01-16 22:14:44,哪吒男,编剧的奥斯卡获奖感言：图灵从没有站在这样的舞台上接受褒奖的机会，而我却得到了。这是最不公平的事。我想和那些同样觉得自己是个怪胎、觉得自己不同，与周遭格格不入的人一起分享，是的，你是怪异是不同是格格不入，但请你保持怪异，请你与从不同，当下一次你站在聚光灯下，也请你把同样信息继续传递,5,力荐,821,0.9700593385361854
2015-01-17 15:29:39,荞麦,一切都太过显而易见了……包括里面那种悲伤都如此的显而易见……不好看。,3,还行,38,0.9950091789083514
2015-01-18 09:50:04,空羽,夸张的标签化的电影只是为了告诉观者有过图灵？谢谢额。,3,还行,22,0.4091082701859163
2015-01-18 12:00:45,兮称,每一个学术gay都有一个叫科研的男盆友。电影有些用力过火，工整到刻意，二缺时而谢耳朵时而本喵喵傻傻分不清楚，演太多天才迷失自我了，小图灵是一大萌点，结果如此凄惨，后妈编剧虐心指数五颗星,3,还行,21,0.7725593433838204
2015-01-18 15:21:32,滿君_Alex,天才总天真、坦荡、毫不设防地迎向这个庸人占领的世界，一腔热诚付与世界，世界待他们，往往却是一盆脏水兜头浇下。有人说：人类社会进步得还是太慢了。嗯，或许吧。人类社会大约是进步了，但人性从未。It is the people who no one imagines anything of who do the things that no one can imagine.,5,力荐,109,0.9999382432644917
2015-01-18 15:47:39,有病要读书,这个世界由阳光、空气、偏见组成。我们歧视不同种族的人，我们歧视不同信仰的人，我们歧视不同性向的人，我们歧视任何观念与我们不合的人，我们甚歧视仅仅是出生地不同的人。如果技术进步可以忽略不计，这个世界千万年来没任何改变。偏见是人类心灵的巨大鸿沟，原因再简单不过，仅仅是我们都渺小的相似,5,力荐,1752,0.9999999916446716
2015-01-19 20:41:42,根,可能是这两年影视剧里这种类型的天才出现得多了，看起来并没有觉得是会让人有所触动的故事。BC还是不要演什么同性恋了，真的，直男气都要喷出屏幕了……,3,还行,56,0.8347723300561266
2015-01-20 02:07:00,喷子,每年颁奖季必备的跪舔申奥片，去年是为奴今年是这部，招招算计好了对准评奖口味，能力欠缺原创力匮乏先放一边，这种功利主义态度着实让人恶心，浑身上下一股子绿茶婊气味儿。有点阅片量号称影迷的人要还能容忍甚至鼓励这种投机电影的存在，那之前那些电影也真是白看了，以后也别再浪费时间接着看了。,1,很差,35,0.9978145363269944
2015-01-24 11:49:36,桃桃林林,现在这种精致的人物传记都大同小异。尤其是天才式的人物，他们大多呈现出同样的性格特质。不过过程中设置的层层障碍，让解谜成功的激动还是很振奋人心的。而影片最终还是把重心落在了同性这个话题上，一个伟大的天才，终究才是要毁在那个时代对同性的迫害上，确实非常可惜。BC表演确实不错，不过影帝难,3,还行,529,0.9999999999999756
2015-01-24 19:59:49,不良生,最后她去看望他，拥抱他。他孤独地站在那一排为之奉献一生并恩泽全人类的庞大机器面前说，I’m not alone，never have been。然后伸手抚摸那些柔软的冰冷。它是他的恋人。而谁记得，孤独的孩子，你是造物的恩宠。,4,推荐,994,0.999999999940951
2015-01-29 06:09:05,陀螺凡达可,抱着又一部《万物理论》的低期待走进影院，结果当然是比预想的要好，毕竟要比《万物理论》还差还能提名奥斯卡也不太可能了吧。马脸前半段一直在演夏洛克，后半段才入戏，就这样也足够完爆雀斑。AD配乐煽啊煽。撑同志反歧视的主题被放在哪么中心的位置还挺惊喜。,4,推荐,138,0.9999091901614088
2015-01-29 13:17:29,文泽尔,毕竟熟悉图灵生平 也毕竟是传记片 两个小时下来 没有任何激烈戏剧冲突 取得项目主导权、改善同事关系、谁是间谍、同性恋疑案、破解enigma时间过长等等 均是旋即破解 或者分阶解决 进一步削弱冲突感 主体插叙框架外的破案悬疑 不足以支撑全片 少少几个战争或战残场面 割裂于主体之外 次要角色刻画也欠佳,3,还行,28,0.99999998295062
2015-01-30 05:22:44,Peter Cat,再超凡的人物和故事也能被平庸的电影工业那自以为是的“好看”原则，处理地俗气、矫情而又浮于表面。尤其是奈特莉戏码设置，衬托图灵好直男，这种为了迎合主流观众而妥协的地方，影片里比比皆是。但BC和那个小演员演得真好，让人动容。撑同志效果也算达成。,3,还行,25,0.9999994535356024
2015-02-03 23:13:40,艾小柯,剧本工整太过，所有桥段和戏剧效果几乎都按照写作101来的，无任何意外，脱离现实明显。好看自然还是好看，尤其对结尾那个巨大的不公正处理优雅，悲情效果良好。若从传记角度出发，电影则十分肤浅娱乐化。,3,还行,144,0.999999999967048
2015-02-09 13:00:38,赫恩曼尼,“无人所念之人，方能成就无人敢想之事”。向图灵致敬。,5,力荐,31,0.901310806796153
2015-03-05 04:18:22,明安,不一样并不代表是错的，电影真是好看……棒到什么程度？看完后我想把之前打五星的电影都改成四星就留这一个满分的程度。,5,力荐,91,0.9961079567367366
2015-03-13 14:55:00,熊阿姨,电影的匠气太重了，什么时候插入同性恋话题，什么时候追忆，捋顺了逻辑后，插入一个挫折，再安置酒吧的转折戏……过于工整，每一个情节碎片的意图太明显，完全能猜到下一张牌是什么，无甚惊喜。……但为什么还得了奥斯卡最佳改编剧本奖……,3,还行,68,0.9553253491527768
2015-04-20 17:33:42,Amberose,马修·古迪无论怎么看都太迷人了,5,力荐,72,0.2915388093686367
2015-07-21 22:37:08,徐若风,影院二刷，从中午12点赴一场电影到晚上22点，十个小时。剧作可能是这两年最工整最近乎完美的一部了节奏张力极佳，配乐也极灵，虽然命题作文痕迹明显，紧扣模仿和游戏把图灵的悲剧表现得很透，尤其是最后，克里斯托弗堪比「玫瑰花蕾」，后半段大量的泪点虽有堆砌之嫌，但第二遍依然哭成狗，也是真挚。,3,还行,15,0.9999954638619666
2015-07-24 00:37:52,罗马法王章北海,其实觉得三星半最适合。政治正确、节奏准确、分镜合格、叙述圆满，可还是少了一点什么我们称之为点睛之笔或泪点或精髓的地方，情绪一直悬在那里，未能宣泄。是不是如此憋屈而隐忍，是腐国所崇尚的高贵？,4,推荐,39,0.999991824765661
2015-07-25 13:04:54,柴斯卡,人们说话时表里不一，费尽心思也猜不出他们究竟是什么意思。孤独症患者孤独地成长，无人看好之人成就无可匹敌之事。走在前沿势必承受无尽的诽谤与压力，世上分明有很多种思考方式。极致的浪漫莫过于将我毕生的心血以你命名，在颓败的暮年拥着你哭泣，不要丢下我啊！你说我是人还是机器？,3,还行,44,0.9999999999998714
2015-07-27 01:32:13,shininglove,多重道德困境包裹的图灵，人物命运令人唏嘘，是上帝还是怪胎？谍战类型嵌入传记核，紧扣巧妙，解决了三段并行的冗慢。说到底，奥斯卡种子是靠价值观押宝，职业操守与身份秘密，国家集体和私人欲望。明处交锋，暗夜见芒，熊熊大火，幕幕戳心。,4,推荐,21,0.9999999999400572
2015-08-04 12:51:32,宋小君,人类会扼杀他们所不能理解的天才。正是那些人们认为的无用之人，成就了没有人能成就的事。,5,力荐,132,0.9994606606521748
2015-08-07 03:32:35,陆钓雪de飘飘,最恨精英主义的天才了，因为这总是对的，并且总让我想起自己这个人文主义者，总感觉他们都在技术的圈子里打转，偶尔扭曲了一下思想的笼子，动不动以为改变了世界就能够改变人类，可人性永远没变，这也是对的，并且还是真理。btw.不赞同同性恋就是不赞同人性，为什么永远有人那么瞎。,4,推荐,24,0.9999999894730528
2015-09-07 10:25:00,芦哲峰,砸在牛顿头上的苹果，被图灵咬了一口，掉进乔布斯的手里。,3,还行,283,0.069026017246411
2015-09-10 15:46:41,大島,我觉得BC跑起来肯定没有图灵怪，但是BC哭时的那张脸肯定比图灵怪很多……,4,推荐,14,0.4146091118461447
2017-07-01 16:58:52,山染修眉新绿,你看缺爷，你继霍金梵高福尔摩斯之后，又接了个高智商神经病，集齐七个就可以召唤神龙让自己变得不那么二缺（或是更二缺）了~听说这片打算冲击奥斯卡，那就坐等缺爷封帝，淡泊明志当然不是问题但是封帝也是件很美好的事啊，就可以叫你缺帝了不是。乳房发育，卧槽那画面太美我不敢看。,5,力荐,330,0.9944529620634078
2017-12-05 23:52:45,天马星,看英国传记片的好处是基本不会失望，结构完整，表演在线，情绪到位。但坏处是，熟脸太多容易串戏，本片分分钟穿越到夏洛克+唐家屯+权力的游戏。,4,推荐,12,0.9147787372228312
2018-02-09 12:23:33,武井咲,"遗憾天才的陨落，也遗憾与小金人失之交臂。
可能，命运注定要两部史诗级人物传记相遇。
当图灵碰撞霍金。
他们都是为推动人类进步做出不可磨灭功绩的智者。你无法把他们摆在一个天秤上较量孰轻孰重。
许是粉丝滤镜吧，让我终究因为卷福更偏爱图灵。偏爱这个战火纷飞的年代里，压抑的，激情的故事。",4,推荐,94,0.9999999999985548
2018-04-05 19:25:06,小波福娃,作为图灵传记也真是刻板、平庸又拙劣，过于简化、模糊乃至扭曲掉了很多史实，不是我的菜,2,较差,19,0.3689558861586887
2020-03-11 03:33:38,起床，吃饭,上哪儿找这样的演员,5,力荐,28,0.8590456894168633
2021-12-12 15:12:43,她是猫鳄鱼,图灵一生中挚爱的两件事：克里斯托弗和克里斯托弗。,5,力荐,119,0.9968903989738758
2022-01-01 15:47:25,yukotang,看哭…英国人无权赦免图灵，他们应该乞求图灵的赦免,5,力荐,346,0.9405978442458344
2022-05-20 00:51:20,绿子,我嚎啕大哭的原因是他拯救了这个世界，而这个世界却将他置于死地。,5,力荐,149,0.9981098911157582
2022-07-04 17:41:44,春天游泳,“图灵一生中挚爱的两件事: Christopher and Christopher”🌈,5,力荐,65,0.9777514129698316
2023-12-06 23:08:53,欣波儿,当图灵对着极机器说：克里斯托弗，现在你比我聪明多了。我忽然止不住泪崩了。这部电影最深的情话，最深情的告白。。。,5,力荐,28,0.9234901303590448
