2011-10-28 23:01:33,李卡,当电影全部播放完时，影院灯光亮起，那一刻我甚至觉得这个坐着千人的场子里的空气是凝结着的，每个人都很小心地呼吸着，被那绝望深深所震撼。,5,力荐,3872,0.9999459939365282
2012-02-25 07:08:02,饭团,每个人活着都必须面对内心的Chaos，如同透明人的存在，太多力不能及的无奈，不被认同的价值，被遗弃的苦楚，无法得到回应的感情。影片无数次提到，“每个人都会有自己的问题”。这也是我安慰人时最常说的话。凭靠它，我走过了很多路。可该怎么解决内心的Chaos，我仍然无解。,5,力荐,1856,0.999994637150316
2012-03-03 06:37:58,小斑,这部电影撩死了姐久违的厌世情绪（从值得褒奖的角度说的）。萝莉大叔之间的救赎之爱又很治愈，搞得姐要死不活（仍然是in good way）。个人风格非常强烈，影像形式非常自由，但信息传递得十分清晰。这很难得。姐真心觉得AB很帅的（好吧，我是马脸大叔爱好者），就是这长相注定演不了让人开心的电影,4,推荐,1264,0.9999999999999984
2012-03-09 16:31:46,LORENZO 洛伦佐,每个人的内心都是一座孤岛，人的心有多深，深到让别人无法试探的地步？教育和生活其实一样，教育者既可以超然物外，也可以放下防备与被教育者心灵交互。讽刺的却是，超脱既可以赢来尊敬，也一样能扼杀心灵。Adrien Brody终于跳出了烂片的泥潭，用忧郁气质和演技，再次将人性的考量重重甩在了观众脸上。,5,力荐,2643,0.9999999999956202
2012-04-25 15:08:10,Hey Johnny,孤独感无力感痛彻心扉…… 真正触到心底的电影，很久没有这么毫不犹豫给一部片子5星了。电影试图将视角多元化，并且真正将每个角度都刻画得细致入微，引发共鸣和思考，些许压抑却不觉沉闷实在值得夸奖。,5,力荐,699,0.9999999999999778
2012-04-26 21:56:43,匡轶歌,一次次泪倾，哭到胸口抽痛、难以呼吸。当我们感到需要暖意，首先要学会的，是彼此拥抱。穷尽一生，我们要学会的，不过是彼此拥抱。只因“一个人可以轻易地学会不在乎，但学会在乎，却要付出百倍的努力和勇气”，再不要独自一人穿过灰暗暝寂的暮色，在摇摇欲坠之前，在生命荒芜心脏冷却之前，彼此拥抱。,4,推荐,6959,0.999999999999946
2012-04-29 20:20:10,彌張,我们不一样，我们都一样。,5,力荐,2915,0.3931017532776516
2012-05-02 03:58:11,亵渎电影,电影最后只留下冷漠与残酷，你根本无法从这一切中超脱，过去和现在，精神和肉体，理想和现实，教育和未来，与现实对抗相比选择冷漠并无视一切显然更简单。拿自暴自弃当成个性标榜，就像把自己搞得越叛逆越惨烈就比其他人更强大一样。这部电影的杀伤力太大了，没有给你一丝缓和情绪的机会！★★★★★,4,推荐,4868,0.9999999930130994
2012-05-05 23:29:51,柏林苍穹下,“我的灵魂与我之间的距离如此遥远，而我的存在却如此真实。”——加缪,5,力荐,8180,0.9927016063203306
2012-05-06 17:31:34,桃桃林林,托尼·凯耶这么多年了，拍片仍然是一副死不回头的独立范儿，各种伪记实、访谈与剧情相结合以拉近观众的距离。整部影片始终弥散着一股伤感、落魄的情绪。很多男人都想在大街上拯救一个雏妓吧。布罗迪的表演很加分。,5,力荐,2268,0.9999955442553672
2012-05-07 14:47:06,A-sun*,将我带进了一种被情绪影响的精神困扰里，却直到影片最后都没有把我释放出来。得不到超脱。,4,推荐,322,0.97745822768275
2012-05-09 02:41:38,psycho DC,"① We all have problems, we all have things dealing with.② We are all the same, we all feel pain, and we all have chaos in our lives.③ You may see me,but i'm hollow.  压抑+密集的泪点+OST+Adrien Brody，这片是要把人虐成傻逼吗！！！",5,力荐,110,0.0081518550700574
2012-05-12 08:12:44,芦哲峰,我们活着也许只是相互温暖，想尽一切办法只为逃避孤单。,4,推荐,423,0.9975756945129672
2012-05-17 06:43:44,文泽尔,穿插动画的模式似倒带人生；对话的密度和人物的弥散，以及幻实交错的画面似半梦半醒的人生；萝莉大叔配的形式似杀手里昂；唯有最后厄舍古厦的倒塌，谁都不似，是美国x档案那个托尼凯耶。在此类型里给这部片子五星主要因为两个人，其一致敬导演时隔十四年的坚持，其二期盼萨米·盖尔-未来巨星就此诞生,5,力荐,166,0.999999997114801
2012-05-18 00:02:07,大奇特(Grinch),灵魂困在空壳中，好似《厄舍府的倒塌》中的兄妹，挠抓棺盖渴望超脱。看起来像是时代的说教，但它却是最露骨的真实。既然教育的本质就是独立思考，那么该清楚为何思考。既然知晓其中的谬误，就不该再去相信谎言。,3,还行,62,0.9999999927477756
2012-05-23 21:13:18,欢乐分裂,"4.5；2021-12-25重看略降分，犹记初看时的痛彻心扉，代入感太强，真的不太适合痛苦时重温。
灵魂太痛了，于是它会反噬，会反向内里收缩，它逐渐缩紧并将世界摒弃在外，这是一种自我保护的机制，将我们的血结成痂武装起柔软。我一定要用光了所有表情，从人群中仓皇逃走；我们的心是城堡，我们宁愿躲在地洞，每颗心都那么疏离冷漠，每个人都承受着自己要越过的刀锋；如果我爱你，我会离开你；如果我原谅了你，我会拥抱死亡；我不会相信一切都好起来。
无数个特写的逼仄，无数个闪回碎片的拼接，缝合成不愿回首的过往；片名源自加缪，结尾引用爱伦坡《厄舍府的倒塌》，世界变成一个荒原，不如迷失沉沦其间。",5,力荐,264,0.9999999999987964
2012-06-02 19:45:40,linsang,这是一部不推荐看的好电影。没病的都要看出病的。好的作品分两种，一是发现世界的极美，二是挖掘人间的极苦。这部就是后者。,5,力荐,11024,0.999784100610003
2012-06-02 20:27:45,Q,看过后很奔溃。这世界上最简单的事可能就是漠不关心地生活。因为一旦当你开始关心起别人，无论是多小的一个举动，都需要勇气。而detachment地生活，其实才不需要什么勇气和决心。我有段时间很自闭，觉得孤独地生活，一定是坚强的人才敢去做的事，而其实呢，这样的人才是最懦弱的吧。,5,力荐,4900,0.9999999986434932
2012-06-03 14:00:11,亚比煞,少年时，我们都自私无知，夸张那些伤痛来当作放纵的借口。只知依赖不知自救，只知索取不知珍惜。打架，滥交，还自以为是看透了生命，绝望的很酷，其实肤浅的令人发指。孩子，什么时候你开始沉默的承受加诸你身上的重量，尊重它并与它和平相处，你才真的能称为一个大写的人。,5,力荐,18607,0.999999381529494
2012-06-13 23:09:37,岛上的夏奈,是你点亮明灯，又亲手将它熄灭。,3,还行,51,0.297577297544419
2012-07-01 01:06:35,大头绿豆,勿被片名误导。此片充满无处不在的郁抑及沉重。所有人对自己都毫无办法。指望他者解救自己的苦难永远只是一时，因他自顾尚且不暇。即使慈悲到收留你，也有天要离开。总之，就像那位代课教师一样，此片只是给了一个若即若离的拥抱，并未试图解决片中人物或观众的任何麻烦，但无助的人，会被无情击中。,5,力荐,2061,0.9992611738091508
2012-07-02 01:28:39,九尾黑猫,三星半。以悲悯的眼神垂怜着这个社会的悲哀，但布罗迪终究不是耶稣，无法背负这个世界的罪恶，面对崩塌，也只能束手无策。影片曾提到可以帮助人们躲避罪恶侵蚀的书籍，但这种力量被低估了，只是偶尔被提到。它只是一个悲恸的故事，缺乏力量。,4,推荐,222,0.999999997497415
2012-08-16 13:33:20,kylegun,片名来自加缪存在主义的《抽离》之说，不该翻译成《超脱》。对现实绝望者，大多是过于理想主义者，他们想改变的东西有太多，却只感觉所有的努力不过是西西弗推着的石头。即便如此，石头还是会一直推下去——目标总是存在的，即便无路到达。不过，以加缪的虚无感开头，再以爱伦坡的诗意结尾，总感觉不搭,5,力荐,739,0.999999385305021
2012-10-30 11:10:13,陈粒,忘不了小妓女,4,推荐,204,0.211992079032818
2013-06-03 21:54:31,巴伐利亞酒神,我坚持认为，这才是我所需要的“励志片”。,5,力荐,335,0.3257600449135124
2013-08-13 00:45:25,樹一,我也会是那个坐在公车上哭成傻逼的人。,5,力荐,121,0.8192819280963894
2013-09-16 15:12:01,邓安庆,Adrien Brody之前主演的《钢琴师》，其忧郁深沉的气质，记忆犹新。他太适合饰演这样绝望悲伤的电影了。如果有一天拍爱伦坡传或者卡夫卡传，我觉得他是首选。DL:     http://www.yyets.com/resource/26539,5,力荐,270,0.9999973203484516
2014-01-21 19:55:22,丁小云,看完这部很久以前就下了但一直没看的电影，心里感叹：“这才是拍给人看的电影！”感觉本片男主人公就像耶稣复活，看到他给因被人强暴殴打而遍体鳞伤的雏妓身上的伤口搽药，瞬间泪崩。打动我的是他无尽的仁慈与悲悯……,5,力荐,117,0.999999999989754
2014-07-16 23:59:52,Sarcophagus,相比之下，《放牛班的春天》乃至《死亡诗社》等皆成心灵鸡汤。学生、家长、同事、亲友，最后到教育者自己，在无奈、无助、无聊、无厘头中无处可逃也无法超脱。感谢一位从事三流大学特教事业的朋友以其日常的吐槽和坚持，使我不断意识到自己日常处境中理念与幻念的相克相生。,5,力荐,954,0.999999999999365
2014-08-23 14:04:26,凉公子,我天天来学校看你们糟蹋自己。。你以为你能进乐队，能当模特？NO，最后你只会被人操完就扔。。。这话从一个老师嘴里说出来真是太刺激了，我当年为什么只把这话埋在心里而不敢直接对学生说出来啊。。说了的话自动卷铺盖走人吧啊。。,3,还行,1580,0.5808899923712255
2014-09-27 11:18:29,shininglove,以为治愈，结果致郁。,4,推荐,584,0.5900536841309099
2015-03-15 15:44:36,冰红深蓝,一部直击人心又内涵深刻的伟大电影。琐碎多样的摄影和剪辑恰与存在主义主题相契合，台词句句珠玑，文学性极强却没有故作高深，布洛迪的演技炉火纯青，比获得影帝的《钢琴家》里的表演还精彩！影片涉及教育、女性社会地位、自杀等问题，展示了人生极苦的一面：荒谬、矛盾、孤独、虚无。（9.5/10）,5,力荐,167,1.0
2015-06-09 12:23:14,空想特摄兔男郎,这片子看似是拍青年人的教育问题，其实是拍这个世界的无助。在这个悲惨的世界里，即使只是保持自己的完整也变得如此困难。学校只是个舞台，青年人是我们塑造的这个世界的成果。最后的那段荒凉破败是个再明显不过的比喻，我们失去了所有的伟大和尊严，从今以后只有无尽的欲壑难填的荒漠。,5,力荐,303,0.9999999999639956
2015-07-23 12:20:06,劉丹青Shelia,detachment，开头引用存在主义那句“我的灵魂与我之间的距离如此遥远，而我的存在却如此真实” 真是一语中的，永久的矛盾就是总在试图寻找某种与外界的关系，同时又企图把自己从外界隔离。我们笃信存在是存在本身，却又必须通过别人感到自己的存在。,5,力荐,541,0.9999999933161852
2015-09-01 09:16:41,水木丁,那些相当给力的段落，把这部片冲上五星。,5,力荐,143,0.799193292077287
2019-09-29 22:01:34,根,长得像圣徒也蛮惨的，所有人都期待能从他那里得到救赎。我也好想被他拯救哦,3,还行,2219,0.9974914641648224
2021-04-01 22:12:30,Restless,触动我的是老师面对辱骂他的学生并不生气，他说你无法伤害到我因为我有自我意识，后来他又在课上告诉他们要去阅读培养自我意识才不会被别人牵着鼻子走。这是他的超脱成功的地方，可以冷静地和学生对话。但是爱拍照的姑娘自杀，却又反映了他的超脱无法完成的地方。所以他回去找小女孩，他也在学习不要总是置身事外（我猜,5,力荐,241,0.9999999997162086
2022-12-16 19:42:31,江湖騗子,这就是我为什么害怕当老师，注视和引导别人的人生是需要强大的内心和不折的善意的。,5,力荐,154,0.9999160805524246
