2005-07-21 17:38:01,影志,有你终生美丽,5,力荐,1037,0.9882071475455078
2005-11-05 01:48:04,乡村名媛狗小剩,打破幻象是nash最值得敬佩的地方,5,力荐,572,0.926182372078873
2006-10-18 19:59:04,时以星,是的，你必须学会分清哪些是幻觉，哪些是梦，哪些是真实的人生，才可以活下去。,4,推荐,4003,0.9971330627443236
2006-11-29 12:35:46,funny_vee,这才是真真的传奇，再好的编剧也想不出来吧。,5,力荐,1886,0.9494049772521496
2007-02-14 10:45:16,眠去,你让我相信还真有感情这回事。,5,力荐,2054,0.7064930176354159
2007-06-29 11:46:21,♣lùlu♣,"所以说不要学数学,你就是不信邪",4,推荐,6467,0.9880993699799114
2007-07-24 10:18:36,战国客,与我想象中的不一样，很震撼人的传记电影，从中我最大的体会是：做伟人也真不容易啊~~,4,推荐,690,0.999040145370674
2007-08-08 17:11:59,亚比煞,看三次了。第一次在大学图书馆，第二次在上班以后，第三次是电影频道滚动播放的测试片。每个细节都记得清清楚楚，大概是永远也不会忘记的片子了。,5,力荐,179,0.9998894750944416
2008-01-30 18:47:48,原来是西门大嫂,"除了失败的爱情结尾几乎无可挑剔。
过去一旦无法解决，未来将永远无法成为现在。",5,力荐,65,0.99857226769867
2008-10-10 23:42:39,阿猴HOSEA,幸运的是爱他的女人存在于真实里。,5,力荐,12866,0.9838279476024424
2008-11-03 16:00:36,尧耳,与自己战斗，坚持，勇敢，相信自己。面对一切困境，克服它，朝着自己的理想前进。这是人性的光辉之处，这是人超越一切生物的闪光点。,5,力荐,954,0.9999993964698674
2008-11-21 23:03:26,Doublebitch,数学果然容易让人精神分裂,4,推荐,168,0.939549426464774
2009-01-23 14:25:48,Lan~die,“我的追求带我穿越了物理、形而上学、幻觉，又带了回来”，顶尖科学家的世界已经足够神奇，何况他还有着伟大的爱情。这部电影不仅是纳什的精彩传记，更是对爱情的崇高礼赞——爱是无限，爱是信仰，爱是一切逻辑和原由。,5,力荐,4604,0.9999999999999976
2010-04-24 17:01:32,勤劳的小蜘蛛,那三只影子好可怜啊，难道幻觉就一定比现实无价值么？这只能由当事人来判定吧？不治好病又如何，我要是他就疯下去，看他之后的萎靡，哪有当年当疯子的意气风发？,4,推荐,354,0.7330420120222807
2010-06-15 14:11:57,小白的山,"我觉得你很有魅力, 你对我的主动性说明你对我有同感。尽管如此，传统的信任仍然需要我们在做爱之前进行数多次柏拉图式恋爱。我正在往这方面发展，但事实说来，我真正想做的只是尽快和你XXXX。",5,力荐,5280,0.9995819267856748
2011-01-14 15:38:27,别歌,李笑来老师推荐的一部电影。纳什是历史上第一个广为人知的“用自己的精神战胜了自己的精神病”的人。看的时候不够专注，这是部需要安静认真去看的影片，另现实中精神病始终是一个没有最终被解密的领域，治疗的药物对人的大脑损伤很严重，加速度痴呆和记忆衰退，包括影响性欲。他的爱人其实才是最伟大的,5,力荐,3328,0.9999999998720476
2011-03-27 12:43:59,等一个人,每个孤独的孩子其实都有一个别人看不见的好朋友,5,力荐,2593,0.9914179919025026
2012-06-29 14:53:24,赫恩曼尼,所有伟大而美丽的心灵都是孤独的，纳什疯了，是因为他太孤独了。,4,推荐,348,0.9999886353379224
2012-09-08 20:32:51,掉线,前半段觉得好平淡，不知道剧情的话后边还说挺出人意料的，詹妮弗康纳利永远的女神！男主角就是一只萌萌的熊叔吗！估计骚受们肯定喜欢他！,4,推荐,370,0.999988253249386
2013-07-18 00:54:15,娇花小玫瑰,我真的真的不能理解为什么分这么高 剧情拖沓 毫无新意 没有高潮和亮点,2,较差,11,0.8813656704628481
2013-10-19 19:28:43,蜉蝣,幻想又有什么不好，至少多了三个爱你的人。,3,还行,1669,0.951661900855722
2014-06-12 11:11:55,大島,用精神治好了自己的精神病,5,力荐,1001,0.704238080763593
2014-08-30 15:27:54,朝暮雪,他是情商最低的人，但他也是最真实的人。,5,力荐,526,0.929953119129242
2014-11-29 02:06:53,喻鸣,和近日的《万物理论》相映成趣，皆是饱受精神或生理折磨的伟大天才，以及爱上天才的坚强女人。两部传记片皆淡化传主的道德瑕疵，同时对各自妻子也倾于美化。现实生活中，两位妻子都曾因不堪忍受心生恨意，两对皆离婚。可纳什比霍金幸运，艾西莉亚即便离异也从未放弃爱他，两人2001年复婚。简却另嫁他人,4,推荐,841,0.999999999977378
2015-05-16 17:56:38,冰红深蓝,"朗·霍华德一鸣惊人之作，绝妙的剧本、出彩的视听语言(主观镜头,旋转镜头,色调,配乐,蒙太奇)和出神入化的表演让本片达到了传记片的新高度。罗素·克劳戏路足够宽广，却与影帝失之交臂，女神詹妮弗康纳利终获奥斯卡认可。虽然与现实有所出入，但这部神作依然震撼人心。（9.0/10）",5,力荐,86,0.999999990466491
2015-11-26 09:35:26,劉丹青Shelia,在Princeton的dorm里看这个电影别有一番风味…,5,力荐,56,0.9577415744359928
2016-08-16 01:23:43,陆钓雪de飘飘,以前觉得自己适合去社科院，只搞研究不教书。后来经过陆谷孙和沛公的洗礼后，才发现读了书就更应该好好生活，而教书比写书重要得多。,4,推荐,154,0.9991797202124592
2016-10-28 08:13:27,请你吃童话,爱是一切理由,5,力荐,39,0.5308175328595136
2017-09-27 17:29:42,杨迪,八年前标注了想看，今天在去北京的高铁上看了。我以为的还真不是我以为的，众人给教授钢笔时真的很激动。,5,力荐,394,0.975984729461123
2017-11-09 17:31:39,遇见彩虹🌈,纳什的传记，绝对的传奇。影片看过三四遍，每次都还是会为他的故事感动。导演讲故事的能力太强了，一半的时候都可以当成悬疑片来看。,5,力荐,114,0.9999980772982684
2018-03-18 12:43:57,东方既白,很感动的故事，真的可以当成悬疑来看。伟大的人会有不平凡的经历和痛苦，坚强的意志，并且不忘初心。女主角太美了！,5,力荐,86,0.9999999581387784
2018-06-08 23:31:33,海特,很奇怪，我一点都不喜欢，看的时候甚至还以为自己看的是另一部《美丽心灵》。这部电影里的任何情节都给我一种莫名其妙的感觉，男主成名地莫名其妙，爱情来的莫名其妙，疯地也莫名其妙，自始自终都没有把这个真实的故事拍出真实感。也许是男主的世界本来就不真实，也许是我已经不相信这样的爱情是真实的,2,较差,51,0.9999999419470572
2020-09-06 17:39:02,Jo0keer,数学使人癫狂，唯爱治愈癫狂,5,力荐,124,0.999933748750212
2021-01-08 16:07:13,子非材,“我们以为贫穷就是饥饿、衣不蔽体和没有房屋。然而最大的贫穷却是不被需要、没有爱和不被关心。”,5,力荐,132,0.9962045027560844
2021-02-12 17:24:33,kouzi_,高光是Nash内心博弈，用逻辑找到幻想中的漏洞然后出去拦Alicia的那一段。这可能就是天才。还有就是结尾那个幻想三人组笑死我了哈哈哈哈哈，可能会迟到但永远不会缺席,5,力荐,272,0.9999999272125608
2021-11-21 14:16:12,苦杏仁,-你知道宇宙有多大吗？ -宇宙是无限大的。 -有什么证据可以证明吗？ -没有，但我就是相信。 -爱情也是这样的。,5,力荐,214,0.99998684307944
2022-07-05 14:54:15,itssobeautiful,了解了下真实情况，艾丽西亚确实照顾了他一辈子，但很多年都不是以爱人的名义，而是亲人。纳什有婚前私生子。纳什从未在颁奖典礼上致谢过妻子的照顾。故事用爱情为治愈理由，虽容易感人，但多少有些陈腔滥调。纳什是天才，但应该不是一位感性的丈夫。,4,推荐,127,0.9999999994501108
2022-09-18 00:28:38,晚,美丽心灵这四个字我觉得是在说他老婆,4,推荐,142,0.9834876330693814
2022-10-30 20:08:59,我即方位,我的幻觉中有三个人，我虚构出好友在低谷时陪我屋顶畅饮，我虚构出上司证明我所效力的是最伟大的事业，我虚构出小女孩来给予她最单纯的关爱。然而真实的是，我的对手成为我的帮手，精神科医生击破我的幻象，我的爱人一生坚定的相信我照顾我。如果说世界上的事情都有通用的公式和逻辑，那么感谢爱人教会我真与理，我的心灵一半是你的手帕一半是我的钢笔。,5,力荐,226,0.999999999996188
