2005-12-13 23:03:42,missfaye,不如我们重新开始，爱情纠缠，男女一致,5,力荐,800,0.9891076645451988
2005-12-28 01:21:28,影志,中间两个人在屋内调情、嬉笑怒骂那段居然那么有趣。“我终于来到伊瓜苏，觉得好难过，因为我始终觉得，站在瀑布下面的，应该是两个人。”,4,推荐,2356,0.9982075020498374
2006-01-18 21:57:14,Connie,从来只有半部的《春光乍泻》,4,推荐,2695,0.2810549577605785
2006-02-10 15:31:55,nadja,难忘与你厨房中拥舞,5,力荐,329,0.97010795817194
2006-03-22 12:53:21,kingfish,"梁朝伟加张国荣,简直是挡不住的诱惑.",5,力荐,6414,0.0806670620035705
2006-05-22 17:19:30,木卫二,看瀑布是一个承诺，看灯塔也是一个承诺。从头来过，意味着需要一个新的承诺。五十年不变，更是一个难以兑现的承诺。无尽的情爱游戏耗尽了人生，一切都要结束。,5,力荐,442,0.8812819089126782
2006-08-03 02:22:15,小耳朵图吗,不如我们从头来过？,5,力荐,175,0.5017605633802817
2007-01-20 03:02:19,胤祥,摄影不能更牛。二刷觉得实在是真好和真好，表现主义大师王家卫。,5,力荐,149,0.9963816770260968
2007-02-26 01:06:58,隆咚锵,爱一个男的还是爱一个女的尤其的不重要，只是爱一个爱上了的人……这个世界就完了,5,力荐,9201,0.9990630283210662
2007-07-13 09:25:44,逍遥兽,最记得厨房中那一支探戈。,5,力荐,1433,0.9711933416544948
2007-08-01 18:37:25,眠去,他说，不如我们从头来过。,5,力荐,2647,0.3673608337704737
2007-08-11 08:00:21,|,再也不会有这样一部电影.,5,力荐,608,0.6925333007806037
2007-08-17 12:58:05,Griet,何宝荣. 我很想念你.,5,力荐,565,0.9376243558827488
2007-08-18 18:12:45,范困,寂寞散开了，个个都是一样的。,5,力荐,885,0.9572771058311856
2007-09-19 22:25:35,文泽尔,谁是何宝荣？谁愿在一个转灯里看出真瀑布来？谁在意楼道里的声音？谁藏起了护照，谁抱着你吻着你只穿四角裤醉倒在布宜诺斯艾利斯的天台上？而直到最后，又是谁被瀑布的激流打得浑身透湿，分不清是否有落下一滴眼泪了呢？当然，也极爱乌龟的happytogether..离苦，同乐,5,力荐,1357,0.5666864895274085
2007-09-20 20:21:18,五,没有张国荣就没了魂，绝非夸夸其谈,5,力荐,5088,0.1446015147089948
2007-10-18 11:55:26,沉歌,简直是我的圣经。,5,力荐,134,0.5553706797719906
2007-11-08 20:58:43,赫克托尔,当年看没啥感觉。后来越想越凄怆……,3,还行,409,0.5271151083470963
2007-12-02 13:42:07,shu,Love is the best ，the world is the rest .,5,力荐,2146,0.421874597530976
2008-02-23 20:26:05,littletwo,爱到极至，就是两个人的互相折磨。,5,力荐,4390,0.071024559392915
2008-04-12 18:56:54,粟熙,“暂别今天的你，但求凭我爱火，活在你心内，分开也像同度过。” 相爱的人们此生必须去阿根廷看一次瀑布。,5,力荐,100,0.7377170993475691
2008-06-07 23:52:22,不良生,2008-2021/04/11，十三年后重温。,5,力荐,15,0.9012930036201178
2008-07-12 11:56:05,渡边,不错。个人认为是哥哥和梁的顶峰之作。看了不下五遍。,5,力荐,12,0.9950973471402764
2008-07-17 19:56:31,瓜。相信这个世界很变态。,总是觉得，站在瀑布下的应该是两个人。,4,推荐,5711,0.2035162662206555
2008-11-15 17:09:45,mon babe,"我终于来到瀑布，想起何宝荣，有些难过，我觉得这应该是两个人来的地方。
我为瀑布倾倒。",5,力荐,445,0.2125851349974351
2008-12-18 13:40:31,vivi,不记得小时候究竟是怎样看这个电影的. 时间是一个黑洞. 而所有的记忆都是潮湿的.,5,力荐,22,0.997018212329071
2009-01-01 23:25:26,nashy,"“春光里他有多少萎靡不振，就有多少缠绵低回。他的眼神和嘴唇带着鸿蒙初辟时的柔嫩和恍惚。他的肉体之美难以定义。他身上的淫荡显得很天真，他的不负责任显得天经地义。 
”",5,力荐,343,0.9427593604939548
2009-06-03 21:57:55,蜉蝣,那日与何宝荣重见，我没有想和他重新来过。我只想回香港。【Dec20.2014.资料馆重看】,5,力荐,70,0.7889053379379669
2009-09-02 19:52:28,莱尼圆,"文艺爱情片的传世经典。导演王家卫和摄影杜可风把电影美学运用到了极致，很多画面截图出来都是一张壁纸。画面风格有着强烈的印象派、感观化，手持摄影放大人物情感的外化，拉近了观众与两位主人公的内心距离。影片像是一首伤感的抒情诗，记录了一对同性恋人在异国他乡爱恨离别的心路历程，不断的分分合合到最终遗憾疏离，字里行间道不尽的离愁别绪。“黎耀辉，不如我们重新来过”，“其实寂寞的时候,所有人都一样”，能够走到世界的尽头，因为还有一个家可以回去",4,推荐,1,1.0
2009-12-29 19:13:31,Ridden,Happy Together，不如我们再从头来过。原来寂寞的时候，所有的人都一样。,5,力荐,851,0.9388579759871648
2009-12-30 22:50:42,米粒,“我觉得这应该是两个人来的地方。”世界尽头的美，慵懒的音乐，昏黄的灯光，相拥的两人。爱情就应该是直接的……梁朝伟！！！帅！！！还有果然我还是从心底里喜欢看GAY片的，并且哥哥真的很，传神。,5,力荐,234,0.9999999969710318
2010-01-23 00:05:42,柳无码🌈,黎耀辉，不如我们从头来过,5,力荐,24,0.2898402513293842
2010-01-28 18:42:30,一只麦麦,“要开开心心地在外流浪，就要有一个地方可以回去。”梁朝伟曾发誓不演同志，王家卫用一个假剧本把他骗到了阿根廷，纵使梁设计逃跑路线也无济于事；张国荣食物中毒差点丧命。片中两个主人公的名字是摄助的真实姓名,4,推荐,261,0.2894210291181559
2010-04-01 12:20:12,Pius,爱情的极致被凝固在那一刻的阿根廷，不得重来，无法复刻。,5,力荐,14,0.9964128644268566
2010-04-02 01:04:34,Η²,在商业城淘的DVD，回家一放，视觉太震撼。很爱。难忘那浓墨重彩的色调，高对比度黑白胶片般的起伏公路，在布宜诺斯艾利斯逆光的石板街道上踢球，他们的蜗居的小租屋，关不上的门。片尾到不了的瀑布。都让我对鼎盛时期的王家卫心生崇拜。  H2 2010.4.1  回顾记录 国荣牺牲几周年了?,5,力荐,8,0.9999891085099852
2010-04-10 20:58:31,sssecret。,张国荣转过身抽烟的样子看的我酥掉了=。=,5,力荐,1742,0.3594539090038802
2010-05-04 05:42:40,LORENZO 洛伦佐,依旧的不疯魔不成活 孤绝的 遥远的 布宜诺斯艾利斯,5,力荐,43,0.8576046217799892
2010-06-20 22:07:25,🫀Psyche,人的皮肤怎样都是得了黄疸一样夸张的颜色，就像是高更的画一样。所以人也理所应当不会生活。三个镜头特别动容，一个尖叫，尖叫的是厨房里面那场探戈，动容的是两个人吵架的不连贯镜头，真的太赞了。还有用水冲洗满地血迹的那一场。分分合合，就算外力加入还是拼了命重新开始，大概只是因为命运相连吧,4,推荐,24,0.9974341955760532
2010-07-04 14:37:31,艾晨,一星给张国荣，一星给王家卫，一星给梁朝伟，一星给张震。,4,推荐,312,0.0431125285726551
2010-07-14 23:55:20,孟騒瑞,张国荣演技没的说,4,推荐,516,0.4481241009294597
2010-10-31 03:21:06,飞行官小北,一个无奈，一个活该，一个永远置之度外。,5,力荐,518,0.2007061241751522
2011-01-13 00:16:39,Clyde,2021.05.27重看，改五星。“不如我们重新开始。”这是影片中何宝荣的口头禅，也是黎耀辉、何宝荣纠缠不清的“谶语”。同时，它也道出了王家卫创作《春光乍泄》时“推倒重来”的真实处境——影片的原始故事与影片的最终呈现，是截然不同的。因为这句话实在太经典了，我特意买了一件印有这句话的卫衣。结果，作为直男的我，发现这件卫衣不方便穿出门，除非在卫衣上加印“我只是喜欢这部电影”等字样，否则很容易招来不必要的“桃花”。,5,力荐,10,0.999627518498176
2011-01-13 00:16:39,Clyde,2021.05.27重看，改五星。“不如我们重新开始。”这是影片中何宝荣的口头禅，也是黎耀辉、何宝荣纠缠不清的“谶语”。同时，它也道出了王家卫创作《春光乍泄》时“推倒重来”的真实处境——影片的原始故事与影片的最终呈现，是截然不同的。因为这句话实在太经典了，我特意买了一件印有这句话的卫衣。结果，作为直男的我，发现这件卫衣不方便穿出门，除非在卫衣上加印“我只是喜欢这部电影”等字样，否则很容易招来不必要的“桃花”。,5,力荐,10,0.999627518498176
2011-01-21 19:48:19,LisaLeung, 张国荣死后，有一个女荣迷，在网上发了一片贴子，说到自己看到梁朝伟的情形，有一次梁朝伟到内地来演出，等演出完毕后她守在他出门的必经之路，等看到他和一群人走来，她便大声的哭喊道：“黎耀辉，你还记不记得何宝荣？”梁朝伟听到她的喊叫，停下来，朝她这个方向看来，然后点了点头，急匆匆地走了,5,力荐,21285,0.1007128710201947
2011-04-25 21:16:09,萨嘎摩多熊猫桑,忘了你，忘了我。,5,力荐,23,0.5728866000026533
2011-07-12 13:34:47,爬行钢炮,每对恋人都以为自己同别人不一样。其实到头来，空虚冷夜里寂寞扎根，爱情像布满细纹的瓷器只待时间够长，所有细纹汇聚成裂缝，一切分崩离析时才发觉，原来人和人真的没什么不一样。只是那疤痕的形状不同，就像每段爱情的情状不同一样。,5,力荐,7,0.3393893257740069
2011-07-16 13:50:25,张维托,14/02/2017@BFI 第一次大屏幕上看。电影的胶片很有年代了，放映时能清楚看见每一帧画面里的划痕。老化和磨损恰到好处地添了怀旧感，成为片子整体的一部分。,5,力荐,5,0.9078981380518336
2011-08-04 18:28:13,小红帽,我敲诈你，人质是我自己,5,力荐,6714,0.4737672181921917
2011-09-21 10:42:52,MeikoC,其实何保荣才是彻底的loser。你去了瀑布你难过悲伤可是你回到了地球另一端，而他还在那儿假装依然可以重头来过，你却再也不出现。（最好是，收拾好一切，再也不见）,5,力荐,1130,0.5847957942741964
2011-12-28 04:10:08,陀螺凡达可,最爱的王家卫电影。,5,力荐,143,0.9801756096366128
2012-01-01 20:41:37,巴喆,这么幼稚又深沉、散乱又歇斯底里的爱，王家卫无疑最具诗意。他用黑白、散黄和橙色铺设一种浪荡的唯美，极其细腻地。没有另一半是那样的寂寞，而真的爱上一个人，全世界都会沦陷。分分合合又聚散不定，最后终寂寞。爱至真很容易成恨。阿根廷的瀑布很壮丽，但是总是觉得，站在瀑布下的应该是两个人。8.7,5,力荐,151,0.99999771901809
2012-01-19 17:22:18,Panda的影音,影片中光和影的搭配很有特色，但故事吗？三个字：不满意。—3星→5星— 2018.04.15 北京 美嘉欢乐影城-三里屯店（8号巨幕厅）：错过了上映20周年纪念日的重温，反而在春天的北影节回味了《春光乍泄》，电影的故事性比印象中来得强，大银幕观影让我更深切地感受到摄影美术配乐的魅力。…… 小荧幕再接再厉观看了《摄氏零度·春光再现》，对本片的好感又增加了。,5,力荐,3,0.999999999999998
2012-01-31 10:56:32,朝阳区妻夫木聪,#10thFIRST#感谢first，大银幕上看到了此片，见到了墨镜王，没有遗憾了。,5,力荐,9,0.9630650531901452
2012-03-03 19:22:45,Morning,其实要不是生命中出现了那些人，我们都不曾会是现在的自己。,5,力荐,186,0.9958849173767506
2012-05-03 13:13:39,撒旦的表妹,张国荣抱着毯子哭的那段太揪心了。,4,推荐,741,0.992051828038792
2012-05-15 17:49:15,Se7en丶小七,影片两个男主人公的名字竟然就是两个摄影助手的名字，感叹于王家卫随性而行的个性。,4,推荐,5186,0.964983489738035
2012-05-27 12:01:49,.,感情说穿了 一人挣脱的 一人去捡,5,力荐,3744,0.9036993825662252
2012-07-30 19:17:33,根,爱好难啊。,5,力荐,358,0.5
2012-08-19 14:43:28,п，已限流,第一次看完，那时候梁朝伟好帅，张国荣很妖，张震还没长开。,4,推荐,8,0.98812266266416
2012-08-25 07:42:25,峰峰峰峰,我一直以为自己跟你不一样，原来寂寞的时候，所有的人都一样。 一弯身躯，多少过客，只爱在怀内觅暂借的恬静。,4,推荐,13,0.997608114679937
2012-09-05 20:07:05,尘埃野马,还是国荣哥哥风情万种啊，简直摇荡心扉……前一天晚上看这片子，第二天坐在图书馆，一个男生默默地坐到我旁边，搞得我紧张了半天。。,4,推荐,137,0.9997715610273422
2012-09-22 11:06:36,什么是正经啊,我可能还会看一遍两遍三遍。第85分钟，如果你爱的人没有像你期望的那样爱你，请原谅他，也许在以自己的方式爱你，或是怀念你。,5,力荐,897,0.7063759968838875
2012-10-04 09:32:22,走马,王家卫张国荣梁朝伟张震杜可风张叔平杜笃之...有些电影早就不只是电影了,5,力荐,257,0.3481790194157388
2012-11-06 18:43:02,～,我终于明白为什么可以这样开心的在外面走来走去，因为起码有个地方可以回来。,5,力荐,2119,0.637753516658466
2012-11-16 18:42:31,Parachute.cpp,还是不停回放何宝荣坐在饭桌前吃饭的画面，下一秒屋里就只剩下风了。王家卫的很多电影主题是寂寞，而这一部是涩的，闷的，感受无法言说。只觉得整个人所有情感都随着那深蓝色的瀑布冲走了，再溺死在一片汪洋。,5,力荐,18,0.9858709839848014
2012-11-24 13:59:59,进宝,寂寞的时候，所有人都一样,4,推荐,280,0.9706097912742327
2012-12-05 13:30:01,xīn,镜头节奏（加速、慢、定格的融为一体）、光线、色彩、摇晃和运动营造出一种如梦似幻的效果（把香港颠倒过来那段也用的好巧妙）。电影语言和心理情感的高度统一。,5,力荐,98,0.9999917373316718
2013-01-24 23:04:36,fallingraining,真能作啊。,3,还行,32,0.3824897040331069
2013-02-03 15:37:13,Sophie  Z,黎耀辉，不如我们从头来过。,5,力荐,22,0.2898402513293842
2013-02-19 20:53:31,鹿君,<春光乍泄>节奏好慢，加上最近狂补了几部王家卫的片儿，觉得叙事手法挺千篇一律。于是一部片子分了两天看，这是第二天。期间还去豆瓣阅读扒了几本书，再切回播放器——何宝荣从枕头里”升起“，极度痛苦地哭着。我惊了三秒钟，心软下来，之前对他的讨厌全没了。怎能不理解呢，都爱过，也都贱过。,5,力荐,24,0.9812997707885088
2013-02-19 20:53:31,鹿君,<春光乍泄>节奏好慢，加上最近狂补了几部王家卫的片儿，觉得叙事手法挺千篇一律。于是一部片子分了两天看，这是第二天。期间还去豆瓣阅读扒了几本书，再切回播放器——何宝荣从枕头里”升起“，极度痛苦地哭着。我惊了三秒钟，心软下来，之前对他的讨厌全没了。怎能不理解呢，都爱过，也都贱过。,5,力荐,24,0.9812997707885088
2013-03-03 06:33:58,羅睿七ETO,五六年后回过头重温这部电影，惊为天人。当年只觉得何宝荣怎么那么作，打了低分。现在却是越品越觉得这部电影有味道，王家卫影像风格之成瘾性可见一斑。对故事本身依旧不太感冒，可这次是彻底地拜倒在了王家卫对色彩的运用之下：是他的镜头让八九十年代的霓虹灯在人类的视觉艺术史上留下了一片永恒的小天地。最喜欢的镜头是黎耀辉在瀑布前的闭眼与自白，其次是黎耀辉去台北找小张。另外，何宝荣的黄色皮夹克很有味道。,5,力荐,1,0.9999999954766896
2013-04-01 21:58:55,斯 琰 🌈 🍭,本来是为了怀缅哥哥而看的，没想到最吸引我的确实梁朝伟，果真是个魅力无限的男人。“相爱的人互相伤害”的最好诠释。三位主演对于角色的把握十分到位，演绝了。可惜中间有一段城市夜景快进的部分让人跳戏，而且结尾显得有些生硬。我觉得在张震登灯塔那里结束就很自然很好了。,4,推荐,3,0.9999999999999044
2013-04-02 09:06:46,曼靑,「當我站在瀑布前 覺得非常難過。我總覺得應該昰兩個人站在這。」張國榮死后 有一次梁朝偉到内地演出。一個女榮迷等演出完畢后守在他出門的必經之路 等看到他和一群人走來 她便大聲的哭喊道「黎耀輝 你還記不記得何寶榮? 」梁朝偉听到她的喊叫 停下來 朝她這個方向看過來 然后點了點頭 急匆匆地走了。,4,推荐,9,0.0117633474495522
2013-04-02 20:47:19,57,我真的看过么？简直忘个精光。拍得美剪得美，看王家卫时开头总是被风格干扰，适应后才意识到风格就是叙事。他拍的城市都像香港，一种内在的都市性，尤其那些门窗、玻璃背后的观看，飞驰的目光，过曝的灯、光和颜色。不仅是个同志片，里面有各种爱的形式，更煞风景的是，可能还有点国族叙事的野心。,5,力荐,38,0.9999976562316416
2013-05-11 13:45:31,老Ben蘇,我认为王家卫和李安还是有很多相似的地方的，个人认为这部比【断背山】好很多也觉得这是王家卫的巅峰之作，画面剪接光线配乐都超正，加上王氏风格给人的感觉非常舒服。影帝梁朝伟名副其实，但张国荣的演技更是有过之而无不及，只是戏份没梁多.,5,力荐,12,0.9982311594839234
2013-05-12 01:54:57,李逍遥,猫系男与犬系男的经典爱情故事，happy together，也许有过，但结局并不happy，也没有together,5,力荐,8,0.999501538621014
2013-08-13 00:20:01,樹一,从四年前的夏至起我看了不知多少次这部片，但每次都因为这样那样的原因没看到最后。一直很想知道后来的结局，看到最后才发现，原来我早就知道结局。（p.s.谁能告诉我那两个叫黎耀辉和何宝荣的摄影助理跟主角到底有没有关系？）,5,力荐,26,0.998592446872114
2013-08-13 00:20:01,樹一,从四年前的夏至起我看了不知多少次这部片，但每次都因为这样那样的原因没看到最后。一直很想知道后来的结局，看到最后才发现，原来我早就知道结局。（p.s.谁能告诉我那两个叫黎耀辉和何宝荣的摄影助理跟主角到底有没有关系？）,4,推荐,26,0.998592446872114
2013-08-21 22:56:33,西楼尘,他以为用咒语就能留住我，我以为用护照就能栓住他。结果我们留不住夏日小巷的午后，拴不住受伤复原的时光，就算抱在一起共舞，心还是分割在地球的两端。想拥有那份特异功能，就能听出你的话里有几分真心。乌斯怀亚灯塔埋葬了不开心，伊瓜苏瀑布见证了不幸福，辽宁街夜市破解了那句咒语，不必从头来过。,3,还行,323,0.9999994537988216
2013-11-25 21:56:48,饱肚师叔,王家卫跟星海诚有个最大的共同点：作品都要靠观众自己意淫。,3,还行,443,0.914892755365727
2014-03-10 00:54:43,twotwo,不是每次都可以那么好命的有个人愿意等你回去的，所以迷失够了赶紧回家吧。黎耀辉，不如我地由头再嚟过。,5,力荐,8,0.5781343132555763
2014-04-02 09:28:50,同志亦凡人中文站,何宝荣。黎耀辉。如果你对一个人有特别的感情，你会更喜欢叫他的全名。,5,力荐,15217,0.860973363852957
2014-11-13 21:30:12,朝暮雪,最好的同性片之一。,4,推荐,131,0.6704926779360659
2014-12-20 20:25:24,汪金卫,【中国电影资料馆展映】一部出色的爱情电影。一对男同性恋人的分分合合。情侣之间那些甜蜜，争吵，重逢，分手等事的情感变化冲突都展现得很到位。既有欢乐场面，也有纠结之处。配合异国他乡的背景更添伤感。张国荣梁朝伟演技展现得淋漓尽致//20171109台北金馬影展IMAX廳第一排,4,推荐,18,0.9999999999998508
2014-12-20 23:41:50,seabisuit,异国的拍摄基于同性的情感都是一种探险，极简的故事丰富的电影语言渲染出的迷离拉丁味，大银幕修复版看醉了要被掰弯。最后的回归映衬出片中唯一出现的97香港的影像为倒立，就像新生儿刚看到的世界，去台北也可隐晦的读解政治寓言，相同的心境把结尾拔高，戛纳最佳导演奖的承认使王家卫迈入艺术大师之列，从此也开始慢拍片的创作节奏。堕落天使后又进入阿根廷博卡青年的足球场拍摄，墨镜王还是个大球迷。资料馆。,5,力荐,34,1.0
2014-12-21 22:02:30,嘟嘟熊之父,何宝荣是香港，黎耀辉是大陆，张宛是台湾。,5,力荐,177,0.9018793609228304
2015-04-21 00:56:42,基尔,鼎鼎大名 一直想看  有个人跟我说 看完 会让你对感情这种东西更加没有信心 叫我不要看 看完觉得还好吧 反正我不是何宝荣  也没有过何耀辉,4,推荐,12,0.9783298734088924
2015-07-18 04:23:15,brennteiskalt,"说不清王家卫的镜头间究竟有多少时间流逝掉了，这是因为他的重点放在了空间上。阿根廷首都在[春光乍泄]的镜头里颜色越是奔放，这段记忆就越显不真实，人物在里面就越是孤寂。这个关于两个男人分分合合的故事是在证明所谓""start over""是伪命题。但结局越是忧伤，相聚时就越是快乐。这就是青春的残忍。",4,推荐,18,0.9999999999567848
2015-08-06 14:48:40,梦里诗书,同性之间的故事在王家卫之手真正挣脱了性别的桎梏，光与影间那炽烈的爱情上演了一场《春光乍泄》为人深思的情话，而于此之中电影情感对语境，台词，性格上的细腻把控，契合梁朝伟与张国荣绝佳的演技，更将两位男主的心绪在这场颓败的凄爱间淋漓尽致。,5,力荐,7,0.9999999999394876
2015-08-21 14:18:12,大啸,第一遍看的时候没看懂，后来弯了之后又看一遍，还是不怎么入戏。这次，总算是看出些滋味了。还好没有错过这部好电影。,5,力荐,7,0.9990827169823302
2015-11-28 01:36:25,sirius_flower,我艹片头够劲二话不说pia一个片名就直接上，这才是同志片啊！那瀑布景致搭配音乐所产生的力量就是王家卫招牌式的视听武器借观众联觉造成一万点冲击！升格之后产生的一种触感 绿油油的颜色调的很好就是调完红色有点怪 阿根廷很美 还有河床对博卡 你会发现倾斜镜头在王家卫这儿就很舒服 颠倒的香港,5,力荐,7,0.996903916313176
2015-12-27 16:37:42,冰红深蓝,王家卫代表作，获戛纳最佳导演。①浓到化不开的颜色，痛到说不出的情殇。②在地球的另一面，世界的尽头，伊瓜苏让寂寞一泻千里，一如那盏台灯。③墨镜王受安东尼奥尼与戈达尔影响颇深，片名得自[放大]，跳切旁白，冷漠疏离。④情绪化的色彩变奏与蒙太奇。⑤有时候耳朵确实比眼睛更为重要。（9.0/10）,5,力荐,381,0.99999999971932
2016-01-14 14:01:29,津五渡,这虽然是一部同性电影，王家卫真正神奇的地方是让你忽略了性别的存在，男男女女女女男男，换成任何一种性别，这部电影都成立，都感人。,5,力荐,26,0.9999999133454291
2016-02-07 02:00:58,哪吒男,我和你，还有一场瀑布之约。,5,力荐,69,0.3499101586970602
2016-02-09 21:31:09,康报虹,"因为张震有家，所以他可以自由自在的满世界跑，哪怕是世界尽头。
因为梁耀辉放不下何宝荣，所以他才会被束缚在布宜诺斯艾利斯。
何宝荣看似放荡，但在内心中，梁耀辉才是家。
说到底，没人会一直在原地等你，当你醒悟时，那个人早已走的很远很远了，也许就已经是地球两边了。
“不如我们，重新来过。”",5,力荐,605,0.9999999319882766
2016-03-24 09:14:19,Syfannn,《春光乍泄》就像把一杯热茶放凉了，再加热，再放凉。沏茶的人走了，也撤走了火，茶水自己沸腾不起来。感觉是土象和风象谈恋爱，好痛苦…,5,力荐,45,0.209204793041657
2016-04-05 22:18:36,温存Weather,装逼卫有些电影真的是很呻吟，絮絮叨叨，原地挠头……穷酸文青的献礼,2,较差,31,0.0118508146424087
2016-04-05 22:18:36,温存Weather,装逼卫有些电影真的是很呻吟，絮絮叨叨，原地挠头……穷酸文青的献礼,2,较差,31,0.0118508146424087
2016-04-29 20:13:38,番茄杀手,想到最好的王家卫已悉数阅毕 倒有些落寞；20.6.11 97年的香港人就像是漂泊无依的水手 人物的无根状态的呈现不仅仅是“回不去的香港” 还是无法袒露的内心世界 黎何（两个香港人）都是在扮演自己 只有在与自己最深刻的渴望拉开一定距离的情况下才能与对方相处 也于是在独处时失去这个距离只面对自己 何抱着黎以前床上的被子哭 黎抱着录音机哭 其实他们根本就是同一个人也是所有香港人 他们抱住对方就像抱住自己（的过去） 就像死死抱住“五十年不变”的承诺 而张震之所以可以如此纯真简单直接 就在于他是有根（台湾）的 他不必自己面对一切 也因此总是可以面对自己 不需要通过扮演（一种97后香港不得不采取的姿态）把渴望藏起来,5,力荐,9,1.0
2016-05-28 12:02:53,会笑的昨天,王家卫以细腻的导演手法将两位男主角于崩离边缘的心绪展现的淋漓尽致。,4,推荐,12,0.997577095050217
2016-06-29 15:05:11,曼仔,真好看啊。最喜欢的爱情片怎么几乎都是同志片儿。。何宝荣太嗲了！太会撒娇了。单看梁朝伟是一张电影脸，和张国荣同框，张国荣可真美。张震在这里完全就是一个嗲的台湾小男生哈哈。还是喜欢他在恋爱梦里的人设，寡言而硬朗的少年。而所有电影里与爱有关的惘然和哀婉，其实都浓缩在同名歌里。,5,力荐,98,0.9999999990844726
2016-08-31 15:45:04,0000,我終於明白他可以開開心心在外邊走來走去的原因 他知道自己有處地方讓他回去。,5,力荐,7,0.2521819480484726
2016-10-07 19:10:00,SELVEN,刚开始看的时候就被一股浓烈的港人对归属的焦虑感侵袭，没想到王家卫在最后还是借着黎耀辉的口点出了这个主题。但是这部电影打动我的地方却是黎耀辉这个角色本身，因为有那么多像他这样的人默默的努力的生存，如此值得被爱却不敢奢求更好的爱情，好在电影中似乎还是有人看到了这些细节，令人宽慰。,5,力荐,713,0.999999894147671
2016-11-19 15:32:26,超神的我妻由乃,“不如我们从头来过”                                                      愿哥哥在另一个世界能过的幸福,5,力荐,11,0.9995399942660064
2016-11-27 01:09:27,大島,以前我不懂微醺到底有什么好 当我懂得后我才明白这电影有多迷人,5,力荐,518,0.6979214857574911
2017-01-17 14:43:57,精神癌早期,我心中最喜欢的张国荣角色，胜过蝶衣阿飞枪王，何宝荣的悲哀在于悲哀不自知，他美丽又薄情，像尘世里千千万万个充满缺陷欲望的凡人，可他在深夜的街上张开双手，在玻璃窗前点烟的时候，你才明白天使在人间，你不能用尘世的标准去揣度去衡量。他演出爱情的模样。,5,力荐,68,0.9999999974589422
2017-02-03 10:25:39,朱欢尘,十年前看的…是这部片让我意识到，同性之爱和异性恋原来没什么区别。不过后面这很多年，我也没有喜欢上别的这种题材的片子了。又，张国荣是世界上穿皮衣最好看的男人。,5,力荐,48,0.9999729995953692
2017-02-10 20:00:46,不吵的猫,我不敢听你说从头来过,5,力荐,37,0.1617898973558337
2017-02-15 10:58:59,你大立,爱起来没什么好事，贫穷，气恼，后悔，折磨你，被你折磨。从来不开心，从来都爱你。,5,力荐,439,0.7446584740495434
2017-02-17 13:28:59,野次馬,比起两个人去瀑布，我选择一个人去看灯塔。,5,力荐,61,0.2657867598755791
2017-02-17 21:26:18,别人老公,冒昧再叫声哥哥,5,力荐,91,0.8454446936842662
2017-03-04 22:02:23,石头星,看的第一部涉及同性感情的是霸王别姬，待看完也只以为是友情，哦，当年太纯粹！春光乍泄是第二部，这部很明显，看完惊呆了。梁朝伟演技大赞，他发着烧还在烧饭的样子一直记得，无奈和宠溺。,5,力荐,1010,0.9999998988336464
2017-03-05 08:22:31,我lu不会飞,不如我们从头来过，唉，哥哥呀，真是让人心痛。,4,推荐,32,0.9993549454406638
2017-03-13 01:17:23,草莓__三月,我一直认为，站在瀑布下面的，应该是两个人。,5,力荐,22,0.2181937146551069
2017-03-20 20:27:38,sharon,我就记住了大瀑布和哥哥抽烟的样子,4,推荐,21,0.9298636758196596
2017-03-27 07:57:01,甜椒Oli,经过了这么多年依旧不是大家能够平等的事情。什么不如重头再来 干嘛呀 向前走说不定会有你想要的,5,力荐,25,0.7379188636059577
2017-03-29 07:46:28,赫舍里清如,奔着哥哥去看的，意外的觉得梁朝伟也好帅…何保荣任性叛逆，黎耀辉胆小怯懦，然而他们之间的羁绊却使彼此愿意做出改变,5,力荐,15,0.9999969373725074
2017-03-30 11:12:29,幕天席地,试问谁不想从头来过，但世间又有多少爱可以重来呢? 时光如同白马过隙，我们再也回不去了…… 既然回不去，我们又如何从头来过?,5,力荐,15,0.9121157113150846
2017-04-01 02:05:20,KitajimaJunko,磅礴的瀑布缥缈的雾，有力的探戈曼柔的舞。记忆是盛满暧昧与孤寂的阿根廷转角阁楼，是一间装满各式格子衬衫的老旧衣橱。两人相爱是横亘在宽容与倦怠还有痛恨间的蛮缠撕扯。晨曦或是破晓，傍晚抑或深夜，生命的挥霍全是因为拉拉扯扯又焕然一新的身体或面孔。瀑布有如漩涡，而爱情也是循环往复的黏稠。,4,推荐,14,0.999999921657154
2017-04-01 11:59:50,蓝下老婆,想到有部电影中说过一句，我最害怕的是有一天我用尽了对你的爱。也许会永远的爱你，但已无力再爱你，只有离开你，虽然很遗憾,5,力荐,417,0.998682915729289
2017-04-01 12:06:11,璐baby,我不是喜欢同性，只是我喜欢你，而你刚好与我一样。哥哥去世的时候还很小，不太懂得他对大家的意义，但过了14年仍然被大家放在心里惦念的人，肯定是有非凡意义，值得尊敬热爱的,5,力荐,58,0.9999921431278344
2017-04-01 22:45:47,蓝色啄木鸟,其实当时没看懂，现在也不忍再看，补标一下怀念哥哥。,4,推荐,16,0.8690117929302963
2017-04-02 01:08:39,昵称被占不开心,我敲诈你 人质是我自己,4,推荐,32,0.4737672181921917
2017-04-04 20:25:36,桑,语言贫乏，三言两语道不明。喜欢这部电影，跟同性恋题材无关。喜欢恰恰是因为情侣间的亲密、猜忌、嫉妒、占有、自私在电影里表现得细致且超出同性范畴，对话和日常互动就能给五星。结局很好，生活常态，看完很难过，想到了很多事,5,力荐,236,0.9999999999988204
2017-04-10 23:07:20,我爱阳光,本来并没有多少触动，何宝荣一哭，就莫名心酸了起来。倒是学了不少机位。,4,推荐,4,0.9701250649179812
2017-05-03 00:09:41,圈圈儿,你用目光感受，浪漫宁静宇宙，怎抵用双手，周身慢慢环游。2022重看，感觉感觉发现了墨镜王雅俗共赏的原因。他的镜头里有很多情绪，即使没有情节，也有十足的情绪，情绪牵引着人。其实现代短视频也是这样。他太超前了。我看春光乍泄是分了好几次，但每次重新打开还会被情绪影响到。他的拍法傻子也能看懂，傻子也有爱，所有人都有爱。,5,力荐,9,0.9999999999973184
2017-06-19 23:57:30,寂静时候不欢喜,说是封神之作也没人反驳吧，那个事情真的很多这种关于同性的片子，这种片子的题材也很受各大电影节的喜爱，演员的演技让人入戏，深情的眼神仿佛要滴出水来……,4,推荐,6,0.9999999790294584
2017-07-02 12:09:40,布迪阿穆,在大学的《婚姻与爱情》课上，老师说过如果你爱上了一个不会爱人（或者说情感有缺陷）的人，你是无法教会ta的，你最好的办法只有离开。爱对的时候，就算不知，也许也可以感觉到：“不知道为啥，那年夏天好像过得很快。”,5,力荐,720,0.9999834692799724
2017-07-26 23:03:09,看人改名填坑,如果带着同性恋偏见看，你将什么也看不见，这里只有纯粹的爱情，没有性别,5,力荐,137,0.9704628869450714
2017-08-08 23:34:44,沉默の玩,重看。美爆。现在懂探戈了觉得bmg太吊。黎耀辉是何宝荣的家，台北是张震的家，1997年黎耀辉带着忐忑的心情回家，不知道父亲会不会再次接纳他。5个月后，香港回归。20年后的今天，我们知道被一个专横的父亲接纳代价是惨重的。,5,力荐,276,0.9998880750552612
2017-08-30 23:33:59,楊從周,《布宜诺斯艾利斯的激情》。不如我地重头嚟过。何宝荣喜欢一次次重新开始。很任性却很在乎。矛盾才会痛苦。越是矛盾越是痛苦。挣扎而又不得解脱无法自拔。那种混乱的青春真迷人。不管不顾。从来不在乎明天会怎样。黎耀辉的声音在世界的尽头是对爱绝望的哭泣。哭自己也哭爱人。和你共渡的时光到了尽头。,5,力荐,11,0.9999999999997632
2017-10-07 11:45:59,烬。,真是受不了王家卫这股子故作忧郁的颓废劲儿。,5,力荐,106,0.1598239324137037
2017-10-28 04:45:37,木由,旁边坐的小哥散场后对我说，开始他完全不明白我为什么在电影刚开始就对着大瀑布的空镜哭起来，直到结尾他再看到那个大瀑布。,5,力荐,140,0.1365420844864596
2017-12-23 16:35:32,宇宙人小早👽,剧情4分，但打光布景拍摄镜头语言等，毫无疑问可以担得上「电影艺术」四字，故5分。想起多年前看的哥哥十周年忌日节目--一束光打在舞台中央，梁朝伟坐在凳子上低着头，慢慢拿起话筒「不如我们重头来过」。,5,力荐,10,0.9999152293772235
2018-04-01 12:44:05,芊颖,……15年了……,5,力荐,41,0.6353619158125282
2018-04-03 19:19:00,小医仙,我铺好了我们的床，我整理好了你的柜子，我摆好了你买来的香烟，我点亮了你一直留着的那盏灯。然后我开始擦地，擦着擦着，我突然意识到 你不会再回来了，我抱着我们一起盖过的那条毯子，哭了……,4,推荐,1828,0.0012805868246313
2018-04-16 00:10:23,怪谈游戏,2018北影节耀莱五棵松#仍是时隔多年的重看，不想去做任何分析，一个人坐在黑暗里忘记了周围，眼泪根本不受控制，从眼睛流进脖子。生命好像同电影重叠，似乎冥冥之中意识到，那也是我的宿命。原来爱情都没有分别。寂寞和折磨，王家卫可真俗啊，一点也不深刻，可生活在这人世，没有人能够免俗。,5,力荐,4,0.9999999778234868
2018-04-26 13:02:16,亵渎电影,第一次看王家卫导演的《春光乍泄》还是十年前，那会儿以为这就是一个同志爱情故事。北影节最后那天，在电影资料馆又看了一遍，到了这个年纪，有了一定的阅片量之后，总算是有点看懂了这部电影的好。才发现它讲的根本不是爱情，而是寂寞，讲了那个时代背景下，内心失去了归属感的香港人。,4,推荐,3526,0.9999999947148648
2018-05-04 09:45:23,幸存者,一直以为我跟何宝荣不一样  ，原来寂寞的时候，所有的人都一样。,5,力荐,12,0.9338474910695722
2018-05-06 09:56:58,铃铛,试问谁不想从头来过，但世间又有多少爱可以重来呢？时光如同白马过隙，我们再也回不去了......既然回不去，我们又如何从头来过？,5,力荐,7,0.860090208784799
2018-06-28 12:56:43,回忆与否之,这是件无与伦比的艺术品，其中的情感以及情感的表露，与它的影像一样极致。王的片子总有一种情绪在凝聚、在表达，或关于迷失，或关于寂寞。受伤的，害怕受伤的，总是挣扎着。归属与逃离的，敏感与不羁的，那如痴如醉、如梦如幻的爱与被爱，不过是在甜蜜的痛苦间缠绵。正如浪漫的伊瓜苏，总是春光无限的,5,力荐,7,1.0
2018-08-09 15:06:14,Muto,血浓于水的乡愁在1997年是这一座气势如虹的瀑布。看似被王家卫狠心剪掉了一些内容的《春光乍泄》其实扔掉的不过是那些犹豫不决多余的时间。所幸他电影里总有一个乐观的现在时抹不掉，哪怕到了世界尽头也会让分分合合的人在布宜诺斯艾利斯再次重逢或邂逅。只有这样漂泊的我们才能带上自己的历史踏上返璞归真“重头来过”的下一段旅程。,5,力荐,5,0.99999999973519
2018-09-10 01:03:21,一文,"2018年北影节第18场。北影节的完美谢幕（本届抢票重点战场谁试谁知道╮(￣▽￣"")╭ 何宝荣漂亮、任性、不忠、敏感，黎耀辉沉默、体贴、暴躁、充满独占欲…两人在互相伤害中依存，让感情变成陈年的痂，隔一段时间就要挖出来一次维持鲜血淋漓。春光乍泄是美的，是一部艺术品，是我最爱的墨镜的电影之一。喜欢何宝荣那句示弱又挑衅的“黎耀辉，不如我们重头来过”，也喜欢无需重头来过的人生。（今年准备去伊瓜苏瀑布了，果然还是一个人啊）",5,力荐,9,0.999999999999907
2018-09-13 15:33:28,遠濤,Visceral，入心入肺。从前竟不察黎耀辉在他和小张的关系上闪烁其词（甚至说谎「好多次呀，满意未？」）就是为了让何宝荣吃醋，用这种感情张力来作为挽留何的一种手段。梁朝伟鬓边横长的头发太长了点——省理发钱。拍摄极尽讲究却做到看起来不假修饰。何对黎那么强烈的性嫉妒，两人一次次争吵重圆以至于无可挽回，在我看过的文艺作品里是与《海上花列传》的王莲生沈小红的关系最相似——电影版中苦情的王莲生又是梁朝伟饰演。王家卫电影最多笑料的是《堕落天使》，最没金句的是《春光乍泄》，但我现在觉得他最佳就是《春》，因为pitch perfect，且对人物锲而不舍刻画得深入（主角一次次置身类似场景：蹲坐喝闷酒的探戈巴门外街角、逆光踢球的黄昏冷巷）。黎何凭言谈显然是中下阶级。屠场地面的血水，被水喉冲过分开重又汇合……,5,力荐,11,0.9999999999999998
2018-10-19 19:16:16,Lu,在一起的時候，說好一起去看的瀑布，最終僅有一人抵達終點。黎耀輝的愛是需要安全感的照顧付出，何寶榮的愛卻是若即若離的浮躁煙花。兩個人的愛情觀兜不到一塊，除非在何寶榮受傷稍停之時。我想這部電影選在國外拍攝的原因，應該也是因為語言文化不通的國度才能更凸顯與強化他們的愛情表現方式與衝突。後期黎耀輝將工作從製作食物的餐廳換到處理死豬的屠房，在我看來也頗有暗示他對何的愛情心死意味，所以開始導正時差、開始認真賺取回國的旅費、開始脫離對何寶榮的在乎。當何寶榮回頭時，才發現習慣的港灣已經消失，只能緊抱昔日舊情痛哭。,4,推荐,15,0.3994307445935767
2019-06-15 12:53:07,阿芙洛狄忒,第二部王家卫。复古橙色滤镜下每一帧都可以截下来，当作陈旧的老相片反复品味。何宝荣在外面浪荡、受伤、挨饿后回到黎耀辉一床一沙发的小居室求爱护，黎耀辉你发一顿脾气就决定和他从头来过，带他去医院治疗，每天下班给他做饭洗澡，把床腾出来给他睡觉，半夜起来套紧皮衣就为他出门买烟，发了高烧还裹着毯子为他炒鸡蛋，只需看到他安睡的样子你就比谁都开心。何宝荣你举着缠满纱布的双手一副可怜巴巴的样子望着黎耀辉，睡着他的床还嫌弃被蚤子咬，白天无所事事就把房间翻得稀巴烂还发脾气，半夜烟瘾一来又吵着要烟抽，拉黎耀辉出去吹冷风叫他发高烧。可最后你们也没有一起去看瀑布，一起回香港。黎耀辉去屠宰场工作，在年轻人的录音机里留下哭声被带往世界尽头，何宝荣你又在哪里跳着探戈，会着情人。不论谁爱谁爱得会更多，人在寂寞的时候都是一样的。,4,推荐,6,0.8868137619322287
2019-09-05 19:36:26,米发发,大学看过之后，只觉得很难过，为何宝荣的堕落难过，为黎耀辉的离开难过。多年之后重新看过一遍感觉很释然，何宝荣学会了珍惜，黎耀辉懂得了放手。,5,力荐,19,0.9994631058111898
2019-09-22 16:01:17,火娃,8/10。有意运用了光影亮暗或布局进行遮挡关系，拿交代房间布局来说，左边红色的床和右边一个小沙发延展到远处饭桌，长形静物将视觉焦点集中在飘动的窗帘，窗帘作为运动的主体产生了极尽延绵的情愫。黎照顾手受伤的何那段时光，无论是黎端着饭菜夹在肌理质感的墙壁之间，还是共舞的厨房一角，方形墙砖和地板的对称花纹将一冷一暖光色割开，使画面张弛饱满，象征黎是矛盾体，明知留不住又努力付出。点烟喂烟是性的游戏，倚墙抽烟的黎纠结苦闷，打翻烟盒的何不服管束，当车上他们相依无语，兴奋的红色和蓝色街灯的凄清交替反复，像极了爱情的冷热亲疏。黎陪张去酒吧的戏中，一盏大块亮黄色台灯割开两人的空间，被暗处遮掩的黎无法理解张的世界，最终张逃避到世界尽头想重新开始，黎独自观望下坠的瀑布决定回来，逃避、下坠和回来代表港人对九七的不同看法。,4,推荐,56,0.9999999573503624
2019-10-26 15:21:09,生活西化美少女,"無聊就想走，走了又想回來，來來去去以互相傷害的方式證明自己在對方心裡的存在這不是同性戀或異性戀的問題，是愛情的最真實的狀態、香港回歸前的迷惘不安、人類總覺得自己失去的比擁有多
那年代特有水濛濛的霧霾以及活在凌亂垃圾堆中的人們21世紀一樣原地踏步",5,力荐,5,5.274428600954284e-05
2020-03-03 23:31:43,连城易脆,似乎没有多少人注意到片尾字幕中【摄影助理】一栏两人的名字正是何宝荣与黎耀辉，老王真是调皮竟然直接用摄影师杜可风的两个助理的名字安排给了自己的电影角色，不知道在拍摄过程中本尊会作何感想。很多人可能都是馋张国荣和梁朝伟的身子，彼时哥哥已经41岁了但是依然风华绝代，而伟仔35岁正值壮年荷尔蒙相对旺盛，在王家卫阴暗潮湿昏黄摇曳的镜头里格外富有魅力。表面上讲述了一对同性恋的故事，但是在墨镜王的电影里哪有什么完整的故事呀，展现的主要是两个角色之间的关系，在黑白交替的影像中如同英文片名所表达的快乐地在一起的状态。无论是伊瓜苏大瀑布还是最后张震到达的世界尽头乌斯怀亚，结合1997年的时代背景，也许寄托的是无处安放的寂寞与难以所寻的归宿吧。王家卫还借张震角色之口说：我不看电影的，看电影会头痛，哈哈。,4,推荐,134,1.0
2020-04-01 16:02:05,三色堇吴幼坚,特地在4月1日来写几句。我不能算标准荣迷，但确实看过哥哥参演的多部电影，他的屏幕形象历久弥新：《春光乍泄》）、《霸王别姬》、《阿飞正传》、《胭脂扣》、《倩女幽魂》、《金枝玉叶》、《东成西就》、《东邪西毒》、《英雄本色》、《夜半歌声》、《红色恋人》……我也很喜爱他演唱的歌曲：我、风继续吹、MONICA、为你钟情、风再起时……作为影视歌三栖全方位发展的演艺明星，张国荣的艺术成就在华人世界无人能及，加上可贵品格集于一身：有爱真诚勇敢谦和温润……虽然离去17年却魅力永存，将一直被人们深切缅怀。,5,力荐,7,1.0
2020-05-23 00:35:32,可樂咖啡君,教你如何爱上一个人，如何享受孤独地挣扎，如何沉沦在王家卫的影像和音乐中。伟仔和哥哥真的是人间极品，无论是弯的还是直的，都能完全hold住其中的精髓，文艺闷骚的梦呓从未如此流畅自然。,5,力荐,5,0.999999999844353
2020-07-11 12:48:11,mate,看的时候一直疑惑黎耀辉没钱回港，为何不联络在港亲友救急，而要滞留阿根廷打工？到后半才发现原来他是盗用公司公款去的阿根廷，没脸面对家人。顿时觉得此人是伪君子，他的一切台词都在顾影自怜，丝毫不值得同情。,2,较差,12,0.1554055599960507
2020-09-06 08:12:28,努力生长的树,"梁朝伟和张国荣在剧里一个线条深邃，忧郁又时而呆萌，一个眼角含情，嗔痴笑骂都在撒娇，幼稚却又控制着情感走向。一个像还在生长的树，一个像已经开到最艳丽时的玫瑰，交织在一起，情如雾气一样散开铺满，迷了人的双眼，他们贪婪地呼吸着对方身上自己没有的新鲜感。
花开后只剩凋败，一个享受沉沦，一个不愿沉沦，雾气散开时是离别之际。",1,很差,43,0.9999999999827084
2020-09-12 16:10:13,[未注销],❶细腻地捕捉到男同有别于异性的特点——更易受激的攻击性以及在此情况下表达的关怀，如黎耀辉让挨打破相的何宝荣落座公交车尾、带病为其做饭。不过，同性标签恐怕是本片最大的误解，最初压在心里的是寂寞，最后留下的也是寂寞；❷几个细腻的瞬间：何宝荣借烟点烟/黎耀辉录音机掩面哭泣；❸“原来，所有人寂寞的时候，都一样”；❹“一个人开不开心，听声音就知道”，一部片开不开心，看色彩就知道；❺当瀑布打湿了黎耀辉的脸颊，我顿感两个人像极了无帆的船——在海面漂漂无所依，聚散任凭风雨、不由自己。❻小张的点缀就像蛋糕上的樱桃。❼张震的旁白不显差距，对白暴露功底，而且还被台湾腔拖着。❽黎耀辉、何宝荣是本片助理摄影的名字。,4,推荐,11,0.9999999989789096
2020-09-15 23:10:59,momo,明明何宝荣做了很多似乎很恶劣的事情，可看着他回到出租屋，码好一盒盒烟，修好带瀑布的灯，拖地拖到一半想起他不会再回来了于是抱着毯子痛哭时，我好想替他说一句：黎耀辉，不如我们从头来过。,5,力荐,114,1.202018517887371e-05
2020-10-14 13:55:37,柴斯卡,重看，炸裂，王家卫最佳。当年很讨厌小张，觉得破坏了黎耀辉和何宝荣，现在看结构上很重要，剪掉关淑怡也很重要，他为关系开辟新的可能，在视觉轰炸中带来听觉路径，亦是陆-港-台-漂泊-回归映射，上映于1997。每次一听到他说不如我们重头来过，就忍不住重头来过了；我来到台北夜市，知道小张有家可回。对亲密关系中高位-低位、付出-索取出神入化的演绎，看的时候不断被戳到自己，因为我也是索取流的，不习惯付出的人都因为各种原因跑掉了。最后我终于去了世界尽头，我只是觉得这个瀑布下站着的，应该是两个人。,5,力荐,30,0.9999999995317232
2020-10-18 15:36:57,玫（平行宇宙版,"二刷
当年还是中学生的时候看过一次，未删减版，当时记得是何宝荣打架死掉了，所以最后黎耀辉在瀑布下的话，我理解为人间遗恨。
今天看，何宝荣在黎耀辉走后，搬到他租过的房子里，整整齐齐的码烟，擦地，做着黎耀辉曾经做过的事。突然就很触动。
一叹，（借用片尾弹幕的一句话：何宝荣还活在地球的另一边吗？）两个人都还存在在这个世上。
二叹，黎耀辉和张震，有点迷但又似乎到了这一步，他们结识下了友谊和牵挂。（并没有说他俩要在一起的指向）。只是，我想，如果没有张震出现在黎耀辉的生活里，他可能不会那么快（有决心）想要突破自己的现状吧。（不含褒贬）
三叹，黎耀辉走了，走走转转，何宝荣成了那个留守的人。所以，两个是彼此很好的成长中和剂，就像他们的情侣耳环一样，还留在彼此的生命中，发挥着作用。希望他们都能过的幸福。",5,力荐,14,0.9999999999999514
2020-11-25 02:19:33,十四州,爱就是生病被你叫下床给你做饭还不忘记给你加一个鸡蛋。,5,力荐,235,0.1611847549558051
2021-02-12 13:16:43,Baiye,"  前天和男朋友分手了，今天就看了这部。看的过程中内心没有一丝波澜，因为整个故事都在我的身上发生过一次

  “浓到化不开的颜色，痛到说不出的情殇”，内心失去了归属感，感情也没必要继续了，溢出屏幕的寂寞与瀑布一泻千里……分开也许不是最好的选择，但内心的失落不像咖啡，那是稀释不了的

  跳切，情绪化色彩，旁白，变奏，失落的精神家园，永远治不好的伤。戈达尔，安东尼奥尼，阿伦雷乃，贾木许……这部电影讲的不是爱情，而是寂寞，是在回归之际内心没有归属感，对未来没有方向的一代迷茫香港人，在边缘小众群体的身上，折射出了更强的光芒

  当欲望刚刚升起时，瀑布已经落下了

   满目山河，既往不咎",5,力荐,41,1.0
2021-04-03 01:04:50,莫纳考,12点过从文化中心走出来挂着一点眼泪。这次最被触动的是何在黎离开后瘫坐在地上那里，like a garbage. 瞬间分享心痛。前面的部分审视的感觉更多，没有好好在看故事。最意外的是，原来城市夜色被修复过后就是正常的夜色，我曾以为的王家卫滤镜（？）是技术原因……那个30分钟短片应该会有更多公映吧。好喜欢那些没被放在电影里的剧情哦，下一个周年纪念放出来更多吧🙏🏽,5,力荐,7,0.999999995551946
2021-04-04 17:05:50,月石人鱼,我也想要，这样有恃无恐的爱，肆无忌惮的小作。看张国荣怎么把梁朝伟作走，我站在梁朝伟的视角有所感想“你一次次伤害我，不珍惜我的好，把我的真心当做理所当然，玩腻了就走，怎么还希望和我重头来过？”不是每一次离开都可以挽回，如果一个很深爱你的人离开，那他真的是要放下了。我也站在张国荣的视角“原来真正被一个人爱，是可以作的，小作怡情，是可以不害怕对方抛弃自己的……”,5,力荐,21,0.9999647933423051
2021-04-08 18:09:15,橋本喵,【19/HKIFF45】一邊看一邊沒感覺，但看完之後覺得在愛人面前逞強這種事可能是比愛情本身更令人難以抗拒的。何寶榮逞強把黎耀輝耍得團團轉，黎耀輝逞強裝作他不會對何寶榮百依百順。明明相愛渴求擁抱，卻因為逞強弄丟了對方。比起主角二位，青年初長成還沒完全褪去少年輪廓的張震是驚喜。,4,推荐,2,0.9998077881433688
2021-05-16 08:29:08,舌在足矣,毫无疑问是王家卫时代意味最浓、也因此是基调最悲观的一部。“从头来过”只能是虚妄的念想，逃到地球的另一端也无济于事，但也许能在台湾找到手足的慰藉,5,力荐,11,0.9999894343661212
2021-05-17 10:05:24,安大帅,1.其实以前很是抵触看此类同性电影，然而还是阻挡不了张国荣与梁朝伟的魅力，想一窥究竟；2.黑白光影加上OST很有感觉，一上来的激情戏让我猝不及防；3.以前觉得王家卫的电影节奏都很慢，其实这部影片除了瀑布的镜头，其他镜头剪辑得都很快；4.你以为他不会回来了那间屋子了，所以你走了。他以为你一直会在那里，所以要出去走走。后来你从别人的经历里懂得了，人之所以去外面走走，是因为知道总有一个地方可以过去；5.表明看这只是一部同性爱情故事，其实更深层次是那个时代失去归属感的香港人的落寞孤独。,4,推荐,5,0.999999999498989
2021-05-17 23:20:20,叠好放低自己,"“你知不知道，你很像一个人？”

梁朝伟和张震告别的时候他笑笑扶了扶张震的帽檐。画面突然开始掉帧，虽然只是几秒钟，但看的我心碎了。

有多少话语失落在破碎的画面里没有说出口。大家都是过客，何必勉强从头再来。

那个倒转的香港真的是神来之笔。",5,力荐,7,0.9999554789131344
2021-06-15 09:36:35,庸爻儿,@ Made in Hong Kong Film Fest | 往加锁短评的queue上再添一篇。布宜诺斯艾利斯有好天气！想去旅行。,4,推荐,1,0.9079811016012443
2021-07-24 02:06:30,赫安,排除性别来看，这不就是个舔狗和作女的故事嘛。张国荣因为无聊就要分手还勾三搭四还不工作当寄生虫，梁朝伟却一次一次原谅他。莫名其妙跑到阿根廷去丢人现眼，还什么寂寞，寂寞干嘛要出国呢，寂寞就是放荡的理由吗？,1,很差,8,0.99972253656319
2021-08-01 11:27:27,SincerelyYours,最后梁朝伟去找张震父母的夜市摊时的独白，有点回应了他和张国荣的关系。张震可以肆意去地球另一端飘荡，是因为辽宁街有个地方贴着他的照片，他永远可以回。正如张国荣一次次离开，都是因为确信可以由头来过，从没有想过有天回到那个逼仄的小房间里，再也找不回梁朝伟。看张国荣哭真的太心疼了，谁能不爱张国荣呢。感情真的就是，一人挣脱的，一人去捡。,5,力荐,163,0.2392586092085727
2021-08-15 10:54:16,鲍勃粥,8.6/10 随意与轻巧，似乎同时成为春光最大的优点与缺点，剧本与人物形象的塑造的确略混乱，颇有一种想到哪讲到哪的轻飘，实际上梁朝伟和张震的部分文本远胜于与张国荣的部分，但这种文本也恰巧符合图像的特性，或许是受制于成本及操作，全程几乎全用一只广角镜塑造，这种独特的畸变把张力控制在一个恰好的范围内，把情感悉数降解转化为行为与爆发的言语，所剩的真正情绪实际藏于空镜中。性的部分则由胶片的质感塑造，强化人物的肉身感，简单且纯粹。而最精彩的部分实则是结尾回到亚洲的梁朝伟与反转的香港，把这一段异色的异国的看似华丽的旅程重塑其在地性和时代性，那个无法忘记的年份。,5,力荐,4,1.0
2021-09-28 14:29:37,榴槤乜乜乜,230218影院二刷：那個夏天過得很快。在影院看才明白，it IS more about being sinophone than queer. 好想食煙！Happy together 這個名字真合適。並且發現上次打動我的台詞好像是誤譯？⋯我也來到了地球上離我最視為家的地方的最遠的小島，被上次看不明所以的倒置鏡頭狠狠戳到了。// 後勁兒很足，queer relationship + asian diaspora，97語境，tw人浪蕩天涯也終有溫馨的家等待泊岸，hk人異國求生無門故鄉早已回不去，根本沒有什麼「重新開始」。非常梁朝偉和張國榮specific的故事。只想買很多包菸把家填滿。披薩店的小哥問：are you Chinese？,4,推荐,3,0.0002210908557156
2021-12-05 01:12:12,罗宾汉,【4K修复版重映】第一次在大银幕看王家卫这部经典，恰好当下香港、两岸关系的悸动时期与97年回归前夕有非常相似的因素，于是看的时候会有更加复杂的感受。这也许就是王家卫的超强洞察力，足以将一部同性爱情故事提升至政治寓言的高度。当然，归根结底还是在讲港人身份的话题，他们面对香港回归的不同心态。美学风格和象征手法延续了之前的作品（《东邪西毒》的鸟笼灯、张曼玉最后痛哭的场景），也预示了之后作品（《花样年华》的树洞原来来自张震手上的录音机）。这些以不同形式反复出现的符号，显然就是王家卫最引以为傲的作者标签。,5,力荐,6,1.0
2021-12-20 17:19:35,hyasen,又看一遍，看下来印象最深的竟然是阿辉在屠房冲地上的血迹 浓墨重彩的 和配乐的颜色相近 一切混杂着被水冲开又汇合,5,力荐,16,0.0119735201212065
2021-12-29 00:19:10,浮游剑鱼,已然失语。明明只是个渣受和忠犬攻互相伤害的故事，却被王家卫拍得那么美、那么动人。《春光乍泄》就像一个充满雾气的幻梦，让人窒息、痛苦、迷惘——爱情！过去有多美好，破碎时就有多绝望。瀑布的飞溅让人梦醒，黎耀辉能做的，也只有带着难以磨灭的记忆、带着痛，走下去。,5,力荐,17,0.9999999993408591
2021-12-30 01:41:47,🕊,劇情很簡單明了，一對情侶的分合。哥哥在春光乍泄里好像只小貓，受了傷就乖乖呆在懷裏等著人胡擼毛，恢復了就使勁兒撒歡，撓破你的枕頭，抓傷你的手臂，折騰著要離開你。好像要自由，像風一般自由。但又是懼怕的，像風一樣無根，只能漂泊。仗著你喜歡他不斷盤問你，到底愛我到哪一步呢。是不是即使走了，一句從頭開始，你就會回來呢。可是你真的走了，他又會回到原地，固執地守望。,5,力荐,65,0.0259625412139173
2022-01-02 08:02:29,何阿嵐,可能是香港最好的愛情「喜劇」，張國榮和梁朝偉每一場一打一鬧，節奏與說話，有Howard Hawks的喜鬧劇既視感。明明兩個角色都那麼討厭，怕受傷害又對對方不負責任，明星魅力化繁為簡的力證。那顛倒的九龍與香港島的高架公路與當時新建的台北文山內湖線上，人終歸要找一個可以落腳、回頭的地方。何寶榮或任性、也只不過想聽到對方想要自己的說話，黎耀輝同樣無法對何寶榮開口要求重來，反而要假借小張來釋懷（重慶森林的5月1號到期的鳳梨罐頭，2046 周慕雲至於對王靖雯的投射），面對自己喜愛，連說話也不懂。但死纏爛打的愛情從來沒注定沒有好結果，Nous ne vieillirons pas ensemble，何寶榮一直叫「不如我地重新嚟過」，實情是王家衛向張國榮一次又一次喊話，因為拍這部片，他也失去了張國榮這位朋友。,4,推荐,6,0.9425900677565828
2022-03-08 00:45:33,林西拿,@4K修復版。第六遍。 他發明一個新的方法論，也許是從「祖與占」那邊來的：（動作、情緒、⋯⋯），（動作、情緒、⋯⋯），（動作、情緒、⋯⋯）*n。他心裡有個章節的概念，用v.o.來區分，類似小說又翻了一頁，換一個敘述的視角。「動作」是造型、行動、吵架等等，「情緒」是那些「臉」和空間（及攝影）之間的張力。「⋯⋯」是情緒的延長，或是可供凝視的風景般空鏡，讓觀眾寄託情感用的，最極端的就是那個瀑布，因此是全片最長的鏡頭。這個「⋯⋯」，就是阿飛裡的雨林，花樣年華裡的上下樓梯，是一種試圖發明「電影意象」的創舉。他不在乎寫實，換床那場戲就是最佳例子，他意在喚起觀眾內心深處的情感。這回還看到，他很喜歡「秘密」這個東西，幾乎是一個鑰匙，花樣年華是對樹洞說秘密，這裡張震的錄音機，也就是另一個樹洞呀。,5,力荐,5,4.140956688658548e-09
2022-04-10 00:10:58,五花肉,"现在才明白，之所以我可以在外面开心的飘荡，是因为总有一个地方可以回去。
也许我也会像他一样突然有一天到了我心中的世界尽头，就回回到家乡。",5,力荐,34,0.9917725659853744
2022-05-03 21:48:48,其实我不想走,因为是被爱的，所以大半夜出去买烟，生病还给你做饭，肆无忌惮，但就是可以被爱人原谅。因为是帅哥，所以说他也会脆弱、让人心疼，被观众原谅。哥哥又一次演无脚鸟角色，梁生又一次站在一片空旷面前。摄影审美真好啊，黑白和彩色画面的交替，昏黄的滤镜，砂砾感的画面。还在想片子中大人物的逝世有什么含义，然后看到了对香港回归的解读，是有那味了，挺绝的。梦里不知身是客，一晌贪欢。最想成为小张，满世界走走走，还有一个家可以作为最牢固的港湾。,5,力荐,21,0.999999989126378
2022-06-06 00:06:50,倪永孝,春光乍泄听过许久终于鉴赏，里面的场景色调美的让人窒息，探戈，瀑布各种元素唯美且浪漫到极致。原来寂寞时我也会这样。,5,力荐,1,0.9999930927060178
2022-06-08 23:52:04,z.r.j.,在现在这个阶段，我对王家卫真的喜欢不起来…何宝荣视角的缺失让整部影片看着十分压抑：非常不能理解这样一个花花公子为什么值得黎耀辉去爱,3,还行,30,0.9984613346292666
2022-06-26 01:05:11,尼古拉丁,王家卫的电影下面永远有一群人在那里惆怅地谈感情谈感慨谈故事，却很少有去评论电影本身的，他们也看不出什么所以然来，这些人就是这样，他们会给一部雅俗共赏的电影打两星来展示自己独特高贵的观影口味，同时又给王家卫每一部电影打五星来彰显自己看电影的逼格，他们会去大骂张艺谋，但是他们不敢给王家卫的电影打两星，因为跟俗划清界限没有关系，但是让别人认为我没逼格可不行，逼格是最重要的,2,较差,3,0.999999995155164
2022-07-23 11:19:37,Hyacinth🌸,"何宝荣就像是梁耀辉规矩生活中的混乱因子，他爱他，爱得痛苦又沉迷，等他清醒了，他就好像是散去的烟雾、瀑布向下坠落的水流和一张单程的机票，不会再回头
梁耀辉是何宝荣确信会一直在的港湾，玩得再疯说一句“让我们从头开始”就会收获温暖的床、满柜的烟和准备好的食物。可当港湾不再开放，连挽留都无法说出口，他再装作潇洒，也不过是一个无家可归的人了
“虽然兜兜转转走了很多冤枉路，我终于来到瀑布，我觉得很难过，因为我始终认为…站这儿的应该是一对。”
被生活、酒馆、错过和瀑布掩盖下去的声音，那些哭泣，都交由世界的尽头来听吧",4,推荐,84,0.9999999989798058
2022-12-11 23:09:00,薯菌大队支书,"       不知道是不是多劳多得，黎耀辉很快赚到了回香港的钱，开始了他的新生活。只留下何宝荣停留在原地，抱着红色的被单哭泣，他原本以为那句“我们可不可以重新来过”会屡试不爽，但是黎耀辉想改变的心却那么决绝。
        爱情不同于亲情，小张可以肆无忌惮的离开家到世界的尽头玩耍，起码玩累了他还有个家可以回去。但是在爱情里却没有一味的付出，每个人的好都是渴求回报的，谁都会有累的一天，都有重新开始的权利。
        感情中被偏爱的往往才是最可怜的，前者攒足了失望至少可以重新开始，但后者在失去了偏爱之后，有可能一辈子走不出去。不求回报的爱往往才最残忍，在你不需要的时候出现，却在你需要的时候离开。
        霸王别姬、春光乍泄，小哥的角色看似惹人厌，实则招人怜。",5,力荐,54,0.9999999999983272
2022-12-15 00:02:30,summer∪･ω･∪,是我欣赏不来的片子，异国他乡两个骚里骚气的男人纠缠来纠缠去、吵来吵去的爱情吸引不了我，倒是20出头正青春的张震能吸引些我。,3,还行,18,0.9999229615004804
2023-02-18 12:28:31,名古屋夜游,"希望慢点好起来，贪恋这段偷来的安稳的时光。不知道晚上还会不会回来，不知道哪次是真正的离开。我抱着他时只能听到心跳声，你抱着他时你在想谁。凭什么只有你可以说走就走，凭什么你可以动不动就从头来过，我也可以啊，我舍不得罢了。不怕没能见到小张，因为知道他总会回家。何宝荣，你是否也将黎耀辉看作你的家。
最好的同性片应该是这样，不当做同性片来拍，不讲取向认知，不讲社会压力，单纯讲两个人的故事，讲寂寞讲爱。",5,力荐,27,0.9999080569882822
2023-03-31 03:20:44,废话大王-,"是哦，只不过是仗着在他心底的地位而肆无忌惮肆意妄为罢了。

我就像是何宝荣，很像。对很多人都是肆无忌惮的，因为我知道可以被原谅和爱，所以我也总是得到我想要的。对我爸妈，对以前喜欢的人，对前任，对朋友…我太喜欢肆无忌惮地挥霍别人对我的爱了，我知道不管我做了什么一定会被他们原谅。

他拿了你身上最贵重的东西来留住你，可你却还是要走。

但他真的离开了自己却开始等待了。

爱好难啊，爱自己好难，爱别人更难。

一个人站在说好一起要去的地方会很难过吧。不知道瀑布下的他有没有流泪。

你是你我是我可是我们不再是我们。

是哦，在讲一对同性恋人，在讲异国的情侣，在讲那个时代下的香港。飘零着，没有依靠，无处是家。突然想到了那首《亚细亚的孤儿》，好难过啊，替我自己和他们，和每个人心碎和难过。",5,力荐,2,0.9999999994047426
2023-04-08 13:12:32,笑央,时隔多年终于在阳光下看完了春光乍泄。一个人能那么作，是因为有人爱；一个人能那么开开心心地去任何地方，是因为有一个地方可以回去。黎耀辉绝世好男人。,4,推荐,17,0.997578059124454
2023-05-31 09:33:11,YQYLola🦁,梁朝伟录音的那段太有张力了。谁会喜欢总沉闷板着脸的爱人，谁又喜欢四处游荡吝啬给予安全感的爱人，两个病入膏肓的灵魂一起是互相折磨，分开是双份寂寞，瀑布前是一个人还是两个人都只有伤心。小张像巷子里的阳光，难解的题于他走一趟世界尽头就能重新开始，有归处是因为爱也是因为认同。,5,力荐,78,0.999999600504392
2023-06-16 22:28:10,Sunrise,小張的角色真妙，用聽覺感知世界，不開心了就遠走他鄉，攢夠了錢便去世界盡頭的燈塔，因為回頭就是熱氣騰騰燈火明亮的家。而無家可歸的愛侶，流落到地球那端，在回歸大夢初醒之時，縮在單人床上抱緊被單，置身瀑布下面目模糊，只能以彼此為家的他們，永遠失去了家。,5,力荐,20,0.9463695650208512
2023-06-16 22:28:10,Sunrise,小張的角色真妙，用聽覺感知世界，不開心了就遠走他鄉，攢夠了錢便去世界盡頭的燈塔，因為回頭就是熱氣騰騰燈火明亮的家。而無家可歸的愛侶，流落到地球那端，在回歸大夢初醒之時，縮在單人床上抱緊被單，置身瀑布下面目模糊，只能以彼此為家的他們，永遠失去了家。,5,力荐,20,0.9463695650208512
2023-07-30 22:05:07,陈树,"一个举着录音机哭，不知道说什么；一个抱着被子哭，才知道丢了什么。
到站了，有些东西没必要重新来过。",4,推荐,13,0.2836779523918311
2023-09-13 21:48:12,欢乐分裂,"#重看#“不如我们从头来过”是一句拥有诅咒性质的预言，是一句让人产生幻想的巫言，因为自恃存在一个永远不会断联的定点，所以即使互相剜心也会在血光里拥舞，以为可以永远被等待，以为可以无限流循环着因果；于是在南美幽蓝的大雨天空下，他们受伤的肉与灵漂流在倾城的雨声里，朝着被灯塔标记为世界尽头之处尽力狂奔——灯塔何尝不是另一个赋予寓言性的符号，每当无路可去总能想到我们尚有一处未至。
从灯罩上的两个人到瀑布上的孤影，极致纠缠的感情演绎着感情中普世的嫉妒、猜疑、诛心、离心，总是以一个错修正另一个错，以一段新关系遮掩前一段，无穷的光影交错和烟雾氤氲，从布宜诺斯艾利斯到台北，兜转之余才意识到不过是原地复制；视角从两人世界的对峙转向第三方的凝视，餐厅里录音一段宛如树洞先声。",5,力荐,10,1.0
2023-09-16 15:14:47,好脾气的猪猪,爱就是对彼此的占有和控制，稳固的爱情无外乎一个人享受控制的感觉，另一个人享受依赖的感觉,5,力荐,16,0.9987020932382114
2024-03-05 21:04:53,拔剑四顾心茫然,说好要一起去看台灯上的瀑布，可是漫天水花之中只有我一个人。说好要把心里话留在世界尽头，却只能隐约听见让人心碎的哭声。有时候爱情是矛盾的，就好像明明很喜欢，却非要装作无所谓的样子。有时候爱情是任性的，就好像明明舍不得，却非要摔门而出从头来过。码头是留不住飞鸟的，台灯也不是用来看瀑布的，我们以为逃离香港就皆大欢喜，然而没有你的日子只能叫做颠沛流离。王家卫用绝美的时空剪影雕刻出港人回归之际的身份焦虑，看见的说不出，听见的摸不到，想拥抱又推开，想回头又茫然，两个爱到头破血流的人终究聚不成一个家，转瞬即逝的春光在时代瀑布的冲刷之下消失不见。王家卫用镜头的加速、定格、舒缓，将人物内心与空间融为一体，情绪在不断变幻的色彩之中闪现出梦幻般的瑰丽质感，让人无法自拔。就连对基片无感的我，也不得不发出由衷的赞美。,5,力荐,1,0.9999999999999702
