2005-07-12 16:50:16,Cherry,无法理解无厘头,3,还行,389,0.8064786662533465
2005-09-12 20:10:13,大头绿豆,请收藏粤语版。「2010」：1218，这么多年后重看，居然还是湿了。【2014】终于在大荧幕上看了。虽然是普通话。经得起这么多次的反刍，可以确认是经典了。想起东邪西毒重演时提前离场的对比，简直。,5,力荐,671,0.9772809124276128
2006-01-08 17:40:10,老阿飞—故园,伴我成长,5,力荐,182,0.9494716522637962
2006-02-05 18:31:34,影志,任何时候任何场合都可以再看一遍的电影,5,力荐,5043,0.9920412729620868
2006-02-18 18:39:36,恶魔的步调,一场梦。中国最好的科幻片。,5,力荐,16,0.9874119773802282
2006-04-22 13:09:37,林愈静,看了不下20遍，彻底看伤了。,5,力荐,1770,0.4743674391111563
2006-05-22 08:12:33,卡特兰,我想，应该不用说什么才对。,5,力荐,866,0.3312493368215115
2006-10-07 10:48:36,Lan~die,"经历过和正在经历着悟空式的命运和紫霞式的爱情，才发现生命的本质是以最低的姿态出现的。英雄？你为什么不问问做英雄的代价？  
“想不到经过这五百年，我要找的并不是她，而是你。”人生际遇真是难以言喻。",5,力荐,7109,0.9999999994972086
2006-12-22 20:41:27,Miss Lucky,其实很伤感,4,推荐,1061,0.990791895645434
2007-01-16 17:26:02,xīn,资料馆2014.6.11.7pm 加入铃声战二郎神、四大天王的段落，使得我们从紫霞的视野进入下部。两问心脏、紫霞青霞（慕容燕嫣）、四体五灵的巧妙设置、扇向太阳、彻底改变时空结构、城楼一推（对王家卫的一推）。妙处无处不在。和金庸的关联甚多，比如牛魔王妹妹捅紫霞就是周芷若捅殷离。,5,力荐,5,0.9998664435689768
2007-02-13 12:55:20,眠去,为什么越看越觉得悲伤,5,力荐,7401,0.9945474089397776
2007-05-12 12:56:33,火龙果不耐受者,每次都会哭着看完,5,力荐,19,0.9189132506519564
2007-07-25 13:08:06,薇羅尼卡,我的意中人是个盖世英雄，有一天他会踩着五彩祥云来接我。我猜中了前头，但却猜不到那个结局。,5,力荐,161,0.998680066827352
2008-01-01 19:41:02,Mona Lishark,有人跟我比赛背台词么,5,力荐,9067,0.9458674313116792
2008-01-10 16:45:45,老鸡｜扶立,永远的至尊宝……永远的斧头帮……,5,力荐,196,0.9807970174371125
2008-02-04 00:37:04,王小邪,笑着流泪...哭着笑出声...影响了太多人太久时间的经典,5,力荐,234,0.7134659075286073
2008-02-19 15:19:26,宋阿慕,大话西游成就了一个时代.这句话一点也没错.不管是好的方面还是不好的方面.|人试图化身为天地，这本身就是一种不自量力。,5,力荐,752,0.9986300577860132
2008-04-12 20:12:39,粟熙,"此片初中看的时候觉得搞笑得有些无聊，之后喜欢与它被疯狂追捧＆后现代没有关系，只是当我自己恋爱之后才真正体会此片动人之处，看重播离不开纸巾。（听说人老了的一个征兆就是容易感动，我老的真快。）

",3,还行,9,0.9827284032997828
2008-09-27 20:17:54,卷子乐子八子,一生所爱：我的意中人是个盖世英雄，有一天他会穿着金盔金甲，踩着七色的云彩来娶我。我猜中了前头，可是我猜不着这结局…… ,5,力荐,4480,0.9999888202226076
2008-10-18 22:44:06,求购大号隐形衣,"我看着他哭的时候你可曾明白
",5,力荐,17,0.9317220366606364
2008-11-18 19:32:18,琵小歌,感动呜呜……一生所爱,5,力荐,288,0.9710576016501512
2009-02-03 05:27:31,小锡兵,我猜中了开头，却猜不到这结局。/ 20141024 在影院哭死,3,还行,5511,0.9986288876763504
2009-06-22 23:40:11,小熊娃娃,★★★★★ [讲堂] 其实真正的命运没那么巧合也没那么简单。,5,力荐,69,0.9571807617795072
2010-02-03 16:17:18,琦殿,后来才学会反复看,5,力荐,49,0.8419637118974325
2010-02-03 16:17:18,琦殿,后来才学会反复看,5,力荐,49,0.8419637118974325
2010-07-06 12:52:25,瓦达西瓦又又又桑只爱这巧克力,因为你还没有遇到给你三颗痣的人,5,力荐,2179,0.5217538478339075
2010-07-26 18:41:26,罗弘霉素,一遍烂，两遍笑，三遍哭,5,力荐,14893,0.9089982794434216
2010-10-06 23:17:37,游牧人·芳汀,#电影院#  第二部就这样活生生地把周星驰塑造成了千古情圣，句句台词都催泪。反应了初恋之后男人遇到真爱（挚爱）的复杂心理。至尊宝其实真的很心软也很善良，怎能因为紫霞流了一滴眼泪就爱上了她，我到现在都还喜欢白晶晶啊。,5,力荐,881,0.9999878218274012
2010-12-19 16:03:20,雨宫萤,明明是部喜剧，却哭个不停。看完才知道这些年来为什么那么多人喜欢它。世间女子皆痴情。,4,推荐,24,0.9982143518112864
2011-01-04 15:13:56,千寻亿选,大话西游两集的票房高达4600万，位列当年票房第6和第8，怎么会导致星彩公司倒闭呢？,5,力荐,29,0.9890866443995388
2011-03-07 11:22:38,曼仔,看的我哭死了。不僅是反諷，不僅是戲仿，不僅是致敬，結尾有一種參透塵緣之感。,5,力荐,11,0.4806286058602381
2011-03-16 20:42:56,伍德与夏洛蒂,最触动我的，是孙悟空转身走掉时，周星驰和朱茵指着他的背说，他像不像一条狗啊。当场泪奔。,5,力荐,404,0.4442000949458147
2011-03-17 23:03:33,woodYA!!en,鲜花虽会凋谢，但会再开。一生所爱，隐约在白云外。苦海翻起爱恨，在世间难逃避命运。相亲竟不可接近，或我应该相信是命运。,5,力荐,1663,0.9999998375036088
2011-05-03 01:22:23,某J。624,爆笑了前半段，哭惨了结局。至尊宝拉着紫霞仙子的手不肯放，紧箍咒像是疯了似的收紧，他松开手，绝望到崩溃。她猜不到她的结局，他挽不回爱人的手，即使他是那样无所不能的至尊宝。,5,力荐,8,0.9997514894285487
2011-05-11 20:54:13,伊卡洛斯,不开心，就算长生不老也没用，开心，就算只能活几天也足够！,5,力荐,137,0.8724807808940501
2011-06-05 19:10:22,潘半仙,大量日后被使用的经典台词、造型，无疑这是部优秀电影。从至尊宝到孙悟空的蜕变中，是一个人关于爱情的挣扎和矛盾，从而能引出‘什么是爱？’的思考，而且，电影很聪明的没有告诉我们答案，主题上也另具深意。题外，之前给这部电影打上‘搞笑’、‘喜剧’的标签，现在我全部收回。,4,推荐,19,0.999999999997883
2011-06-12 15:25:08,叭卦我最懂,我看到的是一出痛徹心扉的喜劇，而且這樣的戲以後再也不會有了,5,力荐,39,0.4087742654082001
2011-07-06 12:46:07,钟楼小奶糕,一定有一些电影 永远都不能被超越,5,力荐,820,0.9697656480470216
2011-08-21 22:07:05,有心打扰,实在是太经典了，这故事、这构思真乃绝迹了。,5,力荐,50,0.8051200977709145
2011-08-21 22:07:05,有心打扰,实在是太经典了，这故事、这构思真乃绝迹了。,5,力荐,50,0.8051200977709145
2011-11-13 23:56:37,Panda的影音,紫霞：我从来都不知道，原来爱一个人是这么痛苦。-- 唐僧：打雷啦，下雨，收衣服啦！（讲到，电影的不足之处，顿时产生了这样的看法：当我真心喜欢上一部电影时，就多少选择忽视、不那么计较它的缺点。电影，如此；人情，亦是如此：爱一个人，并不意味着要喜欢上对方的全部，而是要包容心上人的不足？）—— 2014.06.11：在中国电影资料馆（艺术影院）重温观影。,5,力荐,21,0.9999999992899052
2012-01-06 22:58:28,南笙,我在你心里是个句号还是一个惊叹号？,5,力荐,776,0.9201437969783768
2012-01-17 14:54:07,阅微草堂,"只是一个应错阳差的片子，至于么？
慢慢理解了流行其实就是一个蝴蝶效应",1,很差,805,0.9828234287926704
2012-03-07 22:29:33,巴喆,“我的意中人是个盖世英雄，有一天他会穿着金盔金甲，踩着七色的云彩来娶我。我猜中了前头，可是我猜不着这结局…… ”最后的轮回依然执着当初的选择，一切的来回却熬不过命运的艰难。感时花溅泪，恨别鸟惊心。到头来，凄凄切切，令人感伤.8.6,5,力荐,17,0.9999999999671838
2012-08-07 16:00:24,朝暮雪,"《大话西游》好于99%的喜剧片，《仙球大战》好于0%的喜剧片。
刘镇伟可能是唯一一个又拍过好于99%的喜剧片，又拍过好于0%的喜剧片的导演。",5,力荐,284,0.8427377677858672
2012-10-15 01:38:14,樹一,二逼了，居然跳过了月光宝盒直接看的仙履奇缘…罪过罪过。,5,力荐,9,0.9814718758768076
2012-10-21 17:34:55,喜喜,我一点都不能理解这种无厘头风格的电影，巨讨厌周星驰的电影！,2,较差,50,0.2231914080974731
2012-10-26 20:49:43,凉水,紫霞飘向太阳时、齐天大圣离开城门时，都哭成了傻逼。有多庆幸能踩着五彩祥云做你的盖世英雄，就有多遗憾没办法与你守护终身。喜欢的是五百年前的晶晶、还是给了自己三颗痣的紫霞；喜欢无拘无束敢爱敢恨的至尊宝、还是套上紧箍咒背影像狗的孙悟空？爱的命题究竟太空泛，恐怕还是要交给月光宝盒。,5,力荐,5026,0.9999712652581916
2012-11-03 19:37:26,隔壁家的桃太太,如果有一天我忍不住问你，你一定要骗我。不管你心里有多么不愿意，你都不要告诉我你从来没有喜欢过我。,4,推荐,14,0.1319618855692996
2012-11-15 20:08:05,大黑骡子,这分数好可怕啊。。紫霞那种爱情观我是不太理解的，等着命定的盖世英雄踏着七彩祥云来娶，这么干只会一辈子孤独终老吧，好男人都是争取来的调教出来的。至于什么失去才珍惜之类的，根本就是废话，整天把分手挂在嘴边，到头来结果不好那是自己作的。朱茵真好看！,3,还行,39,0.9999890387832072
2012-12-01 15:51:25,bird,抱住眼前的人，她不挣脱绝不放开。,5,力荐,29,0.9854018226128074
2013-02-09 13:14:07,林探惜,“我的意中人是绝世的大英雄，有一天会在万众瞩目的情况下来娶我，身披金甲圣衣，脚踏七彩祥云。我猜着了开头，却没猜着这结局。”——用成熟的心认真从头到尾看下来，竟然这么容易猛戳泪点一次又一次。贪嗔爱欲的是短暂尘世，无欲无求的是西游。“我不是傻，这叫做理想。”,5,力荐,39,0.9999999999994084
2013-02-11 13:54:57,俺困,重温一下，发现十几年前确实没看懂，最后一吻是还五百年前的一个句号啊。那时候的朱茵美的真是不像话。,5,力荐,13,0.9761179135684824
2013-02-20 01:15:54,汪见殊,最好的喜剧是让人在笑得喘不过气时还能痛不欲生。,5,力荐,35,0.8643992097962683
2013-02-23 01:39:35,甜甜甜甜甜甜甜,小时候看着笑，长大了看着哭。,3,还行,3584,0.9952869523777698
2013-05-28 13:18:11,掉线,【B+】不知道是不是片段看过太多次台词太熟悉的原因，略低于期望。很多细节处理给我一种敷衍了事的感觉，或许可以更好的。话说居然还恶搞了重庆森林。。。。,4,推荐,13,0.8513258045771731
2013-09-03 18:32:06,托尼·王大拿,看多少遍都不厌倦。,5,力荐,52,0.910191907114058
2014-01-15 16:53:36,津五渡,2017.4.19世贸天街星美。一生所爱音乐起，看得比第一遍懂了。白晶晶爱的是孙悟空，至尊宝爱的是白晶晶，紫霞爱的是至尊宝，等到至尊宝终于知道自已原来在追寻中已经爱上紫霞的时候，自己却不得不选择命运做回了孙悟空。苦海，翻起爱恨，在世间，命运不能更改，你看，那个人好像一条狗啊。,5,力荐,11,0.999999848993446
2014-02-16 19:26:21,圆首的秘书,真的好久没看过这么牛逼的结局了！看完这个才真正搞懂了什么叫“一代人”的经典，以及西游降魔记之所以难以成为又一代人的经典的原因。2020.7.24 新冠后北京影院复工第一场，with my love,5,力荐,10,0.9998488677646846
2014-06-11 22:09:53,尾生,终于完成了电影院听《一生所爱》的愿望，这么多年之后依旧要看到流泪。【电影资料馆】,5,力荐,12,0.9988370597764012
2014-06-29 00:50:01,Futurismus,"1.昨天晚上我托一只蜘蛛来跟你说,叫它告诉你，我很想念你,你知不知道?
//2020-5-26:在虎牙的周星星直播间不自觉又看了遍大话西游，大话西游真的就是那种无论什么场合、什么媒介、什么时候，都能跟着看进去看完的电影。每一次看——在有了新的人生经验后，再看又都会有不同的体验。紫霞就是恋爱关系里的弱势一方，傻傻的又很固执的女生，她唯一的诉求就是爱。被爱的一方可以不管不顾，而爱的女生只能用“你再这样我就生气了”、“我真的会生气的”、“混球，混蛋”这样的话来保护自己，不同于动辄说分手做威胁的女生，紫霞说的只是“你这样我真的会生气的”，生气之前还要提醒一下对方，爱的如此温柔/卑微，让人心疼……",5,力荐,6,0.9990012294737224
2014-07-02 04:59:16,火娃,8/10。没按顺序先看[月光宝盒]，这可能是结尾未把我深深刺痛的原因，但“英雄永远在门外”的落寂馀悲，无力奔走的巡回式宿命感触有余。系列应该是对传统神话进行颠覆主义解构的先驱（或者说源头），比好莱坞如今的黑童话潮流更早，你说它粗鄙化倾向也无可厚非，超前时代成为特殊经典的影响力毋庸置疑。,4,推荐,9,1.0
2014-08-03 04:26:46,末  次  月  經,你有没有爱过一个人，爱到像条狗，摆着尾巴等他丢个球,5,力荐,17,0.3946264337496448
2014-08-23 07:31:28,福田一姐小渡边,电影院《大话西游》座无虚席，有没看过的，也有看过几百遍还不过瘾的，比如我。它能让你笑得东倒西歪，也能把你哭得稀里哗啦，有的人看爱情，有的人看喜剧，有的人看宿命，有的人看电影，无论你想看什么。,5,力荐,9,0.9999910203159936
2014-09-26 17:17:39,猪大勇,"我是前几天才看的，无厘头搞笑不能明白这笑点在哪里。最后蛮感动的。不过窝真的不懂为什么至尊宝就爱上紫霞了=,.=",4,推荐,40,0.9963726300000976
2014-10-25 01:41:04,曼靑,到最後 可能很多人都會疑問 孫悟空最愛的到底昰一往情深的白晶晶還是緣定三生的紫霞仙子。想起看完電影從放映廳里出來的時候 大佳和我說：「愛情里哪有那麼多的時機對錯 到了哪個時段就會需要什麼樣的感情。」所以 愛一個人的時候 盡情的去享受愛那個人的感覺吧 因為最後我們都會變成「那條狗」。,3,还行,10,0.0028000000416861
2014-10-26 12:57:56,koala,小时候看不懂的，是“造化弄人”这几个字。小时候我只记得最后决战的千钧一发，我不懂人会真挚的爱上几个人，不懂爱如咳嗽一样是无法抑制的，不懂这世界有那样多我们无从掌控的事，就如命运的轮回，再努力挣扎也跳不出去。在那什么都不懂的当年，留下的只有那一滴泪。而后走上漫漫取经路，一切一肩承担,5,力荐,35,0.9999997493249736
2014-10-27 21:17:22,欢乐分裂,#重看#看过无数次开头却从未目睹过结尾，悲伤；太多耳熟能详的台词、太多过目难忘的镜头，置于彼时场景，万千感慨涌上心头；爱或不爱，难道有理由吗？取经与否，难道你能选择吗？烂漫俏皮如紫霞，一颦一笑皆有情，那个脚踩祥云的人，若你心有刹那的异样，一定是我曾在你心里留下的泪。,5,力荐,143,0.9999633947886152
2014-11-02 10:36:42,团小纸,小时候看的时候记住的都是段子，现在再看就看得到那几个会哭的点。故事每个地方都好棒，无法否认的经典。,5,力荐,15,0.9999068661484946
2014-11-04 00:40:41,了不起的花轮君,太年轻的时候不该遇到真爱，那时候太渣太盲目，认不清自己的真心，可到认清的时候就只能错过了。紫霞线哭成傻逼，后半段哭得睁不开眼。就算被全片剧透还能哭成这样，果然是教科书般的纯爱片。,5,力荐,12,0.9998814654903352
2015-01-05 10:18:30,Minta,你以为你在笑，其实你笑完就会哭。紫霞仙子在美梦中。,4,推荐,82,0.9405633454048732
2015-01-05 10:18:30,Minta,你以为你在笑，其实你笑完就会哭。紫霞仙子在美梦中。,2,较差,82,0.9405633454048732
2015-01-05 23:15:59,爱的镇魂歌,面对两难的选择，至尊宝却选择了第三条路。那句广传的经典台词，第一遍念出时只是句美丽谎言，第二遍时才明白，被自己谎言蒙蔽的却是他自己。当金箍所缚撕心裂肺放开了紫霞的手时，一切歇斯底里此时皆晚矣。时空一晃五百年，还能做的只有不让另一个自己犯下同样的错误，留下一抹背影西去。,5,力荐,6,0.9999999989324256
2015-03-30 23:05:22,梦里诗书,这是一部港片黄金年华的时代经典，如若说《大话西游之月光宝盒》令人仅是忍俊不禁，那么《大话西游之大圣娶亲》则是笑中带泪，周星驰乍看渣作的伊始，猜中了开头，却猜不到这结局，结局处那一句“好像一条狗”，道尽了人艰不拆辛酸泪。,5,力荐,21,0.99999999944142
2015-08-11 12:25:06,神哥,对于本片，我都不是一个合格的观影者，我从没有端坐在荧幕前认真地观看过本片，无论电脑电视电影院。影片的完整度就如同记忆的碎片般由时间拼凑起来。我不是周星星的铁杆粉，虽经历过刻骨铭心的爱但从未如此歇斯底里。因此对于影片，我理解的不够透彻，也因此，觉得影片真心一般。,4,推荐,7,0.9999552529216168
2015-11-25 23:11:39,冰红深蓝,不喜欢，但不得不说是好片。（8.0/10）,4,推荐,20,0.5546561482404624
2015-12-27 07:08:31,野次馬,"盗用一句黄姐姐很喜欢的管风琴，""人能这么锲而不舍地轻佻，骨子里一定有哀世伤生的肃穆在支撑。""",4,推荐,2406,0.9991516721070404
2016-03-27 18:30:45,三十八级台阶,我一直觉得硬把人生哲理安在这样一部片子上，是赋予了它本没有的深度，给予了它本不该受的荣光。,2,较差,65,0.999473088870355
2016-07-04 19:11:41,Ocap,某个周日晚看完，至少连续两周无法出戏，严重影响备考复习，不过太值得了。从此以后我唯一的天朝女神就是那时候的朱茵了，此始而终不改。大话西游两部合成一片来看，赢得了我心中的影史四最：最高境界的无厘头，最私人的大众电影，最无需逼格衡量的仙片，最没有架子的神作。→17.4.23影院二刷。圆满。→20.8.13 影院第三刷with 睡着的fhl。,5,力荐,28,0.9998350325585807
2016-08-02 19:31:20,香菜凤梨酥,紫霞最后死去的时候眼泪喷涌 也许这就是我们太多人的爱情故事 ,5,力荐,10,0.9821375173527438
2016-08-08 15:39:32,吴邪无忧,经典，还有那句台词“喜欢一个人需要理由吗？需要吗？不需要吗？需要吗？”,5,力荐,101,0.8864702994797842
2016-08-15 05:52:34,花事了,"原来是喜剧，原来是爱情，原来是宿命。
原来一定要情不自禁地流泪，流泪。
白晶晶，是爱，可没有紫霞，你便成为不了你。
谎言成谶语，多难过，多残忍。
多单纯的爱情，却是多牢固的宿命。
永远都舍不得的东西，却不得不永远舍得。",5,力荐,10,0.9999998101156664
2016-10-10 22:47:48,寂静时候不欢喜,给满分不嫌多，真正的经典。里面有很多被后人拿出来用烂的桥段，这个风格是创新，是独特，是成就。周星驰演技真的很服……,5,力荐,6,0.9999433800267504
2016-11-10 00:51:58,张苑希,爱是最无解的方程式。晶晶也好，紫霞也好，无论是至尊宝还是孙悟空都没能做出选择。人人都向往着能够成为盖世英雄所向无敌，但是这一切要付出的代价却太大了太大了。“你看他的样子，好像一条狗诶。”,5,力荐,8,0.9999726576810476
2016-11-13 15:09:22,瓶子不能倒,看了不止五遍了，重映亦去了一次。当紫霞说飞蛾就是这么傻，当孙悟空落寞地远走时，掉下泪来。一生所爱的BGM相当地贴合这个情境，朱茵亦在此片中贡献了她最美的样子和最精彩的表演。至尊宝的梦中，常常回荡的，是紫霞出现时的那一片芦苇。可惜只有开头被猜中，时光寥寥略过，结局是遗憾的。,5,力荐,118,0.9999999999390288
2016-11-26 18:35:55,yocofcjx28,经典！,5,力荐,43,0.7606837606837609
2016-12-12 20:58:42,(๑⁼̴̀д⁼̴́๑),谁能拔出她手中的紫青宝剑，谁就是她的意中人。紫青宝剑被至尊宝于不经意间拔出，紫霞决定以身相许，却遭一心记挂白晶晶（莫文蔚）的至尊宝拒绝,4,推荐,10,0.9996066422671612
2016-12-23 19:10:41,雨果,至尊宝在救晶晶时光倒流的路上，爱上了紫霞的故事。紫霞天真的爱情真的很感人。经典台词也一堆。在心里留下了一滴眼泪；我猜到了开头猜不到结尾~~~问题是，至尊宝被晶晶她姐杀了，看到心里的眼泪，那里他不是死了么？虽然15年后重看，发现很多漏洞和粗糙，仍然瑕不掩瑜。,4,推荐,79,0.9999999967887264
2016-12-29 20:40:16,大志的小耳朵,爱周星驰。星爷把电影要表达的思想巧妙融入通俗的故事情节中，用喜剧的方式呈现和传达，触动人心的柔软，有一种凄凉的美。,5,力荐,12,0.9999999978947676
2016-12-31 11:22:53,娜莉梦游仙境,喜欢这种魔幻剧，至尊宝和紫霞仙子的爱情很美，却不能在一起。紫霞仙子代表一大批女性，都梦想能有个盖世英雄，脚踏七祥彩云来迎接自己！朱茵在剧中真的很美！至尊宝帅气，孙悟空有点丑！,5,力荐,44,0.9999999619067588
2017-01-01 22:07:14,默默的蘑菇,当年看的的时候还小，就觉得很好笑，还有朱茵长得好漂亮，个人觉得大话西游和唐伯虎点秋香是周星驰的巅峰，而最后的残阳是长江七号。,4,推荐,95,0.9998747333629792
2017-01-02 01:05:06,amelin,大学了才在室友的强烈安利下看的。粤语配音看起来有点费劲，不过片子是真的不错。“它好像一条狗啊”现在听起来好像在嘲讽单身狗[😂]星爷那时拍的电影真是很耐看，然而现在……,5,力荐,41,0.9999437501770352
2017-01-06 11:59:51,水片,我猜中了前头，却没有猜中结尾。每个男人都想当至尊宝有梦想的日子，简单快乐，却不得不戴上紧箍咒，变成齐天大圣，但你会失去很多，生活就是紧箍咒，社会就是牛魔王，父母就是唐僧，紫霞就是梦想，可是，你却活的像条狗！！,5,力荐,9,0.9999999999828316
2017-01-06 22:56:11,我不是服务器,这里的朱茵简直太美了，特别喜欢朱茵长发的样子！这电影前期太搞笑，后期简直虐死！我印象最深的两句台词就是：我的意中人，他会驾着七彩祥云来娶我。曾经有一份真挚的感情摆在我面前，我没有珍惜，如果再给我一次机会，我一定会对那个女孩说一句我爱你，如果非要这份爱上加个期限，我希望是一万年！,4,推荐,17,0.9999999809942688
2017-01-09 22:35:18,请保持高冷,"
至尊宝（周星驰）被月光宝盒带回到五百年前，遇见紫霞仙子（朱茵），被对方打上烙印成为对方的人，并发觉自己已变成孙悟空。",4,推荐,11,0.5857635348341796
2017-01-10 22:18:11,月涩,永远的紫霞仙子，太美了！还好结局完美！,3,还行,19,0.9993932539045494
2017-01-11 22:40:21,隔岸观船,你看那个人 好像一条狗啊  当他还是至尊宝的时候 他还是一个人 白晶晶 紫霞 嬉笑怒骂 爱恨纠缠 初爱 初心 最是轰轰烈烈 然而人总是要成长 要入世 要面对现实 要承担责任 要不辱使命 于是变成了孙悟空 带上了面具 学会了伪装 说不清道不明 活得好像一条狗,5,力荐,456,0.9999999128056398
2017-02-05 22:11:36,热心网友方先生,小时候只是在看搞笑，现在在看一遍。满满的无奈，有很多感慨。不愧是经典之作，看完以后好多画面重现在眼前，至尊宝拔出紫青宝剑那一刻，紫霞拿剑刺向至尊宝那一刻，孙悟空背着金箍棒走出城外的那一刻。这样的结局虽然是不幸的，但世上爱情不就是这样的吗？,5,力荐,29,0.9999999999950556
2017-02-10 18:44:47,铃儿响叮当,一生所爱，错过了真的就没了,4,推荐,23,0.9756914642119326
2017-02-14 20:37:06,29°,这个节日，中央6在播这个剧，很应景。,5,力荐,42,0.7480376452700362
2017-02-15 14:15:42,胖胖小君君,很喜欢的一部电影，周星驰的电影我看的不多，这是为数不多的我来回观看的几部电影之一，为了爱的那么深的紫霞。电影里的紫霞仙子真是美哭啊,4,推荐,7,0.99997820847936
2017-02-17 13:23:22,多看电影爱电影,那个永恒的经典。永远的周星驰，莫文蔚，朱茵……,5,力荐,80,0.9909851220353346
2017-02-21 10:37:02,美女菜kun,星爷的经典，真的是看多少次都不会腻！可是现在。。。唉。。。,5,力荐,15,0.4529972801555134
2017-02-21 23:45:32,赫舍里清如,重新把星爷的电影看一遍，你会发现跟上一次看到的都不一样，这就是他的电影所特有的魅力。,5,力荐,23,0.9994313051608016
2017-02-23 20:27:53,ᥫ᭡້໌,曾经，我们都希望喜欢的那个人，是个盖世英雄，有一天，他会踩着七彩祥云才找到自己。,5,力荐,10,0.9958137394863664
2017-02-25 07:27:14,沧海一小生,周星驰的永恒！我觉得这一句已经足够了。星爷的表演，星爷电影创意、构思全在这部影片里了！,5,力荐,8,0.9999935254538944
2017-02-25 13:39:30,shield,世间总有很多遗憾，不论是戏里还是现实,3,还行,40,0.9942720242971914
2017-02-25 14:09:55,爱情海,星爷的无厘头系列，明明是喜剧，看了却是流泪的，正是所谓的笑着流泪，一个人一生中的爱情可能只有一次，错过了就没了。,4,推荐,76,0.999971761308201
2017-03-14 00:49:22,草莓__三月,我的意中人是一个盖世英雄，有一天他会踏着五彩祥云来娶我。周星驰本来就是无法超越的经典。,5,力荐,9,0.9916618718856628
2017-03-19 22:28:04,sharon,或许我是为数不多的不能被紫霞仙子和大圣之间终究错过的爱情所感动的人之一,3,还行,40,0.9998998591511776
2017-03-21 16:26:36,苏幼,果然还是经典的片好看,4,推荐,23,0.863871054752228
2017-03-22 10:39:52,蓝色啄木鸟,补标经典，那会看紫霞仙子真的惊为天人，痴情又灵气逼人的女神！,5,力荐,41,0.9990111037112808
2017-03-22 13:19:24,大耳朵图图_,小时候看个热闹，长大了看着伤心，我们对孙悟空的演绎多的已经数也数不清，周星驰的大圣确是这么与众不同。年龄越大越看不得悲伤的故事，人生太苦了,5,力荐,8,0.9999999602081752
2017-03-26 10:25:01,甜椒Oli,追求的是爱而不得。放弃的是肝肠寸断。总在追求寻找 却从不曾停下脚步转身抱抱一路追寻的人,5,力荐,33,0.9999995179804476
2017-04-08 14:27:10,Linda,谁能告诉我这电影到底好在哪?,1,很差,880,0.810895568092882
2017-04-08 15:42:00,智,以前的剧现在再看还是很经典,5,力荐,21,0.9401856963417258
2017-04-10 06:35:31,俗在骨,我真的不欠谁的电影票 别跟我提情怀 你就是想圈钱 ,5,力荐,475,0.2806728503107732
2017-04-11 06:29:17,抽到2012,很多年以前就看过，我不觉得有那些人所说的那么经典，我也非常讨厌他们的那些意淫和解构，我认为这就是一部拍的还可以的喜剧，至于其他的部分，我觉得是这些无聊的人过度解构了,3,还行,164,0.1049126249812684
2017-04-11 07:36:05,momax,喜欢的话，在家里多刷几遍就好，不要变成某些人炒冷饭，骗钱的对象！情怀迟早一天要消耗光的！,5,力荐,32,0.6168511787843612
2017-04-11 12:20:48,笛子,我还了哦，别再问我要了,5,力荐,20,0.2588914117121049
2017-04-11 16:42:40,西马西塔考古,身为在西影厂混过的人告诉大家  11分钟里有牛魔王和铁扇公主吵架的一段 和孔雀精交手的一段还有……,5,力荐,27,0.5096892456013905
2017-04-11 20:25:58,空想美术馆,2017年重映是几个意思，好意思再拿来放一次吗？刘镇伟你是黔驴技穷了吗？,5,力荐,15,0.7016868583542127
2017-04-12 21:26:43,南山的姑娘,简直就是为了圈钱的，情怀这个东西说多了就真不值钱了,1,很差,453,0.0110704368928438
2017-04-12 22:39:02,花落  思量错,年少时一直看一直笑，觉得猪八戒和孙悟空特别搞笑，长大了每次看每次哭，觉得紫霞仙子美的不可方物，但是仍没有得到他的爱。,4,推荐,7,0.996410548102
2017-04-13 07:55:02,斑斑点点,情爱是一个永远说不完的话题。,5,力荐,20,0.8357920478429518
2017-04-13 11:27:23,璐baby,我的意中人是个盖世英雄，总有一天，他会踩着七彩祥云来娶我。越看越悲，我们曾经都以为世界为自己而存在，后来才发现，谁都逃不过时间,5,力荐,8,0.9999644793266954
2017-04-13 14:56:32,尹乃文_eleven,那些喷靠情怀圈钱的，我就特别想问，你既然有这个情怀，难道真的还不值那几十块钱的电影票钱？,5,力荐,216,0.0075480710488586
2017-04-13 16:16:17,王路,对不起，我已经不欠你电影票了。,4,推荐,35,0.1592586123681374
2017-04-13 22:59:32,Marcus,小时候从未完完整整看过全片，有幸在今天重映的时候欣赏完这部豆瓣排名No.15的佳片，感慨万千。经典的台词听万遍都不觉得腻耳，95年的特效很有年代感，众多幽默元素的背后是对爱情极度深刻的认知，朱茵太美，“他好像条狗啊”，这一句如果是童年的自己肯定会笑出声，然而现在的我在电影院哭得像条狗。,5,力荐,10,0.9999989182528812
2017-04-13 23:31:55,Mr. Infamous,小时候果真不懂。不知道每个女角色都那么让人伤怀，不知道朱茵美到不可方物之余还令人心缺一角，不知道神经病与理想之间差了朵七彩祥云，不知道一万年的年限会拐个弯来狠咬一口，不知道像椰子的心能把每句实话说得肠断，不知道为什么有人真的会像条狗。不知道如今看还那么搞笑，不知道真这般悲怆。,5,力荐,24,0.9965812884680818
2017-04-13 23:31:55,Mr. Infamous,小时候果真不懂。不知道每个女角色都那么让人伤怀，不知道朱茵美到不可方物之余还令人心缺一角，不知道神经病与理想之间差了朵七彩祥云，不知道一万年的年限会拐个弯来狠咬一口，不知道像椰子的心能把每句实话说得肠断，不知道为什么有人真的会像条狗。不知道如今看还那么搞笑，不知道真这般悲怆。,4,推荐,24,0.9965812884680818
2017-04-14 01:03:36,寒枝雀静,这应该才算是正宗的“癫狂反向表达温情”吧。谁能想到这么多传统性别关系下的无厘头段子最后却堆叠出关乎爱情的不确定性这一颇为现代的命题，好像是用港式的笑料讲了一遍《倾城之恋》然后改了个结局一样。喷薄而出的情绪搭配迷幻的色彩看上去竟然有点墨镜王。观影中旁边的小姐姐大概表白了一万次朱茵。/ 20.8.7 95min版大银幕二刷   B＋,4,推荐,21,0.9999999950653552
2017-04-14 01:32:27,喵喵咩,二十多年后的今天再看#大话西游重映# 确认了一件事：这部电影被那么多人奉为“爱情经典”，完全是因为女主角是朱茵。那时候的朱茵真的是惊为天人的美，足以迷住绝大部分男性观众并被奉为女神。排除朱茵这个元素的话，这部电影本身粗制滥造，那些所谓经典台词也平庸刻意。,3,还行,30,0.9999988389097452
2017-04-14 12:15:08,真敷衍,今年的戛纳电影节跟中国完全鸟关系都没有，红毯都懒得去蹭了。我们却还在漆黑狭小的电影院里对着二十三年前被吹上天的电影自我感动，抹一把高潮泪。怎么说才好呢？,1,很差,215,0.999222985633257
2017-04-14 21:41:11,康报虹,坐我旁边的那个年近四十、西装革履的男人从电影刚开始就止不住眼泪，有些地方哭着笑出声。而他的年轻女伴从开头就一直低头玩手机、到经典场景就煞有介事地拍张照片、不到一半时一直嚷嚷着无聊，硬是把那个男人拉走了。,5,力荐,4272,0.9982042834668504
2017-04-14 23:02:06,白日梦患者,看一次哭一次。紫霞在沙漠夕阳下落寞的神情是爱而不得，是无可奈何。城墙上的一吻，至尊宝变成了旁观者，让他回想起当时他拒绝亲紫霞的时候她有多难受。越是深情的人受伤越深，真的好心酸，没有过这种体验的人不会懂的，我是真的低到尘埃里，放弃尊严来爱你。还好他后悔了，他心疼了，于是你赢了。,5,力荐,25,0.9999999495007196
2017-04-15 10:08:18,令狐冲,当时她的头发离我只有0.01公分，电影结束后，我爱上了这个女人。,5,力荐,46,0.8596332918966857
2017-04-15 16:09:17,what'swilliam,1.旁边有两个初中女生来看，其中一个指着白晶晶问，那个是莫文蔚？另一个回答，好像是吧。2.大银幕看起来真的不一样。3.新出现的那两个妖怪当年被剪掉是对的，因为太。山。寨。了。4.因为新增镜头前半段剪辑很生硬。5.那些20年前的笑点现在还是很好笑啊。6.其实我还是更爱《月光宝盒》。,5,力荐,17,0.0266479616703294
2017-04-15 16:25:38,徐若风,2017加长重映版。应该是在看了无数遍的小学毕业后，第一次再重新完整看一遍。,4,推荐,19,0.997862826008954
2017-04-15 16:25:38,徐若风,2017加长重映版。应该是在看了无数遍的小学毕业后，第一次再重新完整看一遍。,4,推荐,19,0.997862826008954
2017-04-15 18:39:40,玄马,那些说情怀圈钱抵制重映的，真该在现场看看满座的盛况。二十年前的电影还能满座，而现在的这些垃圾二年后还有谁记得？坐我身边的小哥从头欢乐到尾，还不时跺脚拍大腿，到了尾声，小哥摘了眼镜抹眼泪，我都要惊呆了因为我已经看过十几遍了。,5,力荐,40,0.9783016987300744
2017-04-15 20:55:34,西楼尘,那天我凤冠霞帔，你意气风发，驾七彩祥云却没来娶我。那日我大战群魔，你泪水涟涟，戴着紧箍圈却放了手。这一世品尝了所有爱恨苦楚，架着金箍棒转身。从此黄沙漫漫，再没有一个姑娘在脚底点上三颗痣，嚣叫着宣告主权。不会钻进心脏，流下明知南墙偏要撞的眼泪。从此后世流传我们相爱的秘闻，只有开头。,3,还行,286,0.9999999999969362
2017-04-15 21:08:38,蔺生,至尊宝在梦里叫了晶晶那个名字九十八次， 叫了紫霞七百八十四次。可是他醒来之后还是想跟晶晶成亲，因为他喜欢晶晶有一条一条理由，理由的存在会让人相信很多事。他不知道自己怎么就会喜欢上紫霞，只是，喜欢真的需要那么多理由吗。我也好想去他的良心里，问一问。,5,力荐,304,0.1101102444424961
2017-04-15 22:32:03,深夜声噎,第二次大银幕上看大圣娶亲，在看过的重映电影里体验仅次于当年看东邪西毒终极版，杜比巨幕厅，满屏，加长也好国语也好，还是一样笑一样泪，鲜花总会凋谢但会再开，完满。,2,较差,5,0.9999999687524708
2017-04-16 01:23:43,巧乐滋夜游,冷饭作！为什么我的电影票上写的是大话东游？,5,力荐,27,0.2312194343333157
2017-04-16 17:00:39,深深的蓝,至尊宝对变猪头的青霞说吐完了就好了的时候，前排突然一大桶爆米花就哗啦啦的就撒了一地……情绪都不用酝酿全程都情绪高涨虽然看过很多遍，还是不自觉的就打动。不扯什么情怀不情怀欠不欠电影票，假如年年重新映就年年去看。,5,力荐,5,0.999975466865764
2017-04-16 18:39:12,鸡蛋煎蛋煎鸡蛋,只能说那个年代封神无可厚非。现在看来还是会别扭，尤其里面扭曲的爱情观：男主因为内疚而最后爱得要生要死，女主一早就得知男主心意却因一番话就爱得要生要死，还有分手时用的冷暴力。 所以看回今年的西游，印证我的话，周星驰的确没有变。,3,还行,22,0.9992733568906964
2017-04-16 19:02:30,momo,好，挣不完的情怀消费。你就尽管隔两年在影院放一次。另外说一句，原版删掉的戏，是他妈有原因的！只有最后三分钟的花絮才是这个重映的真正价值，最后三分钟看着他们年轻的脸，想想看这些年刘镇伟、周星驰，愈发让人怅然若失。,2,较差,29,0.0327493696823933
2017-04-18 07:33:36,Skuggi,1995年的夏天我在虹口国际电影院看的。,5,力荐,26,0.8405218483720002
2017-04-18 15:15:57,Mr.Pink,我能说这片一点都不好看吗,2,较差,119,0.4166464762695264
2017-04-18 21:27:14,图图饶命,永远不会过时的一部影片，被重新搬上大银屏也不足为奇啦！,5,力荐,17,0.0884469906233943
2017-04-18 23:38:16,E7EVEN,我喜欢不起来这所谓的经典，重影捞钱，呸！,1,很差,69,0.7820712041686011
2017-04-19 07:59:32,大作人家王書紀,从前看心疼紫霞，她猜不到的结局，我们心知肚明；如今看，绝望至尊宝的宿命，作深情的强盗，晶晶死在眼前，作无情的大圣，紫霞死在怀里，他在自己的两面回旋，两次失去一生所爱，如此五百年，最后戴上金箍，乃是出于必由，而非他的选择。片尾远去的背影，恐怕透着的不会是彻悟，只是绝望而已,5,力荐,22,0.9999999998100368
2017-04-19 10:01:19,雨读,这..是..现象级的过度解读吧..周星驰还是那个周星驰，只是我们对于青春和情怀的捍卫过于执拧。说实话，笑不出，哭不出，至于像条狗的总结陈词，不就是周星驰惯用的将主角都打上市井小民烙印的招数？,2,较差,200,0.9977499721530698
2017-04-20 23:46:18,芝麻糊糊大尾巴,常看常新。男人们会把自己想象成至尊宝，总是被女人们（好看的）无缘无故地爱上，而且可以轮回转世把记忆里重要的姑娘都好好爱一遍。女人们会把自己想象成盛世美颜的朱茵，总相信自己会命中注定地属于一个盖世英雄，而这个盖世英雄也会不惜穿梭500，只为与她再续前缘。,5,力荐,5,0.9999999998130682
2017-04-22 00:08:50,胡小猴,紫霞开始多骄傲啊。从今往后这里的一切都是我的，包括你在内。快叫主人。可是，从至尊宝拔出紫青宝剑的那一刻，他们的关系就颠倒了。爱情是多么危险的事物啊。轻而易举就能毁掉一个人的骄傲。就像毒品一样，能让最矜持的人当众大小便失禁。想到自己的孩子早晚也要落入爱情的陷阱，我就难过得浑身发抖。,5,力荐,338,0.999994981796787
2017-05-04 00:46:02,drunkenstain,至尊宝和紫霞的爱情基础比起和白晶晶有些薄弱，但爱情有的时候就是这样无来由的袭来，看了无数遍，该笑的地方还是笑，该哭的地方还是哭，当年的语感和情境就算现在掐着秒表去精确复制也是再也不会有了，周星驰这帮演员的表演节奏太棒。这部片子把个人英雄主义打碎又重构出另一个境界的英雄主义。,5,力荐,4,0.9999999999674288
2017-05-08 16:21:11,我,五百年的穿梭，最后明白心里爱的是谁之后，便再也回不去那个原点。时间给了你一个玩笑，你拼命的想回去，用了一次又一次的般若般若密，可是月光宝盒扭转了时间却扭转不了命运，但从此以后你明白了一个道理，原来爱的对立面从来不是恨。,5,力荐,15,0.9999832946984124
2017-07-30 00:42:40,Vicon,小时候，看着看着就笑了；长大后，看着看着就tm关了,1,很差,127,0.9765502559534728
2017-07-31 23:22:20,🫧,真•过誉。从来没看一部评分如此高的电影这么失望过。不是看不懂的优秀，是俗套的无趣。无缘无故的爱情，姑娘们无缘无故的钟情，令人呕吐。剧情也是支离破碎莫名其妙。或许抛开开头感情线还可以令人动容，然而爱一个人怎么不需要理由？能看的就只有碎碎念的唐僧和美丽不可方物的朱茵。,1,很差,142,0.9999992507059716
2017-08-17 20:21:47,修门叫我来巡山,一切的闹闹哄哄，只是他在水帘洞躲避风沙那晚做的一个梦。一遍闹两遍笑三遍哭。我的意中人会驾着七色彩云来找我吗,3,还行,15,0.2135320129943202
2017-11-06 14:29:52,遇见彩虹🌈,永远的紫霞，朱茵最让我惊艳的瞬间。最后看到城楼相拥的二人泪目了。,5,力荐,78,0.9993225370931778
2018-01-04 12:04:27,梦询,经典，看了不知道多少遍了，至尊宝和紫霞仙子看哭了我。一生所爱。,5,力荐,38,0.9985442721768916
2018-01-11 16:04:16,CCandFF,2017年才看的，很经典的电影，完美的诠释了爱情，不错的作品,4,推荐,19,0.9999543519950106
2018-01-11 16:04:16,CCandFF,2017年才看的，很经典的电影，完美的诠释了爱情，不错的作品,4,推荐,19,0.9999543519950106
2018-01-12 03:29:52,乱樂,星爷永远的经典,5,力荐,51,0.8497773502051815
2018-01-12 11:23:24,宁宁,电影第二次上映我是第一次看，我觉得看懂了又好像没看懂……不过紫霞仙子好美，朱茵现在还是那么美,4,推荐,186,0.9882741266828754
2018-01-15 17:22:52,猫咪.萌萌,这表面看起来像喜剧，实际上就是个悲剧，紫霞仙子和齐天大圣之间隔着500年，500年前的齐天大圣和紫霞仙子的爱情，500年后至尊宝和白晶晶的爱情，那么多的纷纷扰扰，到最后不过是一场梦，真真假假各自体会，,4,推荐,124,0.99999965847718
2018-01-17 13:48:26,豆辛瓜辛,好像一遍真的看不懂，可能阅历不够吧，什么时候看了第二遍第三遍…懂了后，我会再来。,4,推荐,87,0.7487040223370848
2018-01-30 23:44:02,仲楚,"紫霞仙子眨眼的一瞬惊艳，无忧无虑的至尊宝。
至尊宝面对现实的两条路:
不成大圣，我无法救你。成了大圣，我无法爱你。

",4,推荐,3164,0.999998444655676
2018-02-02 17:24:25,圈地自萌,以前没有看懂过，重温时发现那句，“你看那个人好像一条狗”，蛮残忍的,4,推荐,67,0.9957169810485152
2018-02-10 22:39:36,、佚,刚又看完大话西游系列忍不住过来拉高一下评分，最爱的国产喜剧电影。,5,力荐,59,0.994798225312512
2018-02-13 01:06:08,拓小云,要救她就得必须戴上金箍，而戴上金箍就不能跟她在一起。以前的我会选择不戴金箍，觉得轰轰烈烈的爱情才是最伟大的，而现在我选择戴上金箍。有时候放手也是一种伟大，就让她一直等待她那踏着七彩云的意中人来带她走。,5,力荐,257,0.9999999998880706
2018-02-13 08:26:29,婷婷爱八卦,周星驰的电影质量可以保证！朱茵太美了！,5,力荐,91,0.870392373779704
2018-02-24 21:41:02,尽欢,我的意中人是一位盖世英雄，总有一天，他会驾着七彩祥云来娶我。,4,推荐,83,0.9794147469764184
2018-03-06 09:54:35,东篱,"我的意中人是一个盖世英雄。
上天既然安排他拔出我的紫青宝剑，
他一定是个不平凡的人，
错不了！
我知道有一天他会在一个万众瞩目的情况下出现，
身批金甲圣衣，
脚踏七彩祥云来娶我！",5,力荐,124,0.9997705531730502
2018-03-09 21:05:06,欣欣向荣,大圣去取经了，城楼上的和自己长得一样的人类和一样的紫霞仙子，过着愉快的生活，有点悲伤。,4,推荐,187,0.9998893418954556
2018-03-18 20:22:00,快乐人生,曾经有份真挚的感情摆在我面前，我不懂得珍惜，直到失去了才追悔莫及。人世间最痛苦的事莫过于此。如果上天给我一个再来一次的机会，我会对那个女孩说三个字: 我爱你，如果非要在这份爱上面加个期限，我希望是  ...一万年。,4,推荐,289,0.9999992006086496
2018-03-19 00:31:27,biang,我的意中人是一位盖世英雄，有一天他会身披金甲圣衣，驾着七彩祥云来娶我。————《大话西游之大圣娶亲 》 ,5,力荐,28,0.9992139935942924
2018-03-19 08:44:23,波波维奇,明明是部喜剧却看哭了很多人。一直都在错过，人生真是太多遗憾。,4,推荐,69,0.9877123383460648
2018-03-19 09:49:19,青青蒹葭,总有一天我的意中人会脚踩七彩祥云来娶我。当紫霞仙子离开至尊宝，他才会变成孙悟空。,5,力荐,21,0.4031675897415171
2018-03-19 10:36:35,救赎.,我的意中人是个盖世英雄，有一天他会踏着七彩祥云来娶我，我猜中了开头，却猜不到结局。,4,推荐,20,0.9998597599958498
2018-03-19 10:44:36,呆萌小七,我希望紫霞仙子和至尊宝能在一起长相守！,5,力荐,48,0.9839644430187618
2018-03-19 11:03:28,grace-xhu,通过无厘头的方式表现电影想表达的内容，或许有的人会开怀大笑过后就忘记了，有的人却流下了眼泪，感受很深 。,5,力荐,50,0.9999995419894644
2018-03-19 19:03:49,godzilla,不懂是情怀还是什么，觉得以前的演员都特别有灵气。,4,推荐,65,0.995317678036376
2018-03-19 19:40:20,八月,永远的至尊宝，永远的紫霞，最爱的星爷，最爱的西游改编，有星爷无厘头的笑点，但也有动情至深的泪点，再回忆起来，依然是其他西游改编不可比拟,5,力荐,39,0.99999771244545
2018-03-19 22:37:04,初秋絮,紫霞仙子真的很美。以前看觉得很搞笑。现在却觉得很感动。,4,推荐,18,0.9964391486859122
2018-03-20 07:21:21,橘猫爱吃鱼,一部喜剧片如此地打动观众，太有深意了，不愧是经典之作。,5,力荐,40,0.9998514621264888
2018-03-20 08:01:26,阿弥陀佛,至尊宝和紫霞仙子的感情太感人了，朱茵的经典角色,5,力荐,23,0.9995299233324048
2018-03-20 09:00:51,潇湘烟雨,也看过很多遍了，一直觉得这只是一部还不错的的喜剧片而已，都算不上周星驰最好的作品，不知哪来这么多过度解读后的自我感动，莫名其妙的，怕是导演都没想过这么多,3,还行,66,0.9970843271219916
2018-03-20 11:23:54,做一件事很难吗,朱茵在这部电影中 倾国倾城 貌若天仙 明眸皓齿 超凡脱俗 楚楚动人 点赞👍！,4,推荐,17,0.999786795656284
2018-03-20 11:25:41,尽人事，听天命,看过不止一次的电影。紫霞仙子太美了。加上一双会笑的眼睛。。紫霞经典真无人能及！,4,推荐,24,0.9861604728095822
2018-03-20 18:12:54,顾盼,那个人好像一条狗啊。,4,推荐,27,0.5406357714538881
2018-03-21 08:55:38,TTTT~,生亦何欢 死亦何苦,4,推荐,30,0.7749720277816301
2018-03-22 13:47:23,焰熠,小时候看笑了 长大后看哭了 会背那一段一万年的台词了 可是再有没有那个踏着七彩祥云的大英雄了,4,推荐,31,0.9999042258597586
2018-03-23 15:15:29,哈哈哈啊啊啊,总是说放下过去珍惜眼前，又有多少人不是失去了才追悔莫及吗？只有经历了才懂失去的痛。朱茵，时光能改变你的容颜，却改变不了你的紫霞仙子。,5,力荐,19,0.999764439906335
2018-03-24 20:24:13,W之芮,很难超越的一部电影，朱茵眨眼：中国电影史上无法复制的惊艳瞬间之一，好美！情话很戳人心,5,力荐,26,0.9999997964603315
2018-07-08 22:52:29,黄悦_,”你睇下个个人 好似一只狗。”广东人应该最能理解，【狗】只不过是词穷下苍白地取笑人的一种比喻，却被你们一直过度解读，那段什么什么一万年也是抄过来的台词罢了。讲西游 太无厘头 但讲爱情 那在心口的一滴泪 真的让人动容。,5,力荐,1,0.999999966395556
2018-10-26 23:02:56,brennteiskalt,本片对于时空的设定完全是一幅无赖嘴脸，不是所有的胡说八道都是后现代。这五百年上下穿越，是人都能悟出色即是空的佛法吧？,1,很差,31,0.9990011273522256
2019-10-29 04:46:09,文泽尔,两部大话西游讲的其实是古典式的宿命式悲剧 明白最终注定失去之后 还留下一丝念想 相比之下 上半部比下半部更有趣些,3,还行,14,0.9997847316879552
2020-01-05 13:28:24,chill.,"什么年少不懂星爷，就一群成年人犯矫情用带入感看这部灯光烂、剧情简单无脑的电影。
至尊宝当时对紫霞是在撒谎，他要她的月光宝盒去找他的爱人……他的爱人不爱他才回去做了孙悟空……结果紫霞也爱不成了，落得当和尚取经的故事……一部渣男现世报电影么……
-2020.1.4电影频道重看感想-",2,较差,94,0.9999991873684424
2020-04-28 18:48:19,Lydia,我看不懂，真的看不懂。我反思自己是不是理解能力有问题？我翻看了好多影评，依旧毫无头绪，没法产生共鸣。我的年龄和阅历，甚至情怀都不至于无法理解一部电影吧。这部几乎人人称颂的港片经典，评分9分以上的电影，真的不是某个年龄段人们的所谓情怀和过度解读推上去的？我真的怀疑人生了。,4,推荐,185,0.9999915852969854
2020-07-24 16:21:17,河口,想了想还是来写个短评：1、硬伤是时间线有问题，紫霞如果死在五百年前，晶晶和春三十娘怎么拜师？2、无厘头不是1的借口，因为很明显编剧在剧情逻辑上没打算无厘头。但话说回来这部的无厘头效果都很一般，没有设计精妙到能让人牢牢记住的；3、看很多人说没看懂“那个人好像一条狗”就觉得特别好笑，但好笑的不是观众，而是编剧和整部片的调度，它们竟然能够成功地用繁杂糟糕的情感戏使观众看到最后彻底忘掉《西游记》本身最显眼的内核，并且因此被封神？4、至少编剧厌女没跑了；5、这片唯一可以看看的是主要演员们的表演。,2,较差,17,0.9994530378681016
2021-12-14 13:12:34,深山夏牧场,“有个女人一起路上寂寞了可以当慰安妇啊” 。。。各种不适,2,较差,32,0.8203297333765321
2022-01-29 21:46:59,小鱼干小饼干,"过度神化的烂片，恶俗无厘头，也不搞笑，碰巧站在时代的浪尖上就飞起来了
纯纯的男版白莲花，屌丝yy，还让女人去做慰an妇？呵呵",1,很差,97,0.8439454285364419
2022-03-15 08:08:11,米尔,直至今日，我也只喜欢该电影里的风景和音乐。里面的爱恨来得莫名其妙，里面每个女性角色都似乎很渴望别人爱，但她们爱上的都是些什么人？！明明自己很有能力很能打，格局大一点，独自美丽不好么？远离那些带来不幸的男人……,3,还行,38,0.9999999914023552
2022-05-09 00:12:43,HANA-Bi,男人们矫情什么呢，真当自己是孙悟空啊。配得上紫霞仙子？,2,较差,42,0.2000587113644331
2022-05-10 13:21:31,六道骸,"我是真的觉得这部电影非常的莫名其妙，对不起我就是一个get不到周星驰的俗人。
另外，我真的恐拿至尊宝当头像的男的了，无一例外都是自我感动自我感觉过好的无语矫情男。",2,较差,28,0.8191168189190615
2022-06-21 06:35:40,呀酱,深夜，重看了《大话西游》上下部，大恸，尤其是下部，仿佛从来没有看过似的，悟到了爱情片的精义：爱上一个人，不需要理由。所有的一本正经，都是虚伪；只有一本正经的胡说八道，才是真诚。年轻时不懂这些，懂了这些时，却已无可诉说。影片剧作之繁复，在港片史上可谓空前绝后，悟空的无数分身，紫霞的一体两面，剧作者犹可控，而时空的跳跃与裁剪，则纯是上帝在捉刀了。今天的年轻人已经习惯无厘头的艺术风格，但是在当年，这是石破天惊的艺术突破，周星驰改良并丰富了中国文学的叙事手段，进尔改造了国民性，他对当代中国文化的影响，可能大于所有人。感谢周星驰，孑孑然，遗世而孤立，保存了赤子之心，当影迷无耻老去时，他依然站立在90年代的夕阳里，真纯不改。,5,力荐,31,0.9999999999999988
2022-07-07 22:54:28,草上炊事员,最低级的男性神话，女人存在只是因为男人的欲望不纯洁，他的欲望纯洁后她就不复存在。台词经久不衰因为牢牢掌握咱国人缺乏的骑墙的自由，忠贞的目的在前方所以当下被迫做什么都可以，在每一处阵地都有完整的解释权，我表现得逗贫因为我是深情的，我表现得严肃因为我是戏谑的。每一处转折和台词记忆点都像永不会输的俄罗斯轮赌，不懂商业片在许诺观众什么幸福的可以滚了。,3,还行,107,0.9999999999999812
2022-07-13 16:48:30,十三影,"1.这不就是四处留情铁渣男吗，爱过晶晶，爱过紫霞，爱过香香，爱过小甜甜，扒拉着晶晶在山崖上就要嘿咻，你们吹的天花乱坠的，是跟这种渣男共情了？还有那些低俗恶搞，什么春三十娘配粗老汉，香香被沙僧打好喜欢，豆腐西施同嫁状元.....纯属恶搞无厘头电影(但从这方面讲，这真的是一部剧情优秀的电影)，但是谈到什么人生感悟，什么得不到的青春爱情巴拉巴拉的，我只能单方面认为，你们跟渣男共情，你们都是风流债四处留的""风流才子"".
2.讲出慰安妇这种话，这电影就是妥妥的低俗恶搞剧！
3.这部电影的核心就是荒诞，混乱，恶俗，你们分析的不是电影，而是你们自己！你们就是高考擅长做阅读理解的那些人吧。
4.一群循规蹈矩的北大学生突然有了正当恶搞的情绪发泄口，原来是这样啊。
5.人物宛如提线木偶，爱的奇怪，转的生硬.",1,很差,40,0.9999999998378716
2022-10-27 13:01:54,跣儿易贱,"不带紧箍，没法救你，带上紧箍，如何爱你…
不同年纪看会有不一样理解的电影，已经进入好像是一条狗的阶段了…",5,力荐,24,0.8039362664633991
2022-12-15 21:41:54,momo,不喜欢，除了确实有很多经典和喜感片段，翻了翻影评大部分都是男性在歌颂如何如何讲出了一个男人的无奈，男人的感情观，甚至觉得紫霞的择偶观也正是所有女性的择偶观？拜托？你们以为女人真的很在乎你们？我看了只有满满的无语，一个除了恋爱脑没有其他丰富形象的女人，因为美貌就得以被原谅一切，喜欢紫霞的时候又去讨厌大鱼海棠里的椿？男人们收起你们虚伪的深情吧，别在那无谓地自我感动了……,2,较差,14,0.9999999999950852
2023-05-12 18:19:05,七七八八,一星给诸多名花芳华，一星给达叔。喜欢周星驰的毫无自知之明的青中老年男人攻占评分，可以醒醒吗你们？你们没人爱不是因为这世界上只有一个朱茵，是因为大多数男人真的好似一条狗哦。,2,较差,11,0.903470727306772
2023-07-13 10:35:25,momo,明目张胆把女人当慰安妇，别太下🗡️了😅,1,很差,56,0.1736776167600878
2023-12-14 20:19:07,逃逸线在睡觉,过于男性向的爱情童话，男的看了绝对会（自我）感动，女的千万别信，信了你会被（自我）欺骗好多年。,4,推荐,13,0.9939820896290832
