2009-10-01 03:17:26,陌生人,"God gave us our relatives, thank god we can choose our friends.",5,力荐,1768,0.1646883324002097
2009-10-23 11:33:24,亵渎电影,诉说了人类的本源。,5,力荐,80,0.9503697381913366
2009-10-23 17:46:29,迪迪,没有中文字幕，但还是能看懂它想表达的意思，被最后两个镜头震到流泪。,5,力荐,546,0.7888981406046683
2009-10-26 17:21:39,DreamMaker,非常值得一看的电影 但是非常沉重,5,力荐,15,0.9819399431619316
2009-10-26 22:38:14,匿名的宝贝♥,不是只有完美的人，才配爱自己。要知道，完美不存在于这个世界。,5,力荐,1299,0.9576583561411364
2009-10-27 19:18:06,sasasasa,我们为什么需要3D？,5,力荐,1957,0.5
2009-10-27 20:30:08,二甲,个人认为影片比《飞屋环游记》要出色,5,力荐,3254,0.7642442805523456
2009-10-28 16:40:56,lxm,在永恒的孤独之中，凡人皆有所寄托。,5,力荐,517,0.9999024007118932
2009-10-28 23:06:17,蚂蚁没问题,每个人都不完美，每个人的人生也总是不完美的，这不是一部迪斯尼电影，所以不会有Happily ever after。一部动画深刻到这步田地，我挺佩服的，挺喜欢的，其实自己也会有那么一时三刻很像Mary也像Max，自卑焦虑又孤独又低落，倒霉的事儿有时也发生，所以有点懂有点感动.,5,力荐,1286,0.999999989618556
2009-10-30 01:38:56,影志,"You are my best friend, you are my only friend. “我知道爱情让我痛苦不堪，但我还要做最后的尝试，不管它是否为我而准备。”“如果爱，先爱你自己”2009第33届法国昂西动画展最佳动画长片。",4,推荐,402,0.9976047008083578
2009-10-31 19:18:49,UrthónaD'Mors,这世界怪诞而疯狂、让人困惑，但好在我们还拥有友情,5,力荐,838,0.9999768097680872
2009-11-01 13:18:07,少年夏不安,Love yourself first! 孤独是人生的主题。,5,力荐,55,0.9965849349612632
2009-11-01 22:09:20,米粒,这不仅仅是电影 这是人生,4,推荐,71,0.9898792669104386
2009-11-02 19:14:18,Doublebitch,年轻时我想变成任何人除了自己。,5,力荐,3233,0.9513476080948534
2009-11-02 22:54:05,大丽花,本来是要飙泪的，但打了个喷嚏之后我忍住了。,5,力荐,51,0.3225838531290099
2009-11-03 11:49:12,任晓雯,非常内心化的作品，那种观察细节的方式，感觉像个自闭症的人拍出来的，作品中的世界怪诞而冷酷，那唯一一点温暖，就更让人动容了。可以和另一部动画佳作，《疯狂约会美丽都》对比着看。,5,力荐,14,0.9999999999328256
2009-11-04 00:00:56,jumbu,玛丽是场灾难湿漉漉的鸡味亨利八号把孩子放在啤酒瓶底马克思讨厌星期四健康的身体等同于健康的思想孩子是孵出来的我脸上不笑但不代表我脑里不笑绵羊会缩水吗如果出租车倒着开那么司机是不是该给我们钱呢为什么老头把裤子提得很高使世界青春焕发的魔力雪花膏,5,力荐,312,0.9999917799593206
2009-11-04 23:31:32,焦瑷,最近5分钟简直是飙泪时刻。哭得我一塌糊涂。,5,力荐,19,0.0188018615853298
2009-11-07 14:43:07,jj73浅之,所以说，一般让人哭得那么惨的片子大半都是自传体。看到一豆友的短评“我们为什么需要3D？”说得真好，我们已经有这么优秀的2D动画了。这是09年最让我感动的动画电影,5,力荐,1118,0.9999960439251312
2009-11-07 21:09:49,猪头妖怪,"""The life is hard and we are imperfect.""",4,推荐,4,0.421874597530976
2009-11-08 17:29:18,光年‖影视歌三栖民工,试着接受我们自身，还有旁人的不完美，就是得到安宁的安慰剂吗？,4,推荐,8,0.5512412249001444
2009-11-10 10:43:31,殷羽sama,没错，这是个疯狂的，混乱的，总有人乱扔烟头的世界。可如果我们彼此照耀，或许能够不那么孤独。,5,力荐,68,0.9508942089006792
2009-11-12 19:05:36,万一呢,我咋就没瞅出来哪里感天动地的好看了。,2,较差,55,0.4247377689172567
2009-11-12 23:33:46,披着人皮的鬼,拍电影是不是和做爱一样 只有技术做不出感情,4,推荐,1980,0.9443082966948784
2009-11-14 23:16:05,大头绿豆,特别喜欢这类边缘人的题材。他们是我们的影子。他们的烦恼、忧愁和喜悦，其实也是我们所有人的。,5,力荐,40,0.9984661455781058
2009-11-15 11:48:46,琴酒,最后一个镜头，本来平静的心忽然就被狠狠地抓了一下，我觉得很多人哭都是这个时候吧。喜欢里面的奇想，喜欢那种淡定的语气，喜欢那种彼此书写时阳光般洋溢的快乐。旁白的介入让它更像配有画面的小说，或者说更为漫画而不是动画，声音是主宰。我们有诸多不幸，有诸多无法诉说的，好在有巧克力还有你。,5,力荐,44,0.9999999999960694
2009-11-16 09:42:40,陈问问,这两颗星我给的是黏土技术,2,较差,116,0.1668909160223592
2009-11-16 18:54:13,mayfly,"PS,娘的，我看哭了。PPS,推荐给所有的人看。PPPS,可以打十星吗？",5,力荐,2564,0.9678653510843572
2009-11-22 13:43:36,沉歌,幸好我们还能互相安慰。,5,力荐,17,0.5986736748451804
2009-11-25 11:21:08,kylegun,快乐可以和大多数人一同分享，孤独，却只能分享于知己,5,力荐,15,0.9999494481400126
2009-11-25 23:27:37,Lan~die,"曾经我也有两个笔友，一个已经散落在天涯，一个还是好友却不再写信。想念那些收信就像过节的日子……  当然这部片子的内涵远不止是友情。Love yourself firtst，就算被别人当做神经病也无所谓~    
台词：当我年轻的时候，我想变成任何一个人除了我自己。/ 每个人的人生就是一条很长的人行道，有的很平坦，而有的像我一样，有裂缝、香蕉皮和烟头。希望有朝一日，你我的人行道会相交在一起，到时候我们可以分享一罐甜美的炼乳。",5,力荐,23,0.9999999998714192
2009-11-27 02:05:56,扭腰客,只有宇宙和人类的寂寞是永恒的,5,力荐,1091,0.9999912077115478
2009-11-29 18:40:50,文泽尔,"一句多余的话都不想写，就仅仅低声唱吧：Que Sera Sera...Whatever will be, will be.The future's not ours, to see.
Que Sera, Sera..What will be, will be...",5,力荐,188,0.3884458519904364
2009-11-30 20:46:11,shininglove,玛，玛，玛，玛，玛丽。又让人笑又人飙泪。,5,力荐,10,0.7800536998082512
2009-12-02 23:02:50,阿北,伤心电影，好电影。结尾告诉我们，网友见面要早。,4,推荐,4320,0.9954799915253566
2009-12-11 15:27:38,匡轶歌,当我年轻的时候，我想变成任何一个人，除了我自己。伯纳德医生说：我必须要接受我自己，我的缺点和全部。我们无法选择我们的缺点，它们也是我们的一部分，我们必须适应它们。然而，我们能选择我们的朋友，我很高兴选择了你。,4,推荐,1017,0.9757867151691388
2009-12-21 22:00:18,蜉蝣,玛丽也在想念马克思。她没忘记他闻起来有甘草和旧书的气味，曾点亮过她雨后泥潭般的眼睛。却不再想攒钱去看他了。,4,推荐,151,0.9164150309981546
2009-12-24 13:09:18,薇羅尼卡,还有什么比真正的内容更能打动人？,5,力荐,8,0.8614991985914116
2009-12-27 11:52:38,寂地,太感人了,5,力荐,13,0.9019705481481584
2010-01-01 18:57:21,何倩彤,哭了,5,力荐,15,0.7049180327868854
2010-01-01 23:03:18,杨迪,"感谢上帝，可以让我们自己选择朋友。
更感谢这部电影，让我在09年最后一次哭的酣畅淋漓。
PS:音乐很好听，以后可能会用得上。",5,力荐,183,0.9996150813615626
2010-01-03 02:08:49,原来是西门大嫂,黑暗版心灵鸡汤⋯⋯三年前我应该会给五星 可惜我已经长大而且已然老去 我明白人生虽然没有过份的美好可也并非缠绵着时刻的孤独 悉心制作的黏土动画所讲述的那些顿悟和可爱的小道理是无法煽动起人生波澜的啊,3,还行,145,0.9999999981730984
2010-01-31 22:47:04,丁丁虫,因为最后一个天花板的镜头给了五星,5,力荐,215,0.0932241689768236
2010-02-18 03:06:36,托尼·王大拿,事关孤独，事关彼此,5,力荐,12,0.9707876712199164
2010-02-27 19:29:05,半袖,如果旁白改变一下，我会打分更高，因为这旁白实在太BBC新闻太刺耳了。动画很好，音乐也很好，尤其Max第一次回信时候的配乐，情不自禁的跟着晃动起来。这个结局可能是最好的结局，很多事情是不能直面的。谁也不可能改变谁，只能说，感谢你曾经给我安慰，分担我无聊的人生。,4,推荐,13,0.9999957025212466
2010-02-28 00:29:51,瓜。相信这个世界很变态。,孤独是孤独的，又怎么会有共鸣呢？,4,推荐,302,0.999558030995148
2010-03-14 12:55:38,lowdive,若你喜欢怪人，其实我很美,3,还行,386,0.934754647373216
2010-05-11 00:18:28,游牧人·芳汀,太感人了，这才是真实而又不完美的人生。我想我也是马克思，但是一直没有运气遇到像玛丽般的朋友。,4,推荐,106,0.9998192595970838
2010-07-08 09:23:02,LORENZO 洛伦佐,2009年最好的动画 相对Up更喜欢这部 最终看哭了 现实 美丽,5,力荐,18,0.9999610482635796
2010-08-04 14:14:09,樹一,不管怎么说，看到最后让我有想哭的冲动,5,力荐,12,0.7672882390136982
2010-11-12 13:20:22,疼酱,我能打十星吗。。。,5,力荐,9,0.4322520448774992
2011-01-07 12:47:53,踢你小腿骨,這個題材很難不令人動容，是不是可以用不那麼搧情的方式拍攝,2,较差,2,0.0075390247699995
2011-01-22 22:06:00,[己注销],☆倍受好评的澳大利亚动画，讲述两个孤独者之间的心灵交流。这片子让我想起《12国记》里的一句话：“封闭自己的心灵，即便身边有语言相同的人，也会变得无法沟通了。”影片的两位主人公虽然相隔千里，但却最为理解对方。,4,推荐,15,0.9999999967925416
2011-07-16 17:02:18,同志亦凡人中文站,两颗寂寞的行星，拥有最纯粹的友情。,5,力荐,809,0.9977868101767138
2011-09-13 18:19:42,伊卡洛斯,"《玛丽与马克思》 其实并不能算是爱情。却比爱情更真挚。 但愿有一天 我们的人行道会相遇。 我们可以分享一罐炼乳 。—— You are my best friend,you are my only friend.",5,力荐,63,0.9999983679410098
2011-09-17 12:53:54,黄不胖,我们不能选择自己是谁，但是我们可以选择朋友。很高兴，我选择了你。,4,推荐,39,0.8197579056560216
2011-11-18 22:23:01,有心打扰,"该影片在22世纪将被列为21世纪十部经典动画片之一。
一个寂寞的女生和一个孤独的大叔。",2,较差,13,0.9999366305575366
2011-12-28 08:05:42,陀螺凡达可,非常出色！,4,推荐,22,0.8400000000000002
2012-01-20 16:24:00,bamboo,你孤独么 这个世界也让你惶恐么 你唯一的朋友在哪儿 谁伴你成长 你离开这个世界的时候最后想到的人又是谁,5,力荐,55,0.9999903608941678
2012-06-08 10:54:36,乌鸦火堂,同是天涯沦落人，相识何必曾相逢,5,力荐,108,0.9967044016831564
2012-07-04 20:40:01,巴喆,到最后，每个人都是孤独的！9,5,力荐,17,0.9241864820286804
2012-07-10 03:33:57,五乔,命运真是个很玄又很真实的东西。别说这部动画片过于阴暗，生活的本质只会更黑暗。,4,推荐,29,0.999834813395312
2012-07-24 19:08:19,朝阳区妻夫木聪,上帝赐予我们亲人，感谢上帝，我们得以选择朋友。,4,推荐,5,0.9295366172669194
2012-08-20 23:49:09,Panda的影音,个人喜欢《飞屋环游记》（已看N遍）远胜《玛丽和马克思》（才看2遍）。2012.08.20：初看，相对无感，标三星。→ 2015.09.21：二刷，有所改观，改四星。——《玛丽和马克思》幕后创作手记：50人团队，132480张画面，6台相机，10个动画组，7个拍摄组，2位服装设师，147位裁缝，212个黏土人，133个场景，475个微缩道具，1026张不同的嘴，886只手，394个瞳孔，38个黏土灯泡，808个泡茶袋，632个黏土模具⋯⋯ → https://site.douban.com/190248/widget/notes/14621875/note/322163942/,4,推荐,13,0.999999530042457
2012-08-31 23:31:59,草威,我一直不明白一个问题，有趣是不是源于自卑和寂寞？,5,力荐,966,0.9808678645740584
2012-11-03 01:41:09,我是大皮哥,开篇很沉闷然后一路高潮震撼到底的神级粘土动画片，讲述两个各自有严重人格缺陷的孤僻、自闭患者彼此倾诉、鼓励、扶持的故事，灰暗的配色和沉重压抑的配乐非常致郁但同时很治愈，推荐所有现在或者即将有自卑、自闭、自贱倾向的人从这部动画中找到力量。Thank God that we can choose our friends.,5,力荐,5,0.999999999995711
2012-11-25 21:22:55,掉线,无感，还是更喜欢飞屋环游记，另外这片不适合小孩看,4,推荐,9,0.7926608727819248
2013-01-12 22:23:30,荞麦,好几年前看的，怪胎孤独症……很文学。,5,力荐,62,0.9973407376082384
2013-04-04 11:48:42,曾于里,重温。马克思在原谅玛丽的同时，也原谅了自己。每个人都不完美，Love yourself first,4,推荐,344,0.9952785747008744
2013-08-04 11:08:44,徐若风,【爱对他来说就像潜水般陌生】【2009柏林国际电影节水晶熊】《重庆森林》后看过的电影里最孤独寂寞难熬的。,5,力荐,21,0.999999841963641
2013-08-05 12:50:57,赫恩曼尼,上帝赐给我们亲人，感谢上帝让我们选择友人。孤单的水泥世界里，一片汪洋相隔，两个被生活和苦难折磨的人，终于得以通信、安慰、取暖。时隔N年，玛丽打开马克思房门的刹那，似乎一切已经确信。他们从自己的岔路上错过了，用一辈子的时间证明了友情，却如同查令十字街84号一样——错过。永远地错过。,4,推荐,160,0.9999985599125244
2014-03-15 23:39:07,撒旦的表妹,"you are my best friend, you are my only friend. 最后一分钟太震撼太煽情，让人绷不住的泪流满面。",5,力荐,24,0.3604843155264386
2014-04-09 09:45:20,火娃,8/10。不禁会想导演到底有多么孤独怪异的童年，才能拍出这样令人惊奇又难过万分的悲伤童话，那些晦暗沉郁的画面，那些造型丑恶自闭症的人物，那些简陋到只靠旁白叙述的剧情，因为许多幽默独到的小细节而散发出一种粗糙又真诚的质感~~,4,推荐,69,0.9999999999954958
2014-05-18 14:57:56,9C拜卡搞学习,粘土温情文艺片 片头简直莎莫500日,5,力荐,3,0.568526833954565
2014-08-24 22:30:22,少数豪,上帝赐予我们亲人，感谢上帝，我们可以选择朋友。,5,力荐,29,0.8960412565638343
2014-10-16 12:18:42,灰色堡垒,多年后再看，终于理解了他们的孤独和奇怪。里面的所有人或者动物都很难看，正如同带着种种缺陷的我们。马克思的世界是黑白的，直到玛丽带给他一点色彩；玛丽的世界颜色也不是很丰富，只有当两人的世界交汇时才会变成彩色。有的人生难题就是无解，或许需要的根本就不是解决，而是包容和陪伴。,4,推荐,15,0.9999999999788364
2015-02-25 00:03:38,Indecent time,只能说看不懂这片的人真的很幸福。。。,5,力荐,62,0.801592583999827
2015-08-20 13:57:43,梦里诗书,这是一部一如其黑白动画的粘土风般带着黑色怪诞色彩的爱情动画，《玛丽和马克思》对病态的精神、死亡、自杀等沉重话题的探讨，使之在呈现手法上有别于诸多属于孩子的动画，但电影在暗黑的画风中实则是以更为写实的手法传递着人性的温暖以及生活的希望。,5,力荐,8,1.0
2015-10-17 22:19:36,丹AI🌵,两个孤独而绝望的人互相安慰，并且神奇地起到了治疗的效果。《乡村牧师日记》提出过一个问题：“人能不能给予别人自己没有的东西？”也许人很多时候是用幻想治愈了自己，而别人则是幻想的催化剂。不必因此而绝望，可以这样说：人心中本来就有光明，幻想是光明的一种不稳定的表现形式。,4,推荐,78,0.9999999999997676
2015-10-27 22:35:32,岛上的夏奈,Mary should realize her husband is gay when he took her to Mykonos.,4,推荐,28,0.3964903656113859
2015-10-30 22:17:44,冰红深蓝,能在孤独寂寞的人生中遇上如此纯粹的友谊，何其有幸。黑白灰的纽约和浅褐色的澳大利亚，点缀红，简朴的粘土造型和布景，直击人心。PS：爱与包容-“我原谅你是因为你不是完人”。PPS：爱因斯坦梗-Love=mc^2 | 唯有宇宙和人类的愚蠢是永恒的。PPPS：爱极影片中对气味和封闭抑郁内心的描绘。（9.5/10）,5,力荐,138,0.9999999999999688
2015-12-03 14:41:21,木由,“小的时候，我想成为任何人，除了我自己。医生说如果我在一座孤岛上，就得去适应我仅有的陪伴，只有我自己和椰果。他说我将不得不接受自己，包括缺点和一切。我们无法选择自身的缺点，它是我们的一部分，我们只能接纳。然而我们可以选择自己的朋友。我很高兴我选择了你。“ 阴雨天看太温暖。,5,力荐,194,0.9998165741143769
2016-02-16 07:35:32,ShrimpEmpanada,Adam Elliot拍过的每一部或长或短的片子到头来其实都是同一部电影，不知道要有一颗多大的心才能用黏土把这么多的“古怪”，“不幸”，“症状”和不完美雕刻成一个万花筒一般的世界，让单调的棕色与黑白也能变化出明暗的分别，并永远固执，笨拙地转向有光的那一边。It's the only way we knew to cope.,5,力荐,29,0.9999996118819644
2016-06-18 23:25:27,鸟倦知还,小时候，我总想成为除自己以外的任何人。,5,力荐,79,0.9012152015001844
2016-10-31 16:32:11,诸葛若见,微信里有些朋友，感觉像是现代版的《玛丽和马克思》。他们写信，你们发微信，互道衷肠，但永远都不会见面。,5,力荐,152,0.979228171008548
2017-01-15 00:55:30,顿河,这部片子和爵迹...长久列于 想看 标签的行列...完全不知道发生了什么（盗号了？）。我就想说，拍出这么牛逼片子的导演后来干嘛去了..看作品年表感觉把孤独讲完了他就没话可说了。,5,力荐,12,0.9976516653915466
2017-04-07 14:53:37,卡比巴拉的海,你是我最好的朋友，你是我唯一的朋友,3,还行,432,0.8153999125268844
2017-05-11 23:56:48,一个猫,我是那么那么那么喜欢这部电影，相见恨晚。在孤独的一生中，遇到懂你，愿意原谅你的人何其幸运。在有无数裂缝的道路上，只有拼劲全力认识自己、爱自己才能不被裂缝吞噬。,5,力荐,21,0.9997239907377864
2017-05-27 10:05:19,你大立,一边看一边哭,4,推荐,9,0.7539012456514468
2018-05-06 07:44:22,幸存者,别为微笑而忧虑，我也很少在表面上微笑，但这并不表示我没在心里面微笑。,5,力荐,20,0.89115925911752
2018-07-22 15:28:28,DoRight,这种电影就是“没有功劳也有苦劳”了，我是没有什么感触,3,还行,10,0.9764213698417676
2019-09-22 22:56:53,连城易脆,粘土动画真是非常适合用来表现这种风格的作品，而且无论是人物的形象设计，画面的色温色调，以及写信的字体等等，都显得极为协调。人啊，就是不完美的，我们人生的道路上总是有一些裂缝、香蕉皮还有烟屁股，会有这样那样的缺点，会被人欺负嘲笑，会被命运愚弄，会不被人理解，得不到自己想要的爱情。不过感谢上帝，我们无法选择亲戚，但是可以选择朋友。能有像玛丽和马克思这样的朋友或者笔友是多么幸福的事情呀，衷心祝愿每个人最终能接受自己，能与这个世界和解，能有一个真正的好朋友，能得到自己想要的爱情！,5,力荐,30,0.9999999999997063
2020-03-08 00:21:17,懸蛛,感觉很不错，原谅我没有get到那些笑点和泪点，影片好像没有戳中我。偏灰暗的色调好像不太适合这个故事，还是说另有深意？用一些物品来寄托情感也挺棒的，巧克力、炼乳、打字机等等。,5,力荐,16,0.9982295149082758
2020-12-04 21:38:33,一个便当,我好难过。我没看简介，看到标签高分喜剧动画就开始看了。我真的很难过，我从来没有看过这么难过的电影，我哭得停不下来。我从电影前半段马丽写信叙述自己被欺负就开始哭，我不知道自己为什么哭，又好像是为了特定的回忆在哭。周五的晚上应该是开心快乐的，就这么猝不及防地被放出孤独压抑的情绪，好在好在，大部分篇幅还是有彩色穿插的，看到最后的结局，又难过又释然，马克思不被理解的一生终究还是因为交到了这个意外的唯一的朋友被添上了色彩。我不知道直接给触到自己情绪的电影高分合不合适，因为暂时还没有时间细品一些细节，但是我会时常重温这部电影，直到我找到我哭的理由不会再哭了为止。,5,力荐,92,1.0
2021-02-15 17:25:34,Mount.,最好的关系是彼此救赎彼此成长,5,力荐,15,0.9975426878035434
2022-02-07 15:43:18,且听风吟,要给这个电影一万颗星。 有点像看“美丽心灵”的感觉，若没有自己的生活体验，想必不会有这么强烈的共鸣。其实没有人是完全精神健康的，总有在某个点、某个时刻触发了自己的problem，或强烈或不那么明显。,5,力荐,16,0.999959930859915
2022-06-09 13:05:43,苏西Suci,非常棒的黑色幽默喜剧动画。最后Max把和Marry所有的通信贴满了整个天花板，泪流满面。,5,力荐,21,0.9953286845490934
2022-06-25 22:12:38,回到未来,两次落泪。一次是中间看到玛丽写自己被欺负时眼泪落到信纸上，另一次是玛丽抬头看到满墙自己写给马克思的信。,5,力荐,18,0.9966239249116152
2023-01-09 16:23:37,闪通,年轻时我想变成任何人，除了我自己。,5,力荐,32,0.9513476080948534
