2006-01-03 17:44:39,寂地,那音乐壮丽的响起的时候，觉得心里被一种温暖充满，然后实在控制不住眼泪了，不是因为伤心，而是因为，它给人的感觉，实在美好到无法表达了．,5,力荐,9352,0.9943853335734972
2006-01-16 18:53:58,susu/苏酱,有童心是多么的重要啊！！！！！！！,5,力荐,340,0.7850771135637713
2006-01-28 23:55:29,薇羅尼卡,很温暖的片，喜欢龙猫，那个可爱的、带给人安全感的动物。| 2018.12.16，大银幕重温，依旧美好,5,力荐,471,0.9999993944846506
2006-03-18 00:50:25,阿妙妙,吉卜力工作室的永恒经典；简单、朴实充满神迹；飞行与梦想永远是宫崎骏的创作动力源泉；2018年第59场@海上明珠特惠11元及第61场国语亲子,5,力荐,0,0.9999991444455366
2006-04-06 10:11:49,kingfish,爱到极点.,5,力荐,34,0.2647706917226282
2006-05-15 23:09:03,恶魔的步调,181214，大概开场半小时，旁边一对小夫妇的孩子就被吓的不行，强行将他们父母退场了。小孩看出了龙猫的本质是个恐怖片。,4,推荐,16,0.5084008246033993
2006-07-30 15:29:25,泪小鱼|念。,喜欢毛茸茸的龙猫。,5,力荐,114,0.904140936174405
2006-09-23 13:07:18,大头绿豆,我好像看到小月和小梅坐在那棵松树上对我们笑。“搞不好真是她们呢。”,5,力荐,1166,0.9538409294808574
2006-12-28 01:05:27,吴花果,日本的动画总是能触碰心灵和温情,4,推荐,1672,0.9865877620701758
2007-02-10 09:19:52,Lan~die,"龙猫，好烂漫的幻想。
消失的乡下风景、慈祥的爷爷奶奶、嬉笑追逐的儿时玩伴，是童年最纯真美好的回忆。",5,力荐,4989,0.9999999935724851
2007-03-31 21:58:27,棗,2007.3.31记录过此片，那时候应该在一些BT网站下载了很多很多宫崎骏的电影，至今还有些存在老旧的硬盘里、怕遗失还刻录了一版在光碟里，在豆瓣的影评只有三个字：很快乐。2018.12.23带着女儿先生又看了一遍，每当那首背景音乐想起的时候我总忍不住热泪盈眶，第一次在影院里看宫崎骏、也是第一次看国语版、更是第一次带女儿第一次进电影院看动画片，这第一次的记忆她应该是会记得的吧，就像我永远记得自己3-4岁左右跟着父母去老南国电影院（凤凰路）看第一部电影《妈妈再爱我一次》居然也看得泪流满面。希望女儿的第一部，是温暖、欢乐无比的。,5,力荐,1,0.9999999999998506
2007-05-31 16:42:01,月光剩女,大老虎巴士最可爱。。。,3,还行,229,0.9131553059923972
2007-06-03 14:12:49,影志,简单奇妙的故事、可爱的人物造型，除此，没有太多打动人心的地方。,3,还行,570,0.998697635465297
2007-06-16 07:09:57,小斑,吖，没想到还能在电影院里看到。一起等公车那段爱得心都要伴随「豆豆龙」的音乐炸开花了啊。本来害怕是小盆友专场，没想到大盆友们反而更多。大家一起轻声齐哼totoro totoro太美妙！回忆太甜了！,5,力荐,1,0.999498670685453
2007-08-11 20:41:18,祖小贤,确实是我和爱人一起看过最多遍的电影，剧本耳熟能详。学小龙猫走路是我的专长，要不来比一比？hiahia,5,力荐,0,0.9988986837252412
2007-08-21 07:00:15,小耳朵图吗,可爱的小龙猫。我也想要有只瓦。,5,力荐,49,0.9613866034060188
2007-09-24 21:21:22,文泽尔,打伞的好邻居豆豆龙，飞速生长的巨树，美好的乡间生活和保持童话之心的美好，久石让和宫崎骏最高！,5,力荐,6,0.9999999723988514
2007-10-03 15:06:29,沉歌,"我要告诉你，纯真是一种财富。

",5,力荐,2137,0.9514355437434984
2007-10-24 13:09:08,安东,女儿两岁到两岁半之间，最喜欢看的动画片。因为她的原因，我几乎每天都要陪她看一段，越看越觉得好，真正的童心、童真、童趣，这么干净又美好的动画片，太难找了。,5,力荐,7,0.9998440860421252
2008-03-25 22:10:10,summer,胖胖的大家伙 太可爱了 还有小米 还有两只小家伙 让人回到童年,5,力荐,0,0.9483046714371194
2008-04-15 01:23:02,九尾黑猫,大肚子！~抱抱~~,4,推荐,4,0.8118105234299768
2008-06-02 10:14:05,内陆飞鱼,没有人知道为什么，太阳总下到山的那一边，没有人能够告诉我，山里面有没有住着神仙，多少的日子里总是，一个人面对着天空发呆，就这么好奇就这么幻想，这么孤单的童年……,4,推荐,9,0.999999495360908
2008-09-01 09:45:33,Q。,"人人心中都有个龙猫，童年就永远不会消失，爱是最美的拥有～

★★★★★",5,力荐,2511,0.9999965893111424
2008-09-01 16:26:27,林小童,20080831.第一次看是大三那会吧，这个时候再看，大致全忘。我们做一张小沙发，秋凉的风吹来，安宁心怀美好。我们在讲是要定居大理还是定居西安。多遥远。20181221昆明臻百万一个人重看，前几天回去三天没能带上他俩一起看成，周五晚上影院孩子笑声一片，无比想可又怎样。想必看完兜娃肯定会找出她的龙猫巴士放枕头边。49,5,力荐,0,0.99543669743977
2008-10-22 09:46:55,吉吉吉Ray,宫崎骏的电影总是有一种温暖的感觉，在一个冬日的午后，窝在沙发中，抱着一个软软的抱枕，泡上一杯香浓的奶茶，看着宫崎骏的电影，幸福。。。。。。,5,力荐,1,0.9999999796750894
2008-11-21 18:30:02,战国客,这个情节也太简单点了吧……,3,还行,1570,0.6051473005935265
2009-04-14 20:15:06,妞妞,"雞髀
第12回山路文子电影奖　最佳电影奖 
　　第13回报知电影奖　最佳导演奖 
　　1988年度电影旬报十大电影　日本十大电影第1位、读者选出日本十大电影第1位、读者选出日本电影导演赏 
　　1988年度毎日电影奖　日本电影大赏、大藤信郎赏 
　　第29回优秀电影鉴赏会会员选出",4,推荐,0,0.9999999989073654
2009-05-21 13:07:12,张小北,20181216内地公映版观影,4,推荐,6,0.9560486548421292
2009-09-05 11:07:14,夜国,邻居家的Totoro。很好听的音乐。配上里面小米可爱的面庞，月的倔强的脸，还有多多洛的大嘴巴，真是一部简单温馨的片子。我喜欢宫崎骏的片子里，美丽的画面，带来温馨，温暖，纯真。龙猫，很好。,5,力荐,0,0.999999996740946
2009-09-11 19:00:13,一只麦麦,恬淡。宫崎母亲患病九年的灰暗时期,4,推荐,9,0.9827020844612262
2009-10-06 18:11:11,海贼拉面,是谁？膘肥体健大腹便便，却又轻盈飘逸来去如风？是谁？血口如盆钩爪森森，却又笑容璀璨风度翩翩？是谁？哈欠震耳欲聋、鼾声如雷贯耳，却能雄霸万千东亚少女的床头、枕边长达三十年？是它！是小朋友的好朋友，大朋友的老朋友！世界上最可爱的卜卜口！！！,5,力荐,2,0.9999911376168158
2009-12-17 22:04:07,米粒,龙猫满可爱的~剧情相对单薄,4,推荐,15,0.681645612103073
2010-02-03 11:46:20,饥饿艺术家,我也想失落沮丧时有一坨大龙猫趴一趴，想回家时有一坨大猫咪公车坐一坐。,4,推荐,5,0.9980920840608044
2010-02-28 13:15:16,涵湘宁,宫崎骏动画片中，风景总是如同诗歌，小女孩总是纯真可爱，动物总是邪恶得不行……,4,推荐,1,0.9999992928475254
2010-05-02 14:28:31,彩虹几度,童眼观世界，弱弱的感动。小幼幼的任性和执着惹人怜，老宫应该少拍那些严肃深沉的东西,5,力荐,1,0.9999253281932632
2010-07-25 21:16:42,无所谓则无所畏,萌啊，给我一只龙猫吧,5,力荐,1028,0.8764245337775786
2010-10-21 11:02:00,菠萝蜜个隆冬强,宫崎骏勾勒出了一个成年人完全无法的一部境界动画片。是关于孩子们的梦想，少时的天真，小梅生气的时候撇着嘴不说话，默默的抱着姐姐，是一种强烈的寄托感。她们会在比自己大的人面前嚎嚎大哭，会把龙猫当成是自己的守护神，这些小精灵就像是每一个儿童成长时的快乐一样伴随左右永不退灭,5,力荐,1,0.999999999883712
2010-12-16 18:13:38,Lycidas,下雨天龙猫撑着伞，突然有树梢积累的大颗水珠滴下来发出砰的声响，它很开心，很喜欢那个声音，就跳起来震得树上雨水纷纷落下。20181215 和妈妈一起进影院重看。30年过去，这个永恒的夏日童话依然纯真得令人泪下，提醒着无忧无虑的日子已经一去不返，如今的我，想必已经再也看不到龙猫和猫巴士了吧。,5,力荐,1042,0.99999999999682
2011-01-20 22:48:17,苏比,原来龙猫的戏份这么少啊。,4,推荐,5805,0.9575709124887012
2011-01-31 12:43:18,芦哲峰,宫崎骏最感人的一部，初看平平无奇，回味一下痛彻肺腑。,4,推荐,1337,0.9999981658914474
2011-03-16 20:56:37,伍德与夏洛蒂,永远的豆豆龙,5,力荐,34,0.8412618772498641
2011-04-02 19:50:25,_伊娃小姐___,憨态可掬的你，满足了所有童心未泯的梦想。在你软软毛毛的肚子上睡觉，在站台看你傻傻撑伞对坠落的雨滴狂喜，在田野间树梢上和你奔驰飞翔吹一曲歌谣，感受身心的平和宁静，期待夏夜的一场奇遇，有时只想看见只愿沉溺于美好。“世界什么都有，只要你愿意用心感受”，且“只能巧遇，无法找寻”。,5,力荐,0,0.9999999672291516
2011-04-19 23:18:08,这个假了,宫老头的第三部作品和前两部有明显不同，少了许多“沉重”，多了很多温情；不如前两部大气，却细腻了太多，多处地方让人惊喜不已；作为在皮克斯的玩三中都露了脸的角色，龙猫用不多的戏份赚取了太多人的爱~堪称宫崎骏所有角色设定中最经典的一个,4,推荐,1,0.999999999971546
2011-05-30 15:55:36,戳,may和龙猫简直都要可爱死了，太可爱了太可爱了。不过总觉得某些地方的剧情有点渗人，特别是结局妈妈说的那句话，一点没有温馨的感觉，反倒觉得很恐怖，看完之后又看到了恐怖片的说法，更渗人了~好像真有在拍恐怖片的感觉,5,力荐,0,0.9942754684959406
2011-06-05 18:52:19,XD|醒来。你在。,豆豆龙~小月的雨靴大正！小梅果断像行一的妹妹。,4,推荐,0,0.9834824678112092
2011-06-22 11:58:51,六比特,这电影没有续集，没有续集，没有续集的吗？？？！！！！！！！！！！！！！,4,推荐,0,0.9947721279039856
2011-07-08 23:22:34,戴泰德,无论看多少次都会被这纯真的可爱与美好融化。隔壁的豆豆龙的BGM响起时，满怀着的是对童真的无限向往。,4,推荐,0,0.9963864572278112
2011-08-03 23:07:54,Panda的影音,2018.12.14：终于真正实现在影院大银幕观看「宫崎骏」动画电影的心愿！而且还是我看了不下三十遍的《龙猫》！简直太开心太幸福了！→ 2018.12.16：一天两遍，三天六遍！就这样，我看过最多遍的电影《龙猫》也成了我第一部在影院六刷的电影！——《龙猫》：我的最爱；【龙猫】：我的挚爱。== 第N次重温《龙猫》：温暖、羡慕、感动到潸然泪下了！== 卡哇伊，多多洛，となりのトトロ！== 《龙猫》是我至今为止观看最多遍的电影，完整的、片段的、陪看的、播放的、拉片的、截图的、数都数不清了。== 看到身边许多大小朋友因为我喜爱上《龙猫》，真的好开心！,5,力荐,13,1.0
2011-08-15 12:03:28,曾于里,悲催，我看了真没有感觉，童心都消泯了吗,5,力荐,40,0.994716521176804
2011-08-31 00:35:48,春日迟,2019年开年第一部，时隔八年后的重看，感触良多。一家人都温柔善良，更难能可贵的是带着美好的向往生活。比如爸爸没有对女儿看见妖怪的言论置若罔闻，反而说“爸爸小时候最向往的就是住鬼屋了”；医院的妈妈也如出一辙，所谓天地良缘，不过这般。故事的巧妙之处在于，不仅仅龙猫被设定为大人不可见，而且两个孩子见到龙猫的场景都没有他人在场，四次中有两次见面结束后还处于睡梦状态。所以啊，愿意怎么去解读这个故事，全凭你的本心了。PS：结尾戛然而止，太突兀了，或许是因为太过美好总是易碎，所以不如早早收场留个念想？,4,推荐,2,1.0
2011-09-19 19:33:54,桃子,“人人心中都有豆豆龙，童年就永远不会消失，爱是最美的拥有。” 好喜欢小梅！,5,力荐,1,0.9999999725860554
2011-10-12 23:04:14,宅蘑菇Moku,摸摸龙猫的鼻子胡须就会颤动起来哦=w=……看见斜眼偷瞄逃跑的小白一定要跟上去！ 童话总是在相信它的人心中真实的存在着，想起来的时候心中就会充满温暖守护的力量,5,力荐,1490,0.99999999744605
2011-10-22 17:03:25,晚不安,我这双已谙世事的眼睛，还能不能寻见龙猫，等来我的猫巴士车？,5,力荐,9,0.9996796738658592
2011-10-26 20:20:48,有心打扰,喜欢这对姐妹、这对夫妻、龙猫、猫车、乡间美景、乡间里闲适的生活、孩子般的开怀大笑、音乐。影片让我的灵魂轻松愉悦，却又触动了我内心最柔软的地方，我回忆着童年。或许我能想到的最美好的动画片就是这一部了。,5,力荐,210,0.9999999999951066
2011-12-07 06:32:38,冰胖胖,超级无聊，极其煎熬的八十多分钟观影！两个小孩子咋咋呼呼的快讨厌死了！个人最讨厌的一部吉卜力作品！比平成狸合战差太多了！观影时别有用心的把这部当作那个谣传的恐怖版本来看倒是平添一点小乐趣，但说实在的也一点惊悚感都无！特特罗同学可爱指数一般般！哎~80年代~,1,很差,29,0.9922672785670336
2011-12-09 22:33:58,CobraCB,非常温暖的动画片，引起恐怖猜测的是因为那几个没解释清的情节，毕竟86分钟容量不大，不足以解释清一切。,4,推荐,0,0.8223613708432324
2011-12-25 05:57:27,髦髦,满天星：超级可爱的电影名字，超级可爱的电影，超级可爱的小梅，超级可爱的小月，超级可爱的主题曲，当然还有我们超级可爱邻家的豆豆龙。,5,力荐,1,0.9999651454205212
2012-01-10 18:26:57,Vini_Kazma,作品的可贵之处不在于对真实儿童世界的重塑，而在于宫崎骏借儿童与动画两载体表达了他对于乌托邦世界的向往，趣味童真。--短评《龙猫》『Tas』,4,推荐,114,0.999999971627343
2012-03-06 23:09:42,随心而行,"我也想要只隔壁的多多洛，故事简单，但就是那么天真可爱，动漫又何必那么费脑筋！
10年后国内数码修复再次上映。生活总是先苦后甜，虽然没什么道理，但我们也要积极面对。单纯的小梅，积极的小月，乐观的爸爸，当然还有越胖越讨人欢喜的多多洛。就算大病初愈,也要去影院观摩的大龙猫！2018.12.23",5,力荐,0,0.9999993831706137
2012-03-07 12:44:10,oriyao,原来这部动画拍在出生的那一年，绕过俩轮后又在龙年相遇。睡不着的夜晚，温馨的笑着羡慕着，童话真的存在于相信童话的人心中...还有：我们多久没有像孩子一样大呼小叫了？,5,力荐,1,0.9999992735439732
2012-03-23 14:01:40,星美451,不是这样那样的桥段不再有吸引力，而是我，不再那么容易开心了。我橡果情节的由来&看到龙猫龇牙张嘴，我心中第一个感觉竟然是要吞孩子们到肚子里。。Sigh。,5,力荐,1,0.9946453198022558
2012-03-28 01:15:38,张大毛喝美年达,宫崎骏擅长借助孩子的视线展现一个个充满神奇魅力的世界 引领观众回到充满想象力与梦的童年,5,力荐,1,0.9999999960810146
2012-05-15 22:12:38,vivi,一颗童心回来~ 2018.12.16 大银幕. 重看已是不一样的心境，感动之余竟觉非常感伤。,5,力荐,6,0.9998646279348364
2012-05-15 22:12:38,vivi,一颗童心回来~ 2018.12.16 大银幕. 重看已是不一样的心境，感动之余竟觉非常感伤。,5,力荐,6,0.9998646279348364
2012-05-23 00:55:42,babytears,看见斜眼偷瞄逃跑的小白一定要跟上去！ 童话总是在相信它的人心中真实的存在着，想起来的时候心中就会充满温暖守护的力量。,3,还行,1,0.9999999965940444
2012-05-23 01:32:26,muki,童年的回忆常常像梦境 也许很多事就是我们臆想出来的 只是时间一久便分不清真假 脑海里模模糊糊的印象。都是童年的一部分。,5,力荐,1,0.9999925427296588
2012-05-23 11:46:20,忧郁的菜包子, 小时候看不懂，只记得那个胖胖憨憨的带给人温暖的形象，最近打算再看一次,5,力荐,0,0.9717553619139851
2012-05-23 16:06:22,文森特不再等待,远离城市的繁华，在乡村的田野里上演人与动物之间的友谊，人与人之间的亲情,5,力荐,0,0.999984889784166
2012-06-24 22:04:56,同志亦凡人中文站,何等童趣的想象力！好想要只龙猫啊～（原地打滚）,5,力荐,170,0.7224317895178453
2012-08-03 00:20:19,SydneyCarton,就算犯众怒我也要说，这片真低龄……有龙猫出场时还能看，没龙猫出场时太煎熬了，毫无同感。哥就是没有这所谓的“童心”，怎么地了？,3,还行,32,0.9928822077476368
2012-08-07 15:49:37,朝暮雪,太完美了。如果非要说遗憾，就是《龙猫》上映那年奥斯卡还没有“最佳动画长片奖”。,5,力荐,169,0.9518806924328034
2012-08-13 00:58:06,须弥沙,没有千与千寻的天马行空却足够美好，几乎唤起童年的所有回忆，你看到自己童年的影子了吗？,5,力荐,2,0.9999999706938668
2012-08-27 10:32:18,kerrysun,第四次看这部电影，终于有幸在大银幕上观赏了，算是补上一次欠宫崎骏老爷子的电影票。完美的日本乡村风光，鬼魅却可爱的龙猫家族，虽然带有一丝伤感但更多的是乐观向上的童话故事。天马行空的想象力给这个略不幸的家庭带来了温暖，这就是宫崎骏，他不像高畑勋那样把这个世界展现的残酷到近乎冰冷，他让全世界记住了这只大龙猫。,5,力荐,0,0.9999999999999998
2012-09-04 19:35:59,Yan,最近迷上宫崎骏   呃。。。和吖玫同步了。。。,5,力荐,0,0.93672668766668
2012-09-19 22:16:47,mjxian,如果你在下雨天的车站，遇到被淋湿的妖怪，请把雨伞借给它，你会得到森林的通行证哦,4,推荐,10107,0.976467055057538
2012-09-24 18:18:20,拔剑四顾心茫然,无论你身处哪个阶层，无论你多大年纪，你的心里都住着一个喜欢在下雨天玩泥巴，用荷叶打伞，并且喜欢躺在龙猫的肚子上睡觉的小孩。,5,力荐,4,0.978789673496481
2012-10-07 09:56:35,私房歌,美丽宁静的乡间，可爱神秘的龙猫，，特别喜欢在车站给姐妹俩打伞，陪她们等车的大龙猫。宫崎骏的电影更能让人平静、理智和温和，他用他的温和的教育方式，改变了你我。无论是剧情还是画面都很美，还有童话般的世界，给人一种不愿长大的眷恋！,5,力荐,0,0.9999999999999752
2013-01-28 10:05:01,暴殄天物,宫崎骏的作品多是以一个温馨平凡的故事作为主线 然后加以自己儿时对美好的幻想 将平凡的故事美化 令其超凡脱俗~,5,力荐,0,0.999999992228486
2013-03-28 01:01:00,东都小肥狼,每看必哭，哭得停不下来，却从未清楚明白原因。后来我想，让我哭的可能并不是电影，而是回忆，也许只有像我一样在乡下长大的孩子才会找到最感动的点吧。从来没想过自己的童年会被这样的歌颂，我的童年也是纯净心灵和自然的奇迹。也许我小的时候，也遇上过大龙猫也说不定啊。,5,力荐,1,0.9999999464234516
2013-06-24 11:23:52,滕子京,跳椭圆机的时候分了三次看的。包含了众多真实植物的风景原画和BGM很燃，人物动画不在同一水平。也许期望太高，故事节奏根本抓不住注意力,5,力荐,2,0.999755182578909
2013-07-09 17:09:26,掉线,【B-】宫崎骏总是能触及观众心底最美好的东西，不过看多了有点审美疲劳，还是最爱千寻和幽灵公主,4,推荐,3,0.9999913317453604
2013-08-08 00:28:36,赫恩曼尼,宫崎骏真是个内心柔软的天才。能给这个残酷的世界这么多温暖。龙猫真像童年时的一场梦，长大之后似乎忘记了，突然看见它毛茸茸的身躯，就想起了所有的奢望。这大概就是我们得以在孤独中相互告慰的东西吧。无论怎样，成熟都是一场病，而能够治愈它的，大概只有对这个世界最温存的渴望。,5,力荐,2187,0.9999999999999988
2013-08-22 01:29:31,Augety,看完之后才知道这原本是一个真实的悲伤的故事。但是宫崎骏用很美好的改编隐喻了死亡的结局。不管怎么样，这真的是一部超级温暖的电影。龙猫真的好萌啊！,5,力荐,29,0.9999999999723884
2013-10-19 18:49:00,SHINe,一直想看想看却现在才看，然后发觉自己真的老了，找不到这种故事里的任何点。感人之处在哪里？一直以为龙猫是憨憨的很可爱，但是发现张大嘴的样子能把小孩子吃下去！,3,还行,8,0.982058689150224
2013-11-13 12:37:02,雪·法妮奥,无论年华几何，内心某个角落都要像孩子一样，相信大树底下有呼呼大睡的龙猫，相信房子不见光的角落藏着黑助，相信空中狂奔的大猫巴士引来的阵风。,5,力荐,2,0.999924364079382
2014-03-22 22:06:28,朝闻道,带父母去看了一次龙猫，我想让他们看看日本国民艺术家的作品，让他们听听日本几乎每个孩子都会唱的となりのトトロ，即使他们完全不理解这部片子有什么好看的。国语版也几乎没有任何违和感，十分感动。我一个而立之人了，在电影院里响起片头曲的时候竟然十分感动地眼眶湿润了。樟树从小苗长成大树的时候，浑身鸡皮疙瘩都起来了。,5,力荐,0,0.9999999995914786
2014-05-29 01:25:29,蝌蚪往人,吉卜力第二部作品！无与伦比的杰作，配得上任何赞美。和前两部作品不同，本作非常的日本，连东方也不是，就是日本。温情又寂寞，还有极为克制但是超出前两部太多的想象力。吉卜力一向都不是童年，吉卜力是给那些失去童年的人补上他们残缺的、不完美的、早早远离神性的童年。,5,力荐,7,0.9999999991942764
2014-05-29 01:25:29,蝌蚪往人,吉卜力第二部作品！无与伦比的杰作，配得上任何赞美。和前两部作品不同，本作非常的日本，连东方也不是，就是日本。温情又寂寞，还有极为克制但是超出前两部太多的想象力。吉卜力一向都不是童年，吉卜力是给那些失去童年的人补上他们残缺的、不完美的、早早远离神性的童年。,5,力荐,7,0.9999999991942764
2014-09-04 11:35:30,灰色堡垒,故事特别简单，具有一种适合于各个年龄段观众的魅力。我觉得宫崎骏就像斯皮尔伯格，他们的技术和思考当然很厉害，但最宝贵的还是他们那始终保有的童心。,5,力荐,1,0.9999995717920231
2014-10-22 23:02:36,撒旦的表妹,如果在雨天的车站，看见被淋湿的妖怪，那就借它一把伞，得到森林的通行证，打开魔法之门……,5,力荐,23,0.9505742257533532
2015-02-04 23:35:42,梦里诗书,那憨态可掬的《龙猫》无疑是献给所有孩子最好的惊喜，电影妙于那精简平凡的童话故事里，呈现而出的梦幻世界却足以令每一位观众皆能重拾久违的童心，孩子的梦想总是那么天真纯粹，美与善的交融在宫崎骏的画笔下得以最绝佳的形态。,5,力荐,5,1.0
2015-02-04 23:35:42,梦里诗书,那憨态可掬的《龙猫》无疑是献给所有孩子最好的惊喜，电影妙于那精简平凡的童话故事里，呈现而出的梦幻世界却足以令每一位观众皆能重拾久违的童心，孩子的梦想总是那么天真纯粹，美与善的交融在宫崎骏的画笔下得以最绝佳的形态。,5,力荐,5,1.0
2015-05-25 13:19:01,爱幻想的小孩,醉了：“传说龙猫是个死神，猫车其实是带他们灵魂走的工具，其他人都看不到他们。动画里，河里发现妹妹鞋子后，人物再没画影子。吉卜力也证实了这是真事改编，事实是：一个小妹妹找妈妈失踪，数日后发现被色魔碎尸林中，出去寻找的姐姐也失踪了……”,4,推荐,7,0.999999995680544
2015-08-08 21:02:43,墓岛GRAVELAND,有些莫名的感动，或许是由于萌萌哒的龙猫，亦或许是勾起了一个老男人对于童年的回忆。但是感动归感动，治愈归治愈。影片照样还是有不少bug的，首先，片名叫《龙猫》但龙猫以及龙猫车的戏份非常之少，从头到尾就是两个小女孩在闹，结尾处出现了烂尾。不过看在画面以及的配乐上，给个3星,3,还行,1,0.9999999999125688
2016-02-06 17:10:04,冰红深蓝,"宫崎骏最纯净无邪、恬淡温情的一部作品。没有反角、猜忌、冲突与灾难，即便是""鬼屋""、密林、神怪也都浸染着童趣可人之色。呆萌的龙猫，喜欢水珠落在雨伞上的声音，乘着陀螺起飞，催种子发芽，在树梢上吹橡子。煤炭精灵同[千与千寻]。十脚猫巴士与老鼠车灯。母亲的病也不致命，一切都很美好。（9.0/10）",5,力荐,488,0.999999849276897
2016-05-18 23:04:53,天马星,终于在大银幕得见「龙猫」，除了可爱、治愈、温暖之外，经历人情世故之后，突然回到最简单的影像故事，竟然不知所措，想一想越发觉得苦涩，我想有苦有甜，简单的故事里透着复杂的情绪，也算是宫崎骏电影的独特之处。 @2016-05-18 23:04:53,5,力荐,5,0.9999999998358982
2016-07-06 00:00:20,字母君,强行说这是个黑童话的人内心是有多黑暗……,4,推荐,25,0.9948444240830604
2016-09-02 02:46:03,A L E X,故事也没有发生什么大事件，但人们就是爱，就是这么魔性,5,力荐,10,0.9022678949718174
2016-09-02 02:46:03,A L E X,故事也没有发生什么大事件，但人们就是爱，就是这么魔性,5,力荐,10,0.9022678949718174
2016-10-31 10:41:04,momo,我也想要个龙猫当宠物，公交车好可爱。,5,力荐,76,0.9892276540054196
2016-11-12 16:09:18,yocofcjx28,连我女儿都非常喜欢，母女一起看！！,5,力荐,27,0.951727959382076
2016-12-31 10:39:00,登对,那辆公车好可爱  原来片尾曲就是从小听到大的多多洛！,4,推荐,16,0.8659218964897054
2017-01-03 11:22:21,豆瓣酱,龙猫太萌太可爱了，童年那份纯真美好的回忆真的太好了，记得小时候看的时候也好想要一只这样的宠物啊,3,还行,23,0.9999989960379436
2017-02-04 23:22:30,Simple•生,再也看不到如此美好如此纯真如此治愈的动画了，看着看着，嘴角忍不住微笑，眼角忍不住掉泪。一望无际的田野，别有洞天的森林，朴素的爷爷奶奶，无忧无虑的奔跑喊叫，美好的童年本该如此。愿人人保有天真的龙猫幻想，播下的种子总有天会长成参天大树。,5,力荐,12,0.999999999993747
2017-02-07 16:41:28,幕天席地,最喜爱的一部宫崎骏系列，沒有之一，如果可以的话想打100分，画面依旧细腻柔软写实就不说了，姐妹俩为久病的母亲所做的一切让人感动，胖嘟嘟的龙猫也让人心生欢喜，日本田园风光让人向往,5,力荐,15,0.9999999923162712
2017-02-07 16:41:28,幕天席地,最喜爱的一部宫崎骏系列，沒有之一，如果可以的话想打100分，画面依旧细腻柔软写实就不说了，姐妹俩为久病的母亲所做的一切让人感动，胖嘟嘟的龙猫也让人心生欢喜，日本田园风光让人向往,5,力荐,15,0.9999999923162712
2017-02-11 18:20:35,倩倩啦啦啦,每个人心里都有一个美好的幻想与童话,5,力荐,14,0.9993454659897916
2017-02-14 09:49:02,卡比巴拉的海,生活坏到一定程度就会好起来因为他无法更坏 努力过后才知道许多事情 坚持坚持，就过来了,4,推荐,39,0.2262965808736571
2017-02-15 23:10:43,小川   靜,"宮崎駿最讓人印象深刻的動畫,可愛的妹妹,呆萌的龍貓,朗朗上口的主題曲....一部成功的卡通.",5,力荐,5,0.9973179257046184
2017-03-04 09:57:40,铃儿响叮当,虽然是宫崎骏的电影，但龙猫影响却比这部剧本身还出名，龙猫周边真是到处都是啊！,3,还行,16,0.998366039049132
2017-03-04 16:37:15,花落  思量错,认识一个四十几岁的姐姐看了这么多年了还在看，足见这部剧并不是只给青少年看的，温情满满的画面，两个勇敢又懂事的女孩，一个大而萌的龙猫，友善的乡邻，认真负责的父亲，让人向往的世界。,5,力荐,176,0.9999999983905
2017-03-06 22:37:48,Queenside,龙猫无论什么时候看心情都会好起来，电影里最喜欢的场景是小女孩躺在龙猫的肚子上睡觉💤，一定很舒服吧，除了龙猫之外最喜欢的是房子里的煤球精，黑乎乎的有种奇异的萌感，他们一起飞上天空的时候的那段音乐真的非常好听和治愈😃,5,力荐,8,0.9999868809300586
2017-03-06 22:37:48,Queenside,龙猫无论什么时候看心情都会好起来，电影里最喜欢的场景是小女孩躺在龙猫的肚子上睡觉💤，一定很舒服吧，除了龙猫之外最喜欢的是房子里的煤球精，黑乎乎的有种奇异的萌感，他们一起飞上天空的时候的那段音乐真的非常好听和治愈😃,5,力荐,8,0.9999868809300586
2017-03-20 15:07:47,薄荷,《龙猫》又是一次宫崎骏与久石让完美无瑕的合作。影片风格清新恬淡充裕着浓浓的亲情让人感觉如沐春风，配乐音色甜美清澈明亮两者相结合使得整个片子充满了童真活泼动人。,5,力荐,4,0.9999999934174586
2017-03-21 12:29:44,炫3D,宫崎骏的动漫，部部经典，各自饱含深意。,4,推荐,15,0.9945703806810504
2017-04-15 09:43:34,默默的蘑菇,太太太温暖，太太太治愈了，太太太喜欢宫崎骏了。,4,推荐,7,0.978217826949272
2017-04-15 22:20:31,纯羊,心如果任性跳，青春永存不老。我们偶尔会被现实所累，我们偶尔会被现实折磨，可是我们也能固守一个内心花园，这个花园里，有夏天里的第一口西瓜，大树上第一声蝉鸣，有荷叶上第一滴雨水，有龙猫，陪你躲在树下，躺在林里，享受最该享受，最舒服惬意的生活。,4,推荐,2,0.9999999999975456
2017-04-29 07:36:26,某四,一派纯真，连个坏人都没有，看完觉得自己只有五岁。如果能遇到龙猫巴士，我想去看看小时候跟我一块儿包橡皮泥饺子滋蚂蚁洞的蓝丽丽……,5,力荐,70,0.9892445146961362
2017-05-03 14:24:31,蓝下老婆,好可爱的龙猫*^o^*,4,推荐,8,0.8547850745169147
2017-08-07 20:46:43,归安,永远的梦，很温馨,5,力荐,7,0.975277022473863
2017-11-14 09:44:50,遇见彩虹🌈,很温情的故事，孩子看中的世界，这才是童话。孩子意外的很喜欢煤灰精灵。,5,力荐,94,0.9999995093112816
2018-01-11 12:22:54,傻白甜,最喜欢的一部动漫 其实没有什么大的冲突点 整个就很平淡叙述 但一点也不会觉得无聊 看的很入迷 龙猫也超萌的  也看过很多遍 每看一次就又喜欢多一点,5,力荐,386,0.9617601824945412
2018-01-12 02:21:32,塔塔君Minkun,印象中这是我有记忆以来看的第一部动画，如今还能从中挖掘不为人知的故事：为何皋月会剪短头发？为何勘助爱使坏？为何小梅会产生找妈妈的念头？……我也发现了皋月和小梅大多数在晕晕乎乎的时候才会看见这些生物这个秘密，就像白日梦一样，很是伤感。,5,力荐,5,0.9999999984265742
2018-01-12 02:21:32,塔塔君Minkun,印象中这是我有记忆以来看的第一部动画，如今还能从中挖掘不为人知的故事：为何皋月会剪短头发？为何勘助爱使坏？为何小梅会产生找妈妈的念头？……我也发现了皋月和小梅大多数在晕晕乎乎的时候才会看见这些生物这个秘密，就像白日梦一样，很是伤感。,5,力荐,5,0.9999999984265742
2018-01-16 09:20:02,。,可爱的梅，可爱的龙猫，可爱的月，可爱的故事😘,4,推荐,134,0.9993605060686548
2018-03-07 08:54:25,酒鬼一家小迷妹,美好的童年美好的回忆，从此喜欢上了龙猫。,5,力荐,54,0.9999243697757292
2018-03-15 20:59:53,绿川的猫,非常喜欢的一部，小清新的风格，可爱色姐妹俩，场景清新优美，重要的是，我也想要一只多多洛。,5,力荐,52,0.9994737326201396
2018-03-15 23:42:06,柠檬味的猫,超级暖心的动漫，保持纯真，就有爱,5,力荐,26,0.9451493164013826
2018-03-19 17:34:09,碧绿色的河,宫崎骏的电影从不会让人失望，很治愈,5,力荐,34,0.9799185689239136
2018-03-19 18:22:55,👹天神的审判,虽然故事很平淡，但是很温暖很治愈系，估计只有天真善良的孩子才能看见龙猫吧，因为它是爱神，它帮助小月找到了她的妹妹，太温暖了，里面的小梅太调皮了但是真的好可爱啊！,4,推荐,98,0.9999998042645468
2018-03-25 08:58:25,夕梨,童话人内心美好梦想及希望的存在，简单但能触碰心灵温暖治愈,4,推荐,36,0.999988566939262
2018-04-02 22:30:06,熊扑奶团、,童真，永远是那么地美好。就像是蓝天里的白云，就像是和龙猫初次相遇，就像是那几粒小小的、载着希望的种子，这点点滴滴，这一切的一切，也许只是我们儿时的美丽梦境，但它纯真，倒映出了我们美好的心声，充满了期待、希望和惊喜。,4,推荐,6,0.9999999997481184
2018-04-02 22:52:52,偏要勉强,简简单单的故事却让人感到那么温暖，宫崎骏大师经典作品。好想养一只龙猫啊。,5,力荐,39,0.9999934482756382
2018-04-03 00:13:31,一蓑烟雨任平生,龙猫是一只很萌的动物，宫崎骏的动漫都是有口皆碑的，创造的角色也是非常经典。,4,推荐,10,0.9996885924605734
2018-04-03 00:43:37,荔枝蜜薄荷苏打,想做一个梦，梦里有一棵大树，梦里有一只龙猫。,5,力荐,26,0.9999587848616508
2018-04-03 11:49:26,雪里花蕾,小月，小梅的童心让人羡慕。龙猫虽然叫声有点吓人，笑声有点诡异，但很善良。这故事很生活化,5,力荐,21,0.9999932002987536
2018-04-03 15:11:50,纸飞机,宫崎骏经典的暖心之作，名符其实，大爱！,4,推荐,10,0.981721910630991
2018-04-03 17:23:03,bekey,希望我们迷失方向和失魂落魄的时候，都能有一只龙猫相伴左右，哪怕只是远远的看着也好啊！喜欢龙猫的这种温暖陪伴，专门代购了龙猫毛巾，每天洗脸都能看到，就当给自己搭建的乌托邦吧！,5,力荐,168,0.9998270137798164
2018-04-03 17:38:54,穿过肉身的痛,至今难忘，神奇色彩，温馨的家庭，儿童玄幻的快乐！满足了那缺失的神奇，没有什么惊吓，非常的温情！很好看的动漫，儿童必看！,5,力荐,10,0.999999287541538
2018-04-03 17:39:09,哈哈哈啊啊啊,小男孩骑自行车的方式我也经历过哎，可是女孩子们都不小了确定还要跟爸爸一起洗澡🛀🏻吗？我们对亲人的爱就是那么浓烈和温暖。愿每个孩子的心里都住着一只龙猫，有希望有美好。,5,力荐,42,0.9999500109297224
2018-04-03 18:38:31,一起吃地瓜,宫崎骏的电影总是温暖治愈。剧情和画面都很美，给孩子一个美好的童话世界，大人看了也很向往。,5,力荐,61,0.9999999957903656
2018-04-03 18:47:28,媛媛,孩童天真烂漫，大人能够做到对孩子充分理解和包容，淳朴风土人情，热心助人的邻居每一处都融洽和谐！！,5,力荐,14,0.9998723012170886
2018-04-03 19:26:11,小晗要当锦鲤,"大龙猫，
拥有神奇的力量，
带你领略不一样的风景。
是真诚的陪伴，
也是困境中的伙伴。
当多多洛的音乐响起时，
心都化了。
一部特别适合在睡前看的电影，
然后，
期待龙猫入梦来。 
",4,推荐,33,0.9999999999400008
2018-04-03 19:27:16,biang,为什么会那么喜欢龙猫呢，因为宫崎骏给了小孩纸一个可以幻想的童年，也给了成年人一怀念童年的机会,4,推荐,27,0.9999998243539994
2018-04-04 11:53:35,纤指十三,愿每个人心中都有一个龙猫。（梦里）,4,推荐,40,0.9603618015621554
2018-04-04 12:01:02,焰熠,只有纯粹的孩子才能看见龙猫。愿每个人的心里都有一份纯真,4,推荐,46,0.97092420560319
2018-04-04 12:46:49,花衬衫,宫崎骏的电影总是带着美好，让人心生向往。,5,力荐,18,0.999149856624532
2018-04-04 15:56:40,月是故乡明,故事中的孩子天真烂漫，更可贵的是，大人能够做到对孩子充分的理解和包容，当两个孩子告诉大人自己看到龙猫后，都是选择相信，而不是以大人的视觉来给予否定。,5,力荐,50,0.9999999211321976
2018-04-04 20:00:08,乔治,宫崎骏的每部都好喜欢看，龙猫也没有令人失望。很温暖治愈，很棒,5,力荐,24,0.9994589435365372
2018-04-04 22:18:32,ceci🍰,龙猫也是很萌了，宫崎骏的电影总是那么温暖治愈，愿自己能一直拥有一颗不失童真的心。,5,力荐,25,0.999979698108681
2018-04-05 07:45:54,七七,保持童心，看这类电影真的觉得很美好，也想要一只这样的龙猫！,4,推荐,19,0.9978040578522376
2018-04-05 09:48:52,豆友149131135,宫崎骏经典的暖心动漫，龙猫呆萌可爱，好喜欢龙猫温暖的陪伴！,4,推荐,8,0.9999999388310784
2018-04-05 22:14:06,萌宠小坏坏,故事中的孩童天真烂漫，更可贵的是，大人能够对孩子充分的包容，不会对大人的视角去否定孩子们的眼睛里的世界,5,力荐,18,0.9999988249787186
2018-04-06 10:58:08,霜寒,大人能包容理解孩子，孩子迷路时能遇到一只龙猫。这只龙猫憨态可掬，温顺善良，也象征着人们对美好的追求。影片处处充满着宁静平和的乡野生活，迤逦的自然风光，这也是生活中另一种美好，毕竟生活应该向前看。,4,推荐,7,0.9999999999816008
2018-04-06 19:40:05,春风不解意,当你无法再拥有的时候，你唯一能做的就是不要再忘记。,5,力荐,75,0.8710442830622703
2018-04-06 22:34:36,不想喝纯牛奶,蛮有意思的，戳到了心。,4,推荐,7,0.8661650103815318
2018-04-07 18:45:43,小十三,每个人心中都有一个只有自己认识的龙猫吧，那是童年的陪伴，是孤独时的温暖，导演很有情怀啊，才能拍出这么温暖的故事,5,力荐,24,0.9999999938948552
2018-04-07 22:17:21,尽人事，听天命,龙猫太可爱了。说实话，日本的动画片确实挺不错的,4,推荐,5,0.988533814647603
2018-04-07 23:47:05,豆辛瓜辛,迷人的自然风光，山林河流稻田。打闹的孩童热心的乡邻，处处洋溢着一种温情，分外动人。,5,力荐,24,0.9999998428188503
2018-04-08 09:13:33,东篱,生活坏到一定程度就会好起来，因为它无法更坏。努力过后，才知道许多事情，坚持坚持，就过来了。,5,力荐,51,0.3333577143560654
2018-05-17 22:03:53,听风是雨,日本漫画总能找到很打动人心的点，挺喜欢的,5,力荐,4,0.9996821956887548
2018-05-17 22:39:39,赤练的老公,为宫崎骏大大打电话。可爱的龙猫，好想养一个。,5,力荐,9,0.5054034010621467
2018-05-17 22:39:39,赤练的老公,为宫崎骏大大打电话。可爱的龙猫，好想养一个。,5,力荐,9,0.5054034010621467
2018-05-17 23:53:58,呆萌小七,龙猫好可爱，我也奢望有一只龙猫,4,推荐,8,0.9695191032232592
2018-07-23 09:17:25,橘猫爱吃鱼,童年、纯真，充满想像力，很有意境的动漫。,5,力荐,5,0.9985467040068514
2018-11-11 17:51:18,汪金卫,【台北金马影展展映】刚看完《萤火虫之墓》心情还未平复。马上看这部，落差实在太大。这部只是一个天真烂漫、简单温暖、如梦似幻、富有童真童趣的童话故事。看不到深度，也未觉治愈。也不觉得音乐比久石让的其他作品动听。究竟为何能成为经典呢？Totoro换成哥斯拉或克苏鲁（《南方公园》）也OK吗？,3,还行,14,0.999999943070446
2018-12-10 22:16:37,艾晨,电影院重看。上次标注2008-05-24。,5,力荐,6,0.1966388006212738
2018-12-12 03:55:26,地头豆虫,我终于来撸“龙猫”啦。需要加水才能压出水的井，父辈们带大梁的自行车，还有那慈祥的身影……童年原来那么美好。,4,推荐,4,0.9991917343433612
2018-12-12 17:07:14,傻乐的猫,医院怎么会因为感冒就发电报呢?其实是个凄凉的故事啊。,4,推荐,2,0.6630884686967147
2018-12-14 12:20:35,寒枝雀静,B＋/ #大银幕二刷#略略降一点吧，但还是太好看了。非常无头无尾的故事，保持时间感延绵开放的同时悉心维系起内部的通透性。梦境与现实的界线存在但却完全没有被勾勒，以至于不需要“虚实交错”的论断来定义而只有此刻坦荡的真实本身。之前完全没注意到开头如此鬼宅恐怖片的设定以及对女性生命力极为突出的描摹。女孩仿佛是来自城市的精灵，对乡村的神怪阴影进行祛魅又完全沉浸其中，依靠童话的仪式完成新的人与自然关系构建（生长的橡树丛实在是太像蘑菇云了），完美平衡共存的梦幻图景啊。,5,力荐,36,0.9999999999997232
2018-12-14 13:23:57,欢乐分裂,#重看#4.5；历经整12年的回温依然感动满怀，经典作品无惧时光的损耗，历久弥新。年初《千与千寻》，年尾《龙猫》，于是一年就这样结束了，电影定义、标注、界定了我们的生活。满目苍翠的山居岁月，一派静谧悠然，蝉鸣林静，蛙声鼓噪，童年天性得到尽情释放，灵动美妙的配乐响起，在璀璨星空下翱翔于家园上方，简直是最梦幻最美好的事；日常细节铺设得温暖而真切自然，雨滴落在鼻子的滴答声，窗台上摆满的花，远远望见父母言笑晏晏，恻然而泪目。跨越人类现实界限的龙猫是童真与良善的守护者，唯有不带尘俗杂念的纯良心灵才有机会与之相遇，精灵与人类共生恰是宫崎骏一以贯之的核心理念，在这片如桃花源般的理想净土上，亲情与友情焕发着纯粹的光芒，即使生活长河多遇艰难险阻，他们凭着爱与希望，向善与坚强，走出黑暗泥淖，迎向新生的太阳。,5,力荐,141,1.0
2018-12-14 14:41:35,黄悦_,拖拖拉拉的80多分钟。,2,较差,10,0.3528880928281064
2018-12-14 16:33:20,芜城,😭宫崎骏实在是太善良了，然而我已经变成无可救药的大人了……看到トトロ带着他们生树飞天吹埙的时候，泪水在渺远悠旷的配乐中夺眶而出……但感触最深的居然是小月寻找走丢的小梅时的彷徨失措，不会有大龙猫和猫猫车从天而降来帮助我寻回丢失之物的……大概只有小朋友才配得到如此纯善的救赎吧,5,力荐,9,0.9999996442845271
2018-12-14 20:25:46,流心雀,多年前第一次和家裡的小表妹一起擠在電視機前捧腹大笑的時刻，今天和友人一起在影院看龍貓毛茸茸的大肚皮擠滿整個銀幕的時刻，交匯在一起變成眼淚止不住的時刻。看完還是有點斷片，突然想起有一次的夢境是『在電影院看龍貓看到哭』沒想到成真了啊wwwww(´°̥̥̥̥̥̥̥̥ω°̥̥̥̥̥̥̥̥｀)wwwww,5,力荐,6,0.0962180757708951
2018-12-14 21:30:24,木卫二,因为缺少重看的观影经历，又被那套网络上的都市传说所影响（已辟谣），一直在疑心，年少时，是不是真有遗漏掉关键信息。得益于二十年后的重映，大银幕上重温，依然觉得是个单纯无比、被孩童想象所充盈和浇筑的成长故事。里面有美化过后，昭和年间的田园风貌回忆。樟树王、老房子、水稻田、乡间小路和巴士车。 小孩子能看见龙猫，自然是关于童心无邪。除了制造人类与大自然的连接，更多是因为，小孩子才能看见美好、已经失去的东西（考虑到电影制作于昭和最后一年），无论是乡村，还是不存在的，被美化提炼的幸福回忆。 《龙猫》的恐惧，止于小孩子对黑暗的想象（无人空屋、林中深处和天黑落雨）。其实，如果有童年在乡下成长经验的影迷朋友，应该很容易理解由孤独所引发的心理感受，需要灯光、温暖暖、家庭与人群所围绕。,5,力荐,535,1.0
2018-12-14 22:51:27,游牧人·芳汀,#电影院#【耶稣便叫一个小孩子来，使他站在他们当中，说“我实在告诉你们：你们若不回转，变成小孩子的样式，断不得进天国。”】同样的，如果心中没有那份相信，那份纯真，是不会见到龙猫和龙猫巴士的。,4,推荐,4,0.9986919761862912
2018-12-14 23:12:09,巴塔森梨,从小到大看过许多遍，但能在大屏幕看到重映还是有一瞬间热泪盈眶。totoro对我而言也许是儿时一个无法被沾染的梦吧，一个能让我整颗心都欢快柔软起来的梦，缤纷了我孩提时的每个小角落，飞扬了无数我对于这个世界的温柔想象。布满尘埃的黑暗里住着的不是吃人的妖怪而是烦恼着搬家的灰尘精灵，草丛里也许偶尔就会路过只有小孩子才能看见的totoro，像毛茸茸的团子一样蹦哒，背着一袋子闪着光泽的橡果子。它的神奇之处在于为孩子们把世界上阴暗的房间都幻化成藏匿精灵的童话，把草丛与树洞都转变为美妙的秘密，让每一颗初来乍到的好奇的童心，都对这世界怀揣上最纯净无暇的憧憬与热爱。,5,力荐,4,0.9999999999999972
2018-12-15 20:32:13,旧书君,满载物什的搬家小车、急忙跑进缝隙的灰尘精灵、沾满煤灰的脚丫和双手，连小水洼里游动的蝌蚪、龙猫撑伞从树枝上抖落下来的雨滴、姐姐在田坝上跑动时夕阳拉长的影子都让人触动不已。宫老说他拍龙猫的初衷是为了让人想起那些被遗忘的事物。今日在大银幕上看吉卜力，感觉像是做梦。,4,推荐,12,0.9999999998549024
2018-12-15 20:52:47,基瑞尔,煤虫虫、灰尘精灵、大猫巴士、一起迎接树木生长的舞蹈...片中爸爸对于小梅第一次说看到龙猫的态度，不是立刻的否认和斥责；而是坚信这片树林有着值得父女三人尊敬的地方。当平成也悄悄终结，对于昭和时代恬静悠然的日子、邻里之间的关爱尊敬，变得更加珍贵和难忘。起飞的龙猫就是对旧日好时光的告别。,5,力荐,17,0.9999999999366472
2018-12-15 22:37:30,胖达叔,与老婆及其闺蜜夫妻带着各自的孩子，一时兴起，去看了龙猫。突然想起，可能是日语咋整，硬着头皮上，位子买的靠走廊，如果他们看不下去，立马走人。可没想到两个孩子，一个两岁，一个三岁都安安静静地看完了人生当中第一场院线电影。,5,力荐,16,0.9999985950826772
2018-12-16 10:14:57,唐朝,影院里来的都是大人带小孩，我以为他们都没有看过，但其实他们对剧情非常熟悉，“龙猫要出来了”、“她掉到龙猫肚子上了”，第一次觉得影院里小孩叽叽喳喳也不讨厌，这本就是属于他们的故事。疾病是大人的，田野、小桥、鬼屋、龙猫、喵车、玉米、参天大树等等，那些是给童心未眠的人的。即便童心已眠，随着小孩的视角，音乐响起时，也是能让人心有所动。,5,力荐,3,0.9999978034953864
2018-12-16 10:14:57,唐朝,影院里来的都是大人带小孩，我以为他们都没有看过，但其实他们对剧情非常熟悉，“龙猫要出来了”、“她掉到龙猫肚子上了”，第一次觉得影院里小孩叽叽喳喳也不讨厌，这本就是属于他们的故事。疾病是大人的，田野、小桥、鬼屋、龙猫、喵车、玉米、参天大树等等，那些是给童心未眠的人的。即便童心已眠，随着小孩的视角，音乐响起时，也是能让人心有所动。,5,力荐,3,0.9999978034953864
2018-12-16 18:52:31,西楼尘,我的个子矮到还骑不上单车，却能在森林里钻洞。我种的橡果小到还来不及发芽，却能在夜晚时参天。住进破旧的鬼屋会有精灵，吃了早饭还是很快就会想吃便当，树叶滴下的雨水和普通雨水完全不同。我还知道怪物在哪里等车，何时吹笛，它会带我飞到天上，载我去见想念的人。而这些秘密，大人们统统都不知道。,3,还行,210,0.9999944800520676
2018-12-16 23:35:49,张大水,1.历久弥新，想在影院重看所有宫崎骏。2.仔细看了雨的那几场戏，关于雨的画法从这部到后来的《言叶之庭》到现在的《恋如雨止》能看到技术慢慢在进步，意蕴却一脉相承，往前追溯似乎可以追到歌川广重的浮世绘上雨的画法。3.医院日历上六月是紫阳花，八月是向日葵，喜欢这些细节。,5,力荐,8,0.999970220459004
2018-12-16 23:47:29,Η²,战败后，经济复苏的时期，大家都过着节衣缩食的生活，然而人与人之间的感情在此时显得弥足珍贵。简单的故事，却教会两个女儿坚强、勇敢，热爱自然，注重亲情，相信美好的事物终会发生，幻象其实是在苦难中的烛光般温暖人心。很神奇的一件事，这是我第一次完整的看，尽管我多么喜欢宫崎骏，看过他的其他大部分，之前一直觉得会在某个时候认真来看，冥冥中的感觉，终于等到重映。邻座的00后已看睡着，场内和我同时笑出声的是几个孩子和他们的母亲。与小魔女的类似，琦琦和小月躺着的忧郁时刻心生怜惜，暖心给予帮助的老奶奶，最后的圆满结局，感动我的不是画面不是配乐，是宫崎骏内心能透过人物表达的不老童心。日本没有动画会是多么黯淡无光，日本没有宫崎骏对战争与历史及其当时的人情冷暖的记录会少很多记忆。感恩文化的结识。 2018.12.16 H2,5,力荐,1,1.0
2018-12-17 22:50:32,Aesthetic Mass,{★★★★} 三年前，我在看头脑特工队时泪流不止；三年后，我在电影院看龙猫时还是没能逃过一劫--但龙猫的震撼，不仅来自于纯真，更来自于它简洁悠然的风格线条，而这，是皮克斯欲学而不得的。场景寥寥可数，但每一个都散发出乡间真实的清新与芬芳；这时两位主人公还相信全世界都是她们的朋友，而最大的愿望不过是多看几眼母亲的面容。多年以来，它一直在询问我们三个问题：一，是我们曾经是否都和小月与小梅一样；二，是我们现在为什么和她们不一样；三，我们还看得见龙猫吗？我有我的答案，希望你也有你的。,5,力荐,17,0.999999999999823
2018-12-20 21:49:28,祝羽捷,"虽然一直在大笑鼻子却酸得不得了，故事里子是一个悲伤的故事，母亲重病，父亲卖房交医药费，家庭贫困搬到乡下破败的房子里，见不到母亲的小梅走失。

可是故事叙事视角是看得见奇异世界的小梅，苍天大树，有蝌蚪的纯净小溪，青蛙，松果，绿草地，会来帮忙的邻居奶奶，叫你一起上学的女同学，还有毛茸茸的大龙猫和它召唤既来、带你去任何地方的猫出租车！

为什么只有姐妹俩能看到龙猫，一开始甚至连姐姐也找不到那棵树洞的入口，可能只有小梅就是从一开始相信世界上有奇迹，相信世界上存在我们看不到的精灵。

宫崎骏用伟大的童真视角告诉我们，人生不易，我们更不应该费尽思量，无所不用其极地丑化生命，让世界更为复杂。心中住着童年，闭上眼睛可以听到大自然的音乐，睁开眼可以见到龙猫。",5,力荐,89,1.0
2018-12-20 23:46:33,Y2K-nostalgia,宫崎骏最适合儿童观看的一部，纯粹的“真善美”，绝对的正向引导。比神性更值得赞叹的，是宫崎骏对神性视觉化的能力。人可以在神的肚皮上睡觉，这在中国文化里无法想象。,4,推荐,8,0.9999994491237804
2018-12-21 14:46:58,喻鸣,平成末年重温这部昭和末年的经典动画，依然被其单纯无比的童趣和温暖人心的情意打动。咧嘴憨笑爱打瞌睡的软萌龙猫，来去如风的灰尘精灵，天马行空的小猫巴士，一夜拔地而起的樟树……只要心中还住着龙猫，童年就不会消失。20181215大银幕重温。,4,推荐,4,0.9999999999998708
2018-12-24 08:32:06,王大盆,趴在龙猫肚子上睡觉成了我一生无法忘却的梦想,4,推荐,7,0.6410019611781328
2018-12-28 14:31:22,空想特摄兔男郎,其实我一直都不欠宫崎骏电影票，毕竟90年代的时候就进电影院看过风之谷了。龙猫是我十几岁中二的年纪时看的，当时没有特别喜欢，觉得太低幼，还是幽灵公主这种好看（不过我大学时的闹钟铃声一直设的是龙猫的散步进行曲）。这次是带着小朋友看，发现时过境迁，尽管片中没有宏大的主题复杂的剧情，也没精彩的冲突和战斗的场面，但是单单就那份纯真便非常动人。日本八百万神明及妖怪的世界观，本质上就是如何和自然相处的世界观。神明和妖怪都是自然的化身，与自然为友，自然也待你如友，与之为敌，自然也待你为敌。,5,力荐,5,0.999999999696512
2018-12-31 14:53:12,小药水,小时候看的忘差不多了，现在再看觉得最好的部分是爸爸没有说小朋友胡说八道，而是森林里的精灵不是每次都能看到，需要机缘。音乐真好。,4,推荐,5,0.9951621722513514
2018-12-31 20:29:29,Bla©kie,“爸爸”一角显然是导演的自我投射，而“爸爸”这种一边住在乡下一边又在东大考古系工作的生活，则是知识分子想象中的典型人参赢家，既可维持高雅体面的学术生涯及社会地位，又可享受“悠然见龙猫”的田园情怀，既不用受稼穑劳作之累，又能跟人民“打成一片”。整部片子满溢的天真童趣、万物有灵的神道哲学、和睦的乡野秩序、充实的自然之趣其实都带有东亚（受过西式教育的）儒家知识分子的审视与乌托邦想象。而30年后作为中老年人在大屏幕再次体会这引起极度舒适的田园乌托邦的种种细节，觉得不光小月小梅是“完美儿童”的幻影，“爸爸”一角终究也是“完美成年人”的幻影。我们面对“爸爸”这样一群活在记忆光晕中的老友，大概就是苏轼那封《归安丘园》的心情：“归安丘园，早岁共有此意，公独先获其渐，岂胜企羡。但恐世缘已深，未知果脱否尔？”,5,力荐,3,1.0
2019-01-03 22:23:57,seabisuit,第一次看试着把自己变为儿童琢磨为何我闺女会说害怕，是鬼屋不那么真实庞然大物的托托罗还是鬼魅的猫车小精灵，都不是这些幻想明明很可爱的嘛，直到熟悉的片尾曲响起一下恍然大悟把自己真的穿越到小时候，我到底看没看过这部动画，那些恐惧原来就是母亲的得病父亲的劳累，没有陪伴遭受责备，而龙猫就是所有这些父母愧疚而担忧的给小朋友成长带来的安慰，宫崎骏也通过电影让我体验了从孩子到家长的双重感受，久石让的配乐丰富的声效美术细节仿佛回到某个下雨的夏天在田间奔跑探险。百老汇重映修复版。,5,力荐,4,1.0
2019-01-03 22:34:25,左胸上的吸盘,隔13年二刷。简单到干瘪的一部片子。是吉卜力诸套路的低配展示，同样是儿童切入奇幻世界的设定，但在剧情上几无矛盾起伏，亦无场面的营造，黑球小怪物和龙猫的引入也很随意甚至僵硬。宫崎骏在这里没有大张旗鼓的宣扬自然主义，它也没有埋设借物少女里那种阶级教化的暗雷，它是一种纯粹童话感的神秘主义抒发，捎带在找妹妹的戏份里展示了多腿猫公交的奇观，这不是一部依附逻辑的片子、制作上也不精致（画风可能更偏向《聪明的一休》而非吉卜力），它旨在响应某种对乡土神秘主义的共情，此外，看上去浑身蛮力的小妹妹算是一个写立体了的角色，其它人物则面目不清，和影片的主张也没什么互动和背反，整体寡淡如水，但放在散文体电影里来考察的话，如前述，制作程度上的欠缺又少了感染力,2,较差,53,1.0
2019-03-01 20:39:40,超级英雄发骚友,来到豆瓣关于“龙猫”的条目看到上映年代，让我吃惊了...原来是上世纪80年代的作品，在动画电影这一块，中国大陆到底与岛国有着怎样的差距？一个简单的故事，套上神灵的外壳，居然讲述了一个如此之感人的温馨治愈作品，画风让人看得非常舒服，可略窥时代之久远，故事非常干净，无论是里头的场景还是人物都描绘出了人类对美好的终极向往，甚至乎神灵也是通识人性的，龙猫似乎代表了人类对未知事物的一种美好向往，它能让人类变得更加出色，没有怪力乱神那种恶心的庸俗展示，实在是为人所惊叹，宫崎骏确实是一位相当优秀的动画导演，日本未来估计不会容易出现与其相争的后辈。,5,力荐,1,1.0
2019-07-09 13:49:23,Muto,倘若《千与千寻》是宫崎骏技 / 艺上的巅峰，那么静如处子动如脱兔的《龙猫》便是他风雨不改的初心。没有讳莫如深的隐喻，也没有嫉恶如仇的批判，这部大道至简清沁肺腑的杰作回到动画电影的原本使命：赞美想象与童真。为此我们认识了令人惊奇的煤球精灵与令人不解的父女混浴，看到了流泪的伞，还有以梦为马的猫。是啊，好像在做梦，可是不是梦——看着那株拔地而起的参天古树真是让人泪如雨下啊。,5,力荐,5,0.9999999999999998
2019-07-31 01:12:36,高詩遠,几天前学布尔运算就画了个龙猫，凑巧没看过就来补补。大夏天看这个是真的清爽，回到当初那个纯真的年代，感受原始质朴的生活。妹妹追小龙猫的那段让我想到了《爱丽丝梦游仙境》，龙猫太可爱了，虽然我不知道这个角色到底有什么太多的意义，就是把这部片子整成个玄幻的。配乐是这个电影的灵魂，开头刚到新家的时候，把配乐换成惊悚的，肯定很有恐怖的气氛。还有我看的是日文版的，那个爸爸的配音，让我感觉这个爸爸中气不足。,3,还行,2,0.9999999999559536
2019-12-19 15:55:36,彩心之境,"A+。喜欢宫崎骏描绘的梦，每次看他的动画都会觉得温暖治愈，即使故事里的主角正在经历伤心事，悲伤的时候一定会有“精灵”出现。
纯真的孩子可以看见龙猫，可以趴在它毛茸茸的肚皮上睡觉，可以在下雨天一起撑伞等巴士车，可以在月光下和它站在最高的树。整部电影就像是关于种子发芽的香甜的梦，在想念妈妈的日子里因为龙猫的陪伴变得神奇美好。
因为太美好，所以可以忽略电影剧本某些情节的缺失。",5,力荐,2,1.0
2020-03-26 23:23:08,川島由紀夫,"《龙猫》的轻松愉悦的基调和《蜂巢幽灵》的晦涩荒凉貌似不相及，但宫崎骏本人在其自述著作《出发点》中承认，《龙猫》是《蜂巢幽灵》的某种变奏，姐妹与神灵的设定一脉相承，隐秘的牵出了宫崎骏作品中的自然崇拜，和潜藏在他作品中的欧洲史和凯尔特神话。
对于宫崎骏来说，《蜂巢幽灵》说的是丧失童年的残忍。看完《蜂巢幽灵》后，宫崎骏称赞它“是一部了不起的电影”。
而他在《龙猫》里要做的，就是延续童年对幻想的感受与信任。

",4,推荐,1,1.0
2021-01-03 11:43:23,海桓,一个没有明显戏剧冲突的故事 感觉很温暖 人类都曾经是孩子 能看见龙猫,5,力荐,13,0.9999915274223378
2021-01-17 02:12:21,梦幻恒王,"刚看完《龙猫》，这就是龙猫吗😀，宫老爷子的动漫真的是有一股魔力啊，真好。

一部排名前三十的动漫只走进一部分人的心里是不够的，只有像这部电影一样，每个人看完都不舍得给低分才可以。🙂",5,力荐,14,0.9347977681907218
2021-01-27 15:04:10,安蓝·怪伯爵𓆝𓆟𓆜,“我好像看到小月和小梅坐在那棵松树上朝我们笑。”“搞不好还真是她们诶！”越是平淡越是真挚的感情越能打动人，哪怕只是个纯真美妙的梦。想起小时候爱唱的“豆豆龙”，那会儿根本不知道有龙猫这个电影呢！童年真美好，可是离我们越来越远了。眼眶浅到一直哭！台版配音太萌啦！,5,力荐,18,0.9999999999936732
2021-01-29 20:37:28,JeanChristophe,"跑啊跑,跳啊跳! 用""运动""来形容影片中那些飞来驶去是不合适的――这个词显得太机械,让人想起坐标系和数学式.它是风的行事,将一些东西从这边吹到那边,单纯的Ausrichtung和Ent-fernung,把小礼物带远或带近.摄影机拍下的实景永远丰富又芜杂,宫崎骏用画笔将之提纯,只在""有限元法""造出的云彩树木之间,无关体力和身形――龙猫可以极重时而又极轻――存在永不停歇的奔跑(好似一系列跌倒),消失引力的飞翔(一种没有尽头的坠落).生长的运作有质而非量,距离""周六""还剩几天,松乡到七国山多少路程？对孩子来说只是""很远很远"",就像无限.",4,推荐,6,0.999999782070112
2021-04-05 17:34:18,Hi!www,长成大人了，会担心小梅受到伤害，妈妈不是简单的发烧，龙猫会凶起来打小孩子,4,推荐,62,0.9587921799196436
2021-08-30 13:06:34,不良生,夏天没有过去，妈妈没有死，小孩子没有长大，龙猫没有被捉起来，乡村田野没有被水泥封住，留在童话里的一切都是那么美好。,4,推荐,6,0.7219809211174547
2021-10-17 07:07:41,刀叢中的小詩,《龙猫》——国庆时和家人一起团坐在沙发上看完电影，蓦然发觉妈妈，妈妈是真的不在了。四年了，上穷碧落下黄泉，横亘在生与死之间，龙猫或许已经出现，龙猫始终不见。,5,力荐,2,0.9999854339524946
2022-05-31 18:11:34,樱桃子,如果你在下雨天的车站，遇到被淋湿的妖怪，请把雨伞借给它，你会得到森林的通行证哦。我可太喜欢龙猫了，超级超级超级喜欢，好像要这样一个大大软软的龙猫。,5,力荐,14,0.9959190966815938
2022-06-02 00:03:10,Fly  Away,如此纯粹美好的事物也就只有在宫崎骏的手下变得更加奇幻和温馨，想起十三四岁时手机存了这部片子许久，却从未看完过，现在拾起那时的记忆，又想起那时夜夜的蝉鸣和蟋声，仿佛岁月还停留在当初的天真和幻想中，也许这就是这部片所带来的魅力，找回童年和时间。同样故事核心也是小孩的童真才能看见龙猫，森林是地球的源头，是万物本质，那些奇奇怪怪的美丽精灵，如此可爱，幸运的是在孤独中有龙猫相伴，在迷路中有永远找寻自己的姐姐，在乡村有如此善良美好的人民，一切都变得如此纯粹，如此美丽,5,力荐,1,1.0
2022-08-20 23:34:36,ABCDEthan,"名字很误导人，“龙猫”存在感实在太低了。

内容不够强剧情。

画面很美，让人想起小时候的夏天。

片尾曲好听。",4,推荐,9,0.9760327633566837
2023-02-21 02:23:41,其林,小时候很细腻的人，至少不会对这部作品打低分。名为龙猫，但其实有没有它都不重要，对于童年里在信息不对称的情况下，对一些大人的事，在心里“兵荒马乱”的精神世界视觉化叙述，感同身受的人，才能明白，虚惊一场的同时，神奇的小脑袋在炎炎夏日里，已经度过了好几个异时代。,5,力荐,3,0.9999999907326113
2023-02-21 02:23:41,其林,小时候很细腻的人，至少不会对这部作品打低分。名为龙猫，但其实有没有它都不重要，对于童年里在信息不对称的情况下，对一些大人的事，在心里“兵荒马乱”的精神世界视觉化叙述，感同身受的人，才能明白，虚惊一场的同时，神奇的小脑袋在炎炎夏日里，已经度过了好几个异时代。,5,力荐,3,0.9999999907326113
2023-06-16 18:41:27,那些很冒险的梦,看到现在最喜欢的一部，有时候在想现在电影强调剧情特效和反转巧思，可是这个片子就是普通的夏日和神奇生物相遇的故事，又温情又治愈，不需要太华丽的词藻。好喜欢里面的爸爸和妈妈一看就是很温柔又很鼓励孩子的人，所以两个孩子有着野性和朝气。原来经典的龙猫形象竟然是憨憨打哈切，嗷嗷叫的形象哇，猫咪巴士太可爱了，还好医院的电话虚惊一场毕竟是童话故事怎么能吓人呢，片尾曲妈妈出院，小伙伴们在乡间自由奔跑，人的活力真的是需要大自然给予的，啊突然让我好期待这个夏天我会有怎样的经历故事。,3,还行,20,1.0
2023-07-23 16:59:35,玉木大河,不知道有没有人注意过，需要独自照顾孩子的爸爸带着两个女孩一起泡澡……我有点不太适应……其他的地方，还是挺温馨的。,4,推荐,49,0.9999975719381616
2023-10-12 04:43:06,象埃雪溪,"一开始是成年守的规矩感感受到了冒犯，大嗓门的吵吵嚷嚷让我一开始想制止她们，但这才是小时候的声音啊，能哭能大叫，能被身边的人宠爱，小美消失我以为找到她会批评，毕竟年龄乱跑很危险，结果小月一眼就看到了小美的玉米，猜到她关心妈妈所以去送玉米，小美的本意被夸赞了，最后妈妈病好回家，她们过得自在快乐
龙猫一开始张大嘴，可以将人吞进去的程度，我真的有点害怕，可能其他动漫里奇怪的设定把我看怕了，但真好这是部治愈电影，小美完全的信任，小月将伞给龙猫遮雨，所有人的关系都是友善关心的，真的是童话般的世界，好喜欢这样的自然环境和社会关系",5,力荐,8,0.999999999982607
