2005-07-12 17:13:10,Cherry,喜欢这个喝牛奶的男人,5,力荐,2708,0.6597089959204158
2006-03-19 12:38:36,大头绿豆,Leon的门打开，一束好象来自天堂的光照在Mathilda脸上。给他快乐，从不发问。细节和大方向都很出色，一部控制得几乎完美的电影。,5,力荐,6437,0.9998984801834936
2006-07-18 04:45:44,小耳朵图吗,娜塔莉波特曼激萌啊,5,力荐,1188,0.9975792498300048
2006-08-09 05:50:48,艾小柯,传奇，童话，传奇，童话，传奇，童话……,4,推荐,496,0.9999999875036386
2006-10-16 02:16:04,。光本,爱上了让雷诺。爱上了这个意大利杀手的温情。爱上了他脸部轮廓，和刚毅的线条。“人生诸多辛苦，是不是只有童年如此。”玛蒂尔达问。里昂说，“一直如此。”这样的话，击中了内心深处。,5,力荐,2141,0.9999999999739612
2006-10-20 00:02:30,Mr.Children,从2022年的眼光看，女孩露大腿的着装和那些“not thirsty…life sexuality”等充满性明示的台词都在表明导演是个恋童癖。所谓经典很多时候是吃了时代对于某个议题无知的红利。,1,很差,62,0.9999048506739784
2006-10-25 01:38:08,杜扬Seatory,我开始想要过得快乐，睡在床上，有牵挂,4,推荐,8425,0.9914344547685072
2007-01-05 16:45:59,汪拾叁,超级爱那个男人抱着一盆植物走在街道上的样子。,5,力荐,1490,0.984721894510446
2007-01-16 18:57:09,小儿勾,"Here in my stomach. It's all warm. I always had a knot there, and now.. it's gone.",5,力荐,1397,0.0100352252787686
2007-02-10 10:52:10,眠去,她对Leon说，自从遇见你后，我的胃，再也不痛了……,5,力荐,8662,0.5461424328738919
2007-02-12 06:14:09,OnJel.,找不到比这个更喜欢的了。,5,力荐,790,0.443218911363915
2007-03-26 14:29:42,赫克托尔,小loli和大叔的爱情故事.,5,力荐,242,0.9890106877019595
2007-08-16 10:52:43,能工巧匠沙门哥,一半的魅力来自反派：Gary Oldman.,5,力荐,8754,0.9390179788398716
2007-09-19 22:44:05,文泽尔,这不是父女线，分明是洛丽塔。爱他的眼睛，他们的屋子。神经兮兮的流氓警察最终自然没有落好，不过那个孩子她也已经长大，她的怀里抱着仙人掌，刺得乳头上酸酸的是绒毛般的细刺心芽。,4,推荐,115,0.9999500220642676
2007-10-14 15:39:36,沉歌,萝莉有颗御姐心，正太有个大叔身——邪恶又天真、残酷又温柔，多完美~,5,力荐,15539,0.9999876995242076
2007-12-16 21:46:03,王xx,我妈说：这个小孩儿怎么办啊，她又不想学习！她又学不进去！,3,还行,669,0.2660690277361696
2008-02-02 15:59:46,王小邪,复杂的社会关系里总有绽放如花的感情,4,推荐,371,0.9450070661598212
2008-03-08 23:27:45,mOco," 不管是怎样的一种开始，在这个没有温度的世界，他们用心灵给予彼此温暖的瞬间。他们之间的爱是那么超然，介于爱情与亲情之间，或许更加复杂，或许更加单纯。 
",5,力荐,3,0.999999999706168
2008-05-11 23:35:17,科西嘉前流放犯,这部倒霉的傻逼电影正好在我极度郁闷时被我撞上了...要是我就把那小瘪三打爆头,1,很差,15,0.743684657887818
2008-05-18 01:10:33,Q。,叙事节奏清晰流畅，毫不拖泥带水；Léon、Stansfield、Mathilda，几个主要人物个性鲜明； 加上如同MTV般快速切换的画面，影片从头到尾紧抓观众的眼球，非常难得。更因为此片，让全世界认识到了娜塔莉·波特曼。★★★★☆,5,力荐,589,0.9999993845311164
2008-06-01 20:33:25,彌張,没觉得那么好,4,推荐,72,0.4844675621536781
2008-06-23 19:52:24,Camellia,"Léon： You're not going to lose me. You've given me a taste for life. I wanna be happy. Sleep in a bed, have roots. And you'll never be alone again, Mathilda. Please, go now, baby, go. Calm down, go now, go. ",5,力荐,2990,0.0006290809914336
2008-06-24 21:04:30,浪味仙,"-Is life always this hard.or is it just when you're a kid
-Always like this. ",5,力荐,3906,0.2421384554810103
2008-06-25 13:22:49,王老虎,我喜欢的演员跟剧情跟标题,5,力荐,92,0.9597109197707304
2008-07-07 00:28:44,shu,这个男人他是从儿时的动画片里走出来的，是邪恶和童真的混合体，这令我着迷。,5,力荐,5444,0.9996788347046248
2008-07-17 19:39:26,瓜。相信这个世界很变态。,因为这部电影喜欢上让雷诺。,5,力荐,154,0.925855537167522
2008-08-03 14:08:26,伊豆,杀手又怎样？警察又如何？冷酷或者温柔，不是靠职业来评断。那个警察冷血的想让人捅死他~！而这个杀手，让人心疼的只想轻轻的温柔的抱抱他。,5,力荐,1309,0.9931299231799624
2008-10-25 11:20:45,Nalakuvara,或许是很多姑娘大叔控的根源。,5,力荐,3345,0.9989194165144258
2008-12-29 19:22:24,伍德与夏洛蒂,每个人心中都有个大叔和萝莉，而这便是启蒙。亲叔奥德曼在戏中疯癫邪魅迷人到极致。这是大叔让-雷诺的全胜期，萝莉娜塔莉的崛起之日。,5,力荐,10,0.9999999991974466
2009-11-05 12:47:59,△▲凉度▲△,我真的很喜歡他，很喜歡她，很喜歡他倆的帽子,5,力荐,209,0.9786491395361178
2009-11-28 16:23:50,[己注销],"今天在CCAV上重看了一遍，果然是有删节，而且画面又改成4：3了，呵呵～
豆瓣上本片的评分人数超过10万，但一星率竟然为0％，可见其受认可的程度。不过我个人认为华人黑帮那段可有可无，吕克贝松经常要塞些他讨厌外国人的私货……",4,推荐,7,0.991209805856935
2009-12-19 14:09:38,杨迪,莫文蔚COS里面的小女孩  整鬼专家,5,力荐,26,0.8802286223554238
2010-01-23 17:07:36,谢谢你们的鱼,不喜欢让雷诺，不喜欢这部电影，就这么简单,2,较差,155,0.9135827155798716
2010-05-15 16:11:16,高歌,我到哪里找，像你这么好。,5,力荐,2299,0.4525555402704212
2010-12-25 23:24:22,大-燕-威-王,盛名之下的这部电影，我却并不喜欢。,3,还行,21,0.7746637650525662
2011-03-14 22:15:57,光明小卖部🐵,“这是关于两个小孩的故事，一个女孩和一个男孩，在他们心里，他们都是12岁，他们都感到失落而他们深爱彼此。” 　　　　　　　　　　　　　　　　　　　 ——吕克·贝松”,5,力荐,6,0.9999826277200216
2011-05-19 01:20:34,伊卡洛斯,我觉得我好像爱上你了， 以前我总是胃痛，现在再也不会了。,5,力荐,19,0.5686007127728
2011-10-12 21:50:08,放开那个浪味仙,第三遍看，却是第一次看到完整版的电影。补上之前缺失的片段，便更是在点滴和细节中感受到他们之间的爱。不曾预见的相遇，顺其自然的相爱。Léon和Mathilda在彼此身上找到快乐，找到爱，找到彼此的根。最终生死相离…但我相信那棵种在公园中心的绿萝中始终藏着他们的爱。,5,力荐,2,0.9999999999980986
2011-10-14 22:28:54,南笙,遇见你之后，我的胃再也不痛了。,5,力荐,306,0.6488406632698286
2012-02-01 21:04:24,掉线,我居然没打分……印象最深的是剪辑和摄影……都很牛B,5,力荐,9,0.9935494614143416
2012-02-20 00:08:51,冰红深蓝,【20170618SIFF4K修复版重温】视听语言方面的确精湛无比，尤其是摄影（升降手持鱼眼都是教科书级的），还有开场的大特写组合剪辑。配乐和表演已经是公认的无可挑剔了。五年多前看的时候的确不很喜欢这个颇具古典悲剧内核的故事，没想到这次重温竟然能完全沉浸其中。ps：那时的波特曼太仙了。（9.0/10）,5,力荐,23,0.9999999960952366
2012-02-22 21:11:58,巴喆,杀手不冷，萝莉坚忍，他们的那种爱与不能，细腻、动人、深刻。这种最内敛最纯粹最真挚的情感，融于那每天清理的那盆栽里，还有一贯的黑色朴素。这位怪蜀黍杀手却这么可爱这么温柔，从此喜欢上让雷诺，大爱娜塔莉，加里奥德曼也残忍地如此悚然。8.9,5,力荐,8,0.9999999947715266
2012-02-26 15:30:18,你看起来很美味,我希望你没有说谎。我希望在你内心深处真的对我没有一丁点儿感觉。你最好对我一点感觉都没有。因为只要有那么一点点。你将会后悔你什么都没有对我说。我爱你，里昂,4,推荐,388,0.9918517946886628
2012-03-05 17:42:38,李同学live,我没啥感觉的公认好片。,3,还行,5895,0.6704954670540682
2012-03-10 17:23:47,酚酞,"看到泪飙，世上最温情的杀手。
幸运的姑娘在12岁就遇到了真正的男人。
",5,力荐,4319,0.9997497847341718
2012-03-19 18:44:28,左宜右有Haak,一个杀手被一个萝莉害死的故事,5,力荐,7717,0.3932261951323165
2012-06-02 13:15:23,陈苍苍,“这是关于两个小孩的故事，一个女孩和一个男孩，在他们心里，他们都是12岁，他们都感到失落而他们深爱彼此。” ,5,力荐,240,0.999953326723936
2012-06-24 08:38:32,朝阳区陆依萍,到哪里找那么好的人。。。大叔有个正太心，萝莉有个御姐心，故事极好。。。,5,力荐,33,0.9544458333784276
2012-06-29 14:35:45,赫恩曼尼,“他们都是12岁，他们都感到失落而他们深爱彼此。”总让我想起纳博科夫的《洛丽塔》。之前想象的爱情太过狭隘，英雄相惜也是一种伟大的爱情。这种爱情，发生在一个小姑娘和一个冷血杀手之间，味道奇绝。换一个方式相爱，或许会找到真正的彼此。,5,力荐,79,0.9999999999952998
2012-08-06 09:18:29,亚比煞,“你最好对我一点感觉都没有。因为只要有那么一点点。你都将会后悔你没有让我知道。我爱你，里昂。”看完第六遍，很多台词都会跟着背，还是会哭。,5,力荐,1163,0.99987363672748
2012-08-07 15:40:28,朝暮雪,最浪漫、最感人的大叔配萝莉。,4,推荐,84,0.9984010546721312
2012-08-26 21:58:48,Vamei,能让人付出生命的，或许只是片刻的停留。在Leon觉得，自己的牺牲可能那是结束自己孤独的最好良药。谁说付出不是为了自己呢？,5,力荐,10,0.9999645553205272
2012-10-27 21:47:13,根,看完一部电影要中退一千次这病怎么治。,5,力荐,113,0.87910959350628
2013-10-26 18:29:06,连城易脆,萝莉的身子，御姐的心，大叔的身子，正太的心...,5,力荐,16,0.7512904183809042
2013-12-01 16:01:56,Eorl,一星给Stan，一星给欢乐颂。我最讨厌什么萝莉配大叔了，脑子有问题吧。,2,较差,20,0.4001518553668021
2014-01-26 00:05:38,莫水田,一直没看这部片子，最近才看了。什么也不说了，就是深刻的感动。这是西方版的殉情电影。其实我们有多少人是可以做到不殉情的，不在每时每刻里磨损自己去成全那个情字？电影里的牺牲是几下重锤，日常的殉情是长久的磨砺，成全着或悲剧或斑驳的传奇。,3,还行,203,0.99999482429868
2014-03-06 22:23:58,迦南Canaan,中间就泪崩了。其他人在笑，我独自流泪。抛开其他我就觉得这是个爱情故事。马蒂尔达对里奥说女孩的第一次非常重要，她们只会吹嘘自己的性经历和自己不爱的女人做爱。马蒂尔达最后连里奥一个吻都没有得到。但她拥有爱情。真正的爱情。,5,力荐,7,0.9999991977789066
2014-07-23 16:15:10,momo,不太喜欢女主 里奥为了她死的这么惨 她又开始逃命 找到收留她的人时 说了对男主一样的台词（有种男主被利用的感觉 原来他对你并不是特别的 只是一个救人工具）如果再加一句 前面都一样 再+一段“有人救了我 但他为了我死了 我知道我该不该寻找下一个避风港 但是我还是孩子 不知道该怎么办”感觉还气的过一点 女主太早熟了 看的不舒服 小时候还以为这部电影很浪漫呢 杂志上天天宣传 长大后一看 卧槽 毁三观,1,很差,4,0.9999976418509664
2014-11-17 09:08:18,Neroat,可以看很多遍，第一次知道娜塔莉就是这里，中文名翻译得很妙。在我心中排名第二的法国电影。,5,力荐,5,0.9992232414603608
2015-07-05 18:22:26,梦里诗书,这是吕克·贝松最好的电影，很难再找到他执导的一部电影能与之并肩，这是让·雷诺最好的电影，作为一个法国演员的他，极具代表却又以一个杀手形象如此独到的的演绎了一场法式浪漫，当然我们也不可遗忘娜塔莉·波特曼这位电影中的少女，她在电影中所散发宛若美玉的光芒，最好的导演与演员曼妙的法式温情,5,力荐,98,1.0
2015-07-21 00:29:02,爱幻想的小孩,好暖。sexy without being sexual. 年轻的Oldman好帅。,5,力荐,5,0.7752942322444144
2015-11-15 00:52:39,西楼尘,玛蒂尔达将绿色植物埋好，以这种方式与某个人相伴，也和一段不属于自己的假期永别。彼时她惊惶闯入他的生活，如同一只小兽，眼神躲闪呼吸呜咽。现在她可以独自面对生活，骨骼拔节生长强迫她与童年作别，但幸好曾有那样一个睡觉打鼾的冷酷男人予她命中暖阳。故事太熟稔以致少了惊喜，片子硬朗兼具柔情。,3,还行,38,0.9999999999999292
2015-12-19 00:00:42,韦思嘉,其实有点讨厌不懂事儿的小姑娘，害死了Leon。,5,力荐,52,0.2829847027618645
2016-02-26 17:58:58,luna的森林,很感动的一部电影。电影所呈现的，是对人性的探知和拷问。非常经典的一部电影,5,力荐,28,0.999997569941672
2016-08-25 12:36:41,LEMON酱,Leon，I Love You。,5,力荐,11,0.4476784585098667
2016-10-07 19:25:48,齐木楠雄,杀手大叔和小萝莉，看的我好唏嘘,5,力荐,23,0.9950813141952266
2016-10-27 11:54:29,你爹语重心长,喜欢玛蒂尔达抱着盆栽和李昂一起走在街上的那个镜头。,5,力荐,9,0.933339423346167
2016-11-05 00:14:33,皮蛋,"一个酷爱喝牛奶的杀手 有一盆被照顾的很好的绿萝 冷酷又温情 
玛婷达全家被杀敲门向他求助 开门的一瞬间光亮照亮了玛婷达的脸也打开了他的人生 这是他们各自的新生与救赎 
“我开始想要过得快乐 睡在床上 有牵挂”
只是 杀手再也回不来了 
手环拉开 炸弹引爆 仇已报 杀手死
",5,力荐,181,0.9999982938596812
2016-11-05 16:44:20,妈咪宝贝,一个冷酷职业杀手的另一面,4,推荐,33,0.837294790208506
2016-11-05 20:42:07,云巅,"首看《这个杀手不太冷》是原文，影片的对话连续几日回旋于脑海，Is life always this hard, or is it just when you're a kid?Always like this很少有动作片能如此深度地诠释人性感情的缺憾，个人认为影片近乎完美。
",1,很差,327,0.9999642213815668
2016-11-09 12:10:04,不将就。,真的是部很好看的电影  羡慕女孩能够敢爱的性格  大叔也很萌萌哒 我喜欢他们的相处方式 也很羡慕 但最后里昂的死 真的太虐了 看哭了,5,力荐,175,0.9999999999513568
2016-11-12 20:11:33,焚紙樓,一直覺得男演員艾迪瑞德曼（Eddie Redmayne）給我種既視感，今天總算茅塞頓開，原來他跟盧貝松導演的某任老婆長得一模一樣！,2,较差,7,0.0067214859379761
2016-11-26 03:09:47,Qing,爱让里昂心甘情愿有了弱点。别名可以叫这个杀手有点萌，全程无尿点高能好片。,5,力荐,119,0.9885155080177868
2016-11-29 18:14:06,瓶子不能倒,里昂只有一颗盆栽，不善言辞，爱喝牛奶。他不像，却真正是一个杀手。玛蒂达的到来，是包袱，也给里昂带来了生机。不过这种设定，注定是悲剧收场。里昂死后，玛蒂达将他盆栽的种子落地生根，里昂终于不再每日拿着手枪在椅子上不安地入睡，他落地了。娜塔莉波特曼太灵了，玛蒂达是如此特别。,4,推荐,2814,0.9999999975452968
2016-12-18 23:05:16,雨果,一个行事一板一眼有条不紊的杀手邂逅了一个激越鲜嫩的小生命 原来之前的悠悠岁月自己从未活过 一个反叛哀怨愤世嫉俗的弱小灵魂荡涤了一个沉睡中的王子心灵 从此一塌糊涂糟糕透顶的生活有了希冀 谁说年龄是问题 谁说身高是距离 小王子被他的玫瑰花驯服了 小女孩从此有了兰花作伴,5,力荐,298,0.9999999994558272
2016-12-28 13:12:57,大志的小耳朵,超喜欢这部电影，还有这部电影的主题曲，He doesn't play for the money he wins...冷酷表象下的柔软最能打动人心。这部电影的片名也是神翻译啊，感觉比原名还要好。,5,力荐,24,0.9999345815466776
2016-12-31 10:14:12,登对,确实经典  没有很狗血的剧情  没有大尺度的卖肉戏  但是好奇怪我竟然没有被感动哭,3,还行,317,0.9983861573250542
2017-01-02 11:01:44,浅笑ソ安然,第一次看到这个名字，这个杀手不太冷，被吸引了，给我的第一感觉是那一定是很暖喽，看完确实挺棒挺暖的。,5,力荐,22,0.8676771862813621
2017-01-03 10:38:40,壳子,人们常说这是大叔与萝莉的爱情 在我看来却不然 大叔的内心也是一个孩子 他很少与人接触 更不要说异性 小女孩直白地表达爱 慢慢地动摇他的心 让他知道原来这个世界上还有这么美好的感觉 两个孩子为了爱奋不顾身 为了最纯洁的爱,5,力荐,729,0.999999999969046
2017-01-05 23:43:12,铃儿响叮当,以前看的时候就是冲着好评去的，果然没让我失望，很有深意的一部电影，男主虽不是帅气的那种，但演出了在感情上单纯，行动上冷血的一面，确实值得一看！,4,推荐,8,0.9998081152932796
2017-01-05 23:59:46,蓝婷飞絮,好喜欢，看了两三遍了。在你死后，我活成你的样子。,5,力荐,56,0.9468136936769443
2017-01-16 10:26:28,锦鲤,“人生是一直这么痛苦，还是只有是小孩子的时候才这样？”杀手沉默了一会，喃喃地说：“一直如此。”,3,还行,18,0.9603786513425704
2017-01-19 21:32:40,小痕呀,我以为是萝莉和大叔的爱情打开电影，其实电影中的感情远比爱情细腻的多，守护关怀陪伴，他教会她生存，他没教会她爱情，这是人生啊！还是要表白小女孩，活得超级酷╭(╯ε╰)╮,4,推荐,35,0.9999999998338134
2017-02-04 13:20:00,媛木子,"Mathilda： Is life always this hard, or is it just when you're a kid?
 Léon： Always like this.
不是大叔控但是很喜欢里昂，另外萝莉的造型也不错。",4,推荐,9,0.997365414179714
2017-02-04 22:48:51,热心网友方先生,我小时候看完这电影以后只记得两个画面，一个是男主角在窗台浇花，另一个就是小女孩坐在楼梯那里抽烟。,5,力荐,9,0.9983040284647116
2017-02-07 10:03:29,美女菜kun,大叔和萝莉，萌的不要不要的！,5,力荐,10,0.9445102021148472
2017-02-08 13:31:16,ᥫ᭡້໌,里昂不是个好杀手。。但正因为有了感情，才让他开始真正活着。,4,推荐,10,0.979824384054116
2017-02-12 08:37:35,昵称被占不开心,小萝莉和怪蜀黍，shape of my heart,4,推荐,19,0.3964903656113859
2017-02-13 21:51:55,我lu不会飞,结局真的让我流了很多眼泪，就差一点点，他们就能在一起了，可是，没有可是,5,力荐,36,0.9948909615408188
2017-02-13 21:51:55,我lu不会飞,结局真的让我流了很多眼泪，就差一点点，他们就能在一起了，可是，没有可是,5,力荐,36,0.9948909615408188
2017-02-21 21:34:04,幸运遇见你,大叔太暖了  其实每个杀手都有一颗温暖的心,3,还行,14,0.998198672226556
2017-03-04 19:58:04,璐baby,里昂很有魅力，一起杀人的时候小女孩很酷，反而大叔比较呆萌，很可爱，最后真的太可惜了，里昂要逃走的时候，明明可以感受到他的渴望，他想要一段爱情想要不再孤独，却到底还是没能享受到,1,很差,200,0.9999999995927232
2017-03-05 14:28:58,熟鱼鱼,很怪，感觉从头到尾没有亮点。看别人的评价，说要结合时代来看，在那个时代拍这样的动作场面是惊呆众人的效果。好吧。然后，大叔和萝莉在我这儿确实没有任何萌点，我还是喜欢共同成熟，你我相当的感情，不要和我说什么里昂心里是12岁小男孩，我一百万不信,2,较差,219,0.9999958884253352
2017-03-10 10:34:06,M能能M,很有吸引力，真的不错,3,还行,12,0.8962710737420229
2017-03-10 15:21:03,甜椒Oli,我爱你所以我不会吻你。,5,力荐,231,0.5853336987286445
2017-03-12 18:45:30,袁萍,"大叔和小萝莉直击我心 像两头受伤的猎豹互舔伤口，心心相惜。Leon是一个笨拙的不知道怎么去爱的人，一板一眼的工作，他热爱生活却不会生活。马蒂达多么有激情多么倔强的活着。
把一块泥，捏一个你，捏一个我，一起打破。",5,力荐,30,0.9999980109702714
2017-03-14 00:42:40,草莓__三月,经典的电影，重温一遍还是觉得很好看。,5,力荐,8,0.9993420388245304
2017-03-17 13:04:54,北辞,这部影片很棒，大叔萝莉cp感十足。我所认为最深沉的爱，莫过于分开之后，我将自己活成了你的样子。生活总是如此艰难，但我会记得那句我爱你。,4,推荐,6,0.999996638410624
2017-03-17 13:05:35,🐈,每个人心里深处都有他最柔软的地方把，于他而言，她就是,4,推荐,8,0.9924472681840028
2017-03-18 17:26:50,然悔悟,也不知道是不是因为这个片子，后来有很多都把杀手描写成孤独，渴望爱的形象,5,力荐,13,0.9999257403514016
2017-03-18 20:59:45,sharon,私认为这部是吕克贝松所有作品中最好的了,4,推荐,17,0.9960906449994074
2017-03-20 09:55:54,庄小龙也有尾巴,我能想到最好的纪念你的方式 就是在你走以后活成你的样子。所以总是莫名的觉得，小女孩长大后会成为一名杀手，变成和里昂一样的人。想说，你所看到的未必是事实真相，有些杀手其实内心依旧很善良。,5,力荐,24,0.9999999007732124
2017-03-21 21:54:51,艾伊达Ayda,我对你最深沉的爱，莫过于分开以后，我将自己活成了你的样子。,4,推荐,10,0.8714564280643778
2017-03-22 17:06:30,蛋糕甜蛋糕,"-里昂，我想我是爱上你了，你是我所爱上的第一个人。
-你怎么知道，既然你没有爱过。
-我感觉得到。
-在哪里？
-在这里，在我的胃里，它是热的。以前这里总像打了结似的，但现在不会了。
-恭喜你胃病好了，但这不代表什么。 ",4,推荐,4,0.9993660180751376
2017-03-23 15:15:59,爱吃糖的猫,"the deepest love I think, later than apart, I will live as you like.那些没有说出口的爱才最显珍贵",4,推荐,21,0.3071748040838882
2017-03-24 13:15:17,纤纤,不冷的是人性中触动温情的地方，冷的是现实中无法回避的对立。,4,推荐,39,0.9998509709631864
2017-03-26 20:38:58,杨桃,经典，大叔和萝莉好萌啊!,4,推荐,6,0.9881763023571388
2017-03-31 16:31:54,X,法国电影的经典之处在于能把人文的元素毫无违和感的穿插到任何一种电影,5,力荐,18,0.999947105247988
2017-04-07 09:45:34,klzbyxg,猝不及防的剧情 大叔陪萝莉 经典果然是经典啊,4,推荐,8,0.9839912547901808
2017-04-14 12:19:16,lichol,萝莉有颗御姐心，正太有个大叔身——邪恶又天真、残酷又温柔，多完美~,5,力荐,11,0.9999876995242076
2017-04-15 11:51:51,幕天席地,怪蜀黍和小萝莉的故事。他们感到失落，他们深爱彼此。,5,力荐,12,0.998147460652372
2017-04-17 09:53:34,新桥妖妖,萌萌哒杀手，酷酷的小女孩，都是没有爱的孩子，绝配！,4,推荐,7,0.9986716416632624
2017-04-17 20:30:03,品茗听雨轩,一个女孩，一个杀手，一段似是而非的感情…不同于以往在银幕上看到的任何形式的感情。它的纯粹、决绝以及悲情都是那样令你措手不及，并刺痛心灵最柔软的地方。,5,力荐,15,0.9999953455016954
2017-04-19 23:24:02,杨大志°,经典，很好看啊,4,推荐,12,0.9289602269243455
2017-05-02 09:13:24,茹影随形,再次看这部电影还是很好看，没有高级特效没有高科技画面，导演用镜头把场景和剧情紧密的联系起来，总是在最紧张或是最温情的时候来个反转，怪杀手与萝莉的故事很动人。,5,力荐,18,0.9999973092133504
2017-05-02 13:23:33,未央,大叔与萝莉的经典之作，娜塔莉波特曼的表演很有灵性,4,推荐,8,0.9999882219827192
2017-05-02 19:33:17,今晚熬夜了吗,最喜欢这句          我希望你没有说谎。我希望在你内心深处真的对我没有一丁点儿感觉。你最好对我一点感觉都没有。因为只要有那么一点点。你将会后悔你什么都没有对我说。     遇到一个敢爱的人是多么不容易,5,力荐,9,0.9753315683873356
2017-05-03 12:42:11,人气甜辣炸鸡,我认为最深沉的爱 莫过于你离开以后 我活成了你的样子。,5,力荐,17,0.9278966504829224
2017-05-08 14:43:19,狗富贵,冷酷大叔跟面瘫萝莉，很温情神组合。,5,力荐,14,0.985217141271406
2017-05-10 23:15:43,Kazuha,剧情非常好看，但我真的接受不了大叔和萝莉这种搭配，总是让我想起洛丽塔……,3,还行,26,0.9789167048817264
2017-05-11 18:36:21,途经一个你,我希望你没有说谎。我希望在你内心深处真的对我没有一丁点儿感觉。你最好对我一点感觉都没有。因为只要有那么一点点。你将会后悔你什么都没有对我说。我爱你，里昂。,5,力荐,13,0.9918517946886628
2017-06-16 00:04:17,美神经,"深入人心，就仿佛生生刻上你的心脏，抹不掉。

好喜欢小女孩👧",4,推荐,11,0.9342536595680604
2017-06-29 17:49:23,LEMON,每当听到shape of my heart，便会想起这个杀手，不太冷。,4,推荐,14,0.335234997643176
2017-08-01 00:02:43,布那那鱼,不管大家怎么为这个电影附上美好纯粹的感情色彩，说他们内心世界年龄是同步的，但是我无法忽略这就是一部说一个未成年幼女和一个大叔的接近爱情的故事，光是这点我就无法克制自己的反感，心无旁骛地看。让我不解的是竟然没有多少声音在质疑这点，而大家都用美好的滤镜去过滤粉饰这样一个原则问题,5,力荐,606,0.9999999116149024
2017-08-17 21:12:02,左儿,被拉着重看一遍，当年看觉得这个片盛名之下，不过soso，没想到现在重看。。觉得更差。。典型的先幻想出一个感动自己的概念，然后再为之生生编出一个惊世故事，很少男漫。。摊手，不知道是时代变好了，还是自己更老了,2,较差,4,0.9997399089806218
2017-08-22 01:02:10,九幽幽余,剧情是比较新颖，但是我没有get到里面的爱情…强行get也get不到,3,还行,66,0.8375368796992076
2017-10-11 19:50:55,左右,实在不懂为何高居第三名？,2,较差,32,0.0184385151560644
2017-11-01 17:04:09,云在中,一个杀手恋童癖和一个少女恋父情结的故事。看片过程中、看完后只觉得恶心，无法忍受。这样乱伦畸形的爱情，不知道为什么会受到那么多人的追捧。你们完全可以脑补一下现实生活中的情况，如果你初中同学爱上了一个四十多岁的杀人犯，哪怕不是杀人犯，就是个普通糙汉子……这情节也是酸爽。星给星爷。,2,较差,29,0.9999999981589148
2017-12-20 10:03:23,百骨金titi,大叔萝莉的爱情💏，电影很好看也很经典，但我还是有点接受不了这种年龄差，这个里面还是诠释的很好，可惜大叔最后死了😭,3,还行,325,0.999896622231759
2017-12-24 21:18:25,yunyan,Leon可谓是史上最为可爱以及百变的杀手。如果你想找个杀手做男朋友，并且带有那么一丁点儿“叔叔控”，那么Leon无疑是最好的选择。,4,推荐,177,0.9999869758221516
2018-01-11 11:51:38,卿本佳人,也许爱情可以跨越年龄这道鸿沟，在片尾小女孩埋葬他的骨灰时希望她更能勇敢的往前走,4,推荐,26,0.9998593365245708
2018-01-13 17:53:02,愿此间山有木兮,男女主之间的氛围太喜欢了，女主的出现改变了男主的生活，他感受到了不同以往的快乐和人情冷暖。女主的机灵样儿也是让人又爱又恨。看完哭的不行,4,推荐,47,0.9999999992831444
2018-01-13 22:29:49,你说呢,这部电影我真的认认真真的看过两遍，第一遍高中，第二遍大学。第二次的心境想法要去不一样。第一次可能真的就是看电影而已，第二次多了很多感触。感触人生的艰难，同时也感受到陌生人的温暖，更看懂了铁血的柔情，这电影真的太棒了，完全可以再撸一遍！,5,力荐,110,0.9999999999932372
2018-01-14 18:27:06,睡不着的猫怪,再次重温了一遍，以前看的时候只觉得可惜。现在去看却觉得这也许是更好的结局，女孩开始了新的生活 没有仇恨 只有对里昂的想恋活下去。而里昂重新找到对生活的希望，可惜了没有一起走下去 但如果女孩活着但他杀死了对女孩有威胁的人，死亡的那一刻也是放心的吧,5,力荐,55,0.9999999999756896
2018-01-15 23:23:43,小姐姐哇哦哦啊,这个电影其实也是直面人性的考验，警察也可以冷血，杀手也能有柔情。其实看过之后也会有思考。,3,还行,34,0.9999711425161414
2018-01-15 23:23:43,小姐姐哇哦哦啊,这个电影其实也是直面人性的考验，警察也可以冷血，杀手也能有柔情。其实看过之后也会有思考。,3,还行,34,0.9999711425161414
2018-01-16 13:20:37,柠檬味的猫,"      很早之前看过的一个电影了，当时很无聊，就百度有哪些值得看的经典电影，有人推荐这个，于是就去搜索，先是被海报吸引，一个萝莉手拿一盆花和一个帅大叔（这个经典形象后来还被我画了出来）
      ",4,推荐,46,0.9999949547282148
2018-01-16 18:32:16,小龙虾,觉得里面的剧情很不错，把杀手这个形象生动的表现了出来，杀手也不全是冷血的，也有好的，剧情不腻而好看,5,力荐,38,0.99999029135779
2018-01-17 17:07:59,夕夏,"生活一直这么不容易还是仅是童年如此
一直不容易
sorry，get不到原话了
但是大意如此
生活不易，且行且珍惜",4,推荐,35,0.9969808298067032
2018-01-20 12:02:35,651564165cz,经典好看，昨天又看了一遍。好电影总能让人回味,4,推荐,277,0.9999024351222886
2018-01-20 14:01:08,苏多多,其实我对电影的剧情感觉一般，但是演员们的表演真的是很精湛,5,力荐,131,0.9997463347236633
2018-01-20 23:59:41,吃瓜(^.^),反差萌的两个主人公 软萌大叔和暴力萝莉太搭了 经典的影片,3,还行,86,0.9938210320750034
2018-01-25 06:56:25,七沐妹妹,生命中的阳光，不知不觉的羁绊,4,推荐,66,0.9972766720749746
2018-01-31 20:59:13,LYX不忘初心,"I love three things in the word
the sun the moon and you
the sun for morning
the moon for night
and you forever",4,推荐,132,0.1023973318307084
2018-02-01 22:27:34,懒人的主,看过的最经典的大叔和萝莉的温情电影，娜塔丽．波特曼的表现很有张力。,4,推荐,71,0.999999820807016
2018-02-27 01:12:12,马儿撒腿跑,很少看法国电影，第一次看讲述一个杀手和一个萝莉的感情，多么不思议的组合，没有刻意和恶心的情节，有的是温情，和人性美好浪漫的一面，我觉得是一部很清新的感情故事，虽然结局很虐，但他们感情是圆满的，我是这样安慰自己，第二次看同样很新鲜，很有感触。,5,力荐,16,0.9999999999997364
2018-03-06 19:15:34,潇湘烟雨,评分超高的影片，看完毫无感觉，明明很一般啊，嗯，一定是我不懂得欣赏,2,较差,302,0.933371412085838
2018-03-07 20:24:59,绿川的猫,这对杀手萝莉给人感觉很温馨，两人之间有一种说不清道不明的羁绊，在故事过去好久之后也不会褪色。,5,力荐,54,0.9676316618098126
2018-03-14 17:27:36,救赎.,大叔和萝莉的爱情让人羡慕，真的挺好的，结局看哭了。,5,力荐,15,0.9999990745129952
2018-03-16 15:54:50,七彩糖果,看起来冷酷实际上温暖人心的大叔,4,推荐,13,0.9995409263857196
2018-03-20 21:55:50,红绍愿,小女孩的眼神真炸，这种搭配稳阿。画面很棒，果然是经典阿,5,力荐,46,0.9984427148930564
2018-03-25 19:49:34,符小离不是兔妖,拍的太好了，结局很感人。原来，一个冷硬外表的人能有一颗如此柔软的心。,5,力荐,9,0.9988303843657464
2018-03-27 09:54:37,顾盼,萝莉和大叔的爱情故事。还不错,4,推荐,18,0.9983509500614572
2018-04-01 20:44:50,kingggggg,我tm真的不明白为什么这样一部烂片会有那么高评分，观众都是萝莉控吗？剧情总结，就是原本一世英名，无坚不摧的杀手，被一个刁蛮无理，思想极其阴暗的少女给坑死了。凭什么占据豆瓣排名第三的电影？？？,5,力荐,324,0.9248457473414337
2018-04-04 20:49:01,吃橙子的橘猫,除了萝莉配大叔的蜜汁温暖，这片子的优点得拿放大镜找。反派头子演技好到过火，角色跑偏了十万八千里，缉毒警一个个吊儿郎当的跟小痞子一样，剧情根本就没有逻辑，干啥都不讲道理。总部安检还不如南京地铁，军事顾问也不请，突击队打CQB的专业程度还不如真人CS战队，暴力萝莉除了口香糖堵猫眼，biu了两下玩具枪，啥也没学会，最后还不是乖乖上学去了，所以就是个大叔奇遇记？,2,较差,1,0.999999865960145
2018-04-19 12:53:18,命中注定的爱,这部电影真的好好看，不愧是经典中的经典！,5,力荐,21,0.999968434442664
2018-04-20 07:47:25,鱼丸滚滚,小萝莉和怪蜀黍，我喜欢这部片子，因为它安静。安静地打闹，安静地走路，安静地杀人，安静产生爱。,5,力荐,35,0.9992954819773052
2018-05-07 23:40:39,南风,真的很经典最后一幕是玛蒂尔达穿的像里昂一样，将那株里昂最喜爱的植物种到了土壤之下。玛蒂尔达失去了所有，但她曾爱过正爱着一个人，她的胃不再感到疼痛。里昂一生杀戮，为心爱之人死去他应该会感到心安了吧。玛蒂尔达，里昂，两个孤独者之间惺惺相惜的爱救赎了他们，他们最终都会像绿萝一般落叶归根,4,推荐,7,0.9999999999999996
2018-05-08 13:35:52,幸存者,“人生总是那么痛苦吗？还是只有小时候是这样？总是如此。”每个人的人生都不是一帆风顺的，总会有坎坷。,5,力荐,27,0.999669963981224
2018-05-08 13:35:52,幸存者,“人生总是那么痛苦吗？还是只有小时候是这样？总是如此。”每个人的人生都不是一帆风顺的，总会有坎坷。,5,力荐,27,0.999669963981224
2018-05-08 16:37:47,花衬衫,大叔和萝莉，正如电影名字一样，这个杀手不太冷，故事设定非常棒！,5,力荐,20,0.99820933256751
2018-05-08 18:07:35,霜寒,对于某些人来说，爱永远是不敢奢望，于里昂就是这样。他是个杀手，刀尖舔血的日子不好过。他和她一样，都是受过伤，孤独的灵魂，爱的力量足够强大，于他们，这是一种救赎。,5,力荐,9,0.9999999997502568
2018-05-08 20:00:43,偏要勉强,大叔和萝莉，邪恶和童真，产生了意想不到而美妙的化学作用。,5,力荐,31,0.9999597056182632
2018-05-08 20:44:30,🙈敏,大叔最后死了，或许很早之前他就预料到了，所以他把钱留给了马蒂达，看着他死去，还是忍不住泪目，他用自己的生命为马蒂达报了仇，这或许就是大叔爱马蒂达的方式吧，虽然未曾说出口,5,力荐,72,0.9999716420902228
2018-05-09 09:59:22,波波维奇,一个温柔的杀手，一个成熟的小女孩，没什么可说的，经典。,5,力荐,38,0.994473659412502
2018-05-09 10:18:56,巧克力夹心派,觉得还可以，就是男女主年纪真的差的有点大,4,推荐,19,0.4332576238618456
2018-05-09 10:50:18,👹天神的审判,从影片里我们可以深刻体会到爱能够让人获得救赎的力量，这个冷血杀手并不冷血，在小女孩危难时刻尽量去解救她保护她，他内心是充满爱的。,5,力荐,25,0.9999998724572432
2018-05-09 10:50:18,👹天神的审判,从影片里我们可以深刻体会到爱能够让人获得救赎的力量，这个冷血杀手并不冷血，在小女孩危难时刻尽量去解救她保护她，他内心是充满爱的。,5,力荐,25,0.9999998724572432
2018-05-10 09:28:40,酒鬼一家小迷妹,这个杀手有点温柔，可惜结局还是没能好好地活着。,5,力荐,24,0.9981688249292991
2018-05-10 12:14:31,尽人事，听天命,爱情对于一个杀手来说是奢侈的。尽管，里昂也喜欢马蒂达，他却一直隐藏自己的感情,4,推荐,14,0.9996687320241714
2018-05-11 07:23:26,橘猫爱吃鱼,在这部以杀手与复仇为主要脉络的影片中，诠释的却是一个生命与爱的故事。,5,力荐,37,0.9999800642402707
2018-05-11 10:26:54,哈哈哈啊啊啊,每个冷酷的外表下果真都埋着一颗孤独的心，一旦遇到了让他温暖的人，便会融化，这个杀手不太冷。看过的法国电影不多，但是很喜欢，有时候你会为剧情为结局感到难过，但是你总能在角色的言语间得到一些慰籍，法国人真是浪漫又幽默吗？台词很喜欢了，“　玛蒂尔达：我已经成熟了，我只是年龄在增长 ”。,5,力荐,18,0.999999999999835
2018-05-11 14:31:59,、佚,"我所认为最深沉的爱,莫过于分开以后,我将自己活成了你的样子。",5,力荐,13,0.8714564280643778
2018-05-12 09:06:38,东篱,里昂和马蒂达有着共同之处，他们都是受伤、敏感、孤独和失去沟通的人，但在危难时刻他们惺惺相惜，彼此依偎，这让他们重新燃起了希望。,5,力荐,25,0.9999982520050922
2018-05-12 12:23:38,翠蝶🌸羽生✨💫,影片的镜头运用非常棒？般拍镜头给人的印象极为深刻，从泛起涟漪的湖泊，到茂密的森林，再到耸挺立的高楼大厦等等每个画面都符合经典好菜坞的形式与风格。,4,推荐,15,0.9999092714636474
2018-05-12 23:29:55,春风不解意,无论什么时候看都是经典之作。,5,力荐,23,0.7362708176617201
2018-05-14 23:29:27,如是,台词经典，剧情经典，演员经典。,5,力荐,18,0.9995906957344668
2018-05-22 13:01:37,godzilla,与大多数动作片一样，Leon的情节相当简单，这是角色驱动的电影。电影主要围绕着里昂和马蒂尔达之间不断增长的感情，以及展现他们如何改变彼此的生活。,5,力荐,12,0.9999994069311684
2018-08-29 05:26:11,已注销,转：故事作者凭借其猥琐的想象和对少女形象的一厢情愿，用呼之欲出又止给了银幕前的ltp充足的遐想空间。创造了小女孩单向迷恋甚至引诱老男人的桥段，把老男人塑造成被勾引的单纯“男孩”，满足恋童癖的yy。结果就是那么多人看完yy娜塔莉，娜塔莉波特曼说，这片子出来后，她被ltp骚扰多次，收到很多色情威胁信，以致她后来都不愿以未成年身份拍情感类故事。我甚至觉得这是在教唆犯罪，给恋童癖行动的理由：未成年女孩是会这样“迷恋”老男人的，它们只是“接受引诱”而已。导演采访时说，此电影在国内被推崇胜于欧洲。在海外被批判，但在国内“成了经典”。这跟国男追求“幼”的病态审美有关。豆瓣影评还能看到称玛蒂达是“完美情人”。我愿称之为显性和隐形恋童癖的集体高潮。很多经典电影从女性角度出发 里头都有很多令人不适的设定和情节。,1,很差,1,1.0
2018-11-23 22:52:53,tlmgt,Bjork《Venus As A Boy》Sting《Shape of My Heart》两首歌 电影原声带都没收录， 有点可惜,4,推荐,15,0.7930764006545339
2019-04-29 20:05:21,Wilson,重看/点燃男性对未成年少女的性冲动，顺应着将大叔配萝莉“合法化”，将萝莉网黄收费微博“合理化”，中国大叔钱还是太多，没拍两人做爱镜头相当仁慈。,2,较差,3,0.9999318531202098
2019-05-12 15:50:43,蓝凝之,其实，一直不太懂，这个电影高分的原因…,5,力荐,114,0.3916349575194495
2020-08-25 12:26:21,Superman,名头比内容大…,3,还行,59,0.7710781628976195
2020-11-12 10:17:28,脾气不好的女人,论如何让恋童癖合理化的方法就是让未成年去主动追求老男人，老男人百般推拒最后“为难”地接受。,1,很差,45,0.546151436574972
2020-12-24 23:56:31,甜戈壁,"牛奶，盆栽，不善言辞的他。
灵动，叛逆，爱上大叔的她。
她曾问过Leon，人生都是这么痛苦的吗，还是只有童年是这样，却不知leon说的竟是自己。
tony也曾经说过，不要相信任何人，没想到也说的是自己。
在我眼里她和他都是小孩，他们互相依靠，互相促进，互相成长。实际年龄十二岁，心理年龄十八岁的她，实际年龄大叔但心理年龄十八岁的他，他俩就是真爱!
那时候的娜塔莉波特曼太有灵性了，电影里每一个温馨的画面我都想记住，这个杀手不太冷比怦然心动好看一百个天使爱美丽。
LEON，I LOVE YOU TOO!!!",5,力荐,23,0.9999999999999868
2021-01-03 23:10:38,在逃冰拿铁,这部能top4是我心里的谜团,1,很差,262,0.6100649787329699
2021-01-05 10:23:05,451½°F™,似乎开创了人类电影某种烂俗设定与关系的先河，吕克·贝松式的粗制滥造三流香港黑帮电影，以及演员本身的非理智「封神化」也造成了最大泡沫电影的「奇迹」，在本片和其他沽名钓誉的「名片」面前，艺术评论与大众粗俗的口碑都证明了一种荒谬性。,2,较差,11,0.9999975513555096
2021-02-12 21:56:06,momo,女主好低智，男主好冤枉,3,还行,93,0.9631989640762176
2021-05-01 16:52:44,大赢家,满屏的英雄主义和恶臭萝莉文化…崇拜、依赖、学徒，忠诚、献身！终于知道为啥小男孩都爱不良少女了！她们懂得多，肯献身。也算知道怎么回事了。歌挺好听,2,较差,80,0.999381506896274
2021-08-05 00:41:49,Neophyte,演员演绎或许很棒，但情节设计未成年小女孩迷恋甚至引诱大叔令人不适。看到豆瓣这么多人把这部电影奉为圭臬，我愿称之为国内显性恋童癖和隐性恋童癖的集体高潮。,1,很差,150,0.999999999792384
2021-08-11 03:25:10,亘佑,臭名昭著的恋童癖电影。最令人发指的一点是，原始剧本是有床戏的，是试映后在美国观众中引起的轩然大波，外加主演娜塔莉的家人的激烈反对，电影才改成最终较为收敛的擦边球的样子。电影的上映，给女主娜塔莉带来了现实生活中的无尽的性骚扰和心理阴影，直到今天她都对《这个杀手不太冷》拒绝评价。这种妥妥的反社会电影，即便能把观众骗得五迷三道，也逃不掉成为业内人不齿的影史黑历史的命运，不然怎么会什么奖都没拿？导演吕克贝松也是劣迹斑斑，早在1992年就和15岁的女孩发生性关系致其怀孕，在法国这并不违法，但在美国吕克贝松就是个强奸犯。看«超体»的时候就觉得，看完这部更加确信，吕克贝松这人，不仅仅是不入流这么简单。一星？负五星都描述不了这部电影的恶心。,5,力荐,188,0.999999999977111
2021-08-25 23:04:41,San Fransokyo,"？看到这么多感天动地的好评我迷惑了，杀手戏值得，但这感情线就是明晃晃的pedophilia啊！Leon确实是个好男人但也是极少数的个例，有没有想过有多少女孩在那么小的年纪根本不具备真正分辨一个人的能力啊，要不然为什么各个国家都要设定age of consent, ""especially when there is a relationship of trust, authority or dependency"". 这样的电影会误导多少人。而且真正纯粹的爱情应该是互相吸引而不是有一方不断试图性勾引，我看不出Mathilda哪里是真爱Leon，那很可能是由保护性命和对sex未知的渴望带来的错觉依恋。一开始她还算是surprisingly bold，但是后来面对仇人的两次关键时刻却吓破了胆成了猪队友，也因此间接害死了Leon。",2,较差,21,0.9999993881532476
2021-10-10 11:28:31,storyteller,网飞最近租了这部的线上放映权，却把最关键的几段情节剪掉了（不知道和当年公映版的删减内容是否一致）。这几段情节包括：玛蒂尔达与里昂搭档出击、二人在高档餐厅饮酒傻笑、以及玛蒂尔达被里昂救出之后的夜戏。网飞的删减逻辑指涉明确，主要试图回避三个敏感议题：青少年持枪与暴力犯罪、未成年人饮酒、以及有娈童嫌疑的艺术表达。删减后的故事，不再是一个老灵魂如何与一个困在中年男子身体里的少年相依为命的故事，而是变成了“冲动小女孩如何坑死职业杀手”的故事。,2,较差,71,0.9999999999714166
2021-10-25 11:09:14,噫污雨,一部电影，一个成年男人和一个未成年大概12岁的女孩，标签是爱情片，想象一下，80后到90的小孩现在差不多都10岁或者以上了吧，你女儿跟一个比你还大的男人谈情说爱，这就是恋童癖，有人说男主内心才12岁？wtf？他生理上是未成年吗？你们知道一个成年人想要从心理上操纵一个未成年小女孩有多么容易且恐怖吗？一个恋童癖电影为什么在中国这么受欢迎难道不是真正的教育缺失吗？看到粉红去冲那些所谓的乳化电影，难道这部电影存在于豆瓣推荐电影榜单里不才是最大的问题吗？这个故事本身就取材于导演和他十五岁的前妻（还是奉子成婚）的故事，这样的恶心到令人发指的恋童癖电影真的配得上0分以上的分数吗？鼓吹儿童和成年人之间有爱情的不是蠢就是坏。,1,很差,12,0.9999999986148004
2021-11-08 00:22:59,Serendipity_Je,救命啊 其实片子本身真的不错的 但是大叔和萝莉这个设定真的很让人不舒服 可以理解Leon是第一个对她好的人 但是为什么要上升的这种层面,2,较差,11,0.9999234830630904
2021-11-17 07:14:05,十余天,根本就是恋童癖，，，一星给女主。,1,很差,20,0.9052240287249862
2021-12-08 13:31:19,小脑瓜在想啥呢,美化恋童癖的片子 在九十年代或许可以 放在2021年可就太有问题了 里面很多小女孩镜头都充满性暗示 令人不适,3,还行,190,0.9729423770714092
2022-01-07 06:37:29,SaynomorE,不能过了那个年纪再看。毫无滤镜，现在看只觉得男性凝视过重，剧情杀结束一切,5,力荐,65,0.2526989445354115
2022-01-19 12:29:59,momo,看到一半看不下去了，感觉好奇怪，总有一种恋童癖的感觉。,2,较差,31,0.7898247692194361
2022-02-08 19:04:11,Firefighters🐕,"過了很多年，當我從現實生活回歸到影像藝術本身，我明白了自己厭惡這部（類型）片子和討厭97年版《洛麗塔》的緣由相同，再詩意的粉飾也不過是pedophilic disorder對青春期少女的浪漫化意淫而已，罪該萬死。3-1顆✨個人看法，別來私信我，謝謝合作。",1,很差,11,0.982426446358396
2022-02-22 13:55:15,My Soul,一度怀疑我的欣赏能力，豆瓣top4的电影，在我看来真的很一般……,5,力荐,154,0.9986064353155072
2022-06-20 20:22:23,啦啦&jojo,让我真切感受到豆瓣男性用户很多的电影之一,2,较差,38,0.9925493386327062
2022-07-05 12:05:50,microaudi,大家都没有发现这是炼铜吗，原来的剧本里还有床戏，1星都不想打，娜塔丽波特曼后来遭到了无数炼铜癖的骚扰。,1,很差,222,0.9988614839426422
2022-12-21 12:55:17,影子。,"从没有一个电影让我这么分裂，开篇有多喜欢，看到中间就有多作呕。
所有的一切都那么优秀，剧本，节奏，摄影，音乐，演员，都是顶级呈现。
除了创作者那贯穿全片的恋童癖基调和性化儿童的视角，让我恶心到别的方面再吸引人都看不下去。
更何况去除这些元素并不会影响整部影片的完成度，仅仅是无法满足创作者和少部分观众的变态心理罢了。
了解到导演承认这是基于他和第二任妻子的故事创作时，就更证实了这一点，后者和他15岁交往16岁生育，而拍这部片时娜塔莉只有12岁。",1,很差,14,0.9999999999999484
2022-12-27 23:20:50,Hideaki Ito,影片的拍摄技巧很棒。演员演技在线。但是！真的反感导演暗戳戳安排的炼铜元素。杀手男主看着女主穿低胸装的时候，凝视她的唇，视线移不开她的身材，你说他心理年龄只有12岁？骗鬼吧！最初吕克贝松的剧本居然是男主和小女主do了？！幸亏女主角父母反对再加上担心观众不能接受才改成现在这样打着浪漫幌子打擦边球的情节。,2,较差,24,0.9999987619444513
2023-01-15 11:31:18,爱神,ltp圣经为什么会在豆瓣top10？我实在不能理解，也别说男女主之间的感情是类似父女之情，你和你爸爸相处会像这样吗？导演本身就是个ltp，其作品更是不言而喻。,1,很差,79,0.9999889468606984
2023-01-25 14:49:29,🐰,经典是经典 不过但凡没有那条奇怪的love line我都可能加个一星… 真的很讨厌一切带恋童癖倾向或者美化恋童癖的作品,4,推荐,103,0.993324719902582
2023-02-13 10:47:04,littleBea,就算美国院线发行的版本已经删去了二十多分钟的敏感内容，也掩盖不了影片的恋童本质。,2,较差,23,0.7956817461068063
2023-02-13 22:46:39,管 理 员,炼铜…没看出来哪里特别了，因为什么能成为经典的,3,还行,21,0.8259846393457376
2023-03-12 17:41:22,July,"这个杀手确实不太冷，他有心，精心养护房间里仅有的一颗植物，每天按时给它晒太阳。
作为杀手他有他的原则，不杀女人和小孩。
他会口香糖把戏跟戒指把戏。
他不抽烟不喝酒，只爱喝牛奶。
邻居被警察抄家仅剩一个小女孩，他深思熟虑后还是为小女孩开了门，即使会暴露自己的住所。
他会为小女孩留下自己所有的佣金。
他会为小女孩牺牲。
",5,力荐,14,0.998419385652032
2023-04-07 21:22:41,sosora,典型男性叙事，老白男的意淫产物，主要人物立得生硬，明明有更深更复杂的情感关系可以挖掘，却选择了最猥琐的那种😅男主只要在感情上木讷笨拙就可以拿到道德上的免死金牌，各种擦边和暗示镜头非常直白地表达出男导演对未成年女性的凝视和意淫，整个故事都浪费了娜塔丽的灵气。高情商：不杀女人不杀小孩。低情商：女人小孩不能上桌吃饭。,2,较差,85,0.9999482944745908
2023-05-02 19:32:36,▫️,有擦边恋童…另外女童这个人设真是大雷，不过是形式新颖的trophy heroine，任性、愚蠢、等待男主的拯救牺牲。最接受不了的情节是和旅馆receptionist说leon是我的lover，然后被赶走，中二少女也不是这么中二的好吧……,3,还行,21,0.9637064987464438
2023-08-29 20:06:18,桃耶布谷鸟,leon，自从遇见你后，我的胃再也不痛了。玛蒂尔达，你让我感受到了生命的美好，你让我想安安静静地躺在床上，你不会再孤独了。这其实是一场12岁与19岁的恋爱，酷毙了！,5,力荐,23,0.999969331525304
2023-10-18 14:26:58,大笨象騎士,What the……豆瓣电影250的TOP5居然是这种垃圾货色，豆瓣有至少220w人在为一部恋童癖导演拍的恋童癖电影真情实感地讨论“他们之间到底算不算爱情”，OMG！！！前面还没到性暗示情节就已经觉得Mathilda的着装如此令人不适，后面换装、喷水、要求做爱的情节简直就差把“我是导演，我是变态”写在脸上了，居然还有不少人假想Natalie去拍Lolita……更别说烂得透顶的剧本，写那警察的各种降智操作真是把观众当猴耍，你们不如直接说这是部儿童片好不好？大家都在玩过家家，所有的男人哪怕到了80岁都仍然是8岁小男孩呢！,5,力荐,191,0.8964790786017315
2023-11-05 20:51:58,很好很会吃米,……有些电影就是拍给你13岁的时候看的，30岁才看就会看笑话,3,还行,24,0.9363889918410608
2023-12-09 15:00:47,Eli科斯,就是一部美化恋童犯的电影，未成年少女与杀手老男人的故事，而且还很做作地把小女孩描写为主动方，真的令人作呕，这样的电影有这样的好评，我完全无法理解。,1,很差,68,0.999999692881467
2024-01-08 20:41:04,只是一条鱼,我可以接受故事中的二人存在爱情，但是没必要让镜头充满恋童性暗示。。。。。。,3,还行,27,0.9995511334702384
2024-02-20 10:48:05,sasameyuki,我对只能看出炼铜的人无话可说😅,5,力荐,287,0.3154330798779616
