2007-09-26 16:07:07,圓,俾幾多粒星都表達唔到我睇呢套戲o個種震憾,5,力荐,317,0.2219808972479178
2007-10-08 18:17:36,dotann,看完之后整晚都觉得很累，李安的电影我只看过中文的，所以感觉风格相差还不是太多，用一个字来说就是很“细”，人物表情，布景，镜头移动，满满得都是细节，演员的发挥也是这么细致，每说一句话都意味深长，需要品味很久才能咽下去，这个故事情节本来就压抑，再加上这样缜密的拍法，感觉有点儿透不过气来。其实“卧虎藏龙”也是这样的细，不过里面穿插的几场打斗是很舒畅的内容，所以没那么累，“戒色”穿插的几场床上镜头，比其它情节更让人累了几分。唉，这真的是一场好电影，只不过没有情绪张弛的变换，让观众看得太辛苦了。,5,力荐,984,0.9999999999998548
2007-10-12 19:49:08,bayer04,"太赞了,李安CAST人太有感觉了,张爱玲好象传了某种气质给汤唯,而且,学生和电影院永远是不可获缺的元素.这片的细节都拍也拍得巨好.看的时候就仿佛置身1938,香港,1942,上海,第一幕的麻将就已经足够征服观众.",5,力荐,426,0.9999998380833846
2007-10-31 12:35:03,荔枝超人,冲着电车上雨水打在王佳芝脸上的一个场景就够了。,5,力荐,1931,0.998841792692386
2007-11-01 18:58:53,桃桃林林,好一个汤唯,4,推荐,10138,0.8865383165195453
2007-11-02 00:58:56,taki zhang,今天跑去万达看的～忠于原著，但却好难受，因为替一个女人不值。做了那个时代的牺牲品。。。,4,推荐,1046,0.8515756464479701
2007-11-03 23:11:36,Touma,强大的眼神戏,5,力荐,4622,0.9758406768067271
2007-11-04 23:44:52,littletwo,你看到王佳芝的眼神了么？那眼中，分明都是恨。,4,推荐,1032,0.994691563614879
2007-11-05 09:43:42,私享史,【万达】《小城之春》在精妙阐述“发乎情，止乎礼”这个主题的背后，在弱化时代背景的同时，还赋予了影片一种政治隐喻和一个讨论历史的开放式结尾。而李安选择“色易守，情难防”，这是一个改变了时代背景仍能完全成立的故事。费穆有且仅有一个，李安也只有一个，祝福他成为下一个费穆，甚至超越费穆。,5,力荐,139,0.9999999999999888
2007-11-05 10:17:03,美丽新世界,这一晚这一秒，你我重来。汤唯小姐。,5,力荐,428,0.7018204903117623
2007-11-06 22:51:01,影志,男人是政治的动物，女人是情感的动物。李安用床戏“将易先生的内心活动外在化，外显他的恐惧、他的愤怒和挫折。你可以形容一个人如何不具备相信别人的能力，但更绝的是让他在高潮时都不敢闭上眼睛” “如果说断背山是一段发生在天堂里的爱情，那色戒就是来自地狱的爱情。”——李安,4,推荐,18100,0.9999999999912366
2007-11-07 01:46:50,寂地,也许他们有一瞬间是真心相爱的．但只有那一瞬间的假戏真做而已．,4,推荐,3461,0.9958342222814348
2007-11-08 19:56:33,猫,对，我是一个很在意细节的人，甚至有细节偏执狂的倾向。我喜欢王佳芝的嘴角总是倔强地微微翘起，在父亲寄来结婚照片她发去贺信的时候，在她为了王力宏那一心复仇的疯狂甘愿把自己最宝贵的给一个不相干的人的时候，在她接到梁朝伟太太电话的时候，在她和他纠缠在一起的时候，在她看到足以让世界上所有女人疯狂的“鸽子蛋”的时候，在她确认自己是真的爱上他救他一命的时候，她嘴角的弧度，堪称完美。,4,推荐,7202,0.9999999998191162
2007-11-19 13:24:34,眠去,恍惚间，她相信他爱她。,5,力荐,9612,0.3780725815057335
2007-12-02 22:24:47,战国客,这种结局的影片也就是李安，换个小导演根本不可能在大陆播放。汤唯片中表现堪称完美，个人感觉汤是华语影坛最有气质的三个女明星之一，另外两个是张曼玉和桂纶镁~~,5,力荐,1219,0.999999916189494
2007-12-10 21:44:10,豆友1120428,李安最大的成功不是拍摄了《色戒》，而是找到了一个王佳芝，一个有着隐忍闷骚眼神、永远嘤嘤喘息的王佳芝。,5,力荐,3470,0.9963309377415362
2007-12-17 12:02:34,国士,李安的《色戒》是对人性反思与关怀，这种反思与关怀的高度是目前大陆导演无法企及的。,5,力荐,803,0.9983271338902412
2007-12-18 23:48:47,大头绿豆,李安的控制、梁汤和几个配角的表演，台词，场景，摄影，剧本，音乐，都几近完美。非要挑骨头的话，大概就是抗日大背景交待不够，无法形成王佳芝愿意作如此牺牲的充足理由。,5,力荐,4133,0.9999999953075352
2007-12-21 22:07:01,小熊娃娃,★★★★☆ 片子拍得很棒，精细酣畅，一路看得惊心动魄。但是无论如何也没办法喜欢，比原著境界高很多，不过仍然压抑冷酷。张爱玲文字再毒辣，也不过是金星天蝎的怨妇，李安则温情大气得多了。也是电影里才有家国与个人命运的对比，张爱玲的小女人心理是根本不在乎这个的。,5,力荐,230,0.9999997556743712
2007-12-22 14:38:22,欢乐分裂,她看着灯光下理想飞扬的少年，却未曾想到即将陷入到泥淖，也曾暗怀里深切的热望，只是因为爱着这场全心投入的荒唐梦；当另一个人以果断凌厉的姿势钻入她的身和心，痛苦和欢愉宛如双重火焰，她唱起与郎不离分，他竟泪光盈盈，我相信那一刻他们是真的爱过，这就是一个爱情故事，爱情就是无望。,5,力荐,813,0.9999999999741888
2007-12-22 23:11:48,lv0401,请不要观看国内版本.,5,力荐,502,0.7756714525003877
2007-12-24 00:13:20,林||我们谈什么都像谈死！,看见他们做爱，突然想哭，应该是相爱的吧，易先生和麦太太。,5,力荐,643,0.9900840106080562
2007-12-24 00:31:48,松花蛋,即便有那些情色镜头，这还是一部干巴又平淡的电影。,3,还行,56,0.7906488805568433
2007-12-26 11:01:43,林愈静,"十年內不會有國語電影能超過色戒
2007/12/25 2007/12/24 連續看兩遍",5,力荐,1688,0.1271235486040027
2008-01-02 16:05:19,薇羅尼卡,李安依旧棒的没话说，梁朝伟依旧演阴郁男人很拿手，汤唯是个惊喜。,5,力荐,701,0.9999851497397946
2008-02-04 22:23:05,科林,"随风飘动的小风车、人力车、鸽子蛋、药丸、“王佳芝上来呀”。我心碎了，我流泪了 
",5,力荐,246,0.9961817549128832
2008-03-09 11:51:58,月想花容,再看《色戒》觉得很残酷。王佳芝是因为爱上了邝裕民才加入了这个所谓的爱国计划。但这个口才甚好的爱国青年却不像他所标榜的那样勇敢。甚至连担起对心爱的女人在肉体上负责的能力都没有。而后她却发现易先生跟她想的确实不一样。易是个好情人嘛。至少她愿意为了他放弃这个计划。而这个计划的败露则意味着让她自己死。最后那些革命者面对死亡哭了。这个电影蕴涵的太多。很喜欢。,5,力荐,8579,0.9999998711060232
2008-08-20 16:03:23,2013,一个鸽子蛋的心意换一条命，女人是真傻，还是真聪明？,4,推荐,1485,0.099866985528235
2008-10-02 10:15:51,LisaLeung,梁朝伟不愧是影帝。,5,力荐,2360,0.9873713773467592
2008-11-12 13:36:32,Song³,色只是外表，情才是根本。勇敢的汤唯！可怜的“汤唯”，成了某些制度的殉难者。,5,力荐,559,0.9856442783955685
2009-04-26 01:53:23,春城,最喜欢的一句台词：易先生看着放到办公桌上的戒指急促的说：那不是我的......,5,力荐,4225,0.8042460172667365
2009-09-09 13:56:52,游坦,易先生原型是汪伪政权要员丁默邨，王佳芝是国民党元老郑越原之女郑苹如。1939年郑苹如凭借姣好的色相与丁默邨接触，并使对方坐怀大乱。刺杀失败丁默邨念及露水之情没有痛下杀手。郑苹如最后被丁妻秘密枪决。死时年仅23岁。政治像最后巨大的黑洞，跳了进去不仅是去填满填满，而是被无尽的黑色淹没。,5,力荐,2096,0.9999999959957822
2009-12-10 00:18:43,Connie,载她的三轮车夫有多快活,5,力荐,5973,0.3496815833992386
2010-02-07 00:44:58,蒹葭,佳芝临死前面容很坦然，爱情就像有着超强药效的毒品可以使病危的人忘却痛楚。我想她不会后悔救了易，更加会庆幸自己终于可以摆脱这份灵魂和肉体的束缚。她随时都在准备着结束这场必输的赌局，只因为她压错了时间，压错方式，压错了对象。,4,推荐,5917,0.9999999600605496
2010-02-16 21:16:33,萨嘎摩多熊猫桑,这和以往的李安不太一样。他发掘了人性的另一个层次，而我也觑见他的另一面。真实的平淡，连死也寂静，只因别人无法触摸的黑暗。,5,力荐,271,0.9955541844058428
2010-02-25 22:21:18,高歌,汤唯最大的运气就是遇到李安，起点太高。,5,力荐,250,0.9572601177427352
2010-04-04 18:57:32,曼靑,伱演過一場話劇、愛過兩個男人、抽過三次煙、打過四場麻將、流過六次眼淚、換過十六件旗袍。可昰伱為甚麼都不笑了呢? 我很喜歡看伱笑的。,4,推荐,2233,5.767545272405972e-05
2010-11-02 17:53:10,风间隼,意识形态没有颠覆前，汉奸的人性只能被困在床上。张爱玲没能理顺的心结，李安也没能理顺，于是只好任由好莱坞电影工业营造出来的真实可信的银幕奇观成为小女人一时心绪反复的注脚，在立意上就落了下乘，还不如《川岛芳子》。但是那种自信和干脆的劲儿是真好，形式上是十年最佳。,4,推荐,65,0.9999821713459096
2010-11-02 17:53:10,风间隼,意识形态没有颠覆前，汉奸的人性只能被困在床上。张爱玲没能理顺的心结，李安也没能理顺，于是只好任由好莱坞电影工业营造出来的真实可信的银幕奇观成为小女人一时心绪反复的注脚，在立意上就落了下乘，还不如《川岛芳子》。但是那种自信和干脆的劲儿是真好，形式上是十年最佳。,4,推荐,65,0.9999821713459096
2011-01-25 18:28:29,yuanhan,"继《情人》之后最好的情色片。从《天涯歌女》这段开始，都太好，五味杂陈。《危险关系》那种无以梳理的真。李安：“这是我跟张爱玲的神交，我不是做学问的，没办法引经据典，只是将心比心；……她用女性的性心理学，来对抗父系社会下对日抗战这么神圣的事，当她把易先生放走时，小女子小小一句话，好像把几千年父系历史结构抽掉一个东西，突然瓦解。这是一个小女子的力量，性欲的力量，是个很不道德的力量，可是又很巨大，让我们深深反省。” 这里有一种悬置：to be, or not to be, that is the question.",5,力荐,61,0.9999999999950544
2011-04-16 21:49:32,穿着红背心过冬,不能想象除了汤唯，谁来演王佳芝,3,还行,2504,0.9750345328988648
2011-04-23 09:27:50,九月五的酒,汤唯一曲天涯歌女，彻底把我给秒了,4,推荐,2396,0.9855871189820606
2011-05-05 12:30:11,daparo,張先生的上海吶。。。雖然不討厭王力宏，但他的出現實在是太噁心了。。。,5,力荐,189,0.8492623979456412
2011-05-07 23:47:40,小尼尔森,如果没有那三段床戏，此故事不成立,5,力荐,3747,0.8055544046842563
2011-05-09 00:38:53,福子爷,少给我拿些暴露镜头和一般人不想着手的话题就想显示什么高度和水品。也许就是我不懂得欣赏，也许就是李安让我大失所望。抽象派画家还知道拿些完全看不懂的乱涂乱画来愚弄人，这部片子~好吧，我不想多说。,1,很差,44,0.1039096468281719
2011-09-14 01:14:28,大灰狼的兔,“两个人要相逢，相吸，然后是眼角眉梢，你进我推，徘徊着，猜测着，试探着，多少的辛勤多少的准备，赤身肉搏，就为那欲生欲死的一瞬。尔后，就是大海退潮清光万里，万花吹雪繁花落尽……”,4,推荐,474,0.9999979220975614
2011-10-07 12:39:52,暴走系乙女药,这部电影，看懂的人不太多吧。,5,力荐,509,0.6541430523150602
2011-12-04 23:03:47,声音声音,我在玩一场必输的赌局，赔上一生的情动。,5,力荐,902,0.5549858356511438
2011-12-28 04:35:07,陀螺凡达可,生猛却仍然细腻的李安。,4,推荐,670,0.9033324559610272
2012-03-02 18:34:23,友颜在先,王佳芝的一生毁在两个男人的手里，为第一个男人献身，为第二个男人牺牲。,5,力荐,5736,0.996095181127892
2012-12-09 22:35:28,岛上的夏奈,五年前看不懂，不知这是一部好戏。两个小时分分钟都够足料，汤唯的一颦一笑都是媚，口中的每个字都是含糊暧昧的；这才是情色片，这便是情色片——情与色融为一体，分不开了，戒不掉了，假装不了了。,5,力荐,752,0.3065845214814352
2013-01-27 02:31:23,UrthónaD'Mors,其实她一开始便知道是死路一条,5,力荐,700,0.556261960411004
2013-03-02 17:26:43,根,真的很喜欢那种青年人满脸写着的自以为是被现实碾过的样子。,5,力荐,4236,0.9027898047681252
2013-08-18 21:30:38,小斑,抗日背景下，只见一群自称护国的中国人，利用一群自认爱国的中国人，去刺杀另一群自称保国的中国人。都扭曲了。只有王佳芝和易先生的关系是实实在在的，甚至还能有几分真。王佳芝只是要个归属而已，一路单纯到了最后，其实很不容易。,5,力荐,2449,0.9999997405897998
2013-11-24 22:02:31,掉线,【B】依然是李安的细腻温吞，特喜欢几场麻将戏，李安在处理这种小格局多人的场景张力把握的特别好。大尺度戏并不多只有两场但很必要，不过觉得王佳芝对易先生的爱情来得太突然了，没有信服力。王力宏演技居然还蛮好的。,4,推荐,60,0.9999999917686014
2013-12-31 20:44:14,连城易脆,当你真的爱上一个人的时候，你哪里管他还是好人还是坏人呢...,4,推荐,65,0.980655025773058
2014-09-22 16:52:40,donger,这么多年现在才看。八月份去UCLA的时候路过张爱玲的公寓，怎样也想象不到，她竟死在了一个这样的地方。现在再看这个片子，全懂了。也只有李安能拍的出来，梁朝伟与汤唯的戏简直惊为天人，举手投足间的刻意和卖弄，骚也好，演也罢，就是这么荒唐，真真假假，你都挡不了欲望这一枪。,5,力荐,399,0.9857288459041972
2015-05-01 10:11:11,安德烈大叔,高中时扫这片太笼统，过了那么多年回看，确认这是李安最好的作品之一。王力宏必须死！,5,力荐,197,0.9401283822090823
2015-05-02 00:21:47,大島,汤唯不是靠脱而红 每个人的演技都超棒的,5,力荐,1474,0.9877401007921296
2015-05-17 21:28:22,MaxHorowits,精妙是精妙。学生痛苦是因为太蠢，太不惜命，觉得自己能在乱世里创造大于生命的价值。汉奸痛苦是因为太精，太惜命，觉得在乱世里保住命就是最大的价值。,4,推荐,511,0.9999757482734952
2015-06-28 00:11:40,把噗,冲着电车上雨水打在王佳芝脸上的那个SCENE就够了。,4,推荐,104,0.997486310322486
2015-09-06 02:36:33,渡口无边,每个眼神都是戏。整个故事都是在讲进退，政治立场上的进退、肉体上的进退、心灵的进退。一个作为政治牺牲品的女人，或只需那一刹那的忠于内心，她便完成了自我救赎。,5,力荐,98,0.99999987562638
2015-09-11 21:05:22,虾坨坨艺仔,第一次觉得汤唯好美，王佳芝放走他的神情，革命者在死亡前的痛哭，让我深深地受到了震撼。好喜欢李安，喜宴，饮食男女，断背山....永远让我感动。赴死前街边的温柔日光啊，做平凡人一样活着竟这么奢侈。,5,力荐,297,0.9999999999996968
2015-12-24 13:20:43,Fiona和平,王佳芝第一次色诱成功床上一笑，我觉得就一个原因：舒服。什么国啊，什么家啊，什么日本人，什么汉奸啊，此时此刻，就一件事：做的真舒服。这是最女人的女人戏，炒鸡张爱玲（我爱祖国，我恨军国主义）,5,力荐,438,0.9999199735750532
2016-01-11 15:09:06,寒枝雀静,A＋ / 私影史：最最最最最最好的李安。,5,力荐,73,0.6463968792746326
2016-07-29 01:39:23,劉丹青Shelia,“第一次觉得李安可怕，是看《色戒》。觉得害怕，不是那十分钟的床戏，而是因为电影里彻头彻尾的虚无——爱情是荒谬的，友情是虚伪的，亲情是荒芜的，国家是四分五裂的，革命是似是而非的，革命者更是不可靠的……只有性爱的快乐是真实的，而这唯一的真实恰恰又是不可说的。”—摘录,5,力荐,23292,0.9999999980837576
2016-08-26 12:53:08,Ocap,男女关系在第一位，政治隐喻次之，重点还是时代狂流下因为小我和大我而挣扎的人们。两个人关系两个阵营，阵营不可移，人却必有进退。李安在这之前闯荡好莱坞期间的积累和一直保有的、对中国情感和历史文化的关注，终于在创作本片时形成交汇，造就了这部在视角和表达上都独一无二的、似混血般的好电影。,4,推荐,126,0.999999999999872
2016-08-26 12:53:08,Ocap,男女关系在第一位，政治隐喻次之，重点还是时代狂流下因为小我和大我而挣扎的人们。两个人关系两个阵营，阵营不可移，人却必有进退。李安在这之前闯荡好莱坞期间的积累和一直保有的、对中国情感和历史文化的关注，终于在创作本片时形成交汇，造就了这部在视角和表达上都独一无二的、似混血般的好电影。,4,推荐,126,0.999999999999872
2016-08-30 22:59:24,长发奎因,“自己”这个东西平时是看不见的，只有撞倒一些别的什么，反弹回来，才会了解“自己”，群体意识下个体自觉性的丧失中国人应该是有深刻体会，然而我们的银幕太缺少这样自我醒觉了，就凭这个，这电影值五星,5,力荐,299,0.9989250063753736
2017-01-11 21:43:26,谢道林,看到影片最后你会有一股愤怒，却不知愤怒从何而来。梁朝伟和汤唯贡献了各自最好的诚意和演技。作为一个弯男却觉得这电影比《断背山》更伟大。一部电影能够不站在政治立场上难能可贵，成名的李安充分利用自己的权势，去做自己追求的电影。五星献上。,5,力荐,197,0.9999899483111386
2017-02-27 13:38:28,暴富的女孩是我,一群涉世未深的毛孩自以为精心策划的刺杀计划造成了一个女孩的悲剧的一生，全片最佳背锅王佳芝。,4,推荐,2605,0.9999952489156396
2017-03-06 18:15:35,幕天席地,情色片跟色情片还是有很大不同的,5,力荐,453,0.3348522646845058
2017-04-16 17:01:16,西楼尘,街市上人们急着回家烧饭，牌桌上太太闲话下次的宴请。没人关心一场波诡云谲的情爱，悄无声息轰然落幕，如床单上的皱褶，化成眼角噙着不落的泪。穿着，一件旗袍动了心；戴着，一枚钻戒动了情。他那么怕黑的人，却摸着黑和她走了情欲钢索。她如此无根的人，却把篱下当做家，把假戏当真情，淹进爱欲深海。,4,推荐,5963,0.9999999914073844
2017-05-05 12:58:51,托尼·王大拿,工整且精细地可怕，隐秘中酝酿着宏大，纵是匠气亦是巨匠之气。,5,力荐,418,0.9936120576488456
2017-05-22 17:06:11,Futurismus,"“快走”, 汤唯说完这句话转到梁朝伟特写, 梁表情数变（“表情数变”,这是我在看网络小说时经常吐槽的一个词，但没想到居然真的有人能够表现出来）从微笑,困惑, 到醒悟, 再到慌乱, 种种神情一闪而过, 梁朝伟在这里直接奉献出了影帝级别的表演。最后一幕, 妻子进来, 光落在梁脸上, 而眼中隐有泪光闪动…",4,推荐,10432,0.9999999656110912
2017-06-18 18:05:55,醍醐灌饼,第三次看，真的是李安最好的。理解了王佳芝也就能理解林奕含说“遭受的苦难比种族灭绝还要巨大”，他们的言行是精神被痛苦吞噬后对自身最后的怜悯，是分离崩析的内心对外在世界的最后抵抗，而非出于对他人的恶意。,4,推荐,126,0.9999999907038104
2017-06-27 14:53:20,妙喵喵,这么多年了，看到汤唯躺和梁朝伟在居酒屋里的那一幕，还是会哭。人生几何，哪怕是有那么一两个瞬间，哪怕明知梦醒一场空，可我们局促又难得地理解彼此，明白彼此，还参杂着真心，很是美好，这瞬间虽短，可是很美，是很多人一生都不曾拥有过的,5,力荐,661,0.9999999999988888
2017-07-20 15:20:27,丁一,粟裕大将军有天陪老婆逛街，指着路边一爿店说道，这家咖啡店是极好的！老婆欣喜道，平时这么不解风情的也懂咖啡了。接着粟将军说道，在这里架上两挺机枪，就可以封锁整个街道了！,4,推荐,249,0.9997372280921218
2017-11-11 00:14:36,Youtube,既然要把背景放到抗战，那么就要讲点政治正确吧？这么扭曲的故事，如何对得起那些牺牲的战士，无辜的平民呢？被倭寇屠戮了的他们的人性谁来长篇5星点评呢？李安这种人要是占了主流，侵入了意识，下一次民族危亡时刻，谁站出来为大家牺牲呢？怕不是都要被嘲笑成电影那几个弱智的爱国学生？华夏的悲哀！,1,很差,233,0.9999999989098284
2017-11-13 10:16:22,遇见彩虹🌈,“如果说断背山是一段发生在天堂里的爱情，那色戒就是来自地狱的爱情。”——李安,5,力荐,217,0.9997507633904148
2018-01-08 12:39:54,曼仔,昨天又重温了一遍，和我的男孩一起，看得哇哇哭。太难过了，家山北望泪沾襟，郎呀咱们俩是一条心。全是人生里想得到做不到的无奈。人生太苦了，想找傻白甜让我忘忧。,5,力荐,112,0.9999985053572452
2018-04-08 00:55:01,游牧人·芳汀,#1080p##重看#满屏的隐喻与反讽，处处身不由己，螳螂捕蝉，黄雀在后，热血天真即非法。再看依旧震撼！汤唯这部和好蕾的那部是21世纪头十年最触动，制作最完美，细节无一处不用心的最佳女性视角中国电影。王佳芝在电车上侧身淋雨的瞬间恍惚失神，纯洁无辜，就让时光永远停留在那刻吧~,4,推荐,47,0.9999999999999984
2018-07-27 17:24:38,思路乐,【Great】与我而言，这是一部无论何时都能在我心目中排进华语影史前三的作品。无论是道具、服装、布景、灯光、摄影、还是表演，都配合的天衣无缝。尤其是角色表演，汤唯和梁朝伟的表演都是那么的刻骨铭心。王佳芝稍带醉意的把手伸出车窗去接雨水，初会易先生的一颦一笑，让易先生走时的痛苦与纠结，坐在人力车上那一幅恍然的表情，和最后把玩药丸时所流露出的最后一丝期待。而易先生这个角色也极为出彩，从他平日淡然自若的神态，发现王佳芝身份时的防卫和自信，第三场性爱里被枕头蒙住双眼时的恐惧，和最后在王佳芝床边那盈满泪水的眼眶。梁朝伟做到了用影子都能演戏。还有一个令我印象深刻的点，就是剧中几乎没有多少流泪的片段，所有角色在悲伤时眼泪都是“撑”在眼眶里的，不禁令我再次感叹李安那对于情感的恰当拿捏和对人物本身的残忍。,5,力荐,112,1.0
2018-12-13 01:24:50,苍耳,拍的很认真，但我非常讨厌。不仅仅是对女性狭隘的揣摩对历史偏狭的解读，而是他试图虚无化的东西恰恰是真正推动社会进步的精神。严重扭曲了张爱玲原著的女性视角，代之以男性意淫，龌龊不仅仅无法理解崇高，甚至还要用自己的恶意去揣摩消解崇高,1,很差,102,0.9999999999791812
2019-02-16 15:07:02,刀叢中的小詩,几年前看《色·戒》，兴奋，却又兴奋莫名。有时似乎还和刘嘉玲等等一样，纠缠于是否打真军等曲别针似的高难度术语之中，沉溺，难以自拔。记得李安在接受《三联生活周刊》采访时说，“我要拍《色·戒》，就因为大家提到抗日就慷慨激昂，只有张爱玲看透了这个东西。从女性的角度，一个女人去色诱汉奸，这个东西对我诱惑太大，我又兴奋了”。 至于李安所说的这个东西，时至今日才有些懂了。王佳芝身处两难，一边是身体性爱，一边是家国大义——对易先生轻轻一声“走吧”，就完成了女性个体对“国家”“民族”“主义”等话语以及对“男人”还有对“爱情”的反弑，她的第一次尽管是献身给国家了，在被国家和历史沉重叙事绑架、裹挟的空隙中，她却能够匆匆为自己爱上一回。正如张爱玲那时痴恋胡兰成一样，尽管还是悲剧，但至少自己是完整了。,5,力荐,530,0.9999999999999998
2020-05-06 03:50:19,Stephanie says,“第一次觉得李安可怕，是看《色戒》。觉得害怕，不是那十分钟的床戏，而是因为电影里彻头彻尾的虚无——爱情是荒谬的，友情是虚伪的，亲情是荒芜的，国家是四分五裂的，革命是似是而非的，革命者更是不可靠的……只有性爱的快乐是真实的，而这唯一的真实恰恰又是不可说的。”,4,推荐,138,0.9999999994968188
2020-11-01 13:12:22,柴斯卡,小时候看的时候太傻直了 现在才能看懂 鸽子蛋给我我也好喜欢啊 病娇的通道真的直通内心 绿茶的迪克就真的只是迪克 某种意义上是逆向的《感观世界》 也是Faxisi式Xing ai 王佳芝在接触易先生之前甚至是处女 Sex视角的女性成长 要爱的人生充满悲剧 不要爱的人生充满欺骗 此事古难全,5,力荐,67,0.9999999830549472
2020-11-01 13:12:22,柴斯卡,小时候看的时候太傻直了 现在才能看懂 鸽子蛋给我我也好喜欢啊 病娇的通道真的直通内心 绿茶的迪克就真的只是迪克 某种意义上是逆向的《感观世界》 也是Faxisi式Xing ai 王佳芝在接触易先生之前甚至是处女 Sex视角的女性成长 要爱的人生充满悲剧 不要爱的人生充满欺骗 此事古难全,5,力荐,67,0.9999999830549472
2021-03-09 18:27:29,布莱德,王佳芝倒了八辈子血霉碰上邝裕民这么一个人 万恶之源,5,力荐,725,0.9717118358112988
2021-07-19 00:49:01,給我摘朵好襯衫,王佳芝望着易先生唱，郎呀穿在一起不离分，易先生红了眼眶，轻轻拭去眼角清泪，绽开一抹苍凉的微笑。对于一个不谙世事的年轻少女来说，在民族大义和个人感情中做出抉择的分量太重，但过尽千帆的易先生的决定却那么理所当然。感谢李安，第一次在银幕上看到这么有层次感的性爱。Everything in the world is about sex. Sex is about power.,5,力荐,264,0.9999999999970476
2021-07-25 01:42:21,莫卡纳达兰克特,过了这么多年重温色戒，以前觉得王力宏好帅，现在觉得王力宏好蠢。几场麻将戏真是顶顶好，信息在眼波流转间传递，回味无穷。我爱汤唯，有一瞬间甚至觉得她选择了自己，而非爱或者正义，真的。,5,力荐,398,0.9999987368728676
2021-10-06 03:41:16,游衫,喜欢这段影评。“街市上人们急着回家烧饭，牌桌上太太闲话下次的宴请。没人关心一场波诡云谲的情爱，悄无声息轰然落幕，如床单上的皱褶，化成眼角噙着不落的泪。他那么怕黑的人，却摸着黑和她走了情欲钢索。她如此无根的人，却把篱下当做家，把假戏当真情，淹进爱欲深海。”,4,推荐,114,0.9999999898718704
2021-10-13 23:53:05,Crazy Henry,组织把她当棋子，家人待她如弃子。本该互诉衷肠的人龟缩在阴影里，盼望缠绵时脑浆迸裂的敌人却钻进她心里。,5,力荐,2439,0.937425575954451
2021-10-24 01:17:49,heliolatry,女人总想证明点什么，所以王佳芝在黄包车上没吃那颗药。,5,力荐,2361,0.8518131184179651
2021-11-08 22:37:38,小鲸崽子,传说中的大尺度床戏，感觉不到色情，李安和朴赞郁还是太不一样了。从第2个小时，王佳芝控诉而上级三次让她闭嘴、王佳芝在日料店给易先生唱郎呀咱是一条心、邝裕民道歉后吻王佳芝被推开，感觉到无可避免的难过。珠宝店戴鸽子蛋那里好精彩，汤唯和梁朝伟的微表情有很多分析的空间。看完以后感觉太难过了。,5,力荐,191,0.9999995918509073
2021-12-18 23:59:42,木村小雪,"她从头到尾都没有被人真心对待过，家人丢弃她，组织利用她，自以为是的恋人躲在她的身后还要推她进火坑，唯一给过她一丝爱意的是她的敌人，她为此赔上一生。
看得我大气都不敢喘一下，片尾我爆哭😭邝裕民真的好恶心，想爱国你怎么自己不去当鸭，易先生是梁朝伟真是太理想化了，大概率是个脑满肥肠的好吗",5,力荐,309,0.0001443511768883
2022-01-22 05:28:05,油尖旺金毛琳,组织对她如棋子，家人待她如弃子，本该守望相助的昔日爱人缩在阴影里，盼望在怀里脑浆迸裂的敌人却钻进了她心里。                                          历史巨轮压在她身上时，为他唱天涯歌女后的温存是局促又难得的贴近彼此，相互理解，还掺杂了一丝真心。为这一丝丝，想放下一会儿家国，选择一秒钟的爱和自我。“走吧”，尽管是悲剧，但至少自己完整了。                                              真的很美，管他对与错，都像最后一个镜头里的褶皱，终究会被淹没和遗忘。,5,力荐,47,0.9999999999999982
2022-02-17 13:28:36,伊兰月,这不是我会爱上的故事，一个失败的女间谍如何毁掉自己的故事。从一开始答应色诱就很荒唐，一群嘴上爱国的学生没看见他们为国出什么力，只看到他们让王佳芝做这做那，王佳芝等了那么多次同伴都不动手，就该知道这群人不靠谱，还不如想想自己怎么动手或者尽早离开，女人恋爱脑起来不仅误国也误己啊！,5,力荐,361,0.9991887525932466
2022-02-23 00:48:25,她说她是晒黑的,看得我挺恶心的妈的这就是王力宏本色出演,5,力荐,267,0.7905269797797569
2022-03-09 22:30:00,西南永野芽郁,王佳芝首先是个人，其次是个中国人，爱是人的本能，爱国不是。抛开上帝视角代入王佳芝，一个大学生加入情报局，牺牲自我和不相干的人做，还没开始任务就宣告结束，后来的加入，才发现不过是一颗棋子罢了，所有的同学也抛弃了，所以才会救下那个给过他一丝温情的男人,5,力荐,1096,0.9999999878541492
2022-03-10 14:37:25,就要发疯别管,"父亲支付不起她去英国的旅费，舅妈卖了她的房子才让她读书，邝裕民喜欢她却把她推上最危险的境地。她要成全的是谁的信仰呢？是邝裕民和那几位同学的，他们在二楼喊“王佳芝，上来啊”，可从头到尾一位男同学损失了钱财，王佳芝失去了贞洁，邝裕民什么代价都没有付出。一刀一刀扎在曹副官身上才能坚定自己的信念，那这份信念也太可悲了。
在王佳芝和易默成的交往中，王佳芝的血泪和哭喊中，易默成才能感受到真切活着的滋味；易默成残暴的性爱中，王佳芝才能品出一些被珍视的意味。王佳芝恨他，因为易先生她才会失去一切，可她真的爱他。易默成那样一个毫无安全感的人，却对王佳芝说“我相信”。在最后赴死的时候，革命者轻易的招供、惧死的哭泣都让这场革命变得可笑至极，只有迷茫的王佳芝平静淡然，不为革命，为爱而死。",4,推荐,2055,1.0
2022-05-08 22:01:31,教父的朋友,这世界上最愚蠢的人莫过于看完《色，戒》后，脑子里却只剩下了情欲镜头……,5,力荐,1199,0.7812944303300428
2022-06-11 23:46:55,原田 Kiyoko,易先生送给王佳芝的不是一枚戒指，而是她所以为的爱情的具象化呈现，也是一个虚荣和命苦的少女人生中短暂被爱和重视的一瞬，于是竟让她生出一种报君黄金台上意的豪壮冲动，要以命相抵也无悔，还觉得这是以伥的形式永远伴随在鬼的身旁。很难不动容，又很难认同，真绝。,5,力荐,150,0.9999999996577787
2022-06-21 21:44:20,机器人养成手册,内核不太喜欢。王佳芝比起作为一个“女间谍”，更像是男人的性幻想对象以及牺牲品，色戒更是为“女人都是情感动物”这样令人恶心的油腔滑调加上了浓墨重彩的论据。为了爱让易先生逃脱格局又小了，不过前面的叙事与镜头着实是拉远了王佳芝与大学生小团体之间的距离，给人一种她为了男人参与抗日自然也可以为了男人背叛组织之感。说这是爱真是侮辱爱，这么描述易先生真是美化强奸犯。说句不好听的，在此地“性”这件事就好像块腥臭的肥肉，苍蝇听闻便一拥而上。不过为了求生欲，我接受色戒里的性对于剧情有正面的推进作用。,2,较差,34,0.9999999999954614
2022-07-11 21:39:04,蜜桃花栗鼠,第一遍看的时候，如走马观花、也不谙世事。这次，因为随机波动最新一期的内容找来完整版本规规矩矩地看掉，内心便被凿开了一条悠悠的渠，流着细细的溪水。李安之后，没见过这么会刻画女性在爱欲里一步步沉沦的内心戏的男导演了，或者说全部导演了。他的眼中，把女性作为真正的主体，去理解、靠近和感受，将女性个体如浮萍飘曳于乱世狂风中试图通过集体性盲目服从找到归属感，最终通过一场面对内心而得到了真正的自由。这难道不是一场最棒的政治隐喻吗？我们所信仰的虚无的那个组织，究竟是什么？它值得我们用什么去交换？女性没有国家，爱情没有长度。,5,力荐,284,1.0
2022-07-31 11:32:38,斯特里克兰,在说出快走之后，王佳芝才是自由的，在刑场上，他完全不是一个犯人，而是一个自由的人。她放走易先生，使革命团体的努力功亏一篑是他所能做的最大的反抗；在这个集体里，她丝毫都感觉不到他是一个人，他只是一个工具，只是一个奴隶，只是一个木偶。她的父亲不带她走，她的舅妈也只是图她那所房子，他所处的时代交让她好好看一场电影都不允许。只有在易先生那里，他才感觉的温存，在看到鸽子蛋之后，所有的被迫带上的虚假伪装全部扯下，露出了真实的自己。更讽刺的是，她是麦太太时，她可以如鱼得水；在他是王佳芝后，他只有被枪毙的命运。,5,力荐,154,0.9999999999871796
2022-08-02 19:59:27,momo,"后劲好猛，很久都缓不过来。
又看了一遍，确实发现了许多之前年轻（其实也就几年前）看的时候没注意到的东西，比如一切男性典型的家国叙事，王佳芝的父亲去英国把弟弟带走但不带她，邝裕民对王佳芝一方面党内去性化只想让她完成任务，一方面又忍不住在知道她危险后靠近她。张爱玲很会写，李安很会拍。同时也感觉到了为什么李安在拍的时候会哭了，有些镜头确实很压抑，让我在大热天感受到了冷气。

“这是一个用女性性心理学对抗父系社会中神圣抗战的故事，小小的一声快走把千年父权结构的东西瞬间瓦解，那是小女子情欲不道德的力量，却巨大到我们深深反省。”",5,力荐,227,0.9999999999999978
2022-08-11 19:32:05,荞麦,15年之后，才每句台词都看懂了……其中的意味。“我身边的人，嘴上聊的都是千秋万代的事情，但我从他们脸上只看到同一件事，恐惧。但你不害怕，对不对？”,5,力荐,124,0.9072238554214254
2022-08-15 04:42:52,ImSoLucky,重看真的震撼的五体投地。儿时这部电影代表着情色和禁忌，但这些标签真的掩盖了它的好。不愧是我爱的李安，一个男导演竟然可以拍出如此女性主义视角的故事。中国不能亡是多么抽象和宏大的理想，竟然要靠牺牲一个女性的身体来达成，在面对敌人前她早已先成为了同伴的猎物。她从头到尾就不为什么抗日革命，她只是为爱人身处险境，又为爱人献出生命。最后她背叛革命，却忠于了自己。“当她把易先生放走时，小女子小小一句话，好像把几千年父系历史结构抽掉一个东西，突然瓦解”。她最终是自由的。,5,力荐,1008,1.0
2022-08-28 20:38:38,飞翔的魔法石,"李安太坏了，他偏偏把唯一的一点点的“真”，撕烂给你看。
一帮学生自以为伟大又光荣的暗杀任务，先是毁了一个人的清白和尊严，第二次又毁了她的感情和生命，最后她没有吞下毒药，换来的却是他亲自处决的命令。而在那个动荡又黑暗的历史中，又有多少个年轻的生命消逝以后激不起一点涟漪。
有人说梁朝伟和汤唯的戏不应该那么直白，点到为止大家都懂，但是只有那样演，王佳芝唯一一段袒露心声的台词才能让人那样心痛。她为了所谓的革命做出那样的牺牲，但是在看电影的时候，大家却因为革命动员打断了电影片段而离席，好唏嘘。反观现实汤唯为了艺术做出这样大的牺牲，成就了色戒，最后却被封，人们看到的都是色情，值吗",5,力荐,264,1.0
2022-09-02 23:25:38,Freya,用李安导演自己的话说：“这是用女性性心理学对抗父系社会中神圣的对日抗战，小小的一声‘快走’，把几千年父权结构的东西瞬间瓦解，那是小女子、性欲、不道德的力量，却巨大到让我们深深反省。”,4,推荐,52,0.999999982672159
2022-09-08 21:44:17,东方鸣,“第一次觉得李安可怕，是看《色戒》。觉得害怕，不是那十分钟的床戏，而是因为电影里彻头彻尾的虚无——爱情是荒谬的，友情是虚伪的，亲情是荒芜的，国家是四分五裂的，革命是似是而非的，革命者更是不可靠的……只有性爱的快乐是真实的，而这唯一的真实恰恰又是不可说的。”,3,还行,471,0.9999999994968188
2022-09-11 23:51:35,尖儿~脆,简直是一个对乌托邦的巨大讽刺，始于一场儿戏，就这么赌上性命，没有人准备好迎接注定的结局，软弱，仓皇，狼狈，恐惧。每个人都在抒发着宏大的爱国情怀，只有一个因私密而虚无的爱而勇敢的女人，她没有选择服毒，她选择置自己于坦荡的绝望。那是一颗绝佳的钻石，一颗闪耀的瑟索的心，易先生很快地说：“那不是我的。”那是他的可怜被照见的瞬间，在极致的性里获得片刻的欢愉与安全，他拽着一根稻草，在沼泽里越陷越深的挣扎，他为“郎呀郎，咱们俩是一条心”落泪，他太想相信。,4,推荐,43,1.0
2022-10-13 21:15:44,哈哈哈hiahia,最重要的一点，她用女性的性心理学，来对抗父系社会下对日抗战这么神圣的事，当她把易先生放走时，小女子小小一句话，好像把几千年父系历史结构抽掉一个东西，突然瓦解。这是一个小女子的力量，性欲的力量，是个很不道德的力量，可是又很巨大，让我们深深反省。,4,推荐,77,0.9999998841257776
2022-11-05 01:45:28,薄荷在1998,恐怖到有一瞬我以为李安的真实身份是拉拉，所以才对女人在这个世界上的处境有如此深入的洞察与共情。,5,力荐,302,0.9814570264076674
2022-11-09 21:21:50,nine cats,没想到易先生逃跑的动作这么好笑（对不起。,4,推荐,95,0.0070858884908426
2022-11-15 19:38:50,♡,王佳芝的一生都被当成工具人，唯有最后那一句无比轻声的“快走”，这样一个精密行动中螺帽没扣上螺钉的小偏差，是她一生最自我的时刻。回去的时候，车夫背着无限好的夕阳扭过头，人间大好，却无处是她的家。,5,力荐,50,0.9999888354302072
2022-11-18 14:50:33,路西雅,"重看。@Metrograph
他会将你推到墙壁上，也会亲吻你的脸颊；会告诉你要清楚自己的角色，也会轻轻握住你的手。因此我不认为他不爱你，他只是不具备理解自己的感受的能力。你爱上他的瞬间一定正是他脆弱的时候，是他在高潮后搂住你的脖子，是他看向你时眼睛里他自己都不清楚的孤独。他们的世界是政治的、理念的，是告诉自己要相信些什么东西；我们的世界则是情爱的，体验的，是对抗一切虚假和谎言。情爱是一种反政治的政治，只有被纯粹而无理的欲望指引的时候你才是你自己。人们可以评判，可以谩骂，但是王佳芝比电影里所有男人都更具有主体性，因为只有爱才让我们不为他人地活着。",5,力荐,70,0.9999999999999992
2022-11-18 15:12:17,入梦来,"
看完整部电影，感觉王佳芝真的反应了那个时代的部分女性的悲剧，没有什么远大的革命报复与理想，仅仅想在乱世里求生而已的普通人，最初参与行动，是为了回报从邝裕民身上得到一种比爱情更模糊也更抽象的情感，却被迫失去自己的第一次，行动也以失败告终，显得自己的牺牲好像没有意义，让人崩溃……再到三年后，再次勾引易先生，一切的一切都是被命运推耸着前进，没有自己的选择，唯一自己的选择是在易先生送她鸽子蛋时，自己的那句“快跑”。可悲啊。以及最后张秘书与易先生对话时，听到之前那伙大学生很轻易的交代了，证词对得上，又觉得有点嘲讽，从一开始他们都是懦弱的，鲁莽的，逞英雄的，是反面的，和以往我们看影视作品里宁死不屈的勇士不同，最后结尾处决那里，他们有人在哭也反应了这一点，很真实。",5,力荐,120,1.0
2022-11-19 14:43:29,凌晨黃昏,“她用女性的性心理学，来对抗父系社会下对日抗战这么神圣的事，当她把易先生放走时，小女子小小一句话，好像把几千年父系历史结构抽掉一个东西，突然瓦解。这是一个小女子的力量，性欲的力量，是个很不道德的力量，可是又很巨大，让我们深深反省。”先听的随机波动才准备把这部补上 拍得太好了 华人男性导演里确实只有李安才会且才能这么扩写张爱玲的这个故事。想到我可能很难找到能真正理解以我的视角为什么会这么喜欢这部电影的人聊聊就觉得很遗憾…,5,力荐,81,0.9999999999994402
2022-11-27 04:02:16,Scheiße,非常女性主义，在此为李安鼓掌。一个女人为了爱能做什么？大抵是为他革命，也为他反革命。,5,力荐,344,0.9998670238120902
2022-12-22 16:38:16,阿虚大,才意识到王佳芝并非是因为什么家仇国难才加入邝的行动，正相反，家国情怀恰是电影在否定的东西，女人是情感的动物，政治在人性的暧昧面前显得是那么幼稚可笑。张爱玲的小说因为汤唯和梁而活了起来。李安太可怕了，中国电影十佳,5,力荐,64,0.9999999286922192
2023-01-13 01:39:54,氤氲栖熊,"太牛了，李安太牛了，李安有色戒真的了不起。
如果看完色戒脑子里只有那三场情色镜头可太悲哀了，整个凄凉的淡淡忧伤的恐惧的猜疑的被摧毁的无一不萦绕着观者的心，王佳芝放走易先生，不是因为“我爱”，而是因为“被爱”。“我爱”的再多再深都不重要，察觉到了“被爱”才是大世界坍缩成小世界的根源。不是那鸽子蛋多贵重，而是她在所有女人中的分量有多贵重。所以男人们的重点不该是极尽所能让女人被自己吸引喜欢上自己，而是让她感受到自己是爱她的，才是加重她们不舍得放弃感情的筹码，女人的爱其实就是一种不舍得。在居酒屋唱天涯歌女也让人悲伤，性感有时候恰在于“不熟练”，最后张秘放在书桌上的鸽子蛋一动一动，就像王佳芝扑通扑通的心和嘤嘤喘息，也闪碎了易先生人生中最后那一点真的温情和爱。
汤唯太灵了，梁生太影帝了，李安牛啊",5,力荐,270,0.9999999999999618
2023-02-06 17:20:38,碰巧的专家,王佳芝的性命几乎没有掌握在自己手中过，从重男轻女的父亲到热血有余的男大学生，情报局上级再到易先生，服从父权服从上级命令。直到确认自己的爱，她情绪几近失控，嘴角微颤说出“快走”——决定命运的权力第一次属于她自己，然后她把它交给了爱情。看完明白了为什么网上说李安是女权主义者。你以为王佳芝是个愚蠢的为爱牺牲者？并不，她是个勇敢的抗争者。你觉得她蠢到选择为男人牺牲，那是因为你以为她有选择的自由。,5,力荐,186,0.9999999999999722
2023-02-12 00:39:46,Carro,所有人都把这个女人当工具，但有个人给了她一点点工具之外的慰藉，于是她为此牺牲了所有。不是出于女人对爱情的维护，而是作为一个人，以人性写下对父权叙事的反抗。相当了不起的女性视角。,5,力荐,330,0.9999756235658384
2023-04-07 10:18:30,Wildfire,王佳芝的可怜就在于，世上只有一个人对她真正的好，却还是个万人唾骂的大汉奸，当她说出“快走”的时候，她不隶属于任何阵营，她只是一个感受到爱意的女人。,5,力荐,172,0.9497162700747206
2023-04-08 21:26:48,雅舍谈吃,"看完实在是压抑得很，像一块大石头压在心口喘不过气。王佳芝的人生从头到尾都是一场悲剧，她只是一个渴望爱和家的普通女人，却被大义和忠诚裹挟，最终成为政治的牺牲品。易先生看似能左右权力，但不过也是政治斗争的一颗棋子，只有在性欲释放那一刻才能感受到自己的生命，真正的行尸走肉。
千百年来人们都喜欢去歌颂那些牺牲自我去奉献的人，无论他们奉献的是国家大义还是家族情义。但他们不知道的是他们眼中的无私奉献却可能是他人的人生悲剧，赞美别人的悲剧人生，讽刺至极，，，",5,力荐,59,1.0
2023-04-24 12:35:59,今天不是小仙女,第一次觉得李安可怕，是看《色戒》。觉得害怕，不是那十分钟的床戏，而是因为电影里彻头彻尾的虚无——爱情是荒谬的，友情是虚伪的，亲情是荒芜的，国家是四分五裂的，革命是似是而非的，革命者更是不可靠的……只有性爱的快乐是真实的，而这唯一的真实恰恰又是不可说的。”—摘录,5,力荐,162,0.9999999980837576
2023-05-21 23:43:23,Bloodflowers,易先生和王佳芝一起看向那把枪，我知道那一刻易先生已明白了一切（或许他早明白），但他仍短暂地放纵自己沉沦，像枕头蒙住眼睛，一切只当作是戏。王佳芝在痛苦和欢愉里挣扎，爱幻灭又重建又幻灭，她一直被放弃，被父亲放弃，被舅母放弃，被同胞放弃，终于有个人可以把她抓紧，国家大义和爱，到底该如何选择啊，王佳芝最动人的地方，是最终她选择忠于自己。,5,力荐,78,0.9999999999999872
2023-05-28 01:09:20,伊卡洛斯,王佳芝最后不是为了成全爱情，是为了成全自我，一场电影都看不完整的人生，那句“快走”是她唯一的自由，唯一拥有的匕首,5,力荐,65,0.9999998899501042
2023-06-28 02:46:37,🐦,“用女性敏感脆弱的情感去结构父权社会里最爱聊的忠诚、大义”,5,力荐,126,0.9995586332399145
2023-08-22 22:43:49,我没豆瓣客户端,王不是因为一瞬的真心赴死的，是早就看透了感情的虚无革命的荒谬早就变成了死人，一点爱意就能复活她，她终于拼劲力气抓住了命运的主动权。,5,力荐,137,0.999994632107518
2023-09-04 15:42:54,黑流,牛逼死了，剧本精细得不像是人写的。最喜欢王佳芝在歌舞伎町唱天涯海角那一段——唯一一次情感在床第之外的真实释放，让人从地狱中得以喘息。三场性爱戏更没得说了，性压抑、政治压抑、历史压抑、权力压抑全以兽性的、粗暴的、裸露的、伤害的形式爆发出来。国家四分五裂、革命者虚假无能、正义者幼稚怯懦，只有黑暗里那微暗的火是真实的。不同于陀思妥耶夫斯基空袭式的轰炸，李安的轰炸是无声的，一如一条在黑暗中驶向世界尽头漩涡的汽艇。年度十佳。,5,力荐,120,0.9999999999873852
2023-11-20 00:17:09,L,王佳芝说出“快走。”易跑得像个棒球运动员，最后直接跳上车。易只有在逃命和床上的时候才像是个活人。,4,推荐,43,0.4012746780928876
2023-11-26 17:00:10,GALAXY,"又觅一部看哭的电影… “第一次觉得李安可怕，是看《色戒》。觉得害怕，因为电影里彻头彻尾的虛无——爱情是荒谬的，友情是虛伪的，亲情是荒芜的，国家是四分五裂的，革命是似是而非的，革命者更是不可靠的……只有性爱的快乐是真实的，而这唯一的真实恰恰又是不可说的。""神圣的抗战叙事，从女性性心理学的角度轻轻一抽，一句“快走”，就轰的土崩瓦解了。这是一种女性主义吗？我想不是，至少不只是。性是一把钥匙，将各种时代与主义的压抑解开、将多重的特工戏剧表演移除后，剩下的只有一个东西，能立得住，那就是人道主义。与王汎森的《""烦闷""的本质是什么——近代中国的私人领域与""主义""的崛起》一文刚好可以互为注解。这是一部过于缜密的电影，每步选择都是理性的，悲剧却如此自动地发生了，李安在中国文化内投下了迷惑的涟漪。感谢B站6小时",5,力荐,60,1.0
