2005-09-04 11:45:35,大头绿豆,刘镇伟烂起来是真的烂,2,较差,542,0.3275058037445475
2005-12-25 11:46:55,安蓝·怪伯爵𓆝𓆟𓆜,上课看的，老师还让写论文......,5,力荐,1,0.9939467793362784
2006-01-02 15:07:09,寂地,心情不好的时候就看这个吧.然后就扑街去了//,5,力荐,165,0.113314577700881
2006-01-08 23:18:40,薇羅尼卡,看看这部片，你会明白什么叫无厘头,4,推荐,1161,0.8654627879430762
2006-01-18 18:31:48,Connie,这样的parody电影，如今已经不可得.......梁家辉叫人吐血那场唱段戏，竟是众人乐得不支之下张哥哥一手编词、导演的，10几年后我才知情......,4,推荐,3284,0.999234028282278
2006-01-29 23:36:51,S.Dummy,看一次笑翻一次,4,推荐,126,0.4229510107641717
2006-03-22 15:26:55,kingfish,笑不死就赔钱.,1,很差,2,0.215812598236926
2006-03-22 15:26:55,kingfish,笑不死就赔钱.,4,推荐,2,0.215812598236926
2006-04-17 19:31:04,掀桌超人｜2U4U,张学友让梁朝伟杀他那段，笑翻了,5,力荐,5415,0.9368812727206908
2006-11-02 22:35:14,张天师,香港缺心眼儿喜剧之最，看100次笑100次～,5,力荐,3552,0.8893487376107473
2007-01-13 23:16:56,tavico,跟同学一起又看了一遍，最喜欢刘嘉玲,5,力荐,414,0.9628259941008108
2007-02-13 21:30:57,狷介有乌青,【无敌老港片】,5,力荐,28,0.9110068065538688
2007-03-03 12:16:45,眠去,从来不曾想起，永远不会忘记。,5,力荐,2454,0.9824313300803572
2007-06-24 10:20:45,战国客,如果我一生只能看一部喜剧电影，那么，我要说，请给我《东成西就》！迄今为止，看过次数最多的影片~~,3,还行,297,0.9902867732129828
2008-01-25 13:24:01,预见|| X X,"无语
",1,很差,219,0.3659863453057734
2008-01-28 15:00:43,momo,最讨厌这部。。,5,力荐,11,0.6402752429214678
2008-01-30 19:36:20,原来是西门大嫂,情意绵绵刀 眉来眼去剑 干柴烈火掌,5,力荐,87,0.9930821036849956
2008-02-04 00:45:29,王小邪,经典,5,力荐,40,0.7606837606837609
2008-02-20 11:43:06,宋阿慕,当年看得我笑至浑身酥软的一部好电影.,4,推荐,536,0.5013829443445647
2008-03-14 16:21:37,单线程青年,“给我来两根烤香肠”“你不是正在吃吗”“我打包带走不行呀！”哈,5,力荐,781,0.1892764688790863
2008-04-12 18:50:40,粟熙,虽然是为了给“东邪西毒”票房做的纯商业妥协，但此片实在是给我的童年带来无数无数的快乐~ “我的样子是不是很痤？” 坚决给五星！！！！,5,力荐,37,0.9997386651784969
2008-04-28 18:33:39,宇宙,港片之经典！虽然我不喜欢喜剧片向来，但是真的没法不喜欢这部片子，哇哈哈哈,5,力荐,59,0.6221849472829954
2008-05-17 03:16:19,趙小漁,怕是短期內很難出現超越這部香港群星集體無釐頭的佳作了……,5,力荐,108,0.9611997318784076
2008-05-26 01:57:20,九尾黑猫,登峰造极的刘镇炜~,5,力荐,35,0.6594740406498859
2008-06-24 05:35:13,末宝儿,40几遍了吧,4,推荐,1381,0.5373962057571104
2008-07-31 22:43:12,飞天PP猪,刘镇伟哪里比王家卫差？！,4,推荐,1102,0.0360540811228201
2008-08-16 11:17:53,711|湯不餓,我也在等真心人,5,力荐,6,0.7499999999999999
2008-08-23 22:00:11,尼桑，都是尼桑的错,这种阵容如此强大又百看不厌的喜剧片估计以后也没啦~~,4,推荐,729,0.8768720244041994
2008-08-27 08:55:10,凹凸代餐,kuso有理,4,推荐,0,0.2483380073968637
2008-08-27 08:55:10,凹凸代餐,kuso有理,4,推荐,0,0.2483380073968637
2008-10-10 17:35:26,树里啦,哈哈哈哈哈。,4,推荐,0,0.8684210526315791
2008-10-13 00:56:21,苏比,还是不喜欢。,2,较差,316,0.5510381068028439
2008-12-04 23:25:18,Doublebitch,哈哈哈哈梁朝伟杀张学友内段真是经典,5,力荐,90,0.9792238330128648
2009-01-20 03:08:20,崇子,看了20遍都不厌倦~~~,5,力荐,110,0.8870111178728048
2009-02-04 13:46:34,Q。,让你乐翻天的闹剧,5,力荐,141,0.8294457583903977
2009-02-11 11:17:21,nashy,你看我的眼神屌不屌,5,力荐,6,0.6573597745326262
2009-04-05 17:45:19,Ruby超人小姐,看不懂【东邪西毒】的时候就看【东成西就】。,5,力荐,2366,0.9407010394810984
2009-04-29 12:29:53,狮子真好吃啊,梁家辉和刘嘉玲是亮点，特别是后者，我简直被惊艳了,5,力荐,1175,0.6580228480244893
2009-05-09 02:39:38,卡夫卡1947,其实当时是为了租东邪西毒，阴差阳错成了这本片子……,5,力荐,51,0.9434933377599114
2009-07-10 22:49:56,Aaroncae,看吧！笑吧！疯吧！还用说啥？,4,推荐,0,0.5629827518692323
2009-08-01 03:57:42,托尼·王大拿,超级无敌大拼盘式解构！,5,力荐,10,0.6153761678249425
2009-09-02 19:16:36,Arch-Murder,你就是新一代的开山怪~~~~~~~~,5,力荐,16,0.8501419396213774
2009-12-12 10:56:31,岛上的夏奈,最喜欢的喜剧片，没有之一。,5,力荐,24,0.7130464789185268
2010-02-11 00:17:09,撒旦的表妹,谁说搞笑无厘头不能成为经典,5,力荐,30,0.5609008816426525
2010-05-21 22:41:24,千寻亿选,射雕英雄传的外壳，五六十年代古装片的造型，乱七八糟的剧情，癫狂的表演，大牌明星的堆砌,4,推荐,2,0.999290326778517
2010-06-01 00:34:07,齊克斯尼力佐飛,怎么感觉笑点那么低廉啊？！还是我笑点太高了,3,还行,106,0.0965340002872807
2010-06-11 11:04:01,米姐起飞,"向90年代的香港喜剧片儿致敬!多少年后,他们仍是挂在嘴边最活络气氛的谈资!",5,力荐,736,0.997510607581408
2010-07-28 00:10:59,妙儿,经典,3,还行,0,0.7606837606837609
2010-09-09 11:44:53,有心打扰,找不到不好笑的地方，谢谢。,5,力荐,16,0.04951452158486
2010-11-05 22:03:34,三翘,又看了一次 再也不会有这样聚集这么多大腕的电影了,5,力荐,1411,0.835756199828425
2010-11-06 08:23:30,繁花一梦已败,恶搞搞,5,力荐,0,0.1231535996283149
2010-11-06 08:23:30,繁花一梦已败,恶搞搞,4,推荐,0,0.1231535996283149
2011-04-12 13:29:51,姨妈的鸭,"我第一次看梁朝伟先生的电影就是这本片子 从那之后 我再也没办法爱上这个男人了~
你们毁了梁朝伟！！！！！也毁了我！！！！！我从此之后对忧郁的眼神再也没有爱了！！！！！！但是我还是好高兴啊！！！！！哈哈哈哈！！！！！",4,推荐,570,0.0131066593876059
2011-05-19 17:32:28,笨锅,刘镇伟的癫狂片，看了N遍，看不懂，也无所谓懂,3,还行,0,0.9479286295093492
2011-05-19 17:32:28,笨锅,刘镇伟的癫狂片，看了N遍，看不懂，也无所谓懂,4,推荐,0,0.9479286295093492
2011-07-07 17:51:24,豆瓣1160,"除了一群明星, 其他一无是处!  居然被人捧的这么高!  还经典?,实在欣赏不了",1,很差,916,0.093734334777486
2011-08-26 23:46:43,🐳 居北望南 9¾,明星云集啊！梁朝伟的形象简直毁完了！所有腕儿都出来一遍！百看不厌~盛世容颜，空前绝后。,4,推荐,1,0.9432436107682158
2011-12-07 22:29:48,明，以食为天,经典啊！！！！！！！！！！！！！！！！！！！！！！！,5,力荐,0,0.7410444709750486
2012-04-02 06:50:30,同志亦凡人中文站,- 我哼 - 我也哼 我要笑疯了,5,力荐,137,0.5888656572859194
2012-05-08 00:21:31,我还是我,116300  好搞啊,5,力荐,0,0.3554177996045122
2012-05-08 00:21:31,我还是我,116300  好搞啊,4,推荐,0,0.3554177996045122
2012-05-23 22:06:18,旧日黄昏映新颜,很不错的电影,3,还行,0,0.976823724118408
2012-05-23 23:18:25,wufeng,好看，特搞笑2012-5-23,5,力荐,0,0.6524020569991218
2012-05-23 23:18:25,wufeng,好看，特搞笑2012-5-23,5,力荐,0,0.6524020569991218
2012-06-25 16:23:55,少数豪,梁朝伟，张国荣，张学友，王祖贤，林青霞，张曼玉，梁家辉，刘嘉玲，你们的节操呢啊！！！！！！！！！,5,力荐,14,0.9727094678140048
2012-06-25 16:23:55,少数豪,梁朝伟，张国荣，张学友，王祖贤，林青霞，张曼玉，梁家辉，刘嘉玲，你们的节操呢啊！！！！！！！！！,5,力荐,14,0.9727094678140048
2012-08-26 01:16:04,朝暮雪,这样的电影现在再也拍不出来了。,4,推荐,54,0.5282622176338941
2012-11-21 13:26:53,曼仔,给班底跪了。。监制王家卫美术张叔平音乐黄沾剪辑罗文主演张国荣林青霞梁朝伟王祖贤张学友张曼玉叶玉卿梁家辉钟镇涛。。。并且都在用绳命搞笑。。这么大腕云集却又如此草根如此低俗喜剧真是只有香港电影才会有啊,3,还行,17,0.986902879849862
2013-03-09 22:42:32,聖冰箱,最愚蠢 最腻味人的一个纯傻逼片 也根本不逗 缺心眼的最高境界 明星豁命玩儿自己,5,力荐,50,0.0020258968452544
2013-08-10 20:57:29,尉迟上九,赤裸裸的黄金年代，毋庸置疑的神来之笔。,5,力荐,23,0.9764479033013368
2014-08-07 17:12:43,番茄杀手,毫无幽默感的刘镇伟。。况且连他自己都讨厌这部。。,1,很差,15,0.2008985267542626
2014-12-21 18:39:26,汪金卫,【中国电影资料馆展映】粤语修复版。色调浓艳喜感倍增。《东邪西毒》意外衍生出的副产品。被墨镜王折磨得死去活来的演员们集体癫狂玩HIGH。无论是幕前演员还是幕后班底真是太强大了。果然这种无厘头喜剧还是要在电影院大银幕和一堆观众一起看才更有笑果！梁家辉女装扮相造型演技最贱最萌最好笑！,5,力荐,18,0.9999999999999434
2015-01-02 13:21:36,米粒,跨年夜看了这个，乐不可支，梁朝伟，可爱【。【可不懂为什么豆瓣都是清一色五星...,3,还行,28,0.9671090986660992
2015-04-23 08:00:57,女宛心兑,一直记得梁朝伟的厚嘴皮,3,还行,8,0.3799348833504971
2015-07-10 10:57:20,梦里诗书,香港无厘头与武侠江湖的完美交融，方才诞生了如《射雕英雄传之东成西就》这般经典的时代力作，当年的刘镇伟执导与编剧功底还是处于自我最为巅峰的黄金年华，十位巨星的群英荟萃更赋予了此作无以复刻的时代基因，香港电影搞笑的精髓于此呈现的是一朵寓以人生的奇葩艳花。,5,力荐,28,1.0
2015-10-22 10:46:45,Leon Winters W,恶搞系列电影的始祖，可惜当时没能赶上内地市场崛起。,5,力荐,7,0.9955998733160604
2015-12-16 19:22:25,冰红深蓝,群星云集的无厘头脱线奇幻喜剧，不是我杯茶。（7.0/10）,3,还行,16,0.9389993386233054
2016-09-04 14:14:10,大志的小耳朵,很好的电影，因为不是我很喜欢的类型，所以给个四星吧，哈哈。,5,力荐,8,0.8221561875144837
2016-12-11 17:36:49,yocofcjx28,经典喜剧！看一回笑一回？,5,力荐,25,0.7876005955371274
2016-12-19 15:57:20,遇见蓝蓝蓝,每次不开心的时候就找出来看一遍，心情就好了，但是很久没看过了，期待摆渡人。,5,力荐,6,0.9428364269653372
2016-12-29 22:18:14,闫妮,梁朝伟和梁家辉要笑死我哦~刘嘉玲居然也可爱的紧。。and王祖贤真的好丑，全方位的,4,推荐,16,0.7701056143761399
2017-01-04 16:34:55,岚欣,第一次看的时候没意识到这部影片的阵容有多么强大，只记住了它全程都好搞笑，没想到这些演员演起喜剧来也是游刃有余。,4,推荐,20,0.999303837968446
2017-01-11 20:17:07,齐木楠雄,太搞笑了，尤其是张学友,4,推荐,22,0.3098433050234361
2017-02-10 11:12:39,ᥫ᭡້໌,很多人把这部剧吹上了天，我真的欣赏不来啊,2,较差,130,0.9686629596188004
2017-03-01 07:24:32,幸运遇见你,好搞笑,3,还行,17,0.528718491173532
2017-03-11 16:05:48,梦梦梦梦,经典，好笑。,4,推荐,44,0.5393152768792997
2017-03-17 12:55:37,你爹语重心长,233333333333梁朝伟和张学友那里最搞笑了。,5,力荐,8,0.604615875956597
2017-03-20 20:29:38,sharon,每次看都会笑也都会继续看下去的成功喜剧片。大咖云集啊，特别喜欢刘嘉玲反串的周伯通和梁家辉的大理世子,5,力荐,40,0.0630474511421278
2017-03-26 23:31:32,X,时光滤镜给四分，仔细想了一下，如果这些演员现在演这部电影，可能给两分算好了，还要把导演骂到狗血淋头,4,推荐,95,0.991211449719802
2017-03-27 07:59:08,甜椒Oli,年轻时候做过的那些荒唐事 其实也没那么荒唐 年少轻狂 敢玩敢作而已,5,力荐,86,0.8997846543298542
2017-03-27 09:48:15,璐baby,很好笑，很经典的片子了，那时候的星爷还在吗？,5,力荐,4,0.916137145783907
2017-03-27 09:48:15,璐baby,很好笑，很经典的片子了，那时候的星爷还在吗？,4,推荐,4,0.916137145783907
2017-03-29 07:48:29,赫舍里清如,据说是经费不足，补拍的这一部，结果却比原来那部好看太多，不只是无厘头的搞怪，时隔多年再看能看懂很多,5,力荐,10,0.9758599158116242
2017-03-31 08:12:52,幕天席地,经典，无厘头的搞笑,5,力荐,9,0.8077218091935663
2017-04-07 15:24:12,卡比巴拉的海,笑死我了！,4,推荐,9,0.4913691286285672
2017-04-07 22:21:45,昵称被占不开心,无厘头喜剧 笑翻了,4,推荐,8,0.869822433156838
2017-04-13 10:34:37,无尤,get不到这部的笑点，对我来说太过无厘头。但是梁朝伟好突破。。。哈哈哈哈哈哈哈哈哈哈哈哈哈哈优秀的演员。张国荣好有魅力,4,推荐,32,0.9999998162713316
2017-08-27 12:09:58,ZWW,记得小时候是跟姐姐们一起看的，当时真的笑到肚子都痛！现在重新看了一遍但是好像找不回那种感觉了……,4,推荐,55,0.9942439968478496
2017-10-04 00:39:44,冬惊,都忘了哪年看的了，补标记一下,5,力荐,4,0.5815249075074648
2018-01-11 18:14:16,篠,上世纪九十年代港片的魅力就在于它能无厘头地让你开怀大笑，然后难忘并久久回味，越回味却又越悲伤……,4,推荐,30,0.9999999937624016
2018-03-05 14:13:44,、佚,一部无厘头的喜剧，阵容超级豪华，几乎每年都会看一遍。,5,力荐,18,0.9853819697092308
2018-03-31 18:02:35,顾盼,十分好笑的一部片子。,4,推荐,14,0.752446040152213
2018-04-02 22:31:06,尽欢,据说这部戏是随便拍的。可是我觉得很好看。,1,很差,30,0.8863315212641375
2018-05-25 11:50:24,焰熠,无意之作却成为经典搞笑港片之一 百看不厌。现在再难出这么一部了  而且是在拍东邪西毒的时候拉来这群人拍的东成西就 两个片子两个感觉 演员真是太强了,4,推荐,35,0.9955960213044224
2018-05-25 12:30:47,遇见彩虹🌈,全程哈哈哈😄，恶搞的贺岁片真的很搞笑,4,推荐,15,0.594145403328511
2018-10-23 10:09:57,南烛,剧情烂，但配乐和插曲好评，且论艺术审美根本比不上东邪西毒，与同类无厘头港片大话西游、功夫比起来更是笑点尴尬，除了欧阳锋跟洪七公打斗的那一段之外笑点还可以，豆瓣8.7分完全就是虚高，这片要是放到这个时代其实和越光宝盒、澳门风云一个级别，可回到那个年代，加上张国荣、王祖贤、林青霞、张学友、张曼玉等现在很少拍戏的当时的大咖，才让这部影片成了经典吧,5,力荐,16,0.9999999908594364
2019-02-05 16:24:22,ーーーー,这都他妈什么乱七八糟的啊，还有那乱哄哄的打斗画面最磕碜人了,5,力荐,10,0.001324260980859
2019-02-24 00:02:53,Godbulary,这片子Top 250？？你瓣真是无脑港吹啊,1,很差,38,0.5830849503107441
2019-03-22 11:55:11,Sabrina,难得凑齐那么多美丽的脸。,5,力荐,2,0.8802898818346678
2019-04-08 18:25:15,影志,张国荣：没想到你堂堂正正一个大男人，竟然用“猴子偷桃”这么下流的手法…刘嘉玲：这么大的东西从后面拿出来？！叶玉卿：我体内的蜈蚣用七块消化饼溶掉了…哈哈哈，真是又色又迷的笑点,5,力荐,141,0.5991605727689687
2020-04-11 23:24:03,初音求道大帝,7分，分高的原因有三：1.大牌云集，有许多影帝影后参演，必须卖个面子。2.放在90年代的环境下确实是算有趣的，那个时代的人就好这口。倘若这电影放在现在上映，估计跟《东成西就2011》《大话西游3》一个下场，已经落后于时代了。3.没有多少人敢反抗豆瓣的权威，不敢打低分，我不喜欢一定是我看不懂，是我自己水平不够。比这好的国产电影多的是，何必让它进top250。/那三只小怪兽挺好玩的。,3,还行,43,0.9793823771530386
2022-07-13 22:53:33,z.r.j.,这片放在现在的贺岁档上映大概率是骂声一片：成堆的明星、没有逻辑的剧情、烂俗的梗、毫无笑点的包袱…现在烂片的标准配置这部电影占了个遍。真替现在的“贺岁烂片”鸣不平，或许它们可能只是生错了时代？,3,还行,63,0.9979807013442756
2023-01-23 22:43:14,momo,电影本身真的稀巴烂，但是考虑到大咖云集+确实搞笑，三星，如果是现在的电影不会超过5分的,1,很差,14,0.1694668907503335
