2005-07-22 01:47:20,影志,活着就是一切！戛纳评委会大奖，老谋子最好的电影。,5,力荐,2146,0.289537695057309
2006-01-01 17:45:34,寂地,不看的话人生就不圆满!,5,力荐,495,0.8711088928512692
2006-01-08 22:41:37,薇羅尼卡,活着究竟是怎样呢？生活在现在的我们应该庆幸的不止一点半点吧！,4,推荐,123,0.9982748124619458
2006-03-03 17:05:24,暖鱼,看一次骂一次,5,力荐,1452,0.5085267642044191
2006-04-04 19:47:24,传说,"又名: To Live

导演: 张艺谋 (Yimou Zhang)
主演: 葛优 (You Ge) / 巩俐 (Li Gong)

制片国家/地区: 中国
上映年度: 1994
语言: 中文（普通话)
imdb链接: tt0110081

",3,还行,1,0.9994352084477256
2006-06-16 01:33:13,艾小柯,个人认为是张义谋最好的电影。,5,力荐,6717,0.8994261631984488
2007-06-12 12:40:43,Lorenzo,黑色幽默,5,力荐,27,0.5213872725443873
2007-09-23 10:33:32,天蝎小猪,一出人间惨剧，比原著更有震撼力和感染力,4,推荐,3,0.9291269207104124
2007-12-04 04:46:51,驻马店凯鲁亚克,不曾觉得那样算活着。,4,推荐,194,0.9783391189522204
2007-12-11 14:41:09,张春[阿卡纳],所以我老怀疑《十面埋伏》和《英雄》是张艺谋用来反讽的，因为他曾拍出《活着》。,5,力荐,39,0.9983293536917126
2008-01-13 09:39:00,shu,从一开始不可能让人哭，我就哭得一塌糊涂，因为这部片，又不全是。,5,力荐,1100,0.1679306132691941
2008-02-01 12:53:14,forever young,当年输给《低俗小说》的电影,5,力荐,490,0.9413894635424068
2008-02-28 20:02:53,阿猴HOSEA,哭了很多很多遍。。。。人活着真的不容易。。我要好好活,5,力荐,17,0.9961811667096416
2008-03-11 13:10:11,南 瓜 子,比较喜欢他的这部片,5,力荐,43,0.8165250579158354
2008-06-09 15:04:33,fatlipsoul,"之前憑著高中時看過得印象給了四顆星, 今天看完我決定名正言順的給他五顆星, 片名切題非常, 很表象, 也很抽象, 多個層面, 多種生命的樣貌, 合出一個時代, 卻永遠類似的戲, 活著, 難道跟你說活著苦多於樂, 你就不想活了嗎?

-2018
是我最喜歡的十部電影之一
但不會是我覺得最好的十部電影
因為這部電影好的部分小說實在佔的比重大
以至於他電影的好其實已經扣除了很多",5,力荐,0,5.229681957552579e-05
2008-06-17 12:58:26,巽,我TM都看三遍了我容易么我TOT,5,力荐,12,0.956264284374726
2008-07-25 11:52:01,Lies and lies,私认为有几处可能是无奈的改动减低了对于“活着”这一母题的表现力。一是福贵的职业由农民改成了小贩，这样失却了一种人与自然的紧张对抗，失去了《裸岛》般的冲击力。二是大跃进只表现了富足，没表现饿？可能对于知情者来说，后面的事实都知道。又抑或那块烂钢就有所预示。但我觉得还是不应该放过这一强烈表现活着的片段。三是最后留下人太多啦。。这样原著的活着的苟延残喘性被转化为了生生长流。相对更像活下去（to live on），而不是活着。医院那段戏改编得很好~值得表扬。总体上影片重心已移位到红色批判。,3,还行,107,0.9999999998900588
2008-08-06 10:55:41,匹诺曹,没有原著好看啊,3,还行,1790,0.7563716402775603
2008-08-19 19:07:32,迪奥,剧本太好，故事太好，导演的作用就小了很多，老谋子的作品，前后都无法超越这个。以后也不会再超越了。,5,力荐,0,0.9995366160992496
2008-09-02 23:13:25,小耳朵图吗,改编自余华的小说【活着】。很好看。书和电影都好看。活着的人比死了的人还痛苦。我觉得是的。,5,力荐,1727,0.9995700233905322
2009-01-25 17:28:31,Lan~die,"活着就是受罪 活着就是劳累 
活着就是互相折磨 活着就是不对 
活着就是受罪 活着就是劳累 
活着还得互相安慰 活着就会憔悴 
活着就是受罪 活着就是劳累 
活着就得拼命挣扎 活着就得干脆
——尹吾 你笑着流出了泪",5,力荐,4575,3.608890963846534e-12
2009-01-30 13:34:52,[己注销],老谋子以前拍的片都不错，现在越来越让人讨厌了,5,力荐,19,0.9501034790739658
2009-01-30 13:34:52,[己注销],老谋子以前拍的片都不错，现在越来越让人讨厌了,5,力荐,19,0.9501034790739658
2009-04-05 13:51:09,阴毛湿王,或许老谋子再也拍不出那么好的电影了 此片过于真实 我几乎找不到一点bugs 压抑恐慌的大时代下带着温情幽默与对荒诞现实的调侃 让我又重新开始思考 活着到底是为了什么 人本能的求生欲在极度艰难痛苦饥饿的环境下 会选择卑微平庸的活着 潜意识觉得 活着 就会有希望 其实有很多时候 活着就是遭罪 死了又不甘心 人类过了几个世纪 很多人依旧是活着 而且仅仅只是活着而已 或许对我们来说 活着 就是一切 存在 即合理,5,力荐,0,0.999999999146446
2009-07-18 16:10:47,Hey Johnny,已经相对原著做了些许妥协，但还是令人感慨人生无常，活着艰难，尤其在特定时代。但就像福贵说的“回去了，就得好好活着……”,5,力荐,1,0.9999951126399728
2009-07-28 10:08:50,红男,书看过，电影也看过，还都不止一遍，每次都习惯性的对照，这大概会影响到客观判断。《活着》这么大牌的一个禁片，豆瓣已经有很多相当深刻的评论了，我只想说，好电影，实在是离不开一个好编剧，当然，本片有两个，呵呵，数量大也是优势嘛。,4,推荐,0,0.9999991765761574
2009-09-12 14:05:12,方枪枪,电影虽然已经看哭我好几次，但整体来说还是没有小说好看！,4,推荐,116,0.9963478573477936
2009-09-23 14:27:14,Timon,"一直感觉是中国内地最好的电影，我看过小说再看的电影，只能说老谋子还是有一定功底的。原著小说还是要好些。 
本片根据余华同名原著小说改编，以贴近生活的小人物通俗剧风格反映数十年来中国老百姓“好死不如赖活着”的生活观。",5,力荐,0,0.9999999999212424
2010-01-27 01:26:09,今 敏,其实对于大多我看过的电影，这应该是给分最低的了。 大家都给了这部电影很好的评价，但我心中的感触却没这么深。而且比我预期看到的差了很多，最主要是因为受到了原著的影响，两者不管在什么程度，什么角度上都相差态度多。电影远不及小说。所以心中的失望与落差让我只给了两星。,2,较差,144,0.9866541068345164
2010-02-10 23:35:20,不是方先生,即使有人嫌张把它拍窄了 拍进了政治的小框框里 那也只是和原著比  电影仍有可观  何况 它借钻进此框  来搔国外评委的痒处 你却可以自由出处于它 看框里的它 连带看见框外的世界 于此 这电影不失为一个标本 除让你知道那个时代一个人如何活着  还能看 另一个时代 电影/影人如何活,5,力荐,1,0.9999993936618772
2010-02-20 00:50:57,马西嘿嘿嘿,生拉硬套的东西实在太多，又舍弃了原作中的灵魂的东西。所以这是一部非常非常表面的电影。没有张力，它是有美感的但是却没有用美感来呈现主题的东西。对于没有看过原作的，这部电影可看之。,4,推荐,18,0.9999996627016692
2010-04-18 23:53:24,猫语猫寻,强烈感觉应该看完电影再看书的，看了书再看电影就没有感觉了～人生也是这样，经历了大的悲喜、离别和痛苦，就会开始变的麻木不忍，书比电影是真的沉重太多了……,4,推荐,5,0.9999969810456388
2010-04-26 18:28:09,小肥啾～,真的是让人震撼的一部电影！！！也许是原著本身的优秀，但是能够改编成这么出彩的电影，说明老谋子还是功力深厚的,5,力荐,0,0.9999996579045902
2010-06-13 23:06:26,Jokery,很喜欢葛优背儿子上学那个长镜头，张艺谋看看你老早拍的电影，再看看你最近几年拍的电影，赶紧早点回家吃饭。,4,推荐,2,0.9999810033628036
2010-08-07 18:14:17,汪金卫,终于又下定决心，不怕牺牲，排除万难，去看禁片儿了……电影《活着》，根据余华小说改编，张艺谋执导，芦苇编剧，葛优、巩俐、姜武主演。被禁止在中国大陆上映。张艺谋妥协前的绝唱。看完本片，看花絮。那时的张艺谋、巩俐和葛优都是那么年轻而有才气…唉…你说为啥张艺谋现在…不说了……,5,力荐,22,0.999999953302908
2010-10-07 11:24:50,游牧人·芳汀,也许是老谋子最好的电影，但还是不如原著,4,推荐,7,0.9382771569864824
2010-10-16 18:54:52,有心打扰,她只是希望他回家。他只是为了回家。,5,力荐,12,0.8779564700052908
2010-10-29 08:31:17,东学西读,当我们徘徊在生死之间的时候，终于发现平安活着是一种幸福，没有时代的弄潮儿，没冲在前面的突击队，只求安稳的做好自己，过好自己的日子。真的是时候踏实下来，认真对待自己的生活了。,5,力荐,0,0.999413111658282
2010-12-19 02:24:03,荒川,说真的比小说差多了。。。主题不鲜明，导致完全不悲催，别说掉泪儿了，连想哭的冲动都没有。。。好多悲剧的场面不知为什么演的跟闹剧似的。。。看见葛优内张脸就想笑。。。条件反射。。。,2,较差,71,0.99994036244179
2010-12-20 10:11:40,LORENZO 洛伦佐,希望有更好的反映中国时代的电影。不仅仅是一部《活着》。,4,推荐,27,0.9998594482897096
2011-01-18 23:20:40,冰山李,7.8；就困在那裡，不知道是不是導演刻意,4,推荐,0,0.3304300795738971
2011-02-03 04:24:19,A小姐,对于生活在我们这个年代的人来说 这无疑是一部科幻片 （文革很科幻··）,5,力荐,476,0.9989051121461766
2011-03-22 01:16:47,大魔王,凄凄惨惨...虽然没有余华书表达的那么具体那么有深度，但是那种那个时代的荒谬，种种无奈，隔阂。让人无比动容，黄土高坡上，时代环境再怎么整你，也应该好好的活着。或许这是我们这代人，永远无法理解的无奈，但是在这个伟大的时代，好好活着，好好的做自己认为对的事，不枉此生啊！,5,力荐,3,0.9999986487396062
2011-03-23 13:45:36,老泰瑞,“活着就是一种骄傲。”可以说，是余华成就了真正的张艺谋。当然，巩俐、葛优的演技也令人折服。,5,力荐,0,0.9999949795192672
2011-04-16 12:15:36,蒋能杰,"我最为喜欢的中国电影！同时也是最感人最真挚的电影！

相信我父辈和爷爷辈看了这电影，感触更多！是一部经得起历史的考验的电影！",5,力荐,21,0.9999999999660538
2011-04-21 00:34:22,Maggie啊啊啊,小鸡长大了就变成了鹅，鹅长大了就变成了羊，羊长大了就变成了牛，牛长大了就是共产主义了,4,推荐,1,0.9999268514755588
2011-10-03 02:50:51,dcrlee,和霸王别姬不相伯仲的作品啊！我终于知道为啥张艺谋是大导演了，十多年前的作品，才是他真正的巅峰啊！活着，就是有悲有喜，五味杂陈，老天对每个人都是公平的，带走一样，一定会给你另外一样！这种才是真正的中国电影人们应该拍出来的接地气的好作品！神作，神作啊……无论从哪个方面来看，都是完美！,5,力荐,2,0.999978702949325
2011-10-09 16:46:44,Obtson,悲剧的核心往往来源于时代，它能让活着成为负重，让每一句好好过变成叹息。“有庆吃饺子，凤霞看相片”，变故陪伴着福贵而活，也陪伴着从那段岁月中走出的千万长者，他们的每一条皱纹里都埋着一个哭不出的故事，只是你看不到。,4,推荐,6,0.9999999999999788
2011-10-29 15:34:46,Y.15,虽然最后结局和书里的不一样 但好歹没让人觉得和书里那么绝望 我是觉得踏踏实实活着总归也是一种幸福 甭管发生了什么 葛优真是瘦 浑身上下的精瘦肉 这是我唯一觉得巩俐演技还不错的一个电影 最后凤霞死的时候我突然想到我妈刚才给我打电话说 你要是死了妈也没活头了= =（为什么会想到这个啊,4,推荐,2,0.999999985688337
2011-11-13 00:26:01,###疼,"只要还有家人,就有活着的意义,只要活着就有故事,活着就是最好的心意!!~~~~鸡长大之后就是鹅,鹅长大之后就是羊,羊长大之后就是牛,牛你长大之后呢?---------张艺谋电影!!!葛优巩俐,演技无可挑剔, 演绎着福贵家珍两个充满了灵魂的人物.,一个愚昧.一个守旧,但默默地坚持活着是对那个时候的赤裸裸的讽刺",5,力荐,2,0.999999999935441
2011-11-27 00:04:27,狷介有乌青,一个时代有一个时代的悲哀和可笑，你能在别人心酸的故事中读出些许温情，也能从自己的平凡中领会些许荡气回肠。电影少了原著的惨烈，但那种好死不如赖活着的悲凉还是存在的。,5,力荐,3382,0.999999999985935
2011-12-08 14:01:24,依然饭特稀,看过余华的原著之后重新把电影看了一遍，小说太悲惨了，电影比小说平添了许多生活趣味，增加了一些黑色幽默，加入了皮影这条线索贯穿全片。看的途中时而潸然泪下，时而会心而笑，真切地感悟到：活着是一种意志。顶级的剧本，优秀的导演，合适的演员，不仅是张艺谋最好的电影，更是中国最好的电影。,5,力荐,1,1.0
2012-01-23 21:44:59,眼圈,原著和电影都很好看 电影比小说多了温情和黑色幽默的一面 小说比电影更加深刻悲凉 不错 老谋子年轻的时代,4,推荐,0,0.999999987607838
2012-04-05 19:43:16,叭卦我最懂,鳳霞死的時候，我徹底崩潰了………  中國有著世界上最能忍最堅強最命大最偉大的十幾億老百姓，只爲了最最卑微的‘活著’倆字，似螻蟻般苟活著一撐就撑了幾千年………  我無語凝噎,4,推荐,17,0.9979941978363166
2012-04-17 18:38:35,瞳,“小鸡长大了就变成了鹅，鹅长大了就变成了羊，羊长大了就变成了牛，牛长大了就是共产主义了。” 这就是为什么大多数人还能这样安然地活着，活在中国。,4,推荐,5,0.9999996945659068
2012-04-23 21:32:05,蘇小北,相比于小說，電影做了很多去銳化的處理，同時葛優的演出又在很大層度上帶來了一種詼諧和幽默的效果，尤其是那個頗為圓滿的結局，很大地弱化了原著的悲劇況味和人生體悟。或者，這是一種積極地改編，老謀子一直以來的樂觀堅韌和淳樸，那種小人物的悲悲喜喜離離合合到最後都妥妥帖帖，雞到牛的小小滿足。,4,推荐,3,0.9999990800590438
2012-05-02 18:14:45,Morgan,生不如死叫做活着。年代叙事法，用那个时代的一件事表明ZG的可笑讽刺之处，跟蓝风筝手法一样。牛长大后，日子的确变得越来越好了，可是我们不会忘记我们离开那段日子只有半个世纪，我们也更清楚的认识到真相。这样的日子会好到哪里去？？巩俐和葛优的演技那时候真的很棒。,4,推荐,1,0.9999999966932728
2012-05-15 17:45:29,Se7en丶小七,私认为，《活着》和《霸王别姬》是中国电影史上最好的两部作品。在这部影片中，无论是葛优和巩俐的演技、张艺谋的指导功力、赵季平的音乐，甚至是余华的小说都得到了升华。一部《活着》就是整个中国近代史的缩影，它是张艺谋导演最好的电影作品，没有之一。,5,力荐,9,0.9999999999999712
2012-06-17 22:39:11,即短又平,特有天朝特色的一电影，不管是在哪个年代，活着也许是中国人唯一的信仰，无论是战乱，还是文革，到如今，14亿人口面对无论怎么样的困境，遭遇，都带着鸡变鹅。。。日子越来越好的希望苟活着罢了,5,力荐,3,0.9999999871064924
2012-06-28 12:41:16,巴喆,（短评已多次被删）,5,力荐,3349,0.1523697745270993
2012-06-29 14:18:40,赫恩曼尼,中国不是没有好电影，而是真正好的电影没有在这个社会喘息的余地。竟沦落至此，天涯同道，难语归途。友庆死掉的那段，泣不成声，不忍卒读，他们逃不过。,4,推荐,3983,0.9967482422174748
2012-07-13 23:29:22,樹一,就算生活已经千疮百孔，中国人还能隐忍地活着，哪怕这些荒诞和苦痛都是由自己亲手砌起来的。传说这是张艺谋最好的一部电影，大概就是好在把那些人们已经闭口不谈或者选择性遗忘的东西拿出来说，而且说得隐晦而丰满吧。,5,力荐,286,0.9999998335033078
2012-08-07 00:25:35,曼靑,張藝謀很喜歡翻拍名著 也很會拍 可惜妥協了那麼多仍未能公映。大到結局殘缺卻溫馨的三代同堂團圓飯 小到福貴輸掉家産的數量 幾乎原著里能夠改動的細節都被改動了 但是故事照樣能照著一個目的地走 並且比原著多添了幾分阿Q精神的姿色。,3,还行,2,0.0054311831865008
2012-08-07 16:04:10,朝暮雪,如果你觉得自己很惨，那就去看看《活着》。,4,推荐,475,0.9663851493728446
2012-08-30 11:52:55,黄金大白菜,我从来都不觉得张艺谋的活着拍得多好，无论你怎么说服我，我也不明白为什么很多人都称赞它的伟大，我需要回应的是：拜托，你去看看原著，就知道电影的差距。伟大的电影是什么，看看肖生克救赎的原著吧，斯蒂芬金写下的字还不及摩根旁白的一半。,3,还行,69,0.9780630508700696
2012-08-31 12:00:59,kerrysun,"从电影里看出人生的无奈。

在时代的洪流中，
人的力量是如此渺小；
在命运的安排下，
逆天改命是痴人说梦。

我们只能卑微的活着，
没有任何选择的余地。

这是底层人的悲哀，
无人能改变的事实。",5,力荐,0,0.9999998954355964
2012-09-03 10:33:04,原木,"值得赞扬的地方不用多说了。我觉得缺点在于，电影批判的角度还是略为刻意了一些，因此意境也就低了一些。
",5,力荐,0,0.9975771479745132
2012-09-25 14:06:28,小叶榄仁,电影没有书那么苦难，村变成了镇，但是凤霞生孩子这段太巧妙了，让凤霞大出血医生就在旁边但是撑死了。二喜还不够好，手拉手这么可爱的桥段为什么没有？还有我更喜欢乡村的感觉，现在这样更讽刺文革一些。电影很伟大，可还是觉得书更好,4,推荐,7,0.999998792073698
2012-10-01 21:52:44,文尔,家珍说：“记着，你欠我们家一条人命，要好好活着啊。”,4,推荐,15,0.9909829281338884
2012-11-12 00:03:17,Jiajiachan,人生再怎么艰苦，也还是得人模狗样的活着。电影本身肯定是为了能过审核而做了很大的牺牲，所以全片几乎都在试图以小博大，这样做肯定局限了主题，但即使如此，它也是中国目前为止对敏感题材处理最好的电影,5,力荐,0,0.9999499513455052
2012-11-27 15:46:58,峰峰峰峰,在中国，每个人都在喊着过幸福生活，但大部分人都只是在努力着如何生存，和残酷的现实做激烈的斗争，没有尊严的事做的太多，也渐渐麻木，以至于后来也想不起来初衷却只是想过个安稳日子。这部电影里的福贵又何尝不是这样，他放弃所有的尊严，低声下气，一而再再而三的苟喘偷生，就只求生存。,4,推荐,11,0.9999999871205169
2012-12-27 11:57:53,冰山的阴影,一部活生生的中国现、当代野史，因为正史的缺如，更显出了它的超常价值。,4,推荐,5,0.9749791799409446
2013-01-16 00:19:39,Greenfall,老谋子还有这样的岁月，再看看现在的老谋子真是堕落坏了啊。。。虽然没看过原著，不过片子不错，演得也真是好。至于成了禁片，不正面地讲了这么多近几十年的历史，也不足为奇了。不靠帅哥美女卖肉也能讲好故事的片子都是好片子。,5,力荐,0,0.991086325464852
2013-02-02 13:59:55,FloriaZENG,被书虐完后硬是撑着看了电影 葛优不愧是因此片而成影帝的 一个眼神就能映照出苦难的面目 但是不太喜欢电影为了控制节奏而改了许多剧情 还是无法表达出余华对生命的理解。最后，禁片还是有原因的啊，还原了历史的原貌，看了对体制牙痒痒。,5,力荐,82,0.9999999999956156
2013-02-19 11:30:08,乐乐乐了,四星半 能把书改成这样不容易 用了一天晚上先读了书又看了这个电影 感觉挺温暖的 被书深深折磨的我的玻璃心总算找到一个出口 但感觉书更加有关于“生命”本身 也更有深度 电影把笔墨过重地放在了文革上 ps葛优演技很棒 巩俐那时候真美啊 一脸的胶原蛋白,5,力荐,18,0.9999979739674464
2013-04-28 18:18:47,余小岛,活着就是他妈遭罪，可死了又不甘心。,4,推荐,1546,0.009199664172283
2013-05-29 07:16:40,深夜的阿斯伯格,命运互换，地主变班主，就连唱段也是武王伐纣，也是命运互换。龙二处决的时候你要以为福贵因祸得福就大错特错了，那是时代人人狗狗的黑白颠倒。拨乱反正地碾压凡人。先是guo均的刺刀刺破皮影布，再是gong均的刺刀直接挑了皮影，再后来dalian钢铁，最后只剩空箱子装小鸡。皮影是线索，是谋生之物也是希望与灵魂。,3,还行,3,0.999999971001374
2013-07-10 22:55:54,ric 🇺🇦,我就奇怪了，这么一个平铺直叙、程式化的电影为什么能得到这么多的好评？！,2,较差,13,0.110255288277693
2013-08-09 01:12:18,安德烈大叔,如今的张艺谋倒退了好几十年啊。。,5,力荐,25,0.8105707226091875
2013-08-14 17:51:28,小墨MO,对比书来说“残酷”显得太薄弱了。余华的语言太美，塑造的乡下太美，选择的叙述方式太美。主要是我喜欢这个故事的主要原因，是福贵讲述自己一生时，那样清醒，沉着，不自哀的态度。,5,力荐,82,0.9999999334000492
2013-09-15 16:54:30,煮蓝,看之前又特意读了一遍小说，最终观感：书并非好书，电影也并非好电影。福贵从部队里面回来，在黑漆漆的街道上握住家珍的手，打翻的水壶流出汩汩热水。春生连夜来又连夜走，家珍在后面喊道你还欠我们家一条命，春生在光里面停了停脚，又继续往黑暗里去了。——人生是为了什么，才有这样凄凉的夜。,3,还行,2,0.9620350353440884
2013-10-23 03:49:25,小A,少年凤霞这小姑娘真水灵啊（大了之后也挺美的），这是唯一的亮点。故事和卡司是真不错，剧本是真糟糕，镜头语言很生硬，不知是编剧、摄影师还是剪辑师的问题，正反打视角不符合逻辑，每场戏都讲不透就换到下一场了。剧情贪多嚼不烂，跟《蓝风筝》一个毛病。,4,推荐,217,0.981720457790711
2013-12-05 14:12:09,连城易脆,书比电影可惨多了...,5,力荐,40,0.8790269887265817
2014-01-12 00:56:09,村长,我老在那儿点人头，想着死光了电影就完了，居然剩了俩。最不可饶恕的是有庆居然是被压死的。,3,还行,5,0.1609879747836583
2014-03-07 17:58:26,Alice,开硬盘的时候又重温了张艺谋的这部电影，不得不说，以前的比现在的好看了，不讨论是否变好变坏，总之觉得不如从前那么接受了，这个大赞~,5,力荐,0,0.9993175305210076
2014-03-24 17:13:09,沉歌,长太息以掩涕兮，哀民生之多艰,4,推荐,3957,0.990416369524228
2014-08-27 18:23:08,decidels,看过小说，电视剧，今天终于可看了电影。相对于小说来说，不管是电视剧还是电影都相对抵消了阴暗的东西。电影结束了我竟然比看完小说之后哭的还惨。我有点想我们历史老师了，现在应该六十几了。当年在课堂上他曾深恶痛疾的批判了这段历史。另，觉得巩俐在片子里萌萌哒，这可还行····,5,力荐,2,0.9999999999987212
2014-10-17 23:27:33,Andre,因为是电影，所以皮影和箱子做线索好。////其实我想到的是“贫贱夫妻百事哀”——当然要我去过这贫贱日子，我也会去过。/////小说再怎么说也是属于少数人的悲剧故事，而电影则是属于大多数人自己的故事，更有质感，更加震撼。这电影太陕西了。,5,力荐,233,0.9999999699164668
2014-10-20 15:48:57,Morning,这几天，每天刷一小段，每天都觉得拍得真好，怎么这么会拍。,5,力荐,6,0.3213093283133326
2014-10-23 12:25:40,伊菲吉妮娅,这是最惨痛的年代，演绎了一户贫苦人家让人扼腕嗟叹的苦难与折磨...老父亲的死，有庆的死，凤霞的死...一次比一次惨烈，一次比一次催人泪下...牛终有一天会长大，但活着的人何时才熬得完这一次次至亲亡故的痛苦与大时代的悲哀...,5,力荐,2,0.999248365026714
2015-01-31 04:03:22,weiwang,两个转场印象深刻：1.一把刺刀划入皮影的帐幕，场景顿时转变，面对的是国民党的军队。2.被共产党俘虏，镜头由被刺刀刺着的皮影转换到为共产党唱戏的情景。,4,推荐,4,0.998470570532734
2015-04-08 13:31:20,杨迪,才看。一个月前看了原著，都好都苦，都要顽强的活着。,3,还行,307,0.9664093630590852
2015-04-25 15:20:35,冰红深蓝,张艺谋最好的作品，即便不少广播标语甚至背景无法翻译传达给外国人，仍然斩获戛纳评审团大奖，葛优也凭借超凡的演技加冕影帝。即便小说和题材占得不少先天优势，老谋子的改编依然居功至伟。影片配乐带入感极强，摄影沉稳大气，黑色幽默里满是政治讽刺，平实质朴中尽显悲凉无奈。（9.0/10）,5,力荐,715,0.9999999999998604
2015-06-02 00:05:25,EVA_征服天堂,当年文革开展到70年代时候，来宝岛采访中正的记者问如何看待大陆这场运动？中正叹息着回了一句：大陆百姓不受到地狱酷刑（蒋是基督教徒）是不会认清共XX本质的！,3,还行,19,0.9999998927634316
2015-06-23 22:22:35,西楼尘,国家走了一小段弯路，对于一代人就是蹉跎了一辈子。生活不易，还是得这么活着。笑中带泪，死人堆里暗暗许下活着的誓约，可谁也不曾想大环境下生活的艰辛。国师在第五代导演最好的时期奉献了极其有温度的作品。经年以后，鹤发的富贵摇着蒲扇回想那天不让有庆上学，少买几个馒头就好了，可生活不曾回头。,5,力荐,7274,0.9999999999977344
2015-06-29 16:55:16,梦里诗书,张艺谋最好的作品并非今时令人眼花缭乱的各色大片，而就在于往昔那隶属大时代背景下小人物的《活着》，质朴简单的镜头却营造了最好的剧情张力，沧海一粟契合命运的种种呈现，一场为了能活着五味杂陈的演绎，悲凉的宿命是为人共鸣的动容。,5,力荐,8,0.9999999999999928
2015-08-02 03:01:51,陆钓雪de飘飘,眼看着时间越变越少，家里面还有那么多人，急得很呐还不死绝，没想到就没了。禁个屁啊反映的真实面不过三寸。,4,推荐,139,0.6061393472603548
2015-08-06 13:04:39,墓岛GRAVELAND,相比之下还算老谋子比较好的电影，但我作为原著党说句实话：和原著比简直是a piece of shit！还不如韩国何正宇拍的《许三观》！该有的重要情节没有，没有的情节导演TM乱加，基调本身是凄凉的，但竟然导演给弄了个大团圆结局。对WG的描写也含糊其辞，真不知为什么要禁。我敢打赌打5星的人都没看过原著,5,力荐,26,0.99998584200385
2015-08-24 13:45:14,七毛,就这样也能被禁播？,4,推荐,17,0.5
2015-10-12 00:41:33,国王KING,一部2小时的电影，记录了近代中国的变迁。忘不了巩俐在深巷里的痛哭。一户人家，命运经历了大起大落，痛苦有过，幸福也有，终究还是活着。此时此刻我们都活着。,5,力荐,135,0.9999998236495588
2015-11-04 13:02:20,小米=qdmimi,片子是费心拍出来的好片，只能说原作就不适合直接影像化,4,推荐,6,0.9759094483558632
2016-02-01 21:57:37,会笑的昨天,影片中的绝望、无助、无力在黑色幽默里得到转变，变为中国人在艰难生存状态下的忍受。,4,推荐,14,0.9754819423519432
2016-05-24 20:43:54,U 兔,除去演员的演技和美术，其他真的没什么了。故事好一般，把原著的荒诞性几乎消灭光了，就保留了吃馒头等寥寥的点。原本是从小人物的命运见大历史，现在成了小人物比惨，就把这片儿拍小了。福贵成了一个机明的形象，而不是原来呆萌的智慧，不过依然觉得葛优演得很好。节奏也很散漫，丝毫没有抓人的代入感,3,还行,22,0.9999999999721008
2016-05-24 20:43:54,U 兔,除去演员的演技和美术，其他真的没什么了。故事好一般，把原著的荒诞性几乎消灭光了，就保留了吃馒头等寥寥的点。原本是从小人物的命运见大历史，现在成了小人物比惨，就把这片儿拍小了。福贵成了一个机明的形象，而不是原来呆萌的智慧，不过依然觉得葛优演得很好。节奏也很散漫，丝毫没有抓人的代入感,3,还行,22,0.9999999999721008
2016-10-04 01:32:01,Ocap,4.5。最珍贵和区别化的就是土气，一种通俗又不浮躁的土。仅论艺术价值会低于很多同类，却必是使我在内容上收获最多的一部。那么多年，时代一直在影响个体，而个体对时代的唯一影响或许就只有“顺应”，不抵抗永远不意味着不抵抗。活着太难了，活着就好了，家一直不得不为国，但家总不是因国生的啊。,4,推荐,25,0.999848304773158
2016-10-18 20:48:57,阳光新事,今天电影鉴赏课看的，看完老师问，你们知道这个电影为什么在国内没过审吗？我以为她会说文革什么的，但她的回答是这样：一个国家的历史和动荡，它所带来的后果全部会施加在富贵这样底层普通的百姓身上，而他们，对这些遭遇，只有淹没在潮流中，只有把痛苦和灾难全部吸收，没有任何的反抗。葛优演技跪服,5,力荐,15,0.9999999136950198
2016-10-23 09:48:39,momo,演员选得很好，巩俐演啥像啥。但整体没有小说感人，可能小说太残酷了吧。兴，百姓苦；亡，百姓苦。活到最后的人，往往最痛苦。,5,力荐,4370,0.9999980282631088
2016-10-29 13:54:16,哪吒男,别的导演，拍不出这种旺盛到不正常的生命力，当然，这种生命力，更增加了悲剧意味。,5,力荐,4,0.923259951226128
2016-10-31 18:55:19,🐖,好是好，就是惨，总感觉要出事儿，悬着心。难过。工整。最后一个镜头好。,5,力荐,13,0.9902667286334648
2016-11-03 11:36:00,same ,活着是最好的交代。在这部片子里找到了巩俐的风采。没有荷尔蒙的影响却依旧使人感触万千的电影。,5,力荐,74,0.999941162761438
2016-11-06 14:43:17,美好生活,一个小人物和小家庭变迁，社会历史真实性，小家庭也有梦想，。,5,力荐,11,0.9982494891711494
2016-11-06 19:45:00,lynn,先看的小说 才找出这部电影来看   很喜欢余华的小说  大多写小人物的悲欢离合  这里主人公一家子的命运  看小说更能体会  我记得那个老爷爷弓着腰 吆喝牛 日出而作日落而息  一日复一日  土地旁的墓  那里有他的父母妻子女儿儿子  他们沉睡着 似乎能听到老爷爷的吆喝声,5,力荐,355,0.9999999999543164
2016-11-08 06:35:40,焚紙樓,一如往常地，再次拿這片來當學程教材。一如往常地，開頭賭輸家產這場戲播完，學生都醒了，卻輪到我開始昏昏欲睡再無認真看下去的興致......,4,推荐,9,0.0539043485271101
2016-11-17 04:20:36,helloliu,好的电影一下子就把我带入那个曾经的时代，让我感叹人物的命运是跟随时代的命运的，人生起起伏伏，就是一个时代的缩影。我们每一个人，都在努力生活，经历生死离别。珍惜眼前的美好生活，热爱我们的祖国，如果他还不够好，就做出哪怕一点点的改变。,5,力荐,5,0.9999999999999998
2016-11-24 12:49:58,康报虹,"合理的改编，确实没有书的力度更大（想过审？）。
看完书之后最大的感触就是在那个动荡落后的年代，活着已是最大的奢望。而看完电影之后，感受到的更多是希望，生的希望。而这种希望，正是那个年代需要的。",4,推荐,5,0.9999801280768432
2016-12-25 00:37:32,聂鲁达拔垂杨柳,结束的时候看愣了，这不还有三个没死呢吗怎么就没了？不够原著那么狠呐。,4,推荐,7,0.0106574432745029
2017-01-27 13:55:04,不贰🙈🌈,作为一个词语，“ 活着”在我们中国的语言里充满了力量，它的力量不是来自于喊叫，也不是来自于进攻，而是忍受，去忍受生命赋予我们的责任，去忍受现实给予我们的幸福和苦难、无聊和平庸。,5,力荐,7,0.999997429782476
2017-03-14 08:30:41,梦梦梦梦,人生不易，不同的是带有着不同的苦难。,5,力荐,77,0.9935584434078354
2017-03-17 15:55:03,薄荷,人活着就比什么都强,5,力荐,10,0.964840372727068
2017-03-22 01:01:33,bornfreeyolo,张艺谋最好的片子，朴实的人性远胜于浮华特效。,5,力荐,23,0.999905029450032
2017-03-22 01:01:33,bornfreeyolo,张艺谋最好的片子，朴实的人性远胜于浮华特效。,5,力荐,23,0.999905029450032
2017-03-22 16:46:22,小森林,虽然比不上原著，但也真的是经典了，选角真的绝了,5,力荐,24,0.8357874182817804
2017-03-23 13:58:40,昵称被占不开心,张艺谋最好的电影,4,推荐,11,0.875000594924407
2017-03-26 07:22:26,幸运遇见你,人这一生活着每个人都有不同的活法就在于人们是怎么看待它的,3,还行,9,0.9951360368359228
2017-03-26 11:38:49,爱情海,好死不如赖活着，活着就有希望。,4,推荐,29,0.2273246240874993
2017-04-03 22:47:08,张老实,前40分钟非常好，值得称赞的两个镜头一是刺刀刺破皮影幕布，二是战场上黑压压的人跑在雪地里处理很棒。后面内容略微有点水，结尾处理反倒弱化了悲剧色彩，难道是艺术处理后坟头上长出来的那朵小花？免得让观众过于悲观？（可以肯定我看的是删节版！！）另，演员的表演太好了，增色不少，姜武尤其好,4,推荐,23,0.9998176558796784
2017-04-06 15:32:22,卡比巴拉的海,张艺谋最好的一部电影,5,力荐,18,0.9122377895681784
2017-04-25 22:18:06,美好时光只为你,因为老谋子的改编，是影片看起来没有原著那骨子压抑的绝望，更温情了一些。,4,推荐,208,0.9895520161538132
2017-04-30 12:48:07,ZWW,生命无常,4,推荐,19,0.9482993216671772
2017-05-02 19:52:29,柠檬海盐,历史背景太严肃 总觉得下一秒就会是悲剧 一路想着这么看完 反倒有点释然,4,推荐,1175,0.9988708125813988
2017-05-05 08:24:37,AmiLees,自我阉割成这个德行，鸡贼的老谋子怎么还好意思把这部电影叫活着！三星都给这些演员。,3,还行,14,0.9567102741428531
2017-05-07 17:41:45,lichol,年代记实录，看了让人不舒服，特别是里面的台词，虽然他们在拼尽全力的活着，可是却又显得如此可笑和悲凉。,4,推荐,5,0.9993308210895224
2017-05-08 09:36:36,慕詩,活着比什么都重要！,5,力荐,9,0.9243680173481352
2017-05-22 00:56:17,Indecent time,和后来的《归来》一样，老谋子的诉求一直是“温和的鞭挞”。余华的小说如暴风骤雨，一卷就带走了福贵的一切，老谋子的电影像太阳雨，有阳光带来的温暖，大雨带来的不适也是真实的，前者说的是苟且，后者说的是放下，两者，都是活着。,5,力荐,18,0.9999905648442776
2017-08-13 22:37:32,尉迟上九,半个世纪过去了，我们依然身处在这个荒诞可笑的社会里，一直都是活着，从未走进生活。,4,推荐,595,0.9821502522770288
2017-09-09 22:12:43,梅花牛,国师在英雄前后真是判若两人,5,力荐,12,0.9712704832726048
2017-09-13 15:23:08,Doreen,没有文字那么让人撕心裂肺，还原度十有八九吧。其实福贵的一生多多少少都有那个年代普遍大众的缩影，所以可想而知当年活着就是最好的宿命了。友庆和凤霞的离世让我久久不能平静，没想到余华的文字有如此强大的力量！另外电影的选角很成功，演员都很出彩,4,推荐,1,0.9999999989585122
2017-09-14 15:00:30,zzfznp,书是十几年前看的，把我看哭了好几回，唏嘘不已。前几年老婆也看这本书，然后躲被窝里没完没了的哭，说太惨了太惨了。我说惨的还在后头呢，她就哭得更来劲了，最后看完哭得双眼红肿，说怎么死绝了？所以我决定不再看。结果今天看了电影版……演得真好。结局也稍微改了一下别太惨了。这片现在过不了审。,4,推荐,86,0.9999945887470836
2017-10-12 00:12:08,狮子小白,还是原著厉害  可能是我讨厌葛优吧   不过巩俐他们演的很不错  她可真厉害   能演女神能演皇后能演妖精还能演农妇   这才叫演技  ,3,还行,18,0.9999994727592494
2017-10-26 12:02:54,百因必有果,更喜欢这个结局，凤霞那一段真是太讽刺，太难接受了。,4,推荐,7,0.994617381232876
2017-11-08 12:12:59,Andrea,苦命就能说明一切吗？我不会认同这样含糊其辞把责任抛出去的说法，有些事看似每个人都没有错，只是一环扣一环不知怎样就发生了，所谓的没有人错其实意味着每个人都错了。时代一定是在进步的，每个时代又有着自己独特的问题，多思考多做事，没有人谈什么命运不命运的时候人们才真正的向幸福迈进。,5,力荐,2,0.9999999257667548
2018-01-18 14:43:44,青葙,和原著有些差异，但电影改变无可厚非，给里面演员的演技打call，特别喜欢凤霞，有庆的设定我更喜欢书里面的，这孩子死的时候哭死了😭,5,力荐,77,0.999899343039292
2018-04-05 01:21:32,尽欢,活着是为了什么啊。就是活着啊。活着，就已经用尽全力了。,5,力荐,123,0.8620952909247293
2018-04-08 09:44:04,顾盼,葛大爷和巩俐非常棒了。人世浮沉，好好活着。,5,力荐,37,0.9997157311155536
2018-04-08 23:51:15,铃铛,人啊，活着时受了再多的苦，到了快死的时候也会想个法子来宽慰自己。,5,力荐,44,0.2817681945794649
2018-04-09 06:49:39,婷婷爱八卦,非常深刻的电影，葛优和巩俐都演绎得不错,5,力荐,22,0.9999860590988529
2018-05-06 07:37:08,今天不吃五花肉,巩俐的家珍演绎的非常好，真的是他们家的珍宝，从赌场找回福贵、福贵不在的时候一个人支撑家里面、坦然面对从富贵到赤贫的落差。有庆的死去和小说里处理方式不同，都挺让我难过的。,5,力荐,9,0.9999999446972097
2018-05-21 13:40:06,临素光,几千年来，老百姓都盼着鸡变成鹅，鹅变成羊，羊再变成牛，牛最后变成什么？早些时候，是并耕而食，是小国寡民，是天下大同。到后来却让鸡不成鸡，鹅不成鹅，羊不成羊，牛不成牛，人也不成人。,4,推荐,55,0.9999740077772048
2018-05-28 00:11:38,尽人事，听天命,生下来活下去，生活再艰难也得坚持住,5,力荐,15,0.9346417529805056
2018-05-28 00:11:38,尽人事，听天命,生下来活下去，生活再艰难也得坚持住,5,力荐,15,0.9346417529805056
2018-05-28 15:42:49,优优,生活再艰难也要活着，喜欢巩俐和葛优的演绎,4,推荐,10,0.9999624659495444
2018-05-29 22:17:04,小十三,原著和电影都值得这个满分，引人深思的一生，小人物也有小人物的活法,5,力荐,42,0.9979881703346792
2018-05-30 22:10:39,偏要勉强,自认为是张艺谋最好的一部作品，巩俐和葛优的演技不用多说。真是活着遭罪，死了不甘。,5,力荐,110,0.9992231127075412
2018-05-30 22:15:12,一蓑烟雨任平生,很好的还原了书本的画面和情节，不错的片子。,4,推荐,19,0.9924889328255642
2018-05-30 22:37:40,听风是雨,不说了。立意深，好看，虽然看不懂，但是值得看一下，发人深省。,5,力荐,16,0.991556978005576
2018-05-31 06:53:28,雪里花蕾,一部很走心的电影，剧中的家珍遇到任何事情的时候都没有埋怨过富贵，默默的陪伴相守，引起我们的反思。,4,推荐,52,0.9999971900223916
2018-06-02 07:55:22,宁宁,人是为活着本身而活着，而不是为了活着之外的事物所活着。,5,力荐,24,0.9287594725348204
2018-06-04 14:28:20,茕茕白兔,影片的故事很亲切，很真实，就像发生在观众身边一样。一个小人物在巨变的历史中浮沉，遭遇不幸和坎坷，完全不能掌握自己的命运。然而他从没有放弃活下去的信念，从不怨天尤人，并且对生活和未来报着无限美好的希望，让人感动。,4,推荐,7,0.999999999998074
2018-10-02 23:18:26,kk,"有庆死的时候，福贵在有庆的尸体前大喊“爹来了，有庆叫爹啊有庆”，家珍被人群拦着，拼命地想看看有庆最后一眼，哭着喊着“让我看看，有庆，让我看看”，然后她看着被血染红的白布盖着他的有庆，从她面前走过。
我想起小说里那天晚上，福贵背着死掉的有庆往回走，深夜里他坐在村西的田埂上，一遍遍的看着他的儿子最后在天亮前，悄悄地埋掉了他，他怕死掉的有庆带走重病的家珍。后来家珍让福贵背着她往村西走，家珍说“我夜夜听着你从村西走过来，我就知道有庆死了”，夜晚他们站在村口，“有庆再也不会在这条路上跑来了”，那条路，那条有月光撒下来的路像是撒满了盐。
小说里重病的家珍没看到有庆最后一眼，也没看到凤霞最后一眼，电影好在让妈妈再痛苦也最后一刻陪着孩子。
电影的福贵没那么悲惨，最后他的家珍还在，二喜还在，馒头也还在，真好。",5,力荐,730,0.9999999997693614
2018-10-21 13:07:06,帅的让人生气,很真实的感受到了当时社会生活的动荡不安 葛大爷nb,5,力荐,15,0.9998284105228474
2018-11-17 21:20:34,思路乐,【A】不愧是张艺谋第二好的电影，剧本、演员、摄影、艺术成就都好的不能再好了。剧本上有余华的原著加持，虽然还是迫于审查压力对结局进行了大改，但仍是顶级的电影改编剧本，兜兜转转中依旧充斥着直击人心的力量。葛优与巩俐不愧为中国最好的男女演员之一，角色的年龄跨度之长、内心转变幅度之大、最终完成度之高，无不令人惊叹。至于摄影和艺术成就，我觉得比张艺谋以后所有古装电影都好。在光影的配合下，屏幕上的那个世界从头到尾都透露着一种坚韧的生命力和荒诞的时代感。其中两幕刺刀刺进皮影的镜头，寓意极深。以皮影代指富贵的一生，这个点改编的极好，极好。唉，好歹当年这样的电影还是给拍的...,5,力荐,55,1.0
2018-12-13 02:49:38,艾晨,福兮贵兮，灾祸相倚。人似草芥，命如浮萍。,5,力荐,7,0.9565256324811704
2019-01-25 18:25:51,木,故意逮着不好的说，殖人味都要溢出来了，为什么土改不清楚，跃进怎么来的不清楚，反正内心就是憎恨，就是政府全责。这能过审，能大火，能养活余华一辈子，都说明审核机构有问题。该严不严该松不松。,1,很差,6,9.424151297121596e-07
2019-02-06 13:40:59,沙力兔,后半部分看的不是很细，印象深刻的场景：葛优嗜赌时 空虚麻木的神情 演的贼好（好像现在的网瘾用户）；夫妻二人从洗衣盆里抢救出来那张葛优曾经当过兵的证明，珍惜地擦拭上面的水，说，平民挺好，平民最好；女儿出嫁时 身边的人紧紧围绕着她 大声唱着庆祝的歌 她的眼神却开始开始迷茫 变得不确定了起来 ；巩俐对郭涛说，你欠我们家一条人命，所以你要好好地活着。 色调有点儿像霸王别姬 恩 描绘的是差不多的年代 （与此同时王家卫的南洋60s年代 又是一番风味了,5,力荐,0,0.9999999999999984
2019-02-26 22:01:16,mate,盛名之下其实难副，故事虎头蛇尾，两个孩子的死都充满巧合和意外，变成卖惨通俗剧，明显没资格和《芙蓉镇》《蓝风筝》《霸王别姬》相比。奇怪为何名气却仅次于《霸》？,2,较差,29,0.999979100009196
2019-03-13 21:31:18,浮游剑鱼,为什么中国人老一辈的生育观念那么强？因为在那样暗淡贫穷艰苦的特殊年代里，孩子是除了这旧墙灰瓦，柴米油盐之外的千千万万这样的家庭里唯一的寄托和希望啊…现代人死了孩子况且恸哭天地，更何况那个物质和精神需要在贫民阶层都极度缺乏的年代里。,4,推荐,2,0.9999999977948022
2019-03-25 17:35:27,亵渎电影,重刷日版蓝光，张艺谋最好的电影了。,5,力荐,41,0.9099042072777104
2019-10-06 22:32:57,飞侠式拼搏,"面对死去的父母、孩子，他无能为力，他也只能选择活着。
因为他知道活下来不容易，自己是从死人堆里爬出来的，不管怎么着，也得熬着，也得受着，不想活也得活。
上下四代人的悲惨命运，活着的人已经够幸运，活着就有盼头，可活着同样也就相当于受罪。
艰辛与坎坷、无奈与心酸，人生的悲与喜、起落与生死，更是一个时代的悲剧，令人无比痛心。唯独片尾在残酷中留下了些许温柔，令人感到片刻欣慰。",5,力荐,8,0.9999999999999648
2019-11-18 22:56:21,大島,活着的滋味就像茼蒿，尝得明白却说不明白。,5,力荐,20,0.4125542215242986
2020-01-02 13:19:21,黑伞,现在想来，这种把时代放得很大，把个体的生存现状压缩得很窄小的叙述方法，是我并不认同的。这和我自己的文艺观是冲突的。事实上我们本已处在这种人如蝼蚁的生存境况下，既如此，要文艺干什么？是来强调这种“人如蝼蚁”的境况的吗？是来接近某种“非虚构”状态的吗？文艺的现实感究竟是这么来的？可以去补补卢卡奇分析的托尔斯泰小说，顺便看看他为什么不喜欢自然主义和福楼拜，虽然卢卡奇是个马克思主义者，并且渐渐背叛了自己早期的学问……其实我也不知道自己能坚持多久，且坚持着吧，但我想从笛福，从狄更斯，从司汤达那里发展起来的传统，《活着》这样的作品是无力颠覆的。,5,力荐,4,1.0
2020-04-02 19:39:59,[未注销],赌徒/贩夫/皮影班主/壮丁/俘虏/城镇贫民……祸兮，福之所倚；福兮，祸之所伏。他不止一次说“日子就越来越好”。,4,推荐,1,0.9993288082736992
2020-04-24 23:30:14,阿飞,基本上和原著关系不大，更谈不上是优秀的二次创作，余华锋利的东西在张艺谋这儿全然看不到一点踪迹，甚至人物身上「活着」的主观性也被泯灭，仅仅是被动的「存在」，反思和批判的力度也只是借由对历史的既有认识来实现。结尾处医院走廊上的两个镜头，一边是满怀期待的未来，一边是时刻等待被踩在脚下的过去，本质上是一种犬儒的体认：诗意的瞬间无法永远掩盖尖锐的矛盾，更何况是时刻教人忘却。#禁片效应再现神威#,3,还行,8,0.9999990825823436
2020-05-25 16:18:28,Moment Magic,相比小说主人公没那么惨了，余华的活着最后终于因为妥协被磨去了棱角，电影也就失去了大部分神气，可惜可叹啊。,4,推荐,11,0.9994027543461056
2020-09-02 15:18:34,大头绿豆,最悲凉的莫过于，我在其中体会到了巨大的痛楚，但同时心里不断地被提醒着：与真实的苦难相比，这种程度的痛苦其实已经被或主观或客观地美化了。等了很久有庆赤脚跑来的镜头，「月光照在路上，像是撒满了盐」，没有等到。这才意识到，不去对照记忆中的原作，完全用新的眼光来评价的话，这也已经是一个非常高难度却完成得特别出色的作品了。,4,推荐,7,0.9999999703475556
2020-10-28 19:29:43,张敞,葛优的表演非常好，巩俐也没得说，除了眼泪太多（当然是生活本身苦，但导演仍可做到节制）。另外，并不是很欣赏故事的讲述方式，将个体命运与运动全部嫁接在一起，到最后就变成了一种过度戏剧化的应激反应。观影中每到此类地方，等于先期向观众预告“大事要来了”，拼凑生活之嫌。如果我这样说还不够清楚的话，那就试着想想，电影若反过来拍，比如若有一个人在每个运动中都得益了，是不是就证明了运动的无害呢？当然不是。看完这部电影最大的感受，他们的命运可真惨——但我不觉得这是一部电影唯一要说的。当然，也有一些好细节，比如区长春生被打成走资派，不想活了，深夜来交存折，家珍听了把门打开，光打在春生脸上，那是家珍第一次接纳了这个撞死儿子有庆的凶手；镇长也被打成走资派，福贵、家珍和他站在黑洞洞的门洞里对话。另：结尾无力。,3,还行,4,1.0
2020-10-28 19:29:43,张敞,葛优的表演非常好，巩俐也没得说，除了眼泪太多（当然是生活本身苦，但导演仍可做到节制）。另外，并不是很欣赏故事的讲述方式，将个体命运与运动全部嫁接在一起，到最后就变成了一种过度戏剧化的应激反应。观影中每到此类地方，等于先期向观众预告“大事要来了”，拼凑生活之嫌。如果我这样说还不够清楚的话，那就试着想想，电影若反过来拍，比如若有一个人在每个运动中都得益了，是不是就证明了运动的无害呢？当然不是。看完这部电影最大的感受，他们的命运可真惨——但我不觉得这是一部电影唯一要说的。当然，也有一些好细节，比如区长春生被打成走资派，不想活了，深夜来交存折，家珍听了把门打开，光打在春生脸上，那是家珍第一次接纳了这个撞死儿子有庆的凶手；镇长也被打成走资派，福贵、家珍和他站在黑洞洞的门洞里对话。另：结尾无力。,3,还行,4,1.0
2020-11-29 22:42:42,不爱吃芝士,电影比起原著小说要温情的多 小说是为了活着本身而活着 电影是活着就会有希望 我喜欢这个结局 不让人那么绝望,4,推荐,46,0.9999990328278852
2020-12-01 21:08:58,高詩遠,延续生命需要活着，正因为艰难，活着就有深刻的意义。没有比活着更美好的事，也没有比活着更艰难的事。,5,力荐,2,0.99993995942057
2020-12-03 01:47:25,treasure,"从小到大 不管是课本里还是故事书上
对活着最多的描写还是富贵的惨、命硬
但是对那个动乱的时代却只字未提
这也是最大的悲哀
富贵从来都不是主角
龙二不是好人 被批斗了 你以为那是正义
春生是好人 被批斗了 你觉得莫名其妙
镇长不算坏 被批斗了 你开始分不清好坏
是黑是白从来不是由一个人说了算
书里面写的要更加刺骨，深刻
而这个时代已经将这个纪录片般的史实戏剧性地变成了人们茶余饭后的消遣
没有人去在乎那个以前时代是怎么样的
因为它跟我们毫不相干 
而电影能拍到这已经实属不易了
这是老谋子的巅峰 现在依然还是
抱着绝对悲剧的心态去看 没想到老谋子还是给人留了活路 挺好的
巩皇永远的神
让家珍这个角色在坚忍 美丽 辛酸 之间切换自如
我永远爱这个自信的女人
倪大红那时还很年轻
而葛优一直都很显老

",5,力荐,11,1.0
2020-12-21 14:39:41,王喝冰,说真的，任何一个国家把这样一部伟大的电影禁掉都是这个国家的耻辱。,5,力荐,613,0.8967734168401248
2021-03-01 16:09:59,种瓜得瓜,小心翼翼地改编最终还是没逃过去，这样的小心翼翼让片名的分量少了一些，但毫无疑问，这还是一部内地的好电影。个人的命运，无论你愿意不愿意，都会在时代的大浪里沉浮，生与死都不再是问题，它就这样发生了。,4,推荐,2,0.9999832819929696
2021-03-15 15:22:20,琪琪珂,和原著相比克制许多，不过几处改编倒是很别出心裁。活着本不就是痛苦与喜悦并存的吗？,5,力荐,21,0.9893121283430024
2021-03-29 23:31:56,山下猫,“B站居然真有”系列。上大学的时候看过一次，觉得刘天池像舍友的姐姐，大眼睛深眼尾。开头特别好，赌场氛围和各色人等的闲言碎语，又埋下伏线。葛优呛黄宗洛的时候，恍惚民国顽主。倪大红是配音吧。葛优真是太好了，赌场门口要打人那种闯下大祸的感觉。小凤霞拉着福贵一路小跑往家忒喜人。福贵从战场回家后，打儿子，有庆死，砸车，从情节到台词都越来越直给，大篇幅转给巩俐，葛优退居应和。到了大半夜在大马路上冲走资派春生喊你还欠我家一条命，可以看到多年后《一秒钟》的刻意。巩俐老挂着笑，反而不自然，下乡女大学生的感觉。姜武很可爱。战场上的死尸给了福贵活下去的意愿，龙二的枪毙刺激他不能与众不同，也是他坚持有庆不能落后的的心理基础。因为甚少角色独处的空间，甚至镜头都是，所以感觉是知识分子看贫下中农，觉得他们什么都不想,5,力荐,0,1.0
2021-05-01 22:32:10,takyo,小时候我叔叔有不少电影vcd 我时不时过去挑着看 这部电影我应该拿起又放下很多次 虽然只有几岁 我都能感觉到太沉重了 今天终于看完了这部恨不得20年前就有几面之缘的电影 非常戏剧 几处也很催人泪下 可是我印象最深的不是福贵的那个鸡变成鹅的台词 也不是几处命运弄人的无力 而是电影四次拍摄的那个白石牌坊 每次时代更迭 那个牌坊都会出现 有时候福贵在里面 有时候不在 仿佛在提醒我 虽然这是福贵的电影 导演真正想致意的却是那些经历了一样的造化弄人 却连名字都不被任何人知晓的小人物 其他那些在牌楼下走过的人,4,推荐,0,0.9999999999999992
2021-06-05 10:01:08,周眠,捐宅入火，刀背藏身，影皮曳调，冶铁为尘。上食埃土，下饮黄泉。众血汹涌，而我独存。 二十年后再看，才看出不止苦情悲情。,5,力荐,5,0.9919676556264786
2021-06-22 22:10:16,月山行,废墟上长出的快乐最夺目。那个时代的人脸上都洋溢着和墙上革命贴画一样的灿烂笑容，越苦越累笑得越开心，活得越有精气神。从那时候走到现在的老人身上依旧有这种很硬的生命力。似乎生命、快乐必然扎根于死亡与苦难的沃土。所以惜时物、活在当下这些被现在衣食无忧的人们贴上鸡汤标签的词语反而放在那个时代才有最合时宜的分量。现在的苦难就像几粒面汤上的油花，没有经过炼狱的生命都显得如此大而无当。（那时候的建筑、街道真是美。,5,力荐,13,0.9999999999999996
2021-07-17 16:28:36,月夜,又是这种蜻蜓点水的流水账叙事，并没有打动我。现在更加确认华语片的top 1是牯岭街。,3,还行,11,0.6288390370621765
2021-08-12 09:52:44,蒜了,看之前期望太高了……………想了想，功劳基本都归余华，唯一被电影抓住的，只有小、中、大三个凤霞的笑容。由于主题完成度不够，原本比《霸王别姬》更加深刻的题材被囫囵吞了下去，过舌而不知味，甚至不如有些用力过猛的《斗牛》。有些可惜错过了孟京辉的话剧啊。 @2016-01-14 03:17:55,4,推荐,1,0.9999500165910472
2021-08-17 22:00:13,易思棠,重看，没印象里那么好，但仍旧是佳作。这种感觉来自文本本身的构思，这是一条直线稍微弯曲一下的过程，在福贵的一生里，电影无非是把原著的死亡（余华爱写死亡）换成了电影里的黑色幽默与生活，土地与农耕换成皮影戏与文化，包括后面的凤霞生产也颇为讽刺，但归根结底，死亡从不是张艺谋这部电影的主题，他更倾向于从福贵一人一家的经历刻画时代面貌，包括那些“活着”琐碎的片段。他也从未想过要拍一部惊世骇俗的禁片，饶是这样，还是被禁了。,3,还行,3,1.0
2021-09-07 18:18:24,低调,"电影还是温情了，个人感觉温情了这个故事就变味了，原著是高中的时候熬了个大夜囫囵吞枣看完的，无数次希望升起，无数次希望破灭，人在时代面前很无奈，不是想要好生活，就能有好生活，福贵以前是个怂包，日子却过得有滋有味的，后来越来越靠谱了，生活却没好起来过了

影片改编以后淡化了福贵个人的成长，变成了一部年代记，略显平淡",3,还行,95,0.9999999999893155
2021-09-18 23:40:41,影中世界,相比较原著，电影版多了些温情和生活气息，弱化了一些人物的悲惨命运，导演也贴心的给了一个还算圆满的结局。看完电影或许可以猜到被禁的原因，相比较原著，电影版放大了时代背景下对小人物的摧残，尤其是那个敏感的年代，凤霞结婚时的热闹与最后悲惨的结局形成鲜明对比，更加重了讽刺意味，在这方面，原著倒还算温柔了，当然了，或许这也是第一人称与第三人称的区别吧，只能说改编真的不错,4,推荐,1,1.0
2021-10-03 15:01:57,自闭的小黄瓜,迟来了三年，终于把电影给看完了。虽然高度比不上余华的原作，但也是绝对的经典。我最喜欢葛优的表演，他那瘦弱的可以被风吹跑身子往那一站，我好像看到了许多中国普通老百姓共同的特征：平平无奇，又逆来顺受。,5,力荐,35,0.9999995606071228
2021-10-03 15:01:57,自闭的小黄瓜,迟来了三年，终于把电影给看完了。虽然高度比不上余华的原作，但也是绝对的经典。我最喜欢葛优的表演，他那瘦弱的可以被风吹跑身子往那一站，我好像看到了许多中国普通老百姓共同的特征：平平无奇，又逆来顺受。,5,力荐,35,0.9999995606071228
2021-11-01 10:19:04,66号公路灰狗,两位主演的演技真的是绝，只是书中主角的人生实在是太惨了，电影按照惯例，还是给他留了一个还算小团圆的结局，对原著党来说，这就是不可原谅的事，但并不影响这是一部优秀的电影,4,推荐,5,0.999999456960257
2021-11-21 20:34:00,东门捷径小V,我知道你现在不好受，可是不管怎么着，也得熬着，也得受着,5,力荐,17,0.6376939748346181
2021-12-17 22:24:01,鹭原左京,"动荡的飘摇的一生，活得那么辛苦可笑，可终究还是活着，活着看一个国家打了胜仗又走错了路，活着看白发人送黑发人不剩一点希望，活着看鸡长大变成鹅，鹅长大变成羊，羊长大变成牛，牛长大变成荒诞遥远的未来。中国人讲好死不如赖活着，福贵的一生是丧失的一生，即使最终一无所有，仍然用力地呼吸，为了活着而活着。我想我短时间内，没有办法理解他的这份心情。
生活好像真的就是那么戏剧，不甘心输出去的庭院反倒成了烫手山芋，只会吃喝玩赌的少爷没想过会拿业余爱好作糊口的口粮，教会他们如何在乱军中保命的人先被射死，空洞地喊着口号响应号召却赔上了自己孩子，开着车闯革命的区长热情乡里的镇长变成走资派，博士医生因为七个馒头差点噎死。凤霞躺在床上，无言地带来生命，无言地失去生命，可其实所有人都是哑巴，我们痛着，失去着，什么都说不出。",5,力荐,4,0.9999999999999944
2022-01-04 10:19:52,DeckardYang,【3】两边讨巧的文学改编，取自历史-现实，却又是无比虚假的“真实”，就成了“媚俗”。批判性似有若无，怎么看都是一拳打在棉花上，还要偷笑着感慨“能拍这电影不容易啊”。不要简单为题材叫好。,3,还行,9,0.947501399086495
2022-02-08 03:19:06,解压,非常失望的电影，原著血淋淋的悲惨绝望还原了不及十分之一。时代的必然被轻飘飘曲解为个人命运的偶然，作品的灵魂根本没有表现出来，结尾甚至让人觉得反胃。主题完全背离了余华的本意，只感觉导演要么共情力缺失完全没有读懂，要么就是在耍小聪明投机。如果因为某些不可抗力不敢或不能直面苦难，那么也不必强行“升华”正能量，这种篡改实在是充满了自大的亵渎。,1,很差,9,0.9999999994979494
2022-04-25 23:23:37,饮水,“我们是学生，我们没处理过，我们不会啊。”“区长他也是太累了，四五天没休息好，这才撞了墙。”有庆在大跃进时期被区长撞死了，凤霞在文革时期在被红卫兵护校学生占领的医院生产大出血死了。有庆死后，家珍在他坟前，不断地责怪自己，如果她拦住福贵不带有庆去学校，就不会发生这件事。凤霞死后，福贵在她坟前，不断地唠叨，如果他没有给王教授买那么多馒头，或者不给他喝水，他一定可以救回家珍。其实真正要归责的是什么呢？这一切难道应该发生吗？在巨大的“洪流”下，太无力了，只能不断地去责怪自己。无论生活发生什么，都活着了，我在想，如果“无后”，即凤霞没有留下一个儿子，他们的生活又会变成什么样子呢？是否还能继续？以及，作为一个独立思考的人，我们又在这样的背景下如何生存呢？,4,推荐,2,0.999999999995419
2022-05-01 15:03:10,凯文怎么了,感谢老谋子最后不杀之恩,5,力荐,92,0.8883343231974544
2022-06-06 23:56:56,Captain_C,活下去，像牲口一样活下去。（还是更爱《芙蓉镇》）,5,力荐,1,0.9373848526330536
2022-06-13 02:11:49,佑歌者,"😅臭老九运用春秋笔法，表面上是关心民生疾苦，本意却是抹黑与攻击教源时代的又一力作
现在我们都回来了，臭老九们捧了这么多年的垃圾也该走下神坛了 谁才是真心为了人民？是你们这群反动文人吗？不，五千年来只有一人真正心怀天下，只有他一个伟人配得上人民群众千古的祝福",1,很差,17,0.9999978780046774
2022-06-22 21:49:41,醋梨儿,挺牛逼的，三十年前的电影拍的几十年前的故事，跟今天正在发生的事情相差无几。看到每一个关键性时刻的时候就紧张，在心里着急，盼望角色活下去，挺过这一关。仿佛如果他们能挺住，现实的这一刻也就有了希望,5,力荐,52,0.999991276059039
2022-07-05 15:45:46,神秘客,时代一粒灰，压在个人身上就是一座山。,5,力荐,39,0.5705529646413371
2022-08-03 00:48:07,海德文,中国电影的幸运，在于有过《霸王别姬》《活着》这样的电影。中国电影的不幸在于，此后的所有中国大导演都在拍“《霸王睡姬》《死了》《无鸡》《满城黄金》……”,5,力荐,6,0.999999992778168
2022-10-26 20:42:11,Mr.Graceless,九年后二刷，我读过余华的原著因此对剧情还有点印象。但本作应该是张艺谋最被高估的作品了吧。余华的原著虽然是拼命堆砌时代符号，随意地把各个角色的人物进行抛掷，但至少还有些大胆的讽刺情节直指时代的弊病（原著中有庆致死的原因是被大失血的县长妇人抽走了太多的血，对比同样因为产后大出血而死的凤霞），而张艺谋的改编在去其精华取其糟粕之余，还进行了不少欲盖弥彰的修改：福贵从小说中一人一牛的悲惨结局变成还有外孙女婿和妻子相伴；有庆死于意外而非人祸。除了情节上鸡贼的增删，对故事的表现手法也堪称「大时代下小人物」的错误拍法。福贵作为横跨多个时代的个体，经历被粗暴地直接割裂，一幕一幕地给观众塞他的悲惨经历而没有任何发酵情绪与思考悲剧根源的时间，只可惜了发挥上佳的葛优（有庆之死一场他的表演可以竞争华语影史最佳了）。,4,推荐,28,1.0
2022-11-28 23:10:00,阿尔七,看见一个评论说，国家走了一小段弯路，一代人就蹉跎了一辈子。也会恍惚理解为什么老一辈总是希望小辈们安稳，稳定。这是他们基因里曾经缺失的东西。,3,还行,163,0.99998779599492
2022-12-31 03:07:49,彦子白,比原著还是仁慈了许多，原著给我一种destiny的宿命感，诅咒感，而电影则更像社会的变迁史，尤其是标示着时间的文字出来时，不加掩饰的文字修辞，那种局外人的旁观感尤其强烈，可活在这片土地上的人，谁又逃得开呢,4,推荐,30,0.999999658133758
2023-02-15 17:53:02,拔剑四顾心茫然,张艺谋一改以往高调的强造型与色彩设计，以平实手法呈现一段横跨历史的悲喜人生。福贵的一生如同幕布上辗转腾挪的皮影戏，但这里没有王侯将相，也没有才子佳人，他的剧本只有生离死别，风云变幻。着眼于小人物，似乎是关于一堆砖头，一盒饺子，几个馒头，几张照片；着眼于大时代，则是尸横遍野，标语口号，慌乱的护士和被叫走的镇长。时过境迁，馒头在友庆和凤霞的墓前说：友庆吃饺子，凤霞看照片。福贵念叨着：当时要是少给王教授买几个馒头就好了。但是一切都已经随着被烧掉的皮影变成了灰烬，回不到当时。小鸡长大之后就会变成鹅，鹅长大之后就会变成羊，羊长大了就会变成了牛，牛长大了就是共产主义了。为什么变来变去就是变不成人呢？因为生在一个风云变幻的世界，谁也活不出个人样。哪怕今天享尽荣华福贵，明天也有可能吃不上一盒饺子，一个馒头。,5,力荐,11,0.9999999999999992
2023-05-02 17:19:33,马格海,不是为了表达悲惨而刻画苦难，而是为了表达希望而刻画苦难，在巨大的时代浪潮中苦苦挣扎，奋力活着，这一切就已经足够动人了,5,力荐,29,0.9999999997700584
2023-08-13 01:24:42,则卷大饼,"好像不如原著小说惨，最起码，最后不是只剩下一个人和一头老牛。
不懂就问，刚查了一下，在国际上获得了这么多的奖项和荣誉，为什么咱自己过不了审？是害怕啥呀？
剧里的惨，到底是谁造成的呀？真的是葛优无意间把孩子叫起来了害死了儿子、给王大夫吃多了馒头又喝了水才害死的女儿？
如果他没把儿子叫起来上学，没给王大夫吃那么多馒头也没给他喝水，他们这一家人就能不惨了？惨，真的是因为他们自己的偶然间的决定造成的？",5,力荐,42,0.9990484955215652
2023-09-18 12:52:27,诺诺,兴，百姓苦，亡，百姓苦。,5,力荐,19,0.7058660206548407
2023-12-06 21:46:15,牛排菠萝皇堡,第一次觉得，文字胜于影像。,3,还行,14,0.98867038713846
2024-02-04 21:25:08,我也不在乎,这流水账，苦难就是苦难，谁要是歌颂苦难我就抽谁，那时候葛优巩俐演技还青涩，姜武太U了吧嘤嘤嘤，要我说福贵就是扫把星，做的决定全都是错的，赌博赔光家产（别拿日后屋主被斗地主美化）、在部队里好歹也能混各种军长，赶回家这老背幸一辈子苦哈哈，坚持儿子上学炼钢，把妇产医生撑倒下……倒是靠一副皮影谋生，凭文艺艺术挣钱，我支持（越到后面场景越熟悉，想起小时候想起姥姥家,2,较差,0,0.9999999999994886
2024-03-03 14:02:28,Colen,将浸湿的革命证明镶进镜框，非要与不幸的经历唱个双簧。往醋里加辣子做碗整蛊的酸辣汤，半院墙的砖头压不断脊梁。皮影的铁丝能造两颗收复台湾的子弹，掌心的存折驱散半辈子的梦魇。白面馒头怎么也唤不醒嗜睡的棉袄，等到雏鸡在皮影箱里奔跑，那时候啊，日子就会越来越好。,5,力荐,2,0.9998718313444244
