2013-09-09 14:42:48,陀螺凡达可,不如《曾经》，但足够清新可爱。,4,推荐,84,0.9958808625215988
2013-09-15 01:54:11,Sammy,奈特莉在教育少女方面颇有天赋“dont let him think you are easy”,4,推荐,4086,0.9987457962156964
2014-04-27 10:46:37,Iberian,如果把这看做是<Once>的续集，讲男主成名后和女主搬到纽约继续发展的故事的话，那我以后还真挺难再直视宽街上<Once>的大海报的....可能因为有Adam  Levine的原因，曲风比<Once>里的要流行，而且换成纽约当背景，整个电影又治愈又有朝气，结局稍微有点矫情，不过看完心情特别好，现在就等原声了,4,推荐,79,0.9999929584038064
2014-05-04 16:40:48,CyberKnight电子骑士,增强版《Once》，音乐还是非常好听，整个故事很清新很温暖，《大地惊雷》的小姑娘很抢眼，可惜后面不够出彩了。总感觉缺了点《Once》里那种真诚、伤痛和爱的错失，略有些甜腻。不过仍然是非常好看非常舒服的电影。,4,推荐,206,0.9999999998667756
2014-06-16 12:57:30,Lycidas,#SIFF# 对不起Mark叔太adorable了我满脑子都是“啊啊啊啊啊”，在天台弹贝斯的地方啊啊啊啊啊啊啊站在镜头边缘我也只看见他啊！歌非常非常好（反正歌一好我就会冲动给高分别理我）！情节不像once那么散，城市环境音的想法很有趣+乐队成员间的dynamics酷毙了！,5,力荐,453,0.9997387224208908
2014-06-16 13:02:43,大奇特(Grinch),延续once但不如前作，一场独立音乐人的梦想YY。用录专辑串故事，用歌曲串电影，独立音乐与独立电影相辅相成。用倒霉制作人被音乐拯救开篇，作用鲜明。醉酒状态下对幻想的伴奏、跟随耳机扫街两场戏很吸引人。但剧情全随歌曲烘托推动，正如片中台词:再无聊的场景也会因音乐变为璀璨珍珠。,4,推荐,349,0.9999999999999878
2014-06-17 01:45:44,华盛顿樱桃树,这是一部靠听觉来感受的电影。即使没有画面，这一曲曲动人的情歌都能将人灌醉。而且歌曲还串联起剧情的起承转合以及人物的各种情绪。最令人感动的是没有男女主角狗血的在一起的剧情，最终的各自美好令人动容。#第十七届上海国际电影节#,4,推荐,82,0.9999999091435214
2014-06-17 09:51:01,桃桃林林,一部好听的电影，来自《曾经》导演新作。由音乐串起来的电影，音乐密布全片，角色的快乐、难过、愤怒、释放，所有表达感情的方法都是音乐。由于原声非常好听，观众也很接受。影片关于一群音乐文青如何用他们的独立音乐对抗世界，虽然很理想主义，但愿望是美好。音乐从心开始。,3,还行,501,0.9999999998836252
2014-06-22 19:55:14,猪头妖怪,无论从故事、表演还是音乐上，都明显超越了7年前的Once，说不如的无非是出于怀旧罢了。Keira Knightley的唱功是唯一的短板。OST必入。,4,推荐,520,0.9995335670003122
2014-06-27 14:16:15,望潮,Best soundtrack of the year! 也是今年目前为止看到最走心的电影。整个看片的100分钟都是美妙的享受，节奏把握得恰到好处，里面有几首歌好听到起鸡皮（要劲刷原声带），户外MV的概念也超清新。奈特莉的角色设定有些霉霉的感觉：分手后给男友写歌lol. 骚当男神级帅爆镜！最后一个大光圈镜头看泪了！,4,推荐,35,0.9999997965980426
2014-06-29 06:27:19,米粒,现代都市小清新，在纽约的各个角落讲故事。捕捉城市的声音这想法好棒啊，真希望乐队的段落能再多一点，看不够。当然，相比《曾经》，这部被打磨得更加美国化了，很多棱角没有了。而且曾经的歌也更好听一些……另外，KK的衣服都特别好看！！,4,推荐,1200,0.9999999991968134
2014-08-12 10:37:46,同志亦凡人中文站,城市和音乐真的是一拍即合的恋人，听着音乐走路都有风。治愈系电影，放空心情后奈特莉的血盆大口都不那么讨厌了。 PS一定要给译名“歌曲改变人生”点赞，6个字完全提炼出了电影本身。,4,推荐,1173,0.9999904134363832
2014-09-02 04:23:05,亵渎电影,约翰·卡尼把当年【曾经】的招数故技重施，詹姆斯·柯登在大街上扯着嗓子弹唱，凯拉·奈特莉报复騒当半夜录情歌，都是前作的桥段，结果还不如前作。到了好莱坞，只顾着俗套的合家欢了，却把音乐野草般的生命力弄丢了，也许是因为这类女声pop根本就不是我的菜，或者是KK唱功的问题。★★★,3,还行,71,0.9997408141930104
2014-09-07 18:58:16,荔枝超人,用音乐写给城市的情书，不算新鲜但很讨人喜欢。,3,还行,338,0.9584285962106984
2014-09-08 23:39:48,Dreamer,超爱KK！马尾超可爱，穿衣风格也超赞，唱歌也挺好听，Like a Fool最好听，还有敏锐的洞察力！求传授！以城市为背景音想法很棒，听得我燃起了音乐魂。男女主之间朦胧的感情处理地也很好，更多的是惺惺相惜吧。最后居然被骚当的Lost Stars戳哭了，还有可怜的小眼神儿。坚持做纯粹的音乐还是大众的音乐？,4,推荐,708,0.9999999999931268
2014-09-10 00:46:38,五色全味,我好喜歡這部電影，連討厭的凱拉奈特莉都變得順眼起來。John Carney有一顆青春之心，否則怎能如此浪漫寬容？結尾女主角選擇了重新開始，一段更加自由，嶄新的生活，反高潮之餘平添一份暖意,4,推荐,178,0.9999927093771198
2014-09-14 01:00:09,L'automne,好喜欢这个很绿茶但一点儿都不婊的故事。,4,推荐,2672,0.7844162667497712
2014-09-14 15:34:37,生煎馄饨秃子,通过一首歌就听出男友出轨，恋爱中的人果然个个心思细腻如神探。几场街演好喜欢，詹胖子好萌。KK大概只有听歌声才像个妹子，说话时的血盆大口能忍就忍了，但唱歌时候注意一下表情管理啊【笑cry,4,推荐,1922,0.999997160130704
2014-09-20 00:31:07,赵大宝,数字音乐赢了。,4,推荐,208,0.9325296287687982
2014-09-21 12:30:26,影志,“我之所以爱音乐，是因为它让每一个平凡的瞬间，都充满了意义。生活里的很多细节，因为有了音乐而变成闪亮的珍珠” 8年后再续《曾经》，没有狗血的大情小爱，所有故事就跟每个人的普通日常一样，平淡自然，水到渠成，不拘谨，也不奢望，他们单纯因为音乐而在一起。,4,推荐,3247,0.9999999971053486
2014-09-26 02:28:09,让保罗切小田,要有多信一个人的taste，才会戴着各自的耳机用分线器分享她手机里的每一首歌，并肩走在夜晚的街头，就这么一直走。芭乐情歌和芭乐故事永远都不嫌多，有音乐真好，爱音乐真好。,4,推荐,129,0.9994742813114292
2014-09-26 17:03:35,donger,我们去纽约吧，在大桥下跳舞，博物馆前跳舞，彻夜饮酒，做爱。像是可以立刻死在那里一样。我挽起的裤脚，你摘下手表。都好。I'd be damned Cupid's demanding back his arrow. So let's get drunk on our tear.,5,力荐,227,0.8812636489750798
2014-09-27 16:16:58,非尘映雪,"“我在想，我们为什么一定要录音棚呢？”
我们大多被世俗框架给限定，对一切都失去想象力和热情。当你不那么用心地去在意他人的想法和规定的限制，只是为了愉快的去完成当下想做到事情，结果往往出人意表的圆满。但是，令人悲伤的是，往往当你拥有的越多时，这种单单为快乐而放手一搏的勇气却越少。",4,推荐,101,0.9999999999281776
2014-10-01 00:23:46,云中,看得几次想走，但有些片段又让人能看下去。这片跟醉乡民谣的差别在于，这个是真小清新，那个是扮小清新。这个貌似痛苦其实不过生活调剂，那个貌似自由其实苦不堪言。,4,推荐,553,0.9999996414579992
2014-10-13 20:48:34,匡轶歌,Keira Knightley的衣服真好看，穿出一种闲闲的、不用力过猛的精致。平胸果然是王道，轻盈、削薄、纤细…像未发育起来的小女生，又像清秀版的小男生。只要不用那著名的下巴颏演戏，KK也不是很讨厌嘛。Mark Ruffalo这只卷毛，每次出来我都想让女猪脚跟他滚床单否则不能尽兴究竟是什么心理。,3,还行,1466,0.9999999512621102
2014-10-18 20:13:25,朝阳区陆依萍,不如叫《平胸改变人生》，整体清新可爱，好听自然！重点是KK在里面一点都不招人烦，几套衣服真是好看.....,4,推荐,94,0.9982651913114612
2014-10-24 15:25:00,荒木,你看，有太多东西比性更有凝聚力。,5,力荐,3613,0.4511974136985787
2014-11-16 01:41:44,伍德与夏洛蒂,我知道它不完美。我知道爱上和音乐生活的人是什么感觉，也记得他开始给其他女人写歌时，是什么感觉。KK比我想的好太多。Mark和Adam是两个阶段，别做谁的fucking缪斯，记住这一刻就够了。分享歌单踩街曾是我年轻时的恋爱法则，现在都不再重要，想到这，又哭了出来。Mark演的特别好，我爱每一个瞬间。,5,力荐,1120,0.9999999997463228
2015-01-20 00:29:25,扭腰客,让我喜欢的是，每一个桥段都没有落入俗套。爱在歌声最高潮时离开，是最好的结果——“爱你的每一个瞬间，像飞驰而过的地铁”。音乐和电影是人类最敏感、温柔的触角，很幸运我和我的爱人小伍，也是如此。,5,力荐,395,0.9999998933046508
2015-06-28 01:06:42,张小北,20150628影院观影。此片值得在大银幕上体验，除了音乐元素外，画面和表演的体验也更好。,4,推荐,54,0.9998852218235192
2015-06-29 17:36:39,办公室甜心,电影院里坐我前面的男子，每当音乐响起时，都会打开QQ音乐的曲目识别，我很想告诉他，你每一次搜到的歌，都收录在同一本原声带里,5,力荐,9366,0.9352521950069888
2015-07-02 15:58:35,风间隼,好听、好看的小清新。最棒的是两人没上床，连个吻都没有。,5,力荐,3036,0.9611200837905788
2015-08-05 13:03:06,愛永,沒想到綺拉奈特莉唱歌這麼好聽！很喜歡她演的女主角：內斂聰慧，善感卻不失灑脫，就像一本充滿靈氣的好書。對音樂的態度其實就是對人生與情感的態度：有時需要不顧一切往前衝，但有時也需要停下來緩一緩。只有不過於炙熱才能感受到對方對你的溫度，也只有保持彼此都舒服距離才能真正走近你想走進的人。,5,力荐,125,0.0676998166448776
2015-11-14 15:29:49,bamboo,女主太effortless chic,5,力荐,386,0.7108666068452514
2015-11-14 21:20:19,国王KING,这部音乐电影真的Fucking awesome啊！「整个纽约就是我们的录音棚！」在帝国大厦、公园湖心、地铁站、大街小巷里……音乐在这个城市沸腾，全程一直抖腿……OST一定很好听！更难能可贵的是开头时间剪辑丝毫不凌乱，加分项。最后，这些美好的音乐真的改变了人生啊。,5,力荐,49,0.9999990995978464
2017-02-15 22:50:13,EncorQ,看完爱乐之城，想到这部片，觉得必须给它五星，因为相比爱乐，我还是更怀念这部电影给我的感觉,5,力荐,115,0.995766973838214
2017-03-14 22:32:04,九尾黑猫,薄弱的故事与人物无法为歌曲增添神采，所以除了旋律悦耳也没有更深刻的印象。不那么动人又失败的爱情，让凯拉奈特利的难过都变得很无力。,2,较差,26,0.9999998894142188
2018-10-25 04:23:58,LORENZO 洛伦佐,太喜欢结尾了，真实的人生就应该是这样，有些人会有交集，有些人则永不再见。,5,力荐,165,0.9991436941024756
2021-02-15 16:07:42,木星海,很好，既没有渣男回头求原谅就复合，也没有音乐人与歌手陷入爱河。其实生活就这样平平淡淡，像流水一样流淌，每个平凡的瞬间，因为某个原因而成为闪亮的珍珠，让我们的回忆熠熠发光。这样就好，这样就很好,5,力荐,305,0.999999996921998
