2010-04-05 00:30:10,七,"其實bollywood 是很好看的, 尤其是整個電影院都跟你一樣enjoy~",4,推荐,236,0.0472828716527804
2010-05-09 13:34:11,大力麦,阿米尔·汗你是个天才！！！,5,力荐,2473,0.8185708722876215
2010-08-04 18:46:54,玲珑,当你不断追求卓越，成功就会不知不觉追赶你。害怕明天，怎能过好今天呢？心很脆弱，我们要学会哄它。鸡不会知道蛋的前程。学习是为了完善人生，而非享乐人生。只为生命而感激。朋友失败，你难过，朋友成功，你更难过。一切顺利。,5,力荐,4684,0.999999617670172
2010-08-04 21:45:19,烨色正浓,"该片的中文翻译太烂了，差点就错过欣赏一部好作品了。
兰彻一直在给大家灌输的一种理念就是：简单生活，遵从心声，为自己而活。 
的确，他让朋友们重新认识了自己和所要坚定的方向。
很喜欢片尾的那片湖泊，不知道是在哪里呢？",5,力荐,2185,0.9999978346398676
2010-08-04 22:58:01,Quentin,活在当下，不记得失，以无为之心做有为之事，你收获的会是比物质更珍贵永恒的生命体验。,5,力荐,2321,0.9999951634774727
2010-08-05 03:09:19,天问,很棒的印度电影，这当中一样的可以看到中印相似的教育体制与贫富阶层问题。轻松、暴笑、热泪中感受积极人生的力量。梦想与事业，做我们喜欢的事情，是成就的不变真理。,5,力荐,1386,0.9999999999998226
2010-08-05 11:44:57,少年 遊,这几个月来看过的最好的片——”做自己“，也许才是人生终极的成功。别总嘲笑印度人”阿三“，他们已经追上来了，无论经济、科技还是我们一贯认为只会跳舞唱歌的宝莱坞电影。盛赞！5+1星！,5,力荐,4891,0.9998457627899618
2010-08-06 00:06:27,Piper,"【温馨提示：请忽略这傻逼名字.不然你会错过一部好电影】1、病毒的鸟巢飞来了一只自由之鸟；2、Ta有没有告诉你,朋友就是给你一枚硬币教你自己独立做出选择的那个人.这个人才是你最大的财富 ：）",4,推荐,5419,0.9999087168389462
2010-08-07 00:00:41,私喜,看了这部电影是我2010年最幸运的一件事 力荐！,5,力荐,7510,0.999182807251387
2010-08-08 16:47:07,透明,中国导演和中国教育者最应该看的电影！,5,力荐,345,0.9975171056238776
2010-08-08 22:45:01,Lan~die,如果有一天你变成了奇怪的家伙，生活于恐惧和虚假之中，就念重生的咒语“All is well”，狠狠地给这个世界一脚！对鼓励别样人生价值和给人梦想的片子我是举双手赞成，何况从头到尾都拍得这么欢乐。台词：“朋友是男人最大的胸部”、“你这么害怕明天，又怎么能过好今天”。,4,推荐,2234,0.9999997448511656
2010-08-09 10:30:55,Q。,一部讽刺社会现象的电影都可以拍的这么轻松，喜剧里还可以有这么多闪光的慧言慧语。情节确实太过随意，下一秒的夸张总是来的让人啼笑皆非，无可奈何中却仍旧乐呵呵的接着看下去。 末了的那段风光让我无比钟情！★★★★★,5,力荐,3339,0.9999999691948888
2010-08-09 23:33:11,易水寒,如果这辈子能有过wangdu这样的同学，也值了~,5,力荐,262,0.9522400981703006
2010-08-12 01:01:26,Muggle、佑。,1.开始笑了，然后哭了，又笑了，又哭了，最后还是哭着笑了。2.可以看作是反映现当代发展中国家教育体制现状的电影一枚。3.印度的歌舞传统还是没有丢掉。4.当中国电影还在发愁的时候。印度已经开始继承并发展了自己的特长及特色。5.男主让我想起了印小天= =他笑的太用力了眼珠子都要飞出了,5,力荐,413,0.9999999999746212
2010-08-12 01:15:05,熊阿姨,受不了了三个小时！！！墨迹的必须快进,2,较差,1430,0.0914062797654633
2010-08-14 15:35:24,眠去,明明是喜剧，还哭了好几次,5,力荐,400,0.4505166551581477
2010-08-15 01:47:31,张小强,印度人大概是被应试教育憋疯了，才有这么夸张的小宇宙,4,推荐,351,0.9967567981401064
2010-08-15 12:29:46,桃桃林林,虽然收入不多，但一直在做自己想做的事情，所以我也很快乐,3,还行,484,0.9983755228664696
2010-08-17 12:46:55,是和有,WX-D9  影片质量跟片名一样  又傻又长,2,较差,206,0.3270194375576709
2010-08-18 02:12:41,D I D A,三个白痴，这是讽刺，不过讽刺的是那些自以为是的观众。你绝对可以在将近3小时的电影中拼凑出好莱坞喜剧片的种种元素，并对这些老套的剧情不屑一顾，这没问题，这“三个白痴”明摆着一副受人奚落的姿态。但是你被耍了，这些桥段只不过是影片内核外的闪光弹，酣畅淋漓的绝对是你一直错过的东西——爱,5,力荐,748,0.9999989139111348
2010-08-20 02:31:35,艾小柯,非常完整的商业电影，十分cute,4,推荐,60,0.9376463484944892
2010-08-20 22:27:34,cobblest,不好看之二，也假，头一个太空笔那个就被我吐槽了……,3,还行,64,0.4363387779183886
2010-08-21 15:44:48,卫西谛,俗，但好看,4,推荐,150,0.7268577788744484
2010-08-21 18:41:50,吴花果,我衷心的觉得兰彻是水瓶座的。对学校的描述适合中国国情，且针砭时弊，对每个人都有用。,5,力荐,148,0.9994716266925038
2010-08-28 00:19:26,Mr`Goodnight,"印度电影真的很棒！音乐和舞蹈很有意思~~男主角超级可爱，第一次觉得165身高五短身材的男人可以这么帅！！！！！！！
",5,力荐,340,0.999997165114756
2010-08-31 13:20:42,妖灵妖,它又吵又闹、又臭又长，但我想不出什么理由不给它五颗星。,5,力荐,3159,0.004718032668096
2010-09-01 21:01:35,刘小黛,生存就是场赛跑。我们生活里缺失很多这样的丰富与精彩，所以觉得电影好看。我们是容易对社会失望也是容易被感化的一代。,4,推荐,36,0.9996915185673168
2010-09-04 23:51:09,playdead,观影过程中，不禁感慨自己原来就是那种被社会被教育体制化，唯利是图，完全不知道自己真正要做什么的人。我试图努力回忆起那一个时间点，那个曾经还未被体制化的孩子的雄心壮志，却发现怎么也想不起来。我感到很悲哀。,5,力荐,296,0.9999999998982612
2010-10-02 13:06:32,Ruby超人小姐,男主角长得像吴彦祖。,5,力荐,89,0.9984104969200476
2010-10-07 01:40:07,杨迪,当你不断追求卓越，成功就会不知不觉追赶你。,5,力荐,112,0.892244538236494
2010-10-24 11:19:49,米粒,太精彩了，太感人了，笑了哭，哭了笑，笑了又哭，哭了又笑。这就是真正的好电影。。。,5,力荐,34,0.9999609887283468
2010-10-28 00:16:38,September,情节起伏好大，前面还唱歌呢，后面就有人挂掉了；刚挂掉呢，又开始唱歌了......只能说印度人民心理素质真好呀,3,还行,96,0.3720132346731541
2010-11-12 22:57:08,Suave,我们有很多考试，可爸爸只有一个,5,力荐,361,0.9901306140034012
2010-12-04 14:29:12,S,"很好的诠释了“再多独自牛逼的时光,都比不上一起傻逼的岁月”这句话！绝对值得一看。",5,力荐,97,0.9999512573022036
2010-12-06 17:57:49,理想多钱一斤啊,我就知道这电影会合豆瓣网友的口味,5,力荐,41,0.9647177229753552
2010-12-24 00:11:02,水木丁,太二了,2,较差,296,0.5
2010-12-25 22:04:25,朴九月,六星都不够。最后男主角戴眼镜那个形象好像吴彦祖！,5,力荐,1047,0.9755261772444676
2011-01-10 16:31:05,godannar,脸谱化做得有点儿过了，除此以外都是宝莱坞娱乐电影的新范本。本片的教育意义只可供应试体制的产物们发泄一下悲愤，千万勿上纲上线。没经过极大痛苦淬火的理想主义什么也斩不断。,4,推荐,48,0.9726211121278892
2011-02-04 23:53:32,影志,近三个小时的片长，却没有一个多余的情节，剧情前后呼应之巧妙值得称奇。好电影不一定要苦大仇深，能真正愉悦观众，那也是一种巅峰。“做一名摄影家又会怎样呢？挣得少一点，房子小一点，车小一点，但我会很快乐，很幸福……紧跟你的天赋。” 温暖励志美妙如2010年的《天堂电影院》+《阿甘正传》,5,力荐,1499,0.9999999999999968
2011-12-08 20:50:09,亵渎电影,我是最后一个看的吗？文章汤唯几个人的配音很给力，不知道原版会不会更给力！故事情节和手法似乎没什么特别的，但紧密编排的剧情桥段还是很让人感动！还是那个道理，类型片尽本分了，也就成功了。三个小时的时间，论票价赚了。★★★★,4,推荐,38,0.9999081887201032
2011-12-12 23:53:36,办公室甜心,天哪是谁想出个这么狗屎的中文译名的，以及难看死的海报害我一直没肯看这部电影，差点就错过了如此精彩的印度片.................太棒了啊充满基情【？】又极其励志，人设真是饱满又可爱，剧情也是丰富又不啰嗦，两个多小时一下就过去了，走出电影院心情真好呢！,5,力荐,203,0.9924642954804332
2012-08-07 15:45:58,朝暮雪,笑中带泪，阿米尔·汗的电影中最喜欢的一部。,5,力荐,155,0.9993552282532422
2013-02-08 21:39:58,同志亦凡人中文站,道理浅显但知易行难——试问有多少人在择业上能真正做到从心所欲？而填鸭式教育，在中印这样的人口大国，更是一百年都不会改变的基本法。节奏感很好的精良商业片。,5,力荐,337,0.99797694836541
2013-11-04 01:28:15,黄青蕉,第一不好笑，第二支线太多故事太长，第三嘛道理人人都懂，可是自己做不到都是意淫，这片说白了也就是一罐油稍微少一点的鸡汤啊,3,还行,153,0.026563775880376
2014-09-22 16:17:34,恶魔奶爸Sam,你以为这是一部励志片，你以为这是一部教育片，你以为这部电影探讨了友情，教育和社会，其实这是一个玛丽苏的故事，龙傲天一般的男主，遇到的都是老派抗战片里面的敌人，轻松的念着咒语all is well，当上科学家，迎娶白富美，走向人生巅峰。套用人民日报的话，连三傻这种电影都觉得好，这人得多没见识,3,还行,267,0.9999999999799548
2015-08-17 16:31:50,Ocap,觉得结尾签完“失败宣言”后引出“我比你成功只是我低调不屑”这种设置，其实没免俗。试想最终他就如他们所见，一个乡村教师呢？也对应其核心，成功与否只有相对于自己而言，攀比的背后是一种不自清的愚昧，或许更好？这样必然丧失反转的惊喜，但才是实打实的励志吧。,4,推荐,35,0.9999945532023252
2017-02-28 22:31:50,梦梦梦梦,超级搞笑，为三个人的友情点赞。良心制作,4,推荐,37,0.9758284622993464
2017-06-07 14:59:18,清欢,"英语课上，和我的高中同学们一起看了这部影片。别人眼中的他真傻，但只有他自己知道自己坚持的是什么，追求的是何物。
天才，总是特立独行的，敢于闯荡，一往直前的。",5,力荐,64,0.9987573942951976
2017-08-15 00:30:08,滚滚的麻麻,算是第一次接触的印度电影，汗叔厉害。,5,力荐,44,0.996729836548872
2018-01-02 11:00:37,婷婷爱八卦,印度的电影拍得还是很实诚的。国内多数电影拍得比较浮夸，这点得学韩国印度，只要诚心努力有什么不可以做好呢，毕竟中国人很聪明的！,4,推荐,87,0.9997256433750588
2018-01-09 16:10:46,不错我就是神,还不错的,3,还行,62,0.8830153175079881
2018-01-14 22:31:15,周男神的迷妹YL,第一次看是在高中的时候，老师课堂上挤时间用多媒体放映班里同学集体看的，这才是真正的喜剧。喜剧总是有一个悲剧的内核，看完这部剧你笑了，这还远远不够，你应该对人生对社会有所思考。很庆幸这部电影做到了。经典当之无愧！,5,力荐,151,0.9999999999999588
2018-01-17 00:06:59,说点什么,第一次对印度的影视作品改观。这部电影作品有逗乐的地方，也有一些励志的地方。因为每个人都有着自己对电影的看法。而我只是想推荐给其他人去观看而已。千万不要被名字忽略这部好电影！,5,力荐,85,0.9998381949073296
2018-01-29 11:28:14,何处相思明月楼,看完摔跤吧爸爸看的这部，这部电影给了我一种很不一样的活出自己。,4,推荐,44,0.9991127920974302
2018-02-10 14:52:05,尽欢,最近又重温了一次三傻。里面对于知识和学习的思辨，让人触动。希望我们都可以做自己想做的事情，成为自己想成为的人。,4,推荐,94,0.9999748005269784
2018-02-10 14:55:13,顾盼,兰彻和他的朋友成功了，做了自己喜欢做的事情。反派同学也完成了世俗上的成功。第一次看的时候我不喜欢反派同学，觉得他自私，愚蠢。重温了一遍之后，发现他其实也很努力。,4,推荐,572,0.99997678587192
2018-02-15 10:48:45,yyq,挺有感触的吧，这部电影和我预想的很不一样,4,推荐,17,0.8264942961606967
2018-02-18 11:19:45,糖豆,白看不厌一部电影，刚刚又重温了一遍,4,推荐,31,0.9942738790870068
2018-02-26 23:40:02,呆萌小七,三傻大闹宝莱坞好看，很喜欢，值得五星,5,力荐,53,0.948766941814952
2018-03-26 00:07:12,宁宁,第一次看印度电影，觉得实在太好看了，有笑有泪，十分励志。,4,推荐,31,0.9897820401604066
