2005-09-23 10:43:29,浅浅,让我看哭的都是好电影,5,力荐,1107,0.95511575038768
2006-01-08 17:41:20,老阿飞—故园,"看到片尾的时候，始终不能忍住眼泪。
我存在，曾经。",5,力荐,1910,0.7234889503491418
2006-02-11 13:08:40,ⒹⓎ,那个小男孩真的很会演戏,4,推荐,4199,0.9794494140800054
2006-07-03 02:09:59,LipingTaBaBa,有点拖沓,3,还行,1112,0.6363636363636364
2007-03-24 13:47:27,赫克托尔,天才儿童演员.,5,力荐,1686,0.976331738501996
2007-11-03 16:29:17,它它爱妮鸡,那只熊在自己缝自己！！,4,推荐,7164,0.218540098664942
2008-06-05 01:31:54,战国客,很奇怪，看斯皮尔伯格的电影，即使有些场景拍摄得十分感人，但总是不能让我从心里感动，可能是觉得太商业了，太刻意了？,5,力荐,2304,0.99873969961331
2008-11-09 03:37:14,匡轶歌,每看这样的片子，都对人类更绝望。卑鄙、愚蠢、自私、懦弱、残暴，实在是宇宙间最丑恶的生物。别怪塞林格会说：我认识的人越多，我就越喜欢狗。,5,力荐,1817,0.9999764300055451
2008-12-07 11:43:14,裸踝,我要一只泰迪熊和一个舞男乔。,5,力荐,3974,0.9916816833907564
2009-01-01 22:19:17,mon babe,我只想成为你的唯一，获得你全部的爱。,5,力荐,1330,0.6980499508771654
2009-06-28 19:51:23,暖鱼,实在没想到这是一个跨越两千年的故事！！泰迪熊很有意思！！仍旧还是不明白，为何好几部科幻都是阴暗的环境基调。一个不能吃饭，难有共同生活的“机器人”如何融入人类生活？人类连自己的异见都难待见，更何况非同类。屠宰场，也有意思。。。,4,推荐,712,0.999998576903251
2009-12-24 18:08:55,如花就是小妖,不管如果老库在会把片子拍成什么样子，不管有多少漏洞，我都觉得斯皮尔伯格这次都是很成功的，实实在在的打动我了。,5,力荐,653,0.9984121914204852
2010-02-11 01:41:13,马七柒,我不想要蓝仙女，但是我好想要那只泰迪……,4,推荐,780,0.9523053021757348
2010-06-09 15:11:29,刘小黛,这是库布里克生前一直想拍摄，但因当时技术条件有限，终究未拍摄的作品。斯皮尔伯格继承了他的遗愿，完成得如此精妙，可惜最后与影片格格不入的结尾，还是向商业作了妥协。,4,推荐,883,0.9999994703503242
2010-12-16 16:37:49,亚比煞,有些电影，是你在当下觉得了了，而今后偶然回想起某个片段，才会为它痛哭一场的，比如，戴维从残破的大厦上落入水中的那一幕。my love is real，but I‘m not。,5,力荐,1847,0.9998858512590072
2012-04-25 12:15:54,Su,如果不能爱我很久，为什么要启动我爱的程序？,4,推荐,4167,0.6673830075956564
2017-03-04 12:04:38,LEMON酱,大卫固然可怜，可小熊比他可怜。每一个都渴望家人的爱，可惜小熊在所有人眼中都只是玩具，包括大卫。虽然他有和大卫一样的思维，却没有和大卫一样的外貌。,4,推荐,2607,0.9753983106232864
2017-10-06 21:58:18,朱欢尘,因为这爱实在不像孩子对母亲的爱，所以虽然深沉永恒，却没办法让我感动……Monica不能算是坏母亲了，在她的立场上。只能说人工智能/克隆这种事本身就有很多的道德困境。最打动我的反而是泰迪熊，以及两千年后先进的外星生物身上体现出来的“人文关怀”。他们如此在意David的快乐，想尽办法实现他的心愿,4,推荐,1305,0.999999999964624
2021-01-19 16:39:52,C.,在20年后才看到这个电影，并没有觉得多感动。一直都觉得David对Monica的爱只是因为Monica启动了这个程度，并不是David真的懂了人类的爱。能够追随两千年恰恰是因为他不是人类，只是机器，只要硬件没坏，就能永流传。人类的情感大多数稍纵即逝，并不可靠。他只会喊妈咪却不认Henry做父亲，不认Martin做哥哥，因为程序设定只有Monica是主人。他对熊仔也不时刻关心，没理过熊仔死活，他眼里只有主人，其实这些都恰好说明他也只是个机器。,3,还行,365,0.9999999999997522
2021-07-26 17:46:23,light7号,泰迪给自己缝伤口那儿，我真的哭了。大家都有人爱，或是能爱着别人，泰迪只有它自己,5,力荐,540,0.9859186003461482
