2006-03-23 10:06:17,kingfish,还是蛮感动的.有我喜欢的Julia Ormond,4,推荐,8,0.9661504970710784
2006-04-07 15:53:03,传说,"又名: 真爱一世情 / 燃情岁月 / 秋日传奇

导演: 爱德华 兹维克 (Edward Zwick)

上映年度: 1994
制片国家/地区: 美国
imdb链接: tt0110322

",4,推荐,0,0.9999896485024514
2006-06-15 18:51:11,veronique,"因为他的英俊,我原谅这电影里的一切",5,力荐,1618,0.799741647638016
2006-09-15 14:41:05,凉,"挑获奖片一般先挑导演再挑编剧和摄影奖，获演员奖的很少顾及。前日因为迷上皮特才看的这部却令我吃了一惊：Legends of the Fall。不喜欢那个平庸的中文译名：燃情岁月。
实在是一部唯美的影片，景色、音乐、角色每个元素都抒情悠扬，过目难忘。
苏珊娜的爱情历程几乎完全符合女性的情爱过程：初恋是纯真的，热恋是狂热的，婚姻是平静的，当然她在兄弟三人身上实践是极端了点。皮特归来的时候带着一批马群，缓缓出现，令我想起紫霞仙子说的：我爱的人是个盖世英雄，一定会踏着五彩祥云来。
查了一下，原来这部片也是获了摄影奖",5,力荐,2,1.0
2006-10-31 15:02:49,Lan~die,生命中的险恶没有什么恐怖，生命中的寂寥没有什么悲愤，生命中的放纵没有什么缺憾，生命中的痛苦与埋没无关，关键是：即使在始终无人注目的暗夜中，你可曾动情地燃烧，像那颗不肯安歇的灵魂一样，为了答谢这一段短暂的岁月？,5,力荐,2563,0.9999966409027404
2006-11-28 11:21:59,funny_vee,皮特就是这部最帅了吧,5,力荐,425,0.7578141091088829
2007-02-03 18:17:20,泠风,这部电影之后 皮特永远摆脱不了此类角色的定位 ,4,推荐,4,0.9991959178178216
2007-02-11 00:51:25,飞行,过了若干年看这个电影，已经可以从皮特酷得让人头晕目眩的眼神里读懂那种深深的自卑和孤独，如果他的爱人能够信任他一直到最后，他的故事就是happy end了，可惜，爱情总是经不起岁月的考验，所以仅仅有爱情是不够的，我们还需要信念，换句话说，心理素质决定一切,5,力荐,0,0.99999999937092
2007-02-16 02:08:46,大圣娶亲,再看时已经隔世，依稀记得那个被我称作传奇的男人推荐的这部电影。近乎十年过去了，物是人非，今天配在我身边的是泪流双行的老婆，和我们久久不能平复的心。,4,推荐,1,0.9992842833470816
2007-06-23 20:03:51,大力花,看完感觉很充实的一部片子,5,力荐,63,0.9876485528120396
2007-07-02 23:09:42,Lorenzo,又臭又长的电影,4,推荐,1070,0.363554521552753
2007-09-05 22:37:50,飘叶随风,事关一个男人从混沌中醒来，而他的混沌直接造成了一个女人的彻底悲剧。最小的弟弟最先死亡，却带给兄弟们一个甜美的女人。宿命轮回的意思吗？风光倒是真不错。,3,还行,0,0.9999997363663118
2007-11-27 16:55:26,亢龙无悔,优美动人的风光和音乐，技术化影片的代表，茱莉亚·奥蒙德很动人,5,力荐,0,0.9988845980650892
2007-12-02 21:19:26,德拉库拉拉,2007-12-2 21:17:52 9/6.9(27458) life should be wild,4,推荐,0,0.3964903656113859
2007-12-11 14:41:24,张春[阿卡纳],那么多人因为这一部爱上皮特，大赞纠结的爱情，真他妈恶心。,1,很差,60,0.9948140073966854
2007-12-22 14:58:25,沉歌,艾尔弗莱德最后在与熊的搏斗中死去，飘渺的记忆重新回到印地安人的帐篷里，跳跃的火光里，那个十二岁的男孩安静的听老人讲述古老的传奇，秋日绝色，倒影在他湛蓝的眼睛里。,5,力荐,96,0.9999944659525424
2008-02-08 00:39:53,tietatou-o,"相信内有一个人看它不爱这个男人,这个才叫男人.气势辉煌的阿.",5,力荐,0,0.9882986209376018
2008-03-10 14:42:43,hiphop,很狂野的片子 男人的荣誉 人生的追求 日久生情 家庭生活 元素相当丰富 Brad长头发的样子实在是性感……,4,推荐,0,0.9999828846520562
2008-03-19 00:24:06,九尾黑猫,不是特别喜欢，但是有霍普金斯……,4,推荐,18,0.6866705148290104
2008-03-30 14:35:58,眠去,传奇，不是每个人都可以拥有。,5,力荐,323,0.989676011483303
2008-04-20 11:53:49,战国客,就如影片的英文名字一样，这真的是一部传奇！就如急风在苍茫的草原上掠过，悲情而壮阔！（P.S:Aidan Quinn的眼神太深邃了，就彷佛里面藏着一个不为人知的世界)~~ ,5,力荐,11,0.9999998909712664
2008-04-26 05:55:38,再来一块烤白薯,电影本身和ＨＣ的尖叫同样令人很不舒服。,1,很差,70,0.9010821558455232
2008-04-28 15:11:31,宇宙,波澜壮阔的西部美景 令人无法拒绝的自由之彼特 我心狂野 不是人人都能够懂得,5,力荐,1032,0.8798265672621532
2008-05-29 17:15:55,薄荷茶不凉,Tristan非常让人着迷，他是一位真正的自然之子。,5,力荐,880,0.8843544859600126
2008-07-22 14:20:59,亚比煞,少数几部在我心目中可以称之为传奇的电影。,5,力荐,56,0.9938756557024154
2008-08-31 11:00:22,soleilvert,是深渊也是大海，谁能担当 ,5,力荐,178,0.850884222859208
2008-11-15 19:14:06,不流ᝰ,好莱坞大叙事到此为止了，一个男人的一生也到此为止了，爱和死这两个最纠缠的人类主题，也几乎到此为止了。,4,推荐,81,0.999892152248512
2008-11-23 02:24:52,光年‖影视歌三栖民工,我欣赏忠诚于内心，忠诚于野性的灵魂，因为他们坚持自我所付出的代价，我付不起,5,力荐,2187,0.9999965169127052
2008-11-27 00:46:28,路兮,豪情万丈：画面、音乐、情义。多少年后，我忘记了电影的细节，但每听到这曲子仍会热泪,5,力荐,0,0.9996916800061588
2008-12-10 15:10:43,孙智正,经典“乱伦片”？,1,很差,344,0.1644130074949461
2009-02-07 19:30:29,Mr.Mc,故事内容太过于庞大导致内容不是很连贯，许多地方连接不是很好让人感觉第一次看有点突兀。看在音乐的份上给个4星,4,推荐,0,0.0128883396295044
2009-02-17 12:01:08,菊菊,"更愿意将电影理解为：ALFRED的悲歌， ALFRED从头到尾都是个GIVER却不被理解，为什么当他像BRAD PITT那样去过自己想要的生活时却遭来异样眼光。。。
还有，我讨厌BRAD PITT,越来越了。",4,推荐,1,0.9972726816184914
2009-05-09 01:39:05,Milandini,Legends.of.the.Fall.1994.SUPERBiT.ULTiMATE.COLLECTiON.iNTERNAL.DVDRiP.X264-KiSS,3,还行,0,0.5
2009-05-27 04:17:12,DEW,95年的皮特真年轻。用不羁来形容Tristan不能再合适。Suzanah那女的太村。ost大气。电影不俗。,4,推荐,1,0.9997510907347544
2009-09-02 19:33:17,匹咔咘,"As evening fell, a maiden stood at the edge of a wood. In her hands lay the reins of a stallion. And never I'd seen a girl as fair, heard a gentler voice anywhere. Whispered, alas, She belonged, belonged to another, another, forever. Yes, she belonged to the twilight and mist.",5,力荐,1,0.0026523446919811
2009-09-10 02:00:06,莱尼圆,辽阔壮美的西部荒原，策马奔腾的金发少年，他的内心是如此狂野不羁，放逐自己流浪天涯，而爱她等他的女人却为他而死。布拉德皮特太适合这样的角色。错综复杂的兄弟情义也让观者动容。影片一开始就陈述了它的价值观，有些人能清楚地听见来自心灵的声音，并遵循内心的声音而活着，个人价值的实现高于一切，即使不符合世俗规矩，即使不得不自我牺牲。詹姆斯霍纳完美的主题配乐很大程度上弥补了故事的空洞，时而波澜壮阔时而忧伤婉转，洞箫的使用尤为一绝，一曲肝肠断，天涯何处觅知音。,5,力荐,21,0.9999999999999984
2009-11-27 15:15:18,噩梦枕头,"""Tristan is always been wired, you love him for that."" 有些人能清楚地听见自己内心的声音，并且遵循它而活。其中一些成了疯子，另一些成了传奇。",5,力荐,1,0.9752656038600624
2010-01-01 20:38:12,随心而行,"美丽的风光，充满坎坷的命运，让人眼眶湿润的亲情，让人不禁嘘唏的爱情。
十年了，終於在銀幕得以相見。愛情的熱烈，親情的厚重，在壯美的山水間，在悠揚的笛聲中講述。在別處生活的133分鐘。2020SIFF 大光明樓上0217",5,力荐,0,0.9999999987346836
2010-01-24 02:22:48,风中摇曳霸王花,一个传奇般的家庭，友情，爱情，亲情交汇，流出了一段不朽的喜怒哀乐，电影很棒，我喜欢这样美的让我心痛的画面,5,力荐,0,0.9999999997109996
2010-04-14 10:25:37,能嘛,她选择了死去，那样她就可以静静的呆在塞缪尔的身边，就像所有的事情都不曾发生过一样，就像他们从未回到过着这片美丽的牧场，从未有过这些秋日的传奇。——（我什么时候看的……完全不记得……）,4,推荐,6,0.9999953636178112
2010-04-17 00:11:40,你猜我是谁,野火荒原般的爱恨在饱胀着生命力的男人体内沸腾、此消彼长，他与自身、与周遭、与宇宙的沟通、和解、挣扎、彷徨生生不息，永远在前世与来世之间徘徊的灵魂，无所归依,5,力荐,0,0.9999999777017292
2010-05-06 00:27:48,豆友37382057,有些人能听见自己内心的声音并且遵循的活着，其中一些成了疯子，一些成了传奇。,5,力荐,1,0.9836110832409416
2010-05-15 00:51:06,闪闪,不想娶嫂子的小叔子，不是好主角~虽然看到看到开头猜到了事情大概走向，但没猜中结局。但不得不说，这是一部强大的美国史诗片。高帽子就不扣了，重要的是，我了解了一个时代的美国精神。中国导演们，有想法了没有？？,5,力荐,1,0.9999966087593796
2010-05-29 03:02:37,zidane2311,刚开始觉得太俗了。。。猜都猜的到肯定打仗弟弟死了，那女的就纠结在三个人中间。。像珍珠港一样。。。这种类型的太多。不喜欢苏珊，觉得她有点势利。。。额、、到后来貌似好看一点点了。但也不知道为什么有人还看哭了？？,3,还行,1,0.9390874297925812
2010-07-26 20:27:55,vivien,看了很激动很激情。。Brad Pitt 代表作。。燃情岁月。。悲情岁月。。,5,力荐,0,0.9999938749064188
2010-07-27 11:41:58,Ripple,我果然不夠文藝,3,还行,143,0.6742485971280089
2010-07-27 23:08:15,kyome,这颜色，这画面，这岁月，这情怀，这曾经，这男人，这爱情，好痛好痛,5,力荐,644,0.9997252763455609
2010-07-29 04:02:40,Q。,每个画面都是那么温情且壮阔，还有那刺痛到灵魂深处的音乐，众人到位的表演。故事虽然并不那么引人入胜，但要表达的思想却是很容易赢得共鸣的。燃情的岁月，一世的真情。★★★★★,5,力荐,853,0.9999999994371004
2010-09-06 12:46:20,牙齿冒汗,放荡不羁的传奇人生 血浓于水的手足情深 缠绵纠葛的爱恨情仇 算得上一个小家族的史诗了。 另外还有就是配乐悠扬清澈，也要赞一下,4,推荐,0,0.9999999990179116
2010-10-27 22:16:05,Siren,"这个片子哪里好看了 求解释。。
当年大学英语老师放过的两部片子之一 使我对她的品味产生了深深的怀疑 之后我视听课都打酱油
豆瓣分居然这么高。。老师我误会你了。。。
本来可能不打极端的分的 但是我当时真的觉着这片子真烂 现在暂时还不打算找来再看一遍 所以先一星打着 属于个人偏见",1,很差,3,0.9999865723038048
2010-11-04 13:37:33,么什叫定决能不,一个悲剧接着一个悲剧|没明白为什么当年老三弄个未婚妻回来不是为了结婚而是突然热血跑去打仗...而且打仗其实只最符合老大的立场，而Tristan也跟去就很莫名其妙了...| Susan爱的不是Tristan，她爱的只是Tristan唤起的她潜意识里的野性...|配乐撑起了整部片..,3,还行,2,0.999939649734848
2010-12-09 10:28:45,烟视媚行,爱情，兄弟情，父子情，战争。这片子里有太多打动人的东西了。那个时候的布拉特皮特像个英俊的流浪汉，恰好适合这个角色。,5,力荐,1,0.999998903416212
2011-02-01 16:51:30,LisaLeung,“有些人能清楚听见自己心灵的声音，并按这个声音生活，这样的人，不是疯了，就是成了传说。” ,5,力荐,955,0.9533943996251324
2011-02-05 00:22:58,magicdreamin,对于这样一部俗不可耐的电影我只想用一个俗套的词形容：又臭又长,1,很差,4,0.5165261418244416
2011-02-13 20:07:43,渡边,有些人能听到自己心的声音，并且遵循那声音而活，这样的人最终不是成了疯子，就成为了传奇。,5,力荐,10,0.9666958872218772
2011-02-15 04:41:53,IWhisper,也许自己也是个不守规矩的人，看起来更有感觉，更能体会其中父子，兄弟，情人之间的关系和感情。充满了“家族”的魅力。,5,力荐,0,0.9999994235716384
2011-02-24 10:03:28,乐安蓝,苏珊娜真是个克父克母克夫克所有人的扫帚星~自作孽不可活~还搅的人家兄弟反目，父子生隙~幸好最后自杀了~该现实的时候不现实~不该矫情的时候矫得厉害~这不是作是神马！还美其名曰“听从自己内心的声音”，不过就是自私又糊涂罢了~,2,较差,552,0.999958042695836
2011-03-26 21:25:45,D I D A,离完美还有那么一步，就是它还不够简练与锋芒，导演企图把整个世家与时代糅合进一卷胶片，却也被纷繁的感情乱了本该澎湃坚固阵脚，得不偿失，但或许这种无可避免的粗糙与与生俱来的野心足够令人慢慢品味。,4,推荐,261,0.9999999883086004
2011-04-12 13:22:03,lanca,又一部从五星到三星再回归五星的片儿，霍普金斯穿皮草很有范儿~OST不得不提，很经典~,4,推荐,0,0.9943069778364598
2011-04-21 20:02:14,朵拉和朵拉,A real man will not controlled by rules.,5,力荐,0,0.4963387768641035
2011-05-11 22:07:46,派翠克,"马克思的老师硬是花了四堂课的时间放给我们看,然后要求我们讲心得，但最后否定一切观点只信奉自己那所谓可以从片中了解到哲学的含义（凭据是片中那所谓心中的熊）但老师，我只看到这片有着很多90年代电影都有的弊端，多一星是给配乐的，而且我觉得配乐这么恢宏是想装历史厚重感吗？？",4,推荐,5,0.9999035280494551
2011-05-11 22:07:46,派翠克,"马克思的老师硬是花了四堂课的时间放给我们看,然后要求我们讲心得，但最后否定一切观点只信奉自己那所谓可以从片中了解到哲学的含义（凭据是片中那所谓心中的熊）但老师，我只看到这片有着很多90年代电影都有的弊端，多一星是给配乐的，而且我觉得配乐这么恢宏是想装历史厚重感吗？？",4,推荐,5,0.9999035280494551
2011-05-12 02:24:37,井戒,景色壮丽，配乐经典。或许和大地惊雷一样，是我理解不了的某种西部自然情怀。不是三兄弟和一个女人的情事，是每个人的悲剧和一个人的燃情岁月,4,推荐,1,0.9999997766892862
2011-06-14 23:15:01,十个斗的眼窝浅,人和神的规矩，都守，却依然得不到疼爱。只因你不是放浪不羁的男人。看着看着突然想起了婉君，也是三兄弟同时爱上这个女子。东西方的文化差异使影视桥段大相径庭，幸与不幸，一家之言，无非任谁也无法摆脱命运的折磨而已。,4,推荐,3,0.9999997257178816
2011-07-07 15:53:03,齊克斯尼力佐飛,十分细腻的情感，虽然情节比较狗血，但还是好几处被感动到。,4,推荐,3,0.9978168677904476
2011-07-07 15:53:03,齊克斯尼力佐飛,十分细腻的情感，虽然情节比较狗血，但还是好几处被感动到。,4,推荐,3,0.9978168677904476
2011-07-29 01:19:48,情绪精致的疯子,我们都会长大 然后遇见一些人 和一些人有牵绊 变得城府 然后 在尘世绕过一大圈燃尽所有热情后 才会归于平静 才愿意去宽恕获得宁静 此时 这样的平静不再是最初单纯明朗的快乐 而是耗尽一切后的悲伤与空虚........,5,力荐,1,0.9999999958601704
2011-08-19 17:41:39,孙道德,我天阿这个不像传说中那么文艺小清新阿，霍普金斯演得多棒阿好可爱的大爷！除了女主丑了点但是没关系阿她会穿阿！！！,5,力荐,0,0.9913143649002012
2011-09-07 20:33:14,有心打扰,上帝是不公平的，有些人天生流的血液就是与众不同，他们追求着野性、自由，他们不为俗世所困。布拉德和安东尼诠释了什么叫做影帝级别的演出，也诠释着什么叫做亲情，什么叫做真男人。最后片段，让我想起了《教父》。,4,推荐,44,0.9999999999068396
2011-09-20 12:50:39,岁云暮,"He was a rock, they broke themselves against, however much he tried to protect them.",3,还行,2,0.1608635764682775
2011-11-01 23:21:03,安安。,当她听到他将要与小伊结婚时那种心痛，小伊终于等到他，而她却放弃了。姑娘，这就是梦想的代价，只是你放弃了梦想就要远离梦想，选择他的哥哥，你会一生和在阴影与纠结中。电影音乐非常具有西部历史感，悲创，低呜，让人流泪。,5,力荐,3,0.9999999999791442
2011-11-11 01:45:01,Monden_Z,对布拉德皮特完全无感，三男争一女的俗套剧情。电影在很大程度上也不全是凭空而源于生活的基础，所以不是不存在，只是你未曾经历这种一生一世情。脑子里一直在晃《美国往事》,4,推荐,2,0.99998050329159
2011-11-20 09:32:59,卡卡鱼毛球一世,一定之前就听谁说过剧情。有时候不得不感叹着相信每个人都有自己的使命。有人以悲情守护者而生。大哥就是这般守护着爱人守护着规则默默付诸所有。老二是硬币的相反面。放荡不羁桀骜不驯可偏偏集得一身宠爱，唯独不受命运眷顾。要想当传奇，就必须与众不同吧。,4,推荐,0,0.999999999999996
2011-11-25 22:41:54,水红,有友至爱。看一半突发奇想，对于爱情，这活脱脱是西部版婉君，也是三兄弟的故事，江南版失之婉约，只能让我们猜想那个女人一定是仙女。而西部版，男人们如此的Man，怎么可能不爱？又怎能个个都爱，唉，一死以谢之,5,力荐,0,0.9999959464322814
2011-12-07 16:36:42,灿小烈,在宿舍和大ben一起看的，难得他看完也说好的电影，经典,5,力荐,0,0.9967687902133192
2011-12-10 10:10:32,妈渴-瞪啃,是什么可以历久弥新，是什么像秋日的羁绊永远萦绕在耳旁，我愿准备N个跌宕瓶去收集我不同颜色的眼泪。,5,力荐,0,0.8923087214340444
2011-12-15 18:39:50,多田,他有着一颗灰熊的心，坚硬时懂得沉睡，柔软时懂得流浪。在这漫长的流金岁月，在这广阔的浩瀚西部里，都有着这么一个醒目的传奇源远流传,4,推荐,0,0.9999997679812636
2011-12-22 16:12:20,子嫩1103,"亲所好，力为具，亲所恶，谨为去。
身有伤，贻亲忧，德有伤，贻亲羞。
亲爱我，孝何难，亲憎我，孝方贤。
亲有过，谏使更，怡吾色，柔吾声。",5,力荐,0,0.9999997320923018
2012-01-03 16:16:58,黄小爬,我怎么舍得让它在硬盘里躺了那么久不闻不问！美得不像话的西部草原，不曾停歇的优美配乐！各种戳泪点！生命有不同的可能，人更有不同的选择！一个人如果遵照他的内心去活着，他要么成为一个疯子，要么成为一个传奇！,5,力荐,0,0.9999983838873966
2012-01-19 13:28:37,西来,关于家庭的篇章，从相亲相爱到出现分歧，再到最终的重归于好，虽说没有激烈的冲突，但是少不了波折，另外，霍普金斯压得住场面，皮特的扮相很帅,4,推荐,0,0.903470442995959
2012-02-04 20:13:48,Comel,壮阔的画面，触动心灵的音乐，让人想起与狼共舞，但与之豪放粗犷相比，更多了点柔和与深刻。故事给人的感觉平平，而影片主要深刻指出还是在于主角的那一种独特的气质，桀骜的性格更衬托出大自然所赋予的生命力，但这也在种种社会活动（政府、战争）的冲击下变得支离破碎。可惜导演对故事的表现力度欠佳,3,还行,0,0.9999999999999784
2012-02-22 20:13:52,巴喆,无处不影射对当时南北战争的失望乃至痛恨，或多或少也表达出无政府主义的思想：宁愿无拘无束的与自然为生，自由如风般，即使在人生最孤寂悲哀的岁月里，也能够一如既往的燃烧壮丽的人生。这也是一部分人的向往。草原的画面辽阔壮美，音乐细腻优雅，非常美。8.4,4,推荐,368,0.9999999999999888
2012-03-21 20:28:55,易老邪,片子很一般，但摄影很好。3星半。,3,还行,17,0.9429523257741276
2012-04-29 12:56:56,荒也,和老三订婚，把第一次献给老二，然后和老大结婚。最后开枪自杀了。PS：不会说英文的印第安人却担当整个英语旁白。。。,3,还行,43,0.9727503918176122
2012-06-11 08:44:13,≧▽≦蚊米,老师讲到一段历史，就讲到这部电影，我也就找出这部在“想看”里躺很久的片。最初的美好都是为了给后来的惨烈作铺垫。又一次不愧是一个爸妈生的，哥三个都爱一女……,4,推荐,2,0.9999999954247284
2012-06-26 15:22:06,晚不安,"他有着飘逸的金发，像一匹桀骜不驯的野马。不肯臣服于美梦，不肯随波逐流，让这个世界自甘堕落。他释放了心中的灰熊声音，那就让他为这史诗画上句点。
这不仅是一部风景怡人、气质卓越的电影，它所探讨的放逐、孤独和遗忘几乎要凌驾于生命。
P.S.用烂了的电影配乐放到原作里依然魅力十足！",5,力荐,6,0.9999999999998994
2012-07-17 13:43:12,喻鸣,如果早几年看完这片子，我一定爱死皮特了。片中这样一个命犯天煞孤星的男子，有着俊美的容颜、狂放不羁的个性、矫捷的身手和无条件爱亲人的心，却注定在英年时代孑然一生。英雄死于床榻是一种屈辱，长眠于战场才不负于燃情岁月的荣耀。本片摄影和配乐很赞，演员也刻画深刻。,4,推荐,18,1.0
2012-07-25 15:48:03,Reynard,看得又亢奋了，存了这么久，终于看完了。布拉德皮特从那时到现在，演技保持的很好……,5,力荐,2,0.982316416804145
2012-08-01 10:49:18,拔刀诀,多年后重看。长发皮特刮了胡子就是一男神，引无数妇女竞折腰。苍天啊，大地啊，各种养眼……,5,力荐,5,0.9070795684420624
2012-08-11 11:22:59,skylog（武汉）,唯美的画面和唯美的配乐，布拉德皮特还处在最虎的年代，有多帅就不说了，反正能迷倒一大片人。这电影又叫《秋日传奇》，反正都是比较有文艺范的，父子情、兄弟情、爱情都在这部电影里面淋淋尽致的表现出来，诸多的感情纠结在一块，只有枪响的一刻才明白最终的选择！,5,力荐,0,0.999999967100398
2012-08-18 00:58:59,方方土君,看到第一部皮特的片子，当时就想我操这种男人的存在让我们剩下的男人怎么活啊！,5,力荐,101,0.9462975338502684
2012-08-18 08:21:30,Grace,1 有生之年一定要看皮特一眼 2 自由的人 你都不忍心去束缚他 把他当做另一个自己好了 你的肉体就继续禁锢吧 3 做一个小伊莉莎白 日日期盼 4 一年前听豆瓣时就受到这背景音乐的熏陶了 看电影的时候 再熟悉不过,5,力荐,2,0.9999942317478084
2012-09-15 15:28:33,madaoooo,如果真的是只听从灵魂的野性汉子，是不应该被家庭女人这种东西束缚的，两个女人的死虽然增加了皮特的悲剧色彩，但从另一方面也使他和艾佛瑞得到了解放。另外长发的皮特太你妈帅了！,4,推荐,3,0.9999933999731548
2012-09-22 22:53:32,知道不知道,有些人能清楚听见自己心灵的声音，并按这个声音生活，这样的人，不是疯了，就是成了传说。凡他所爱的人必都离他而去，凡所爱他的人必都受尽伤害，这样的故事注定让人心碎。 ,5,力荐,0,0.999990864116238
2012-10-09 10:22:43,Panda的影音,传奇，不是每个人都可以拥有。→ 观影后我想说：这样的传奇我也不想要。—— 我不喜欢崔斯坦的不负责任，他选择和苏珊娜在一起却突然不吭一声地离去，这样于她、抑或他的父亲、他的兄弟，都有些无情，亏她依旧对他痴情，可这样的爱对她造成多大的痛苦啊！—— 另外，挺不满本片中好些伤害动物的情节。,2,较差,43,0.9999999933639664
2012-10-27 18:59:38,卢子鱼酱,"Some people hear their own inner voices with great clearness, and they live by what they hear. Such people become carzy, or they become legends",5,力荐,1,0.0950122557403719
2012-11-19 22:14:08,迷你驴,没有很华丽的大场面，没有很多对白，情节、音乐、眼神穿插非常好，看的心里讲不出的感慨。这颜色，这画面，这岁月，这情怀，这曾经，这男人，这爱情。。。。,5,力荐,0,0.9999968009482136
2012-11-21 02:26:47,心生,就这么几个人，连场景都能数过来，但是却奉献出一个感人十足的壮怀史诗。是那个时代的悲壮，赋予这群被命运捉弄的人们以至美的灵魂。那片美得让人窒息的草原，马群，回忆，与回忆！我真的发现，我最受不了的是电影里的音乐，一旦这片子的音乐一响，我整个人都在坠落，坠入无尽，坠入永久的回忆。,5,力荐,85,0.9999999999999838
2012-11-25 00:12:41,φ,好电影，飚的就是演技、画面、节奏、配乐，故事简单可预测：折腾、悲怆的人生成就不二的传说，不落俗套的好结尾（真是个“熊孩子”）。无论是否平凡的人生，逃不过的人性光辉才是最后的救赎。,5,力荐,3,0.9999999998636856
2012-12-06 23:30:49,名残り,"现在想来，全剧三处快要落泪的地方，竟都是为了Alfred。其一是那句“I loved her,I love her still.”再是“l foIlowed all the rules,Man's and God's.And you...You followed none,and they all loved you more ”三是他举起枪的那一刻。",4,推荐,88,0.7346429746161868
2013-01-09 16:15:39,老泰瑞,守护亲情爱情与家园的故事，大气磅礴，在那熟悉的旋律中感动。,5,力荐,0,0.9999996258810026
2013-01-15 10:10:38,Aubrey,夫人之相与;俯仰一世;或取诸怀抱;悟言一室之内;或因寄所托;放浪形骸之外,4,推荐,24,0.7952962535016291
2013-02-11 00:01:08,超cute侠,崔斯坦一直都在聆听自己心灵的声音，当这个声音变得野性时，他就会背起行囊远离亲人，为的只是让大家少受伤，可当他回家看见父亲苍老的模样时，他也会流出悔恨的泪水。或许他并不属于父亲一人，他就像个自然之子，汲取他人的营养，流露最真的本色。,4,推荐,224,0.9999998653988807
2013-03-05 18:43:30,Candice,不好意思给两星 剧情从开头就猜中了结尾 但是比我想象中更狗血。。电影拍的很无聊 欣赏无能 唯一的亮点是配乐 剧情片真的很难出彩 故事很重要 拍摄手法更重要,3,还行,1,0.9999909528775884
2013-04-08 13:09:01,瑶瑶,情节曲折、那个时代的电影，气概不失磅礴。小皮真帅，安东尼更是老戏骨，其他演员也都不错。不是很喜欢4p的故事。https://movie.douban.com/review/5837673/,5,力荐,0,0.9999994929397812
2013-07-20 23:17:14,小然看云歌,很棒的 文艺的西部片 果然在那种饥渴到人兽的地方 女人就是祸水 有的梗莫名其妙 配曲和风景很赞 为毛皮特儿老是喜欢留长发？明明他留长发那么丑,5,力荐,0,0.788764920495026
2013-08-12 20:06:15,Riobluemoon,7分。很有史诗片的潜质，但在细节处理上有不少问题。三兄弟爱上一个女人的故事有些太过奇情了，不过你硬说因为这三个大男人就没看到过多少女的，也勉强能接受。但能不能找个别这么花痴的女猪啊？同时和三个兄弟的勾搭在一起，这种事情就算放电影里都太夸张了点。好在音乐不错，还能看看～～,3,还行,5,0.7980917572347572
2013-08-21 22:50:12,西楼尘,一曲史诗般的著作，音乐在片中经典，故事永垂不朽。,5,力荐,9,0.9972971532061756
2013-08-29 12:47:15,虹口一条龙,燃情岁月，片名翻译的真好。好久好久好久没看到那么血脉贲张的电影了。一边看一边想到留在美国西部牧场工作的Jenny，别回来，在那认真活出自己呀。短评根本概括不了现在满脑子的冲动和感动。想说的都写在文章里了。,5,力荐,0,0.9965366640514872
2013-11-02 16:51:41,Paradox,中间有一大段的流水账，幸好前后两段撑住了场。配乐实在太煽情了，尤其到本身就动人的地方，音乐一响，所有情节上的不足都被弥补了。一战到禁酒时期的这段历史是美国电影经常拍的，然而将视野放在西部草原之上却很少。岁月最让人恨的是夺走我们心爱之人，泪水在不经意间到来，面对这一切需要极大的勇气,4,推荐,1,0.9999999999978342
2013-12-29 16:57:48,carina,编剧或者导演很有可能是毛姆的书迷，最喜欢的可能是《月亮与六便士》和《刀锋》；DI(DC?) Gregson帅过Brad Pitt，最后出手干净利落，衣服一尘不染；女主角是被自己作死的，成功诠释“小作怡情，大作伤身，狂作致死”的精神；最幸福的是Isabel II，长大嫁给从小想嫁的人，并在年轻时候死去,3,还行,76,0.999999999983842
2014-01-08 18:20:32,xīn,多功能报告厅2014.1.8.1pm 父之名父之法、象征秩序下最感人的兄弟重新和解，女人扰动了他们、却只不过是为了印证他们仍然坚如磐石。最后的向熊赴死挺好。音乐甚好。,3,还行,3,0.9999979488305446
2014-01-28 02:43:12,Icilian,原声碟听了好几年了才来看电影，过程中还是被音乐震撼到。“一刀”叙说故事的淡淡口吻中和了史诗的浓烈澎湃，一个男人、三个兄弟、一个家族、一座小木屋、一个时代。最后Tristan对应开头的结尾，恰如品完一瓶时辰正好的红酒。三兄弟的不同性格让他们做出了不一样的选择，人生一如往常地充满无奈和变数,5,力荐,0,0.9999999999978536
2014-03-14 23:13:46,蒜 | BOY A 🌈,这部电影十年来至少看了有八次，每次看都有不一样的感悟，仿佛就是在见证着自己的成长。关于一个男人的一生，他生命中的亲情与爱情，家国情怀与自我觉醒，悲情和感动在奥斯卡摄影奖镜头下愈演愈烈，在霍纳的配乐中醉生梦死。2003.8.25 vcd 奉home 2004.6.11 vcd35% 307 2005.3.28 DVD学校放映室,5,力荐,34,0.9999999999997626
2014-03-15 21:58:49,seabisuit,没想到这么跌（gou）宕（xue）的故事也能拍得这么美，老早就收过原声CD，还有好多可以当Windows桌面的画面，第一次看就在大银幕加分了，演绎了各种爱情方式，虽然有些纠结，但不就是这样子的吗。20周年了，那些经典的94力作可以翻出来再重看了，希望资料馆可以拿出一个月专门展映一下啊。,4,推荐,9,0.9617889193124238
2014-03-16 11:13:48,嘟嘟熊之父,一切相逢都是因缘际会，一切分离都是命运使然。再大的恩怨，若经过时间的蹂躏，也都会烟消云散。,5,力荐,10,0.997707399582516
2014-03-19 23:45:18,青山眉黛,"#观影手记# 1555 3.5 
和老三订婚,爱上老二,嫁给大哥,这女子是有多想得到这家的姓氏啊哈哈。
反战当然支持,反政府的部分就实在是莫名其妙了，自诩支持无政府主义的我其实还挺看不下去的...,老婆的死确实是场意外啊,迁怒于政府人员大开杀戒,过分了。
从大哥的角度看,压抑着对未来三弟媳妇的爱意,却撞见二弟和她不清不楚的,再加上小弟的死,对老二有意见有猜忌,也还挺合理啊，哎呀,我是不是被老大的颜值迷惑了啊哈哈。
和二儿子观念相仿,所以更喜欢他,能理解，不明白的是对大儿子那么凶巴巴,但和更认同社会生活甚至抛夫弃子的老婆关系还挺好,这是怎样的爱情啊~。
印象中都是霍普金斯中风后遗症的脸,再看倒觉得表演痕迹有点重,只能说此后的岁月里老爷子的演技更精进了！",3,还行,2,0.9999844526696634
2014-07-27 20:23:05,bird,人生这出戏就该浓笔重写。,5,力荐,5,0.8304385591059569
2014-08-02 14:47:39,Parachute.cpp,价值观严重有问题，这部片子里的一切我全都无法赞同。中二少年始终在鬼作，这些毫无责任心和基本是非的行为都蠢透了，最蠢的是明明毫无内涵一错到底却还要装高尚伟人。,1,很差,43,0.8190513662591231
2015-03-03 22:35:11,啊？,原来……是如此狗血的一个片子……很有诚意的狗血片。 安东尼老爷子是神人！！！神人！！！【PS这片子如果放在现在估计会有一大堆萌上兄弟的→_→,4,推荐,2,0.9710132273145242
2015-04-12 22:46:39,喜喜,本来吧这故事的主旨它应该是个香港狗血剧的水平，但是加入了美国西部、战争、印第安、禁酒这些元素，档次马上提高，又加上节奏故事把握的好，最重要的人选的对，wild的迷住所有女人的主角，隔谁都觉得这剧情太合理了！,5,力荐,9,0.9999996171346852
2015-07-11 13:11:57,esp吃梦香菇,这些人做事简直都不需要什么理由，直接靠硬编、音乐和极端镜头煽情的说。以一个好似认同印第安文化的男主外壳去包裹对异族的猎奇，跟泰坦尼克号用几千万去打造一个爱情面前金钱是屁一样bullshit。皮特演野兽也演得太多了。,2,较差,27,0.636708869407505
2015-07-11 18:58:44,SaturnianAir,这些人压根没把自己的命当人命来活，他们活的是莽莽草原茫茫大海，活的是如血秋日和从心所欲的野性，遵守的也是血浓于水、成王败寇的丛林法则。社会意义上的人伦法律道德对这种极端到危险的浪漫主义是失效的。我不喜欢这个片子的价值观，然而也无法否认心底对这种生存方式的无限神往。,5,力荐,975,0.9999999999946084
2015-07-11 22:06:06,穿山,#资料馆#虽狗血但震撼的史诗片：三龙一凤、父权兄责、一战、印第安、禁酒令；狂野皮特自我放逐，牧场风光壮阔优美，詹姆斯•霍纳配乐经典；“她就像石头中结冰的水，水和她都没错，石头却碎了”“我遵守神和人的规矩，而你狂放不羁，大家却爱你甚于我”“爱他的人全都英年早逝”；死于熊口命运呼应。,5,力荐,3,0.9982625648325524
2015-07-12 09:10:51,汪金卫,【中国电影资料馆展映】第一遍看就在大银幕上，真好啊。震撼人心的配乐，壮丽广袤的草原，再加上颜值处于巅峰状态的布拉德皮特，实在是无法不让人激动。看到片尾的父亲与老大手握猎枪，和崔斯汀站在一起的时候，真是感动到落泪。这是一部属于性情中人的电影。不过，女性角色都是悲剧。让人叹惋。,5,力荐,18,0.9999999999822298
2015-08-09 00:49:46,明月清风我,崔斯汀的一生就像熊熊燃烧的烈火，有着生生不息的希望和永不褪色热情。面对爱情他冲动而坦荡，面对离别他一往无前，面对未知他雄心勃勃，面对仇人他毫不留情，面对命运他奋力抗争，面对死亡他死得其所,5,力荐,29,0.9999999999991092
2015-10-07 23:53:29,蜉蝣,结构和节奏烂得匪夷所思，情感没有得到精准处理，全篇都在被错位的拼命煽动。,3,还行,34,0.9892769715676184
2015-12-27 23:50:40,La Bayadère,印第安文化让我着迷，外加对自然和人性的尊重写得很好，可是感情线毫无逻辑且狗血，让我很无奈。,3,还行,4,0.9990141499128352
2016-01-27 21:53:49,会笑的昨天,精心打造的乐曲声中，主要人物的旁白缓缓推动着情节，加上摄影师天马行空般的手法以及布拉德·皮特商标般的不羁眼神，整部片于像极了一部优美的抒情散文。,4,推荐,4,0.999996444335416
2016-03-03 17:31:39,冰红深蓝,"一段荡气回肠的传奇，一曲宿命的悲歌。“我遵守所有的规矩,神和人的规矩,而你并没守任何规矩,他们爱你甚于爱我。”狂野不羁的崔斯汀,活在边缘之地永不安歇的灵魂,等不到永远的苏珊,勤恳温良的Alfred,老而弥坚的父亲,个个鲜明生动,James Horner配乐和John Toll的摄影绝美。陷入铁丝网的小牛。（8.5/10）",4,推荐,38,0.9999999999451252
2016-06-04 21:41:08,虾米,看第一遍时我才十几岁，如今一晃二十年过去了。音乐依然荡气回肠，但心境已不复当年。可能在今天的我看来，会觉得这么好的音乐、摄影和演员，竟用来拍了个稍显平庸的故事吧。,3,还行,279,0.9999997280698548
2017-05-29 18:54:06,杨大志°,每个画面都那么温情而壮阔，诸多种情感交织在一起，剧情很棒,4,推荐,2,0.9999479108128188
2017-05-29 18:54:06,杨大志°,每个画面都那么温情而壮阔，诸多种情感交织在一起，剧情很棒,4,推荐,2,0.9999479108128188
2017-06-21 18:48:55,腐花儿,家里有未婚妻三弟说送死就送死不带含糊的，三兄弟一个女人好似世界上没别的女人了，伊莎贝尔坐着也中枪，最后中风爸爸一脸屌样干掉了公务员。,3,还行,27,0.6228431562668258
2017-08-25 15:25:30,瑞波恩,野蛮的生长，就像秋天黄叶飘零，爱死去，情人离开，可是我依然守望着祖辈的土地。,5,力荐,4,0.999435682568457
2017-11-12 07:32:18,王绛绿,一点都不煽情，我只是自己好哭。从三兄弟离家开始就一直哭啊哭的。相比万人迷彼特而言，我更爱那个骄傲的一直昂着头颅的上校老头儿。 ,4,推荐,150,0.9990954588148148
2017-12-02 19:53:34,嘟哔嘟哔,伟大的电影之所以伟大，在于多角度的诠释都很到位，“自由”、“亲情”、“爱情”、“人性”、“信念”，每个概念放到影评里都能写出一篇文章。大哥最后那一枪，化解了所有恩怨，男人的情义不需要语言，释然的情绪放在广阔的美国大地背景上更显得恢弘感人。最后尘归尘土归土，有几分金庸的武侠色彩。,5,力荐,10,1.0
2018-03-06 08:12:10,俾路支,真是无比狗血的剧情，妻离子散，荒蛮大地，战争与反抗，家破人亡，疑似乱伦，一个女人与三对兄弟的纠葛，几乎算是从大到小嫁了个遍，还必须有一个复杂的大背景，一战到30年代禁酒令，还要拉扯上种族矛盾，自杀、被杀、误杀、杀人，乃至杀熊，到被熊杀，想起小李子还能在熊掌下捡回一条命,4,推荐,1,0.9953502594368429
2019-03-29 09:57:56,赱馬觀♣,影片前一个小时的情绪太满。主题音乐使劲在向观众表白，快看！这是史诗！这是史诗！“十八世纪古典主义那种玩意儿带着电影跑，根本不是为电影服务”（大卫芬奇），而剧情和角色根本撑不起这些没完没了的恼人音符，家族内部缺少冲突因子，人物单纯崇高得都像活在童话中，苏珊娜初来乍到所引动的潜在矛盾还没看到半点苗头，就被一战入伍兄弟情深的另波更大的燃浪所浇灭。也正因为前面燃情燃得太满太单调，导致后半程几次悲剧跌宕也换不来应有的共情……看来战火纷飞/庄园烈爱之类故事都只能遥望乱世佳人的绝尘背影。,2,较差,29,0.9999999999999992
2019-09-28 16:48:33,南悠一,补标，我竟然没有标。真是华丽其外，烂絮其里。,1,很差,5,0.0060277713289682
2019-10-27 15:07:41,七月在野歪,"看到结局突然get到这部电影的魅力了，一个遵循着自己内心的声音活着的男人，秉承自己的“价值观”，直到生命的最后一刻，活成了传奇。这不是普世的价值观，甚至有些背道而驰，但足够张扬、足够自由。尽管如此，前半部分狗血爱情片《三兄弟都爱我》还是让我有些不适…
ps：配乐太赞了，史诗感。
pps：必须要吐槽一下豆瓣的“剧情介绍”，不仅剧透了百分之九十的内容，还乱写…醉了。",4,推荐,3,0.9999999999999744
2019-11-01 20:37:13,Clemence,将近零分。乱七八糟 狗血做作 前后矛盾 毫无逻辑 狗屁不通 不明所以 就是烂片。战争那段超级假超级荒谬全程闹着玩儿。男主人品够差，女主人品也差，大哥和弟弟还可以。女主哪怕她是天仙美女这个故事成立的可能性也基本没有。何况比较丑，对演员无恶意，但就是丑。最小的弟弟先有未婚妻，怎么来的。和三兄弟都能扯上，这是什么垃圾情节。他们父亲最初反对大哥到底是什么原因，什么跟什么啊。由字脸布拉德皮特演技很差，确定。这片没有什么爱情。女主奇奇怪怪就自杀了，关于他们妈的情节同是莫名其妙。死的很傻。刚看完荒野猎人李奥纳多被黑熊折磨惨，又见黑熊,1,很差,11,0.2626690811966637
2019-11-01 20:37:13,Clemence,将近零分。乱七八糟 狗血做作 前后矛盾 毫无逻辑 狗屁不通 不明所以 就是烂片。战争那段超级假超级荒谬全程闹着玩儿。男主人品够差，女主人品也差，大哥和弟弟还可以。女主哪怕她是天仙美女这个故事成立的可能性也基本没有。何况比较丑，对演员无恶意，但就是丑。最小的弟弟先有未婚妻，怎么来的。和三兄弟都能扯上，这是什么垃圾情节。他们父亲最初反对大哥到底是什么原因，什么跟什么啊。由字脸布拉德皮特演技很差，确定。这片没有什么爱情。女主奇奇怪怪就自杀了，关于他们妈的情节同是莫名其妙。死的很傻。刚看完荒野猎人李奥纳多被黑熊折磨惨，又见黑熊,1,很差,11,0.2626690811966637
2020-02-28 00:58:11,曼靑,电影是真的好看，布拉德•皮特也是真的帅。最后，兄弟俩在他们心爱的女人的墓前终于和解，哥哥失落却释然的说道：「我遵守所有的规矩，所有神和人的规矩。而你，一样规矩都没守。但是所有人却都爱你甚过爱我，Samuel、爸爸、甚至是我的妻子。」记得有一次男人们去狩猎，印第安长老说 当人和野兽互相使对方流血，他们便合为一体了——所以，那个内心有熊的声音的男人，最终死于熊掌之下，死得其所。Susanna 和三兄弟的关系，就像大多数女孩一生当中会遇到的三种男人。你可能先会在少女的情窦初开时期遇到一个给你最清澈的感情、想和你厮守一生的男生，像温文尔雅的三弟。然后你也可能会遇到像二哥那样给你最炙热、野马般爱情的男生，可惜你的家里没有草原。最后你可能嫁给了不是你最爱、但却最爱你的男生，像骑士一样守护你的大哥。,4,推荐,607,1.0
2020-04-17 20:15:32,连城易脆,我也承认詹姆斯霍纳写的这首《The Ludlows》非常好听，要是没有这个配乐，电影直接掉一个档次，于是导演真的就全片铺满啊，听了怎么也得有几十遍了，真的太满了，电影一开始就直接来，过于刻意了。在神片扎堆的94年，坦率讲本片就显得有些逊色了。美国人似乎也特别喜欢拍这种在大时代背景下一整个家族几十年的荣辱兴衰史。有印第安屠杀、有一战还有禁酒令等等，这类不是冠以【往事】就是冠以【传奇】，确实能打动一批人，不过看多了以后也有点乏，而且总觉得这些人挺作的，你看二弟，好好的日子不过，居然出去当海贼王去了，啊哈哈。安东尼霍普金斯演技永远在线，看着就特别带劲儿，而26年前的皮特嫩得都掐的出水儿来，最后非要被安排死在熊的手里，强行传奇结尾啊...,3,还行,128,0.9999999999997464
2020-05-09 22:09:55,戎夷先生,往小了说，这是关于人该如何度过自己的一生，既然已经听到了自己内心的声音，就无法再违背，哪怕似乎因此而给周边人带来了灾难，命犯天煞。往大了说，本片宏大又正统的叙事使其有了一种美国史诗的气质，背后有种回溯美国精神来源，探讨美国核心价值观是怎么回事的意思。看的时候我老是想起《额尔古纳河右岸》这本书。影片似乎最终采取了一种调和的态度，老二当然是狂野随性的，但不代表未来，他只能继续边缘生活着。而老大既是典型的美国精英，又没忘记自己是从何而来，他才能代表和引领这个国家的未来。后者是最好的安排，但不够精彩，前者是传奇，但也只能无声的陨落。燃情岁月之后，是平庸而安宁的时代。这个时代的人们，总爱回望那段充满传奇色彩的历史，听老人讲那过去的故事。PS:英文原名的这个一语双关很有趣。,4,推荐,2,1.0
2020-05-14 16:45:29,金玉其中,三个败笔，一是塞缪尔那么想去打仗，没有铺垫；二是苏珊为什么非要周旋在三人之间，没有道理；三是警察为什么要放一通乱枪，没有可能。,5,力荐,12,0.8586741379044355
2020-08-01 05:30:21,影志,“当人和动物互相让彼此流血，他们就合为一体了” 天苍苍、野茫茫，皮特就是狮子王。来无影、去无踪，此生迷恋大灰熊。遭三兄弟轮爱的苏珊娜，又何必许下山无棱天地合才敢与君绝的诺言。“永远实在是太久了” 反而是自始至终的伊莎贝尔，忠于爱、死于爱。傻而天真的塞缪尔，也完成了自我轮回。规则全然遵守却处处可怜的阿尔弗雷德，一枪泯恩仇，为爱痴狂又何错之有？直到中风的父亲写下：AM HAPPY，暮然回首，这一切还值得。永恒的秋日传奇，重温如新看，愈久弥香。,5,力荐,76,0.999999999999602
2020-08-07 00:27:56,初音求道大帝,"7.9分，看这部电影，立刻想起了《珍珠港》。都以战争片之名，多行爱情片之事。配乐史诗，故事拉胯。
不明白这部电影到底想讲什么。亲情？爱情？战争的苦难？人性的不屈？什么都想讲一点，但133分钟的量，还是装不下。贪多嚼不烂。
电影名叫《燃情岁月》，大概是想回忆那段回不去的时光吧。但那个时代的文俗特点你表现了多少？《乱世佳人》是三角恋，但背景都辅垫好了。《燃情岁月》重点放在多角恋情上太多了！那个年代的人都是这样过日子吗？既然敢叫《燃情岁月》，这种剧情又有何历史的代表性？
比《珍珠港》还是强一点的。",3,还行,4,1.0
2020-08-13 12:19:47,U 兔,现在才看懂，特别好莱坞特别大片，色彩好极了，实在太会运用镜头语言把一个人拍得相当相当好看，每根头发丝都发光，这绝对是一种功力，现在都不讲究这个了。时间跨度很大，剧情很多，叙事却相当清晰，情感线也很流畅，把每个段落交代得很饱满整体又很统一，真是非常成熟的技术才能造就的。一家人一起复仇，真是太浪漫了，那一段的交叉剪辑也非常好，一直哄气氛，一直往上往上，到达顶点突然爆发的感觉，真是太爽了，是一种old school的爽感！皮特太帅了，小时候不懂得欣赏他，现在看超性感的，有种动物气，和这种人做哥们儿真是酷啊（然后老婆被他抢光）。影片有大气象的，不要用现在的道德观念来评判一百年前的故事，就像那些一直留在老房子的家人那样，从容地相信命运就是了。20080826说：第一次完整的看是在家边吃饭边看，貌似高中刚从学校回来吧。,5,力荐,20,1.0
2020-09-04 09:53:18,451½°F™,以人与自然/时间的融合，以及个体与时代的长河史入手，不过如今看来反而刻意感十足且有一种电影美学上的「油腻感」。,3,还行,1,0.9999999991645704
2020-10-11 17:39:51,kakakarl,一直在用一些波澜壮阔的音乐进行渲染，就像是非要把美国浅薄的历史和年代拉扯成史诗一样，其实没有那么有内容和深度。,3,还行,16,0.9250091436109058
2020-11-22 16:18:43,文西,现在看起来真是太过时了，一边欣赏美景美人，一边感叹90年代的浪漫主义电影就是瞎编，动不动就是音乐拉情绪。,4,推荐,1,0.9991340791399556
2021-01-02 18:34:17,李萌lena,"二十年来，无论多少次都一如既往沉浸于它，波澜壮阔又温情如水，音乐敲击灵魂。
三名男主演精彩演出，布拉德皮特的不羁、艾丹奎因的复杂、霍普金斯的老辣。

一家人相聚时的钢琴独唱、布拉德皮特的纵马归家、最后父亲与长子的先后扬枪。追随自己心中的灰熊咆哮，追随自己心中的爱。

危险的事固然美丽，
不如看他骑马回来，
面颊温暖。",5,力荐,6,0.9999999996168036
2021-03-02 02:05:20,沈烟,这部电影让我想起《乱世佳人》和《甜蜜蜜》。看《甜蜜蜜》的时候我在想，爱情当然会降临在不完美的人身上，还叫人无力抵抗。这种不完美不仅是指外在条件上的不完美，当然也包括私德上的瑕疵。这部电影也一样，每个角色都有自己的问题，或狭隘自私或不切实际或不负责任，但这都不是不允许他们拥有爱情的理由。会心动会移情才是人类正常的情感——即使有些行为我未必认同，但我觉得有这样的念头才是本能的、普遍的。且讲述一个故事也未必是在称颂一切，而只是在陈述这样的事实，事实本身就存在被多元解读的价值。在这个意义上我喜欢这部电影。并非完全喜欢某一个角色，而是喜欢这部电影。无数的人想要终结西部片，然而没有人真的成功过，被终结的只是生活在西部的人，这些人很可能是疯子，但他们背后的西部精神早已成为传奇。,4,推荐,2,1.0
2021-05-01 21:14:32,胖丁桃,反战反政府，对自然、土地、自由的热爱与追求，由家族折射出时代，配乐、摄影和调度太棒了，营造出一流的氛围感，情感谷到顶，浪漫至死。Tristan的迷人在于他身上的矛盾，野性而无拘束，却又脆弱易感，对家人对情人深情不渝，却又无法言说且随时转身就走。Pitt彼时一头金发灿烂如艳阳鎏金，可惜演技差强人意。,4,推荐,3,0.9999999999999064
2021-05-01 21:14:32,胖丁桃,反战反政府，对自然、土地、自由的热爱与追求，由家族折射出时代，配乐、摄影和调度太棒了，营造出一流的氛围感，情感谷到顶，浪漫至死。Tristan的迷人在于他身上的矛盾，野性而无拘束，却又脆弱易感，对家人对情人深情不渝，却又无法言说且随时转身就走。Pitt彼时一头金发灿烂如艳阳鎏金，可惜演技差强人意。,4,推荐,3,0.9999999999999064
2021-06-20 15:23:03,中国飞人飞人,像天空一样洁净。像海洋一样雄壮。像荒野一样悲怆。像诗一样浪漫。像歌一样动听。,5,力荐,6,0.9999714651187692
2021-07-04 17:57:02,漫漫云端,"整部电影只喜欢小伊莎贝尔
全片思想最单纯的孩子吧
可能也因为只有20岁 不经世事的年纪
对爱情是从小到大从一而终的纯粹忠贞
她被流弹打死那里我魂穿男主😭
全片最舒适的部分
🔸男主和小伊莎贝尔在一起后的画面
🔸男主和岳父给伊莎贝尔报仇
大哥的忠厚老实我反正没看出来
但他对女主确实是真爱
兄弟情父子情在关键时刻还是不会掉链子
二哥走不出内疚还要去回应女主的爱🥴
自我放逐几年后终于也成长了
我真的非常讨厌女主
她不爱大哥还要嫁给他
明明知道是修罗场 非得在这三兄弟之间周旋
那么缺男人吗 那么需要图个男人依靠吗？",3,还行,6,0.9999999981739623
2021-07-05 23:59:35,小植野,纵情一生，岁月史诗。有时候人的一生就是一段悲剧,3,还行,1,0.9995321526017632
2021-07-09 02:11:58,🌂,以我的观点无法理解男主人格魅力。说爱女主，睡了之后甩了人家去游历世界。回家后和年轻小妹妹结婚了。老婆死了后，竟然把孩子都托付给亲人抚养，自己又去寻找自我了。/不要靠近男人，会变得不幸哈。两个女人都一直在等待，不喜欢这部家族爱恨情仇电影，无聊，全都死光了，结尾父子兄弟相拥喜极而泣？,1,很差,29,0.9999999999870726
2021-07-15 00:32:36,划船出海,7  假装史诗的音乐听得够够的。姑娘像个物件似的在三兄弟之间纠结？非要跟贫瘠的美国史挂钩和象征就很烦。,3,还行,11,0.9679864136254512
2021-07-18 00:05:46,云间漫步,崔斯汀是西部草原那头彪悍又自由的灰熊，忠于内心是他的选择，爱上不羁的他，注定要承受磨难; 没有在对的时间遇到真命天子，又对爱难以放下，苏珊终情深不寿; 伊莎贝尔等到了自己的爱情，仍难逃种族歧视和法律的不公; 艾尔弗莱德最后一枪让人欣慰又心疼，得到爱最少，却最终选择守护家人; 小儿子山缪尔得到所有人疼爱，偏偏天真地相信政客的蛊惑，在一场与己无关的战争中丢掉自己的性命，开启了家族命运之轮，父亲有睿智彪悍的一面，也有偏心，迁怒无辜长子的一面...命运，谁能预测? 宿命，谁能逃掉? 1994年的作品穿越了时光，6星,5,力荐,7,1.0
2021-08-23 09:29:38,石头,"近期最烂，使人无语的影片。最大的问题在编剧身上，情节设置与剧情走向常使人不懂编剧的动机究竟是什么。为什么生活在西部的美国兄弟要一起前往一战战场前线做志愿军？为什么苏珊要先后委身于三兄弟，难道这世界没有其他男人了吗？为什么Tristan在经历弟弟死去之后还能如此迅速地和弟弟的未婚妻在一起？(剧情引人抓狂地问十万个为什么)。同时，人物形象完全无法使人共情，不符合常理到极致，精虫上脑的大哥、偏执暴力的二哥、天真到愚蠢的三弟、偏心的父亲、绿茶的苏珊、巫化与神秘化的一把刀、工具人一般的印第安人，完全无法明白编剧的情感倾向与意义表达，对人生故事传奇化的处理完全沦为商业逐利行为下的媚俗煽情，悲剧性命运的逐一上演是为了矫揉造作的嗟叹和无病呻吟，如此失败的讲述究竟是想涂抹一战的历史还是印第安人的历史？
",1,很差,11,1.0
2021-10-03 00:38:52,杨小槑,肉眼可见用预算堆出来华丽的通俗情节剧。好东西自然要通过小个体衬大时代，本片呢则基本聚焦在人物间的情感与成长经历之中，并赋予与皮特相关的最为丰富且最戏剧的经历，常见的叙事结构与剪辑方法，单层面的纠葛型（个人冲突），也没有更深层面的探讨。｜绘图式摄影拿了个小金人。,3,还行,2,0.9999999999999684
2021-10-16 08:13:06,牛三牛,全程音乐轰炸，故事大水漫灌。top250又一部过誉的。,3,还行,12,0.0985429665106135
2021-12-26 10:02:10,北环路少年,我在幼时与灰熊搏斗砍下它的手指，在战场上割下数十敌军头皮，凭一叶孤舟踏遍未及之地，在警长举起枪时扑向父亲身前，可我遵从了内心的声音，却不能够好好爱你，和你在一起。,5,力荐,8,0.9803311657925818
2022-02-18 15:04:59,南之禾,伊莎贝尔比苏珊更让人动情，如果能去掉苏珊和三兄弟间的情感戏，这部电影可以值五星。,3,还行,1,0.999476307700282
2022-04-29 16:03:55,下午4：50,塞缪尔应该带回来仨姑娘，一切就都解决了。,5,力荐,100,0.8739545089011744
2022-06-14 23:40:48,沉默的观众,"初以为是个爱情伦理，兄弟三人抢女人的故事。
细思，哥仨是表现不同时期的男人。老三是少年的温文尔雅，努力表现：老二是青年的放荡不羁，热血江湖；老大是中年的成熟稳重，委曲求全。
看到最后发现，霍普金斯这条线，一直在痛骂不可信的“美国”政府，是一群追查禁酒，只是为了垄断私酒，杀人都他妈不用偿命的地痞流氓。
老二妻子被杀后的血腥杀伐，让人快意恩仇，大哥的关键支援，更是突破了原本的束缚，回归内心。
“好想割下他们的头皮，但人不是我杀的”
老二最后与黑熊融为一体，真是，男人初心不改，也可以称为死不悔改，毕竟皮特太帅了，颜值即正义。",4,推荐,3,0.9999999999999958
2022-11-18 13:01:50,Dawnaif,看完这部电影就是知道芬奇最讨厌的那种电影配乐是什么了，“十八世纪古典主义那种玩意儿带着电影跑，根本不是为电影服务”。每隔五分钟就响起悠扬得无与伦比的配乐，好听，但是这导演这剧本完全撑不起来，每个人都莫名其妙地激动，扁平得跟地平线似的。美国嫩牛五方真丑，不怕脑残粉追杀过来。【居然有人跟着这800年前的短评豆油骂完我就拉黑了，中华细狗笑死我了。看我过得这么棒，你这么不爽呀，我可太爽了。再减一星】,1,很差,4,0.9999981372433144
2022-11-18 13:01:50,Dawnaif,看完这部电影就是知道芬奇最讨厌的那种电影配乐是什么了，“十八世纪古典主义那种玩意儿带着电影跑，根本不是为电影服务”。每隔五分钟就响起悠扬得无与伦比的配乐，好听，但是这导演这剧本完全撑不起来，每个人都莫名其妙地激动，扁平得跟地平线似的。美国嫩牛五方真丑，不怕脑残粉追杀过来。【居然有人跟着这800年前的短评豆油骂完我就拉黑了，中华细狗笑死我了。看我过得这么棒，你这么不爽呀，我可太爽了。再减一星】,1,很差,4,0.9999981372433144
2022-12-19 22:45:59,曼仔,整体感觉还是太“男”了，苏珊娜确实从头到尾都作为她者和猎物存在，女性角色都是功能化/工具化的，父子兄弟的爱恨纠缠才是故事与情感的核心🌚 不过安东尼霍普金斯演得真好。喜欢老大。,3,还行,27,0.9999999993682244
2022-12-23 07:11:15,爱在午夜降临前,兄弟俩在他们心爱的女人的墓前终于和解，哥哥失落却释然的说道：「我遵守所有的规矩，所有神和人的规矩。而你，一样规矩都没守。但是所有人却都爱你甚过爱我，Samuel、爸爸、甚至是我的妻子。」记得有一次男人们去狩猎，印第安长老说 当人和野兽互相使对方流血，他们便合为一体了——所以，那个内心有熊的声音的男人，最终死于熊掌之下，死得其所。Susanna 和三兄弟的关系，就像大多数女孩一生当中会遇到的三种男人。你可能先会在少女的情窦初开时期遇到一个给你最清澈的感情、想和你厮守一生的男生，像温文尔雅的三弟。然后你也可能会遇到像二哥那样给你最炙热、野马般爱情的男生，可惜你的家里没有草原。最后你可能嫁给了不是你最爱、但却最爱你的男生，像骑士一样守护你的大哥。,5,力荐,1,1.0
2023-07-24 23:33:15,姜河,一个女人一生会爱上三个男人，第一个是至纯至真的初恋；第二个是刻苦铭心的爱人；第三个是细水长流的伴侣。影片中的三个男人都个性鲜明，艾弗瑞世故圆滑，崔斯汀自由狂野，山莫热情纯真。影片配合着广袤的草原和牧场，以及怀旧式的抒情音乐，充满了世俗情爱与英雄主义。忠诚、信仰、勇敢等字眼集中在崔斯汀身上，那是一种被岁月沉淀下来的男性魅力，带着理想主义的光环。罗曼·罗兰说：世界上只有一种真正的英雄主义，那就是在认清生活的真相后依然热爱生活。——我认为这是对影片英雄主义最好的注解。,5,力荐,13,1.0
2023-07-24 23:33:15,姜河,一个女人一生会爱上三个男人，第一个是至纯至真的初恋；第二个是刻苦铭心的爱人；第三个是细水长流的伴侣。影片中的三个男人都个性鲜明，艾弗瑞世故圆滑，崔斯汀自由狂野，山莫热情纯真。影片配合着广袤的草原和牧场，以及怀旧式的抒情音乐，充满了世俗情爱与英雄主义。忠诚、信仰、勇敢等字眼集中在崔斯汀身上，那是一种被岁月沉淀下来的男性魅力，带着理想主义的光环。罗曼·罗兰说：世界上只有一种真正的英雄主义，那就是在认清生活的真相后依然热爱生活。——我认为这是对影片英雄主义最好的注解。,5,力荐,13,1.0
2023-10-02 20:50:44,Anmi,配乐很美。摄影很美。其他一塌糊涂，女性角色在这个电影里连绿叶都不及的存在，苏珊只为了铺垫三兄弟的不和，连最后的自杀导演都不能自圆其说，小女孩长大没几分钟就嫁人生子，生出来的孩子只是续上之前起名山姆的约定。我明白世事无常，但所选择的是不是自己能承受的，或者身边人应该一同负担的？三弟刚说结婚为了打仗可以扔下女友，男主为了心中执念丢下苏珊离开，即使是结婚了有孩子的情况下也可以不顾孩子的成长不负担任何责任跑开，大哥最后说着你最终赢得了她，合着苏珊一生只是个物件吗？你们是美了其他人是丝毫不管了是吗？这片名燃的是谁的情成就的是谁的岁月啊？,1,很差,4,0.9999999999999998
2023-10-30 00:46:52,路人彦小二,"抛开BGM和摄影来说，除了演员的颜值，可以说在那个年代，无论中外电影，都是不配上桌的水准
这个水准都可以上豆瓣top250，可见豆瓣有多偏袒外国电影了。这跟94年美国那两部不是有些逊色，是压根没法相提并论
电影的好坏其实与它传达的三观无关，主要得看有没有把故事说好了
宛若流水账一般的剧情，通过旁白和信件推动一年又一年的变化，女主先是和老三订婚了，然后老三参军挂了；女主和老二擦枪走火，但是老二内心过不去潜逃了，老大本来就爱着女主，顺其自然解盘了；时过境迁老二回来，开始关系微妙
家中三子各有指代，老大新领地的资本主义，老二西部牛仔的浪漫，老三回归欧洲的民族意识，然而导演只是拍成了兄弟三和一女子的纠葛
大哥都去大城市了，还找不到女人吗？为什么一家人要在一棵树上吊死？仿佛这个世界就两个女人",3,还行,0,0.9999999999997352
