2005-09-12 20:08:33,大头绿豆,"男人。
千万不要记恨你的对手，这样会让你失去理智。",5,力荐,8906,0.8608474870509955
2005-11-09 04:59:30,影志,无感。,4,推荐,1047,0.5878999546945193
2005-11-25 16:11:11,私享史,当一个新生儿在教堂接受教父的洗礼时，教堂之外的死亡正在蔓延……,4,推荐,3718,0.9941253212553244
2006-01-08 17:38:23,老阿飞—故园,对于这套电影还用的着说什么么,5,力荐,9,0.8299623294967183
2006-01-26 14:17:57,薇羅尼卡,经典之片，值得重温。,5,力荐,17,0.9892314206848508
2006-06-01 00:25:27,恶魔的步调,讲述的是一个好孩子怎么变成老大的过程,5,力荐,4183,0.8997098022963014
2006-10-19 00:20:33,匡轶歌,常看常新的老经典，一次次重温、回味，总为之赞叹，收获不同的感悟。精彩而又微妙的群像演技，让人觉得这是上天恩赐的神作，必定有某种神秘的机缘催化，绝非仅凭着人为的努力便可造就。不提马龙.白兰度和阿尔.帕西诺的信手拈来、浑然天成，罗伯特.杜瓦尔的演技，也是细腻到骨髓里。,5,力荐,30,0.9999999999997092
2007-02-06 14:07:35,铁皮骑士,看了一，觉得不错的，可以继续看二，三。反之，则不用。用句中国话说，“讲的无非是，江湖。”,4,推荐,1,0.9948850384543718
2007-02-13 13:06:19,眠去,看多少遍都不厌,5,力荐,355,0.7525031945886845
2007-06-21 16:10:27,二去,最后Pacino剩下什么?这是什么世界?我的未来会有个好结果吗?我有足够的智慧去避免不幸发生吗?不能 一切都不能 我将死人类终会毁灭 但为什么会觉得有希望?活着是为了活着,5,力荐,1,0.9999989071219624
2007-10-04 02:23:13,Milandini,"The.Godfather.1972.ULTiMATE.COLLECTORS.EDiTiON.iNTERNAL.DVDRiP.X264-KiSS, The.Godfather.Part.I.1972.720p.BluRay.x264-ADHD revisited@CFA 2015.04.10",5,力荐,1,0.421874597530976
2007-11-11 09:55:20,littletwo,又看了一遍，真好看，3个小时一点都不觉得漫长。结尾处回想开头，恍然隔世。现在知道了，《无间道2》向《教父》学了那么多~~,5,力荐,32,0.9999223276664124
2007-11-20 22:27:52,德拉库拉拉,"2007-11-20 22:27:17 10/9.2(276626) #1|| 2010-6-7 21:42:16
",5,力荐,0,0.3716516246167168
2007-12-15 14:41:14,布宜諾斯,男性电影，没有打动我,5,力荐,1957,0.9686538266843054
2008-02-02 16:50:58,Lies and lies,最后洗礼与谋杀的交叠，最后面对的凯的门慢慢关上，实在是牛,5,力荐,9,0.9961867646741546
2008-03-18 13:57:02,战国客,只能说，我欣赏不了,3,还行,2107,0.2667380291164625
2008-03-19 00:24:16,九尾黑猫,多年后还记得黑暗中的马龙·白兰度,5,力荐,41,0.97920544101812
2008-05-05 00:37:23,c,之所以为经典，是因为在看了如此多模仿它的电影后，还是觉得它的出众。,5,力荐,261,0.9938810020586014
2008-12-08 20:51:18,deepwhite2333,这男人。。。牛逼又孤独吧。。,5,力荐,1436,0.9888605706540852
2009-05-18 20:23:20,Squidward,2009-05-18/特深沉的。。。想说一句话，进去了，真的很难出来了。2015-08-20/教父初代目真心特别好 纳爱斯 人品拔高,5,力荐,0,0.0601070427153264
2009-05-19 15:15:41,王写写,白兰度的举手投足，轻描淡写的刻画出一代黑帮老大,5,力荐,12,0.9998324844033692
2009-07-24 17:06:54,账号弃用,"""Because a man who doesn't spend time with his family can never be a real man.""",5,力荐,8014,0.4372245341748682
2009-12-24 15:08:05,伊卡洛斯,千万不要恨你的敌人，这会影响你的判断力。,5,力荐,232,0.8551840472245065
2009-12-31 15:02:47,米粒,结局太震撼！马龙白兰度，阿尔帕西诺，无一不是光芒四射啊。。。,5,力荐,171,0.9898909669627988
2010-01-26 10:33:39,托尼·王大拿,有些电影真的是越看越有味道的,5,力荐,17,0.7895309611151902
2010-01-28 19:13:18,阿朽,OK 很man不是我的菜/2023.6.11五角场万达杜比重温，ok很浅，不是我的菜。,3,还行,216,0.5626644910010483
2010-02-05 08:30:31,一只麦麦,布尔乔亚叙事电影，依照导演心中认定的道德标准塑造观影者的角色认同//2022.4重温，第一部太好看了，老教父魅力无穷//北影节杜比视界修复版重看，效果不错，马头和阿波罗尼亚裸戏还在,5,力荐,14,0.9999999755236192
2010-02-17 19:29:22,裸踝,完了，不喜欢这个电影一定是我自己有问题，不必安慰我。,3,还行,3131,0.950267091442812
2010-02-27 22:55:31,少言,为了你爱的女人，关键时刻，该撒的谎一定要撒~,5,力荐,5,0.3347918645959856
2010-04-06 10:48:56,隆咚锵,这是唯一一部值得5星的,5,力荐,405,0.6282946600136192
2010-07-22 16:00:54,bayer04,当全世界都告诉你某片特好，不去看是：不对的,5,力荐,1039,0.3526665062175543
2010-07-26 21:23:11,vivien,最经典的黑帮电影。。三部曲第一部最经典。。Marlon Brando年迈但更有腔调。。配角都超赞。。还培养了小教父Al Pacino。。Coppola 家族的写照。。音乐赞~~,5,力荐,2,0.9999999961521338
2010-09-29 22:52:27,秦幽轩,没有小说好，有点闷（22.6.19二刷，3改4星）当年刚看过小说没多久，就觉得相比小说的丰富细节，电影显得浮皮潦草，如今没了小说对比，才觉得电影已经够完整圆满了。开头的婚礼戏、首尾的呼应、与洗礼并行的杀戮、老教父对儿子的扶持教诲……很多场戏现在看来都非常经典和精彩。这种片子的确是年纪越大才越能品出味道，年轻时吸引我的就只有其中的以暴易暴快意恩仇，所以才会觉得电影有点闷。另外，马龙·白兰度气场太强大！艾尔·帕西诺也太帅了！,4,推荐,0,0.999999999999996
2010-10-11 18:39:59,旧书君,是黑帮片的顶点，但不是电影的顶点。时代考验下的经典其实是可以质疑的，但是经典之所以是经典的原因在于它超脱于第七艺术电影的范畴成为历史本身。Al Pacino年轻的时候是帅得过头了，哦，（系列）还成就了两个电影时代的交接和分水岭。//20230617 #SIFF 4K修复版在杜比剧院银幕上呈现的调色整体偏褐，有种锈斑感。不知是否刻意为之。音效修复极佳。看过十年以上的电影重看相当于新电影。马里奥·普佐在70年代不仅改了教父还改了唐纳指导的超人，通过短幅的时间跳跃来呈现人物的阶梯式成长。剧作流畅。视听方面，开篇黑暗中后拉的长镜头犹如信息屏蔽的隧道，麦克拿枪和杀人时内心两次呼啸而过的火车声，在教堂被宣告成为教父承诺背弃撒旦、与江湖清算大开杀戒平行剪辑。33岁的科波拉绝对的天才高光巅峰。,5,力荐,2,1.0
2010-10-23 05:58:34,creasy,知道这片为什么分高吗？就算不喜欢的也被吓的只敢打三星。2和3是坚决不会去看了，对这个题裁毫无兴趣,1,很差,90,0.0186941552613854
2010-12-08 12:46:28,游牧人·芳汀,每一个画面都是一副流动、压抑而充满艺术美感的古典油画，把犯罪家族拍的如此深情迷人，令人久久沉醉其中。不愧是伟大的电影。,4,推荐,13,0.9999997207968874
2011-01-16 07:07:25,LORENZO 洛伦佐,事关从一个男孩成长为一个男人的经历，事关家族血脉，事关成功精神，事关领导与责任。事关繁华与荣耀，兴衰荣辱。马龙白兰度和阿尔帕西诺领衔主演，十分耐看。,5,力荐,45,0.9999915182956236
2011-01-21 21:52:32,yuanhan,马龙白兰度。科波拉。这部片子百看不厌。摄影的质感，每场戏的质感都太好了。,5,力荐,0,0.9998265539350392
2011-02-01 16:53:22,Q。,平缓的节奏蕴藏着巨大的权威和张力，音乐舒缓淡淡忧伤，利益博弈人性冲突。无论是演技还是镜头、音乐的运用，都给人以一种美的享受。而看这部电影是极其需要沉下心来细细品味，也无论何时翻出来重温都能有新的感受。★★★★☆,4,推荐,1547,0.9999999999982708
2011-02-11 23:30:28,汪金卫,原谅我这么晚才看这部伟大的电影，因为我一直想找一个时间细细品味这部黑帮史诗。传说中的IMDB最佳电影。马龙·白兰度年轻时虽是个浪荡公子，但他演技的确非凡。没能参演教父2，真是遗憾。我会把其余两部都看完//20150322资料馆4K大银幕。3小时丝毫不觉拖沓。太爽了。彻底领略了电影的伟大。,5,力荐,28,0.9999999988477596
2011-02-23 08:40:59,星爺,很垃圾的片子，情节冗长，对白无味，让人要吐。,5,力荐,9,0.3292142304372139
2011-03-14 20:03:42,ibelieve,2020.6.14重看，可太精彩太好看了，每一段都值得回味。al pacino的脱变演绎得太好了。回想开头他说，这是我的家族不是我，到后来一天团灭其他家族，真的太精彩了。,5,力荐,3,0.9999888574890972
2011-05-01 15:36:44,杉爷,仁慈的父，我已坠入，看不见罪的国度，请原谅我的自负。没人能说没人可说，好难承受，荣耀的背后刻着一道孤独。——我知道我毫无创造力，但是回荡在我脑海中的就是这首 以父之名。,4,推荐,7,0.9999993175640066
2011-05-25 22:21:26,了不起的花轮君,怎么看都觉得麦克才是主角。他的表白是我见过最给力的：我希望她多一个丈夫，而不是少一个父亲。ps.摔盘子戏比枪战更给力！,5,力荐,2,0.9507949584514428
2011-05-27 16:16:33,沉歌,觉得很一般，没什么经典的，不过马龙白兰度真的又老又帅又气度！,3,还行,64,0.7974781684045985
2011-05-27 23:50:11,gerald,剥去外壳只是一个复杂的中世纪传奇故事，所谓There is nothing new on earth，不过却拍得如此精彩无法复制，始终让人屏气凝神地投入其中。赞美那些荡气回肠的词句和音乐，赞美那些令人赞叹的布光，赞美那个始终帅得一逼的老男人，也赞美那个后来终究也帅得一逼的年轻男人,5,力荐,4,0.9999999956700798
2011-08-08 22:37:19,二级发呆员,“永远不要对别人说出你的想法”“关注家庭才是个真正的男人”电影给人的震撼无非是风景、剧情和人物，而一个内心强大的人物模型，能让一部电影给人的意义不在于观赏，而在于立志做画中人,5,力荐,0,0.9999999972279644
2011-09-30 23:47:37,Panda的影音,为北电校考才坚持看完，那时无感的我还看了2遍。—— 在资料馆大银幕重温完《教父》后，让我开心又“遗憾”的是：以后提到我个人无感的高口碑佳作，我就没《教父》这让我常挂嘴边的代表作当片例了！……能将如此庞杂的人物和情节处理得有条不紊固然出色，但阴暗的黑帮故事还是无法让我大爱。-17.01.02,4,推荐,52,0.9999999997809832
2011-11-10 01:23:45,Y.15,确实是个男性电影 看到里面有个角色叫Luca的时候忍不住笑了哈哈 好久不看稍微复杂的电影了 有的地方还是要稍微理一下思路 某ka之前还叫我去看书 等把手头的书看完了就去看 不过跟基佬说的确实想再多看几遍 老爷子死之前和孙子在一起内段儿的感觉真好 马龙白兰度真是有魅力,5,力荐,0,0.9999947664355272
2011-11-15 14:36:39,Papa Laba,过分暴力血腥过分男权主义看得我浑身不爽！,1,很差,12,0.2684083996070591
2011-11-27 21:18:16,Riobluemoon,"其实从故事比重来看，阿尔·帕西诺才应该是第一主角，但为什么更多人记住的反倒是马龙·白兰度呢？没办法，老教父的气场太强大了，无论是最初教父的威严，还是后来丧子的悲痛，以及最后的去世，都让人难以忘怀。相比年轻，阴沉，冷酷的麦克，还是这位优雅，讲义气，重情义的老人更让人心服啊。

",3,还行,136,0.9999999526732224
2011-12-30 23:04:36,巴喆,3个多小时，从头到尾，没半点沉闷，到最后也是意犹未尽。权利争斗，心狠手辣，阴谋阳谋，博弈算计，人性阴暗，像病毒一样深入到骨子里的人性挖掘。几乎所有权利斗争的始祖，完全彻底的影响整个价值观，不仅仅是电影。马龙白兰度的演技，令教父不朽。面瘫却又如此摄人威严，这正是他的个人魅力！9.6,5,力荐,262,0.9999999999034253
2012-01-18 22:01:33,芹泽虾饺菌,七八年前，怎么都看不进去，现在看，确实还不错，虽然这个题材我还是更喜欢[美国往事],5,力荐,1,0.9993114453619004
2012-01-19 14:00:02,菲利普,很好嘛？！我觉得一般般，意思不大。,3,还行,90,0.3263512096386552
2012-01-29 18:33:39,马赛克,A generational saga that brought new depth to an old genre. Brando's fascinating performance made alive the vulnerable villain-hero; all characters are portrayed with great complexity and distinction. Superb cinematography from Gordon Willis. Coppola proved himself a virtuoso.,5,力荐,6,0.3696251919647059
2012-02-07 20:09:17,Vash,"太小的时候看过一次,果然还是要长大了看才有深意. 主角举手投足间的气质让人折服~AL年轻的时候各种漫画般唯美啊...只是男性多不能这么顺利地成为王者的...音乐和场景,人物的气质行为等等描画地好像精妙的小说一般, 不愧宝座...",5,力荐,4,0.9999999993623364
2012-02-08 22:00:06,7酱™,看完《历史深处的忧虑》后再回头来想这部电影，真正使教父成为教父的，恰是美国精神。,5,力荐,11,0.9999983293773864
2012-03-12 18:08:58,气急败坏女疯子,我没有给5星，因为我不想随波逐流的评价一部电影。我以为，一部黑帮电影，把教父刻画成万民崇拜的对象，这样的价值观念，我或者始终是不能接受的。我始终不能接受为钱，为权力就去杀害与威胁对手的这种价值观。正是因为这样的价值观让越来越多的人去强迫自己去适应这弱肉强食的冷酷社会规则，为唯利是,5,力荐,8,0.9999998696684584
2012-04-08 20:17:23,Zeit9eist_,至今为止看了三遍教父1 今天才是真正的mindblown 每个角色小动作的刻画 开场婚礼大戏、医院救父、洗礼肃清的剪辑和镜头调度 老教父在葡萄园中含饴弄孙新老交替的传承时刻 以及结尾前后景妻子与michael的隔离 缓缓关上的那一扇门 远不止是四四方方的完美二字可以概括 这都是笔走龙蛇意气飞扬血脉贲张的神迹 是神迹啊！太年轻的时候真的不可以看教父 过去的几遍实在是暴殄天物,5,力荐,9,0.9999999999977952
2012-05-25 17:43:42,缈沨,这确实是经典男性电影……a～最惊心的就是教堂内圣洁的洗礼和教堂外血腥的杀戮对比，迥。。。偶的关注点在管风琴音乐上，en～,5,力荐,5,0.9999458543173292
2012-06-01 14:43:27,Obtson,“永远不要让任何人知道你在想什么。” 黑帮上升为哲学流派，一场闷骚至极的隐忍角力。接近完场的暗杀戏甚好，多线分层，与教堂弥撒“绑鞋带”，祷告、誓言、自我反叛，异己他者消亡、教父身份新生。沉郁静谧屡屡响起的曼陀林，一扇缓缓掩上的门。,4,推荐,634,0.9999997561319948
2012-06-14 21:51:51,Alary,在亲爱的一边解释下一边看完的，否则人物我真的很难分清，那是的阿尔帕西诺真的是好青涩，不过从他的眼中可以已经看出沉着和淡定了，老教父对家庭的爱，让人很感动，作为一个黑帮的领袖，他很成功~,4,推荐,0,0.9999976538429052
2012-06-18 12:01:42,灿烂星光,难得的小说和电影相互成就的佳作！PS看了公民凯恩再来看教父，马龙白兰度的教父灵感来自于奥逊威尔斯,5,力荐,0,0.9999999153135004
2012-08-13 00:28:23,Mandy,“无法和家人一起，不是真男人”小儿子当上家族长的成长故事，3h都很好看，情节好看节奏好看情调好看台词也很好看，适合回味的经典。,5,力荐,1,0.99999999993923
2012-08-13 06:34:08,六哥,"boy to man/ mans world is full of pain and loneliness,take it",5,力荐,0,0.150743994364298
2012-08-14 23:12:55,魏小河,1，就像所有的粉一样，教父粉一样可怕，如果这是男人的圣经，我只能说幸好我不信教。2，是要从影史的角度去看它吗？它为什么得到这么高的荣耀？它在任何一方面有所突破吗?3，这种所谓“史诗”叙事在消费时代显得不合时宜，也许是我们异化了？4，我很喜欢开头那场婚礼的戏。好吧，也许经典是一种类型吧,4,推荐,217,0.999959972422744
2012-09-03 02:05:06,罗老板,没错，虽然IMDb和豆瓣都膜拜成了神，但我个人的感觉就是只能给两颗星，又臭又长，毫无吸引力，也没讲出什么深刻的道理。装逼跟风者到哪都是一大堆，豆瓣也不例外。当然，也有可能他们层次都比较高，看出了源源不断的精髓。,2,较差,128,0.9634364598048536
2012-09-03 17:22:31,philips001,2017年春节和媳妇在家看的影评版，又有了很多感悟，还是五星/2012-09-03 我将给他一个他无法拒绝的理由~~ 教父的言辞太犀利了。教父系列我看得比较晚，可能是在我玩完教父1游戏以后才看的吧。,5,力荐,0,0.9444609845427224
2012-09-04 03:35:35,Q,不做愧疚内心的事，内敛，沉稳，勇敢，爱家庭，不自私，为爱的人挺身而出，虽然是男人必看的片子，但是作为女人还是学到不少。戴安基顿年轻时候太美了！最后一个小时精彩得我都没眨眼睛！,5,力荐,344,0.9999999984314192
2012-09-08 14:44:58,kidpt,太好看了激动死我了! 科波拉神! 神开头神结尾婚礼神铺垫! 阿尔帕西诺黑化后更帅了 他老婆是DK女神! 但是一切在马龙白兰度逆天的神演技面前! 神情语态 含混不清的声音和无法忽视的威严感 I'm gonna make him an offer he can't refuse. 配上那个光 太不科学了! 主题曲美 另随手一搜发现各式幕后八卦!,5,力荐,9,0.9988423768733206
2012-10-03 04:07:01,Shany,实在是不懂，也不想去懂，为什么人们会痴迷于这种类型的电影。每一个暴力的镜头都让我难受，我不愿意再去回想这其中的任何一个情节。我甚至觉得，把这样的电影奉为经典，即使它技巧高超，难道不是在暗中唆使更多的人去崇尚暴力吗？damn masculinity. it equals violence in some ways.,2,较差,172,0.9919890306470572
2012-12-07 13:08:40,掉线,是好片，只是我对黑帮电影真心不感冒。帕西诺演技好，另外我实在无法停止去注意马龙白兰度的嘴巴 （我一直以为是肖恩康纳利演的，囧）,4,推荐,78,0.8227070894721756
2013-02-18 14:33:16,居无间,新任教父接受洗礼时那段交叉剪辑真帅。新任教父冷酷果决，不同与其父拉拢朋友交易人情的方式。最后门一关，与亲人之间有了隔阂，这也异与其父保护家庭的理念。新官上任得组建新的领导班子，一是建立自己的权威，二也有利于与时俱进。,5,力荐,9,0.9999916017903616
2013-05-23 07:32:17,🫀Psyche,比美国往事这些类似的黑帮片好的很多，麦克的成长真让人惊艳，不过他真是撒谎撒的不知廉耻。老教父死的时候场景安排的相当好。总之，经典就是经典，没得商量。,5,力荐,2,0.9999992310935872
2013-09-30 21:56:34,陀螺凡达可,大银幕重看，震撼翻倍。,5,力荐,196,0.8440537826684346
2013-11-04 22:54:04,朝暮雪,黑帮片的里程碑，也是黑帮片的天花板。,5,力荐,543,0.3347645285826487
2014-01-08 17:59:15,影毒肥佬,"賣的就是從容, 這是我在三小時洗禮後出來的第一個感覺, 看上去好象節奏不快,  卻沒感覺慢,  劇力節奏是一浪接一浪, 并沒感到過了三小時,  只到了地鐵站,  見到大鐘, 才發現11時多(開場8:15),  早忘了簡介說的片長.同類黑幫片經常給人一種匆忙感,擔心觀衆會睡似的,接近的有槍火,也這般不急不緩,從容……",5,力荐,9,2.0962834325066737e-06
2014-02-03 00:34:02,冰红深蓝,imdb排名第二的电影，据说是“男人圣经”。全片对光线的运用堪称一绝，剧情精彩，配乐独到，精妙台词数不胜数，两位主演马龙.白兰度和阿尔.帕西诺演技更是无可挑剔。不过由于自己阅历尚浅，很多内涵仍然有待发掘~ （9.0/10） | 20230610 天山电影院重温4K修复版，的确比10年前更有收获。关于美国梦腥红与暗黑的底色，无尽的卑鄙叛卖与报复仇杀映衬出的是关于老一代处事方式的渐次失效落伍，新一代的自私残酷与暴利（力）——甚至有几分现代人（的强横主体性）vs.古典人（的中道原则）之缩影。[教父2]的关键情节转向其实已在本片片末暗示出来。片头的铺陈绝妙难以尽述。教堂洗礼&宣誓不作恶与剪除所有敌人的场景交叉剪辑，极具反讽意味。声音运用无与伦比（尤其是酒馆刺杀那段）。 I'm gonna make him an offer he can't refuse！,5,力荐,107,1.0
2014-02-03 22:46:40,严箫玉,时隔四年之后再看，觉得之前并不是真的“看”过。麦克的成长让人心痛，但又如此让人信服。凯被关在门外的结尾，达到了一种叙事视角的平衡，透出悲悯和批判的意味。,5,力荐,2,0.9999999673581316
2014-04-01 15:34:57,crow,马龙·白兰度的一生相比教父有过之而无不及，表情饱满动作到位，拿捏得恰到好处，成功塑造了一位伟大的父亲和跨时代的教父。阿尔帕西诺饰演的麦克源于自身的底蕴和气场，才得以让养父放心大胆地将事业交到他手中。教堂洗礼一幕，敌对巨头在牧师的问责声中纷纷中枪身亡，麦克面对上帝祷告发誓。经典,4,推荐,22,0.9999999999995346
2014-04-04 04:35:12,三狗大将军,我有脸盲症，不适合看此片。结尾莫名其妙的就出来叛徒了……我一直以为汤姆是叛徒的。,3,还行,15,0.9178159519975424
2014-04-30 09:48:30,肉食性羔羊,又闷又慢全程低潮，根本不好看，任何故事，拍成这样都没法看。,1,很差,12,0.0640815739989633
2014-05-26 02:33:29,刘康康,科波拉是有厌女症吧？这片子里的女人要么圣母得让人恶心，要么就傻逼得遭人烦，除了哭哭啼啼就是无理取闹。最后一个镜头，麦克成为新的教父，一道门隔开他的妻子，不是没有理由的。这是一个男人的世界。相对来说我最喜欢医院里那场戏，拍得相当有张力，第一场婚礼戏也喜欢。,5,力荐,4276,0.9999977941287216
2014-06-02 20:49:59,艾晨,42年前的帕西诺。新教父的诞生。,5,力荐,15,0.993146511348762
2014-06-17 08:10:31,欢乐分裂,#SIFF2014#三小时内群像毕现，人物笔墨浓淡均匀，无闲笔；很多场面的调度堪称伟大，环境、声音、布光、道具浑然一体，如医院换房间那段，剪辑得太好，百忙之中不忘特写教父眼角泪珠，动静相宜；如洗礼与杀戮并行那段剪辑，可谓惊心动魄，在喜悦和冷血交错中教父二代逐渐升华定格。,5,力荐,662,0.9999999999765252
2014-06-28 11:10:46,伍德与夏洛蒂,无论阿尔帕西诺多卖力，教父也只有一个，那就是永远的马龙白兰度。时代不一样，要走的路不一样，所以那个黄金时代，讲义气重家庭谈承诺的时代，永远回不去了。,5,力荐,3331,0.940087590384386
2014-07-05 04:09:21,TimberNord,now we are talking,5,力荐,9,0.5
2014-07-13 14:11:29,野人阿韦龙,真不觉得这电影这种叙事和表现手法有多好，我觉得那么多人给高分无非是人云亦云罢了。（看第三遍时候改一下我的看法，原谅我之前的狂妄，怎么说呢，就像《公民凯恩》一样，如果从影史地位和一些开创性的东西来看这部片子，其实还是够得上此类题材影片的经典二字。）,5,力荐,3,0.999908450589515
2014-07-25 11:23:27,Ocap,https://movie.douban.com/review/6757933/ →17.8.29二刷，导评版。18.7.25三刷，从未像这次感到如此黑暗。讲一支传递于浊的理想主义火炬由清者接手、再到彻底熄灭而不自觉的过程。“凯，那是我的家族，不是我。”这句一出口眼眶就热了——到最后，我不仅不再是“我”，连“我的家族”都不如。三部曲从第一部结尾就已经完整了，后两部并非赘余，但都只是注解。,5,力荐,24,0.999999999996046
2014-08-13 12:58:09,Indecent time,那些成天从读者里看教父经典语句文摘的人，永远不会懂得教父的精髓，没有一个好的语境，再好的句子也只是句子（内核里最像教父的黑帮电影还是老杜的黑社会啊！）,5,力荐,32,0.9999957993613
2014-08-24 20:31:42,修齐,麦克在西西里结婚一事，我不太能原谅。如果他爱凯，怎么能另娶？还有最后为桑尼复仇，杀了其他黑帮老大，其他老大没有儿子没有兄弟来复仇的吗？注定冤冤相报，因果循环。还是不看2、3了吧。,5,力荐,273,0.0054635725221408
2014-08-31 13:41:28,Vincent Lan,在Brattle Theatre看的第一部电影。以前一直觉得只有特效大片才一定需要在大银幕上看，这次才知道自己完全错了。首先，在影院看电影是一种shared experience，有无数观众和你一起欢笑屏息；其次，银幕的尺寸让你能注意更多细节，尤其像《教父》里的阴影，光线等等。这次看《教父》真是全新的体验,5,力荐,4,0.9999999806827684
2014-10-07 22:23:19,桃子,电影丧失了书章节间的节奏之美。感觉完全可以翻拍个“后现代版”。科波拉的镜头在意情节发展比较多，反映心理的几乎没有。Al Pacino在车里和餐馆被搜身的那两场，感觉有gay暗示。///看得特别心塞，不是因为故事，是因为Al在片子里的某些气质和某人太像，眼泪一直倒流着吞。,5,力荐,3,0.9999943350098645
2014-10-07 22:23:19,桃子,电影丧失了书章节间的节奏之美。感觉完全可以翻拍个“后现代版”。科波拉的镜头在意情节发展比较多，反映心理的几乎没有。Al Pacino在车里和餐馆被搜身的那两场，感觉有gay暗示。///看得特别心塞，不是因为故事，是因为Al在片子里的某些气质和某人太像，眼泪一直倒流着吞。,4,推荐,3,0.9999943350098645
2015-01-18 17:47:22,AshtrayGem,08年大学LC课看到睡着，时隔6年看完整，台词配乐布景固然经典，但只是部给男人看的关于权利的porn，现在男生只求天上掉个性奴保姆生育机器的老婆，谈他妈责任感,5,力荐,10,0.9985219420982464
2015-03-15 14:37:01,arlmy,3.15 不适合评分的电影。俨然是操纵的教科书和进化史，庆幸没过早看。故事能与美国种族简史呼应，写第一代意裔与第二代的交叠时期的故事。罪恶与金钱在时代里寻租，成为不可见的最高操纵者。,4,推荐,24,0.999999988154976
2015-04-11 00:58:55,小海,电影从来都不负责树立三观，它只表达它，然后剩下的交给观众来选择。,4,推荐,1524,0.4975864943087956
2015-04-12 02:01:54,Sarcophagus,很low的在自己电脑上看的。,5,力荐,14,0.6749764097751733
2015-04-14 23:54:49,渡口无边,它有太多值得炫耀的资本了。群像调度，古典节奏与气质，所有元素浑然一体，成就经典。讲的是一个家族的衰亡，观众看到的是一个时代的悲歌。但我还不够喜欢它，甚至在美国往事之后，以后还要再看很多次，直到哪天改成五星。,4,推荐,4,0.99999999515641
2015-04-19 01:22:59,阿德,大银幕来一遍，无憾了,5,力荐,9,0.8822314467081858
2015-05-13 21:55:52,梦里诗书,长达近3小时看似平缓的节奏实则蕴含着无时不刻的博弈，《教父》舒缓的音乐却透漏着黑帮宿命的悲愁，在此之间马龙·白兰度饰演的教父维托·唐·科莱昂那股犹如绅士却又不怒而威的气场，将一名意大利黑手党大佬淋漓尽致的呈于影像，一个残酷的黑帮一切却又是那般迷人。,5,力荐,43,0.9999999999597392
2015-06-22 16:24:51,至秦,假日重温《教父》，可比起《教父》我还是更爱《美国往事》,3,还行,9,0.9999912864113883
2015-07-04 16:44:27,Ron Chan,《美国往事》是细水流长，《教父》就是一气呵成，电影重新定义了黑帮，科波拉赋予了人物鲜明的生命感，对家庭的描述之于犯罪，使它的情感浓烈，于是电影即便不乏腥风血雨，却依旧彰显了其义薄云天之气。教堂洗礼和肃清族长部分使用的交叉蒙太奇大赞。马龙·白兰度慈祥温和的表演也让人差点飙泪。伟大。,5,力荐,5,0.9999999999789606
2015-07-04 23:33:27,Dawnaif,居然没有m，第一次看的时候还是小时候跟三级片之王姥爷看的，只对前面婚礼的场景、后面西西里部分、悠扬的配乐印象非常深刻。这次在资料馆的观影体验非常好，才觉儿时自己的肤浅。复仇是人类的天性吧，mike的命运一方面是自己选择的，也是命运赐给他的。,5,力荐,4,0.9999999994663058
2015-07-05 17:40:37,风间隼,好像没啥可挑剔的。本科就读的原著，今天才第一次看完。话说意大利黑帮处理矛盾的方式还真是过家家啊。,5,力荐,31,0.9967662422793072
2015-08-09 22:46:21,柴斯卡,如果不将之当作教父2的铺垫，境界其实很一般啊。科波拉自己不是也不喜欢这个么。胜在有组织性，有型有格。杰克苏范本而已。我并非生来是渣男，环境所迫我不得不成了渣男。再大的领导也管不好自己的亲属。办公室政治斗争时脑海中一定要响起曼陀林。12岁以后就不该太把这当回事儿啦…,3,还行,28,0.9998384808884746
2015-09-01 17:12:02,李濛Lemon,小西天电影资料馆放映，看了三遍。节奏缓慢，结构完美，开头一场婚礼戏把所有人物的性格以及微妙的关系像一幅画卷一样徐徐展开，为后面的故事埋下了伏笔。每一场戏都精彩绝伦，不愧为经典。,5,力荐,8,0.9999999999871072
2015-09-14 17:08:39,Muto,个人永远无法拒绝时代的应唤和要求，即便是《教父》这样的人物。即便他对当下有着精准和透彻的眼光，对未来的顾虑和担忧怀有敏锐地预见性。但面对着时代的变迁他亦无能为力，他做了能做的最好的一切决定和选择。剩下的巨大迷思和彷徨，便也是人生最大的悲凉了。一个王国默然倒塌，另一个世界毅然崛起。,5,力荐,1,0.9999999999999992
2015-09-16 21:04:18,神仙鱼,[20220731重看]越看越好看有味道。开场热闹婚礼仪式与生杀予夺阴暗小屋间切换的整场戏，人物、叙事、氛围的前中后景层次分明；结尾受洗仪式庄严承诺与肃杀暗杀间的平行剪辑，陷入权力之毒的状态尽显。开场是坚守原则言出必行的老教父与其乐融融一家人，结尾是冷酷无情说谎不眨眼的新教父与分崩离析的家庭。一头一尾完美呼应，两代教父间时代的起落转变就在那扇门关上时完成了。摄影布光配乐剪辑调度太棒。｜[20150916]一个教父的衰老和新教父的诞生。完全陷在白兰度威严低沉的声音和帕西诺的果决霸气里不能自拔，这不是两个Godfather，是两个God。虽然就是很工整的叙事，但气氛、节奏、黑帮气质的展现都太棒，让人一刻不愿分神。大银幕前首次观看，场灯暗下声音响起时竟有战栗之感，不能更好的体验，无愧影史最佳之一。,5,力荐,2,1.0
2016-06-08 10:19:50,几根佩毛,【7.0】好莱坞男性教导书 not my cup of tea | 有人需要鸡汤有人不需要，勿喷，仅此而已。,3,还行,9,0.5000177722720234
2016-07-12 12:20:50,萌发奇想,人的性格喜好变化可能真是会随着年龄有变化，多年以前无数次尝试过看教父都无法承受那种缓慢的腔调而没有坚持下来；多年以后重新想再见识这部经典尽然不出十分钟就被吸引了，接着就是马不停蹄丝毫不想暂停的175分钟。被后世太多电影人致敬百次的教父不亏为黑帮电影之里程碑式的经典之作！（160709）,5,力荐,9,0.999999917054834
2016-07-27 12:37:30,K,典型的意大利电影，从婚礼开始，到葬礼结束。,5,力荐,19,0.7794635326855257
2016-10-04 00:17:24,SELVEN,88/100 教父是传统家庭的另类缩影，在里面我们应该看到的不仅是尔虞我诈的黑帮间的权力争夺，还有它背后代表的人际和责任的深层次解读。白兰度和帕西诺贡献的伟大的表演自不用多说，如果有人不理解电影的魅力，建议拿教父的DVD砸到他脸上。,5,力荐,2,0.9999998654160186
2016-11-01 01:11:45,momo,超级喜欢马龙白兰度的表演,5,力荐,32,0.8313727951640846
2016-11-10 07:19:43,闻人林,年纪越大，这个片打分越高,5,力荐,955,0.9776569177121172
2016-11-24 01:27:43,(๑⁼̴̀д⁼̴́๑),"矛盾激化。圣诞前夕，索洛索劫持了“教 父”的参谋汤姆，并派人暗杀“教父”；因为内奸的出卖，“教父”的大儿子逊尼被仇家杀害；小儿子麦克（阿尔·帕西诺 饰）也被卷了进来，失去爱妻。黑手党家族之间的矛盾越来越白热化。
年老的“教父”",4,推荐,44,0.9999999992842998
2016-12-12 17:02:25,圆首的秘书,克制，用心，男人，悲伤。柯里昂对人心的洞察永远不过时，但他对待世界的方式早已为世界所不容了。1946年的美国百废待兴，无政府状态初现，利益纠葛盘根错节，教父不像是黑帮片，更像是提出了一个社会学命题。科波拉创造的这个世界，太真实了。,5,力荐,42,0.9999999999035476
2016-12-27 16:25:43,大志的小耳朵,"只能给100分了，真的很棒，一个家族的奋斗史。目前只看了第一部，虽然是黑手党，但是老教父做事非常有原则，他的内在和他的外表一样实质都是善良柔软的。
第二代教父麦克，个子小了点，但真的非常帅啊，有点梁朝伟的感觉，为了家族利益拼尽全力，沉稳机智有魄力。",3,还行,154,0.9999999999996014
2016-12-30 14:33:33,壳子,马龙白兰度是为戏剧而生的 这是我看完影片最直观的感受 教父目前为止仅看了这一部 一个伟大的人物必定是有情有义有责任感的 也许在这个年龄层次我还体会不到更深的东西 只是单纯地觉得这样的人才有魅力,5,力荐,89,0.9999995504782512
2017-01-11 09:01:51,我突然,马龙白兰度演得好的关键在于有气无力,5,力荐,36,0.8990747126969937
2017-01-14 20:27:04,未住消,深切体会到家人的重要性 马龙白兰度真的太有魅力了,5,力荐,23,0.8311524674703827
2017-01-22 20:16:12,铃儿响叮当,黑帮经典系列电影,5,力荐,13,0.9771604031393786
2017-02-06 21:07:34,不如吃茶去,讲述了一个纯良的大学生经历了各种变故之后代替教父papa成长为一代新枭雄的故事。故事前期铺垫满满，但是出场人物太多了有点对不上号。看着感觉索然无味...再加上期望太高，所以失望也挺大的。,2,较差,4,0.9999986903027176
2017-02-14 09:01:33,昵称被占不开心,不要让任何人知道你在想什么,4,推荐,61,0.3617660810221736
2017-02-21 23:47:54,赫舍里清如,一直被推荐，可到自己真的看时并没有他们说的那么好，可能是我愚钝领悟不到他的高深,3,还行,107,0.9965553875488254
2017-02-24 07:24:40,小妖の七七,很好，推荐,4,推荐,23,0.8456908928538943
2017-02-24 08:26:05,美美哒Cindy,黑帮电影中的经典,5,力荐,22,0.97185884643285
2017-02-24 08:41:30,吃货月,很是经典的黑帮电影，人物刻画也很生动形象，反映了黑暗中的一面,3,还行,30,0.9999889761957512
2017-02-24 09:18:19,╯^╰,生活是这样的美丽。剧情什么的都很不错，但有一句话我不喜欢，好像是说男人需要考虑很多，承担很多，但小孩和女人不用。用觉得有点性别歧视的意味。,4,推荐,1537,0.9996332784613288
2017-02-24 12:35:41,可缓缓归矣,太经典了，喜欢,5,力荐,23,0.7586014384913677
2017-02-27 21:26:41,旅途人生,无聊有雍长的电影!作为电影实在是不敢恭维!虽然可能阅历不足!但是一部真正经典的电影是不同的人看有不同的感受!阅历多了的观后感到底是脑补出来的还是电影本身的意思?都说教父是男人的圣经!也没见圣经拍成电影啊！没有视觉冲击力的故事真的不适合拍成电影!,1,很差,320,0.9999987537082669
2017-03-17 14:07:53,天然呆,这种孤独的老男人果然不适合我,3,还行,11,0.9813843524249254
2017-03-25 23:49:47,bornfreeyolo,无论是演技还是镜头、音乐的运用，都给人以一种美的享受。这部电影是极其需要沉下心来品味。,4,推荐,7,0.9996623083781848
2017-04-05 14:38:44,素年锦时,黑帮经典之作。但是很多人欣赏不了。。,4,推荐,81,0.8818770165361046
2017-04-06 15:15:50,苏幼,好看但是没太理解,4,推荐,20,0.4891995222411274
2017-04-06 15:15:50,苏幼,好看但是没太理解,5,力荐,20,0.4891995222411274
2017-04-06 15:24:07,卡比巴拉的海,千万不要记恨你的对手，这样会让你失去理智,4,推荐,5,0.8006837454596127
2017-04-06 16:09:21,ᥫ᭡້໌,时代在变，不是每个人都能成为马龙白兰度,3,还行,14,0.7830271247450056
2017-04-12 23:13:36,蓝下老婆,应该挺好看的，可能不是喜欢的类型，欣赏不来,4,推荐,17,0.9205546185008936
2017-04-12 23:13:36,蓝下老婆,应该挺好看的，可能不是喜欢的类型，欣赏不来,4,推荐,17,0.9205546185008936
2017-04-16 22:54:42,ed2kers,这么高分的电影我不喜欢，我这是肿么了？,1,很差,30,0.78458811033987
2017-04-19 13:49:09,20个小明≯,第一次完完整整的看这部影史经典，果然好看的没话说！《柔声倾诉》的旋律一响，仿佛又回到了高中时代，那时候整天循环这些曲子……大学的时候LOTUS经常三部连播，从天亮到天黑，一播一整天就过去了……资料馆放映的版本不是特别好，内嵌字幕太浅总会看不清……,4,推荐,4,0.9995458659390366
2017-05-02 00:50:07,寒枝雀静,作为20世纪资本主义世界新旧交替的隐喻太妥帖太迷人。完全臣服于马龙白兰度，但是对帕西诺的演技不大有感觉。登峰造极的光色，史诗般的配乐，几个经典段落无懈可击的剪辑。浑然天成的影像元素还是掩盖了对所谓“男人圣经”的三观不适感。不过坦诚地说，没能达到改写私影史的地步。,5,力荐,56,0.9999984786652486
2017-05-12 11:12:57,人气甜辣炸鸡,喜欢与不喜欢自成两派,3,还行,12,0.7153388313091958
2017-05-12 19:46:58,同志亦凡人中文站,N年前看过英文原著，只记得是个血腥暴力的故事，想不到电影可以如此沉稳和大气，有一种史诗气质。大银幕上看马龙·白兰度，感觉膝盖好疼...,5,力荐,1348,0.9999993557997062
2017-05-28 01:50:05,拉不儿搜,第一次看时是在初一 一天晚上我吹着萨克斯 趁父母外出点开电脑看教父 三个小时我挂着萨克斯看完了 父母回来时我乖乖地吹着《柔声倾诉》 他们说真好听 ,5,力荐,7,0.4292341802292201
2017-06-08 14:02:54,張某人12138,这部电影哪就好看了？一副装逼范，没多久所谓教父直接在马路上被人暗杀运气好没死，那下次呢？你怎么不用字幕告诉观众你们要拍续集啊,2,较差,7,0.9048711659147536
2017-07-15 15:56:47,伍月,"【SSS】

2019.7.25二刷，【B－】升【SSS】
在座位上说不出话。
垃圾的不是电影
永远是我

2022.2.27，三刷，杜比影院。想哭，此生无憾系列+1。",5,力荐,6,0.9742988773887028
2017-07-31 13:37:19,宝莲灯JOEY,《教父》 没有get到那个点，呵呵，好像真的是的和同事有这样的同感。 看之前是因为在一篇《晓松说》的文章里，听 https://www.douban.com/doubanapp/dispatch?uri=/note/631219827/,1,很差,2,0.8651281286513838
2017-08-16 14:39:47,张苑希,柯里昂家族发展奋斗史。的确是一部大气、沉稳、浑厚的经典电影作品，关于历史变迁、家族兴衰、人物成长、美国梦的承载与破灭。“永远不要让任何人知道你在想什么”，其中马龙白兰度饰演的教父威严庄重又深沉又气度，在影史上绝对是无出其右了。而阿尔帕西诺对于二代教父的演绎也是层次分明，值得称道。,4,推荐,11,0.9999999999991376
2018-02-04 11:24:03,橘猫爱吃鱼,剧情不复杂，却在不经意间给人以深刻，马龙.白兰度的演绎无可挑剔。,4,推荐,133,0.9869846219439936
2018-02-11 22:50:49,画楼无凭,……不好看也不难看，女性角色都像是局外人，很难产生共鸣。,5,力荐,2,0.9925207864587048
2018-04-20 11:38:15,翠蝶🌸羽生✨💫,太暴力了，我不喜欢，而且里面的三观不正，讲述一个好孩子怎么慢慢变坏，真的容易把年轻人带偏啊！,3,还行,23,0.9963307969708682
2018-06-13 16:35:24,酒鬼一家小迷妹,看很久了，都有点忘了。教父需要承担的太多了……,5,力荐,7,0.7856619024221604
2018-06-26 21:42:42,狂野急娃娃🌈,满足各年龄段男性中二病。,5,力荐,52,0.8463602145963959
2018-08-23 01:39:58,晚不安,重温“男人的《圣经》”，教科书级的光影、调度和蒙太奇。小时候看得到悲情，但看不懂权谋，更难体会教父辨人处事的智慧。两场婚礼，一场洗礼，在宏大的黑帮史诗架构之下，我目睹了信念的崩塌与男人的选择。管理一个家族乃至帝国，所要承受的东西超乎常人的想象。在马龙·白兰度的伟大表演面前，阿尔·帕西诺的光芒被遮盖了。,5,力荐,22,1.0
2018-09-04 16:10:58,粉粿症候群,其实Mike再次回到Kay身边时，对Kay的心意就已经完全不一样了，但一个这样的男人就这样说着情话看着你，是个女人都不会拒绝吧。,5,力荐,7,0.0458386289549712
2018-09-04 22:49:08,林西拿,可能是第五遍，有點被嚇到。講的是「失落的秩序如何重建」，又暗藏感嘆，即使重建了時代也已不同。科波拉會不會是這個星球上最會拍電影的人？兩個鏡頭，一，麥寇在西西里，第一次跟那當地女孩約會，鏡頭對背影，他們留有距離地散步，女孩沒站穩，麥寇伸手去扶，然後繼續往前走，我們看到後面一群人跟上來。二、午後，教父和孫子玩，教父死掉，風吹起遮陽布，小孩跑掉。這兩個鏡頭，難道不是十五年後侯孝賢的招牌？我只能說他真的內功太深，先不論劇作，長短鏡頭都可信手拈來，實在是大師,5,力荐,27,0.0092259982756942
2019-04-19 09:32:33,叫我妖而不孽,其实也就是麦克从逃避自己的命运到接受的全过程。重看的是接近三小时的版本，这时候就真的阅读小说差别不大了，铺垫对比都分量十足，今天的观众不一定能接受者叙事速度了。我觉得好玩的一点是，很多场景的镜头，都刻意有让你偷窥的感觉。,1,很差,4,0.9999999813716977
2019-06-26 23:43:42,爱的镇魂歌,老辈的老成持重到小辈的雷厉风行，在顶梁柱几近坍塌的多故之秋两代人青黄交接，从背叛与仗义中传达出充满时代感的黑帮式家族观念。突如其来的责任重担轻易扭转了曾置身家事外的人生规划，走上与初衷背道相驰的荆棘路既是自己的选择，也是别无他选的无奈。,5,力荐,5,0.9999999835638332
2019-07-13 00:19:18,极圈里的燕鱼,真正的经典是超脱于时间背景的，是人们反复模仿和致敬并引以为荣的。把波澜壮阔平铺直叙，得失起落而宠辱不惊，运筹帷幄且沉稳自若，这是大师的作品气概，也是一位出色的领导者应具备的品格。走钢索，舔刀尖，想放手抽离却只得越抓越紧，没有牢固的友谊和不融的对立，只有生长的野心和永恒的利益。观摩大师的镜头画面配乐布光，品读教父名头背后的五味风云。,4,推荐,3,0.9999999999986396
2019-08-01 16:19:48,Pluto&Piaget,"成为教父意味着：弃绝那平和的撒旦，以血洗礼圣洁。你不可能逃过家族的引力，如同枪弹齐发，主宰过你父族兄弟的，也总会把你围猎在地，因为你是最合适的宿主，被遗传的命运选中；你身上不颤抖的那一部分对颤抖的那一部分说：Let's talk business, 好吗？必须得有一个担任阿特拉斯的人，弄脏双手，坐上王位。背弃美国梦后，意大利也注定不可梦圆。电影本身篇章结构也是绝美回环，叹服开头，唏嘘结尾，我们要用到棺材匠了，橘子散落，人生码头温柔回望，花园光线和小童双眼——万千手段，诡计谋杀，“男人的成长”究竟是为了残忍还是慈悲，向生命的高峰走去还是步入死亡盆洼？科波拉真不用刻意设计炫耀什么，“好者道也，进乎技矣”而已",5,力荐,4,1.0
2019-10-05 22:39:46,eipoz,拍摄和光影很好，其他的被过度神话了。就像网络小说榜单作品一样。深度甚至说 不如白兰度的《巴黎最后的探戈》。再有里面的台词当做名人名言一样，只是漂亮的话而已。,5,力荐,13,0.9996821438157658
2020-01-01 20:56:40,米兰老铁匠,（二刷）摄影配乐光效剪辑演技什么的都不用多说了，人物塑造是真过硬，两任教父权力的交接，家臣态度的转变。其实结局有某种悲剧性，麦克终于成为真正的教父，可他也舍弃了爱情和亲情。最后关上的那扇门，也永远地把麦克关在了权力的牢笼里。,5,力荐,2,0.9999999999360484
2020-01-19 21:21:21,初音求道大帝,9.9分，如果一个电影爱好者没看过《教父》，那他就是一个假的电影爱好者。虽然之前我看了一千多部电影，但现在才能算是真正意义上的电影爱好者。剧情平淡如水，想看刺激的人请绕道，《教父》的精华在于柯里昂的处世哲学，在于他的社交经验，这部电影值得人看一百遍来反复回味。这是一部可以学到对人生有裨益品质的电影。/在黑帮世界中，一切还是男人支手遮天，女人处于任人鱼肉的境地。,5,力荐,28,0.9999999999999912
2020-01-26 20:16:58,喜喜,故事讲的非常好看，虽然我无比喜欢各类犯罪题材，但真的厌倦这种黑帮的打打杀杀。当Kay问“is it true”?，得到否定答案如释重负的时候，其实人们始终选择去相信自己愿意去相信的事情。,3,还行,3,0.9999821475637952
2020-02-21 16:01:15,火娃,9/10。重温。流畅优雅的影调、厚重伤感的氛围，视听语言如芭蕾般轻盈。教父书房中阴影的背面通透光亮，情绪神圣而阴郁，外面光鲜的婚礼上宾客唱歌助兴、手下反复地背诵说辞、礼金装满袋子、桑尼带人扔砸探员的相机，暗示家族的幸福处在教父的庇荫下，教父待客遵从朋友的义务。养子汤姆到好莱坞商谈演员一事，饮宴中默不作声的汤姆对比财大气粗的主人，突出黑帮料理事务的冷静狠毒。暗杀戏平静、紧张又突然，处死叛徒时芦苇丛的汽车和景深的自由女神，教父买桔子时两名刺客的张望和快速移动的腿，麦克护父时医院走廊传来的神秘脚步，麦克餐馆拔枪时列车刹住的巨响；桑尼得知妹妹被家暴，驾车冲出别墅在加油站被打成蜂窝，电话里哀嚎和婴啼的声音转化、尸体被连打数枪和踢重头部的残暴镜头，刻画出家族的悲剧宿命，结尾书房的门再度关上，又一个轮回。,5,力荐,44,1.0
2020-03-08 00:13:26,censored dump,族内传承的双男主立得漂亮，白龙度用艺术家的腔调演一个外交官，帕西诺用职业经理人的腔调演一个君王，与其说为时代家族立传，不如说为权力意志正名（权力就像酒，越喜欢越喝）。凡人以伟大的自负，背离成为人的路，教堂洗礼的平行剪辑成为影史时刻，洗罪而成子，降罪而成父。本片在摄影风格上应该借鉴了黑色电影，室内低调室外过曝的反差，从视觉上呼应善恶、生死决绝的对立，近景特写给出表演极大的空间，而用飘动的白布、病榻-西西里蒙太奇转场、阴影中浮现的人脸营造出充满宿命感的时移，但斗胆批评，这个故事的视角是单一的，人物在对外掩饰时，也在对我们遮蔽内心、表演这个位置的外在形象。全片没有女性的位置，甚至流露出一种厌女的气息，这种黑帮“传统”的局限，somehow被耀眼的表演和剪辑掩盖了。从这点说，《美国往事》更有创造性。,4,推荐,23,1.0
2020-03-26 22:42:15,昔昔盐,202003作为女性我很不喜欢它，它对女性的刻画粗暴刻板，也因此充满了嘲讽。但调换性别，如果我是男性，导演用镜下的张力，镜头的推动，近景镜头演员表情下的暗流涌动，这样的韧我非常喜欢。时代的气度是会消失的，也在改变，人们的相貌也是一样。,4,推荐,157,0.9999999998378176
2020-04-12 22:53:19,京,盛名之下，其实难副。片子中突兀和不合理的地方还是挺多的。1、路卡是老教父的一条忠心耿耿的鹰犬，人尽皆知。老教父还派他假装跟自己不合去当卧底？这是侮辱敌人的智商还是自己的智商？2、麦克去挽回前女友，前女友上一秒还又哭又摇头下一秒就点头上车，我不禁怀疑我是不是看了删节版的电影？3、五大家族，注意是“大”家族，居然死了个首领就全崩溃了？五个家族都没有一个继承人？还不谈日渐衰弱的柯里昂家族是如何同时刺杀五大家族的首领，精准地找到首领（而且是几乎没有任何小弟保护的首领）的位置。没有一点点防备，也没有一丝顾虑，你就这样出现在我的世界里，带给我惊喜情不自已。要知道巴西尼杀桑尼还得让他的妹夫借家暴的机会才能把他引出来。这五大家族的首领就像被麦克装了GPS一样能精准定位？这太他妈的扯淡了。最多三星半吧。,1,很差,36,0.999999999762352
2020-04-15 23:49:23,大象小妞。,终于有勇气点开了这个系列。然后就彻底陷入无法自拔。开头半小时的婚礼宴会不动声色的定下基调，清晰的介绍家族人物及特点，每一个转场走位灯光全都完美。当然其中教父出场开篇有多经典只剩下膜拜的份。医院戏份是一场过渡和推进。非常有意思。你和黑帮的距离只差一个大衣的立领。教堂洗礼的蒙太奇大呼牛逼。基督注视下的恶魔分身。彻底洗掉身上的青涩单纯。面对着妻子冷静沉着面不改色的摇头“No”，晋升上位接受亲吻礼的Don。看了三遍都还是惊呆。马龙白兰度自然是魅力四射的。但看完教父我更沉迷阿尔帕西诺。当晚做梦都是他。,5,力荐,16,0.9999999999999998
2020-04-16 22:22:52,iUp,说实话，好在哪？演技也一般，也许在那个年代是经典，现在看来，体会不到那个时代这部片子的意义,3,还行,17,0.9986992524572604
2020-05-24 17:29:23,ᵀ ᴬ ᴺ ᵀ ᴬ ᴺ,天了，脸盲分不清人物关系😂节奏太慢了，分了好几段才艰难地看下去，明明是黑帮血腥暴力各种斗争却看得一点都没有刺激的感觉，或许是年代太久远口味难以契合。麦克从一个单纯不顾父业的男孩到后来变成心狠手辣的大佬，原本和女友挺甜突然冷漠去出到外面看中漂亮异国妹妹闪婚，妻子被杀后过了一年又回来找前女友复合结婚生子额😓内鬼还是自己的姐夫,3,还行,7,0.9999999873122716
2020-05-26 19:15:02,伊菲吉妮娅,重温，虽然已经记不清是第几遍了，但是依旧能5分钟内入戏。《教父》于我有特殊的意义，它是让我爱上电影的电影！或许是因为对剧情已然太过熟悉，便更能够深入的去关注和理解人物性格与动机等这些微小的细节；从稳定到失序，从旁观到深陷，这不仅是一段帮派的斗争史，更是一幕残酷的成长史；开场的婚礼，阳光草坪中的载歌载舞与昏暗房间里的暗流涌动；结尾的清洗，庄重肃穆的教堂洗礼与残酷血腥的复仇杀戮，均是电影之神显灵的奇迹时刻！如果将我的迷影之路比作一段旅程，那《教父》便是我旅程的起点。,5,力荐,4,1.0
2020-07-31 10:27:42,根斯巴克连续体,"西西里人风骨志
教科书水准的打光！打出了沉稳，打出了大气！相比原著削去了次要人物和几乎所有flashback，仅余一枝苍劲的主干。在删繁就简的同时还能保持基调的优雅和厚重，粗犷下的威严与悲怆，比原著文字更加冷峻深刻，震惊的是医院门口对峙的桥段和读小说时脑海里生成的画面一模一样，那样的阴冷 潮湿 紧张的氛围，陶醉中
阿尔帕西诺眼睛湿漉漉亮晶晶好像小狗啊（点烟",3,还行,3,0.9999999279093408
2020-08-19 17:01:35,高詩遠,"2020.08.19
非常非常男性向的电影，一直围绕的核心就是思考一个男性应该如何运用自己的权力，应该力求息事宁人还是需要以牙还牙，应该该如何爱家庭讲义气重承诺。这片子很帅，很ok，有的长镜头、蒙太奇用得很好，但我没有办法适应这种风格。

2021.01.28
对着剧本又重看了一次，终于发现了其中的伟大之处，我特喜欢阿尔帕西诺的一段话：“《教父》不仅仅是一个关于黑手党的故事，它关乎美国文化里的冲突，关于一个有权有势的男人如何通过犯罪缔造了一个王朝——但他希望他的儿子成为参议院，成为州长。这个故事的主题是权力的本质，权力如何锻造你，又有谁从权力争夺中幸存下来。在我看来，这是一个悲剧。”",5,力荐,4,0.9999999999999938
2020-08-29 13:18:50,冰山的阴影,「伟大的人不是生下来就伟大的，而是在成长过程中显示其伟大的。」「我花了一辈子，就学会了小心，女人和小孩能够粗心大意，但男人不行。」年少的时候试图啃下经典，然而不解其味昏昏欲睡；如今虽然迟到，但为时不晚。,5,力荐,2,0.9997576156161714
2020-10-12 21:57:10,Sarah,“xxx必看”这种电影一般都名不副实,3,还行,15,0.4716257573600882
2021-01-03 21:08:11,今天叫呱呱,洗礼和屠杀同时进行的那一段看得莫名被触动，妙不可言,3,还行,47,0.9990257822328312
2021-02-15 23:20:01,侯二六,一條線是老教父自極盛走向死亡，另一條線是好青年為家庭逐漸成長／黑化為冷酷教父；由婚禮始、以夫妻之間的隔閡結束，雖是黑幫主題第三十三分鐘才有血腥畫面（而且是馬不是人），四十五分總算有第一個大場面，步步推進、對仗工整，場面調度、眼神剪接亦精采十足，非常縝密的電影，但於我而言少了點什麼——我還是期待一點溫情、一點奇趣，以及那種準備一看再看的觸動。,4,推荐,2,0.9539730399408496
2021-03-14 20:33:58,拉文克劳扫地僧,知道并理解这部片为何会让很多人觉得好。只是时代局限性让我不想打高分。里面的话和道理，我不爱听。凯才是我片中最喜欢的女性，弹幕都在说那个西西里女孩才是最适合当教父妻子的人，我倒反过来觉得这个教父配不上凯这样的女生。为什么打三星，不是因为影片质量不好，而是今日的时代不需要也不应该再去夸里面传达的价值观了，三星是为了表态。男人女人都应该成为有责任心、强大的人，伴侣也应该互相沟通理解交流，而不是门一关隔绝双方的精神世界，“你只需要管好你的小家”。,5,力荐,304,0.999999998948869
2021-04-04 01:01:45,曼靑,为了获得豆瓣犯罪电影徽章而看。不论是黑帮的背景、还是3-4个小时的超长时长，都太容易让我想起《美国往事》了。《美国往事》讲的是兄弟友情，《教父》讲的是父子亲情。最后迈克干掉其他黑帮家族老大的时候，让我有一种《无间道》开场时 倪永孝派遣杀手去一一缴杀黑帮老大们的即视感。比起电影，马龙·白兰度本人的人生更传奇。「他是一个拧巴人，整个人生都很失败，不停地结婚离婚。他自己说有9个情人，其实统计有25个，其中6个情人为他自杀。他儿子打死了他女儿的情人。儿子被判10年，他女儿因为情人被打死自杀。他为了帮儿子脱罪，雇了全美国最大、也是最贪婪的律师，最后倾家荡产。他后来虽然又演了《教父》等影片，但是死的时候仍欠下将近1亿美元的巨额债务，最后靠演员工会发的养老金度日，在医院里孑然一身，80岁死去时让全世界影迷叹息。」,4,推荐,2,1.0
2021-06-29 03:57:08,川島由紀夫,直男YY片之经典巨作,3,还行,120,0.660933264872127
2021-08-08 03:23:01,安生,"可能是生理性厌恶黑帮黑社会吧，只能说欣赏不来，这片子实在不是我的菜。
看的时候就觉得这片子太特么无聊了，体会不到为什么会被吹的这么高，脸盲捋清人物关系就得半天，对所谓的什么意大利家庭责任欣赏不来，说是什么暴力美学只看到暴力了也没体会到美。
还有这片子能排这么靠前的现实意义在哪?怎么就是男人的圣经了?就非得学里头的各种人性算计、阴谋阳谋、滥用暴力、歧视女性?2021了，仅仅是强调男人要勇敢冷静重视责任这种内核实在是有些不够。也不知道那些说什么年龄越大打分越高的是真能看出什么内涵还是跟风。
除了电影的一些技术上的手法和演员的演技之外实在是找不到自己能get的点了，两星一星给表现手法一星给演员演技。",2,较差,13,0.99999999989391
2021-10-14 00:59:29,parachute,对我来说，名留影史的片子，必定有个无法看进去的开头，渐入佳境的变化，和最后总有几分钟让我内心久久不能平静。结局后再回望开头的婚礼，沉甸甸。Do You Renounce Satan?,5,力荐,66,0.999995522198748
2021-12-26 18:27:48,Cathay,所谓史诗般的黑帮片我觉得有些许无聊，还有，多少有点厌女,3,还行,209,0.497669804870286
2022-01-09 12:35:50,林探惜,看了这部片终于明白，为什么披荆斩棘的哥哥里《大艺术家》的舞台要致敬《教父》了。当时觉得恋爱主题和黑帮画风完全不搭，那个舞台风格只是为了耍帅——现在忽然理解到：因为蔡依林《大艺术家》的原作是劝诫姐妹不要沉迷于艺术家般自我中心的男人、成为他们汲取灵感的工具，要多爱自己一点。而哥哥的舞台由一群男人演绎，这首歌就变成了父亲和哥哥对女孩的劝诫和保护。而《教父》里的大儿子就是为了帮被家暴的妹妹出头，所以才遭遇仇家埋伏，死在血泊里。无论贫富贵贱，最朴素的英雄主义仍然是挺身保护自己亲近的人。Btw片中的女人真惨啊，尤其是这个妹妹，都已经是黑帮大佬的千金了，婚后还是遭遇老公嫖娼家暴，像奴隶一样被欺凌，还要在哥哥们面前拼死护住“孩子的父亲”。,4,推荐,2,1.0
2022-03-14 18:10:01,Captain_C,It’s a man man man’s world. ,5,力荐,2,0.2619295992013928
2022-04-01 01:24:47,双晚,A+. 技术层面的极致完美，让我甚至暂时忘记了对“男人电影”价值观的排斥。文本稳健得不动声色，因为影像本身即在抒情，配乐完成关键时刻仪式感的构建，最终以一场洗礼达成双重意义上的造神：它既是大男子主义的神话，也是电影艺术的神迹，而在大银幕瞻仰这一切，本身亦是在朝拜某种已不再的曾经，for better or for worse. 2022.3.31 Filmo,5,力荐,7,0.9999999999561427
2022-04-17 22:48:43,Isijinn,看得比较累，主要是因为不太能记住脸。而且，过于父权,5,力荐,37,0.052079466100896
2022-04-22 21:19:57,睰小雨,从另个角度看，老教父最起码安享晚年了，和儿子交代了所有嘱咐，含饴弄孙中死去。果然小儿子适合当接班人够狠够冷静。（导演是不是厌女，女性角色奇奇怪怪的，特别是妹妹！,4,推荐,9,0.999958561122734
2022-05-03 13:34:31,Mr. Infamous,十几年前看，打了四星，但摄人的力量很是难忘，于是在时光网，第一个电影账号上，一直用教父漫画头像。今天重温，想过会否有新的判断，然而，单就电影而言，距离完美还是差了一线，但值得加至五星的地方，是那种范式超乎想象的强大影响力与生命力，经典之所以经典，不只是开篇质询、陡然暗杀、床上马头、多方会谈、白子洗黑、洗礼杀戮等等场景，连同所有调度与设计，被不断复刻，而且很重要的一点，是这帮男人挑高了表演的态势、同类电影的门槛，书写了某种很难复制的传奇。黑帮故事当然要势均力敌才好看，但这四个字意味着没有绝对赢家，于是一切浮华更添虚空。而那些被隐瞒，被家暴，被忽视，被当做工具的女性群像，因为模糊、单调甚至愚妄，把势力之上的虚无感绕得很长很长。//0818三刷，#北影节12#20，寰映影城杜比，绝对五星。,5,力荐,5,1.0
2022-05-05 13:19:17,广末凉子,原来男人的圣经就是尔虞我诈诉诸暴力牺牲女人啊,3,还行,35,0.9981737571478028
2022-05-09 19:51:51,拓海猫猫脸,写作教父，读作厌女，拍给广大男权主义yy的,3,还行,136,0.9067042694828336
2022-05-14 17:16:55,刘宜可Yico,所谓男人圣经看了 绝大多数男人既不面对这样波澜壮阔的人生 也没有这种运筹帷幄的能力 还缺乏善待女人的品质 多数只是一事无成家暴老婆的卡洛（甚至还不如这个）但他们都觉得自己是教父 they won't admit it ,3,还行,72,0.999995211945756
2022-05-16 15:51:13,肆叁,拍的是真好 但是我不喜欢,4,推荐,10,0.6387340422532244
2022-06-27 12:09:20,ppyboom,电影其实挺好的，但我不喜欢最后关门表达的孤独，不喜欢里面对女性的定位。帕西诺的颜🤩,4,推荐,44,0.9998585599512348
2022-07-12 17:39:48,弗朗柿,又一部你们欣赏而我感觉也就那么回事的片子。,3,还行,77,0.8665151924400761
2022-07-17 20:59:16,LOOK,真正拍出莎剧精髓的一部电影。权力，复仇，弑杀，救赎，光明与黑暗，正义与邪恶，封建宫廷斗争与现代资本主义，惊心动魄的对撞过程中依赖的是第一流的戏剧张力设计技巧。形式层面最心悦诚服的是充满了舞台化的调度技巧却没有舞台腔。古典意义上的完美。也得感谢“芬级”制度，没有这个制度的出台，即便把那些R级标准的场景全部删除，在制片法典时代，也绝对不可能完成这样一部黑帮片。,5,力荐,13,0.9999999999999992
2022-07-23 20:57:49,牵着你的手去旅行,一直以为老头是主角，原来老头就出场了那么一点时间。,3,还行,7,0.6006749934744375
2022-08-07 12:15:43,shininglove,甜橙四处滚落，马头鲜血淋漓，汽车满身弹痕，眼镜碎成雪花，芦苇下的油饼，花园里的白布，黑皮鞋摇晃求生，车窗四分五裂。死亡意象精选，搭配盎然人间，转换之快，猝不及防，残忍不动声色。,4,推荐,4,0.8785718258442674
2022-08-07 12:15:43,shininglove,甜橙四处滚落，马头鲜血淋漓，汽车满身弹痕，眼镜碎成雪花，芦苇下的油饼，花园里的白布，黑皮鞋摇晃求生，车窗四分五裂。死亡意象精选，搭配盎然人间，转换之快，猝不及防，残忍不动声色。,4,推荐,4,0.8785718258442674
2022-10-21 01:58:59,爱玛·包法利,感谢时代进步逐步瓦解了这种虚伪可怜、装腔作势的男性气质。,3,还行,141,0.850308250798658
2023-01-12 08:44:25,你得不到的渣男,虽然电影好看 但是全是站在男人的角度 作为女性观众还是会别扭,5,力荐,85,0.9966203527035552
2023-01-21 15:44:51,Dingga,世界上少一点男人电影吧,1,很差,44,0.9312790037558228
2023-02-02 18:03:21,多吃一点,从开头的Mike到结尾的Don Corleone，经历的不仅是时间，还有那扇缓缓关上的门。之所以打四星是因为实在是太不女性友好了，无数次感到无语OMG,5,力荐,55,0.8107614536917367
2023-02-22 21:14:37,格一,"很认真地看完了，很认真地不喜欢。
解决问题基本靠杀人比狠，所谓的黑帮气质很难区别于装腔作势。
女性角色被操纵被蒙骗被排挤，影片本身厌女，它被奉为男人圣经则令人厌男。",3,还行,15,0.9994982184937536
2023-03-06 00:03:37,小宝,抽出了一天的时间，打算一口气看完《教父》三部曲，是我自不量力了，看完第二部就已经花光了我所有的力气。史诗般的黑手党故事，从序幕流动的盛宴拉开，所有人物聚集在一个巨大的空间之中，人物依次登场，所有的人物关系、历史浮现、欢聚畅饮、创伤悲痛，在这场盛大的婚礼之中被细腻地铺陈开来。最喜欢的还是迈克成为教父，在教堂为婴儿受洗与平行时空的复仇交织镜头，平行蒙太奇剪辑的标准范本，每一次郑重的承诺都对应一次不同方式的杀戮，无论是画面、节奏、音乐、氛围都咬合得太完美了，教堂的神圣与血腥的杀戮交替，复仇的完成也意味着新老教父的交替正式完成。整个电影叙事很有19世纪经典小说的韵味，经典三个大段落，婚礼序幕-黑帮势力交战-复仇完成新老交替。完整、细腻又荡气回肠。,5,力荐,28,1.0
2023-05-02 20:57:57,Fire&Fire,教父给我的教诲：1. 不要轻易表露自己的想法；2. 遇见问题不要自怨自艾，用强者思维和行动解决问题。3.面对不利局面，要绝对清醒，无用的情绪波动只会阻碍你进一步行动。4.努力让自己有价值，才能置换到更好的资源！,4,推荐,18,0.9999987367671188
2023-07-03 20:56:28,没名字,"不到4星。感觉没有网上说的那么好看。
家族分工、发展、传承。
一代教父铺路让小儿子从政，无奈另外两个儿子和唯一的女儿不给力。最后小儿子无奈成为二代教父。
不知道为什么养子和小儿子都成长的不错。其他三位会有很明显的短板。
家族需要忠诚的族人。但是却把女性隔绝在家族事业之外。部分家族事务，女性没有表决权、参与权、知情权。",4,推荐,18,0.9999999999999982
2023-07-03 20:56:28,没名字,"不到4星。感觉没有网上说的那么好看。
家族分工、发展、传承。
一代教父铺路让小儿子从政，无奈另外两个儿子和唯一的女儿不给力。最后小儿子无奈成为二代教父。
不知道为什么养子和小儿子都成长的不错。其他三位会有很明显的短板。
家族需要忠诚的族人。但是却把女性隔绝在家族事业之外。部分家族事务，女性没有表决权、参与权、知情权。",4,推荐,18,0.9999999999999982
2023-07-24 06:25:38,豆友-Ibx9la-v0,所有男人都告诉你这部片必看，而这是父权社会，极具厌女的男权主义片，除了说教还是说教垃圾ex,1,很差,37,0.0905423426935151
2023-07-24 19:49:07,momo,装腔作势的男人电影 uff😮‍💨 看点好的吧,1,很差,26,0.886236636984388
2023-07-29 17:59:54,Ts'all Goodman,《教父》确实自带一种不属于黑道世界的浪漫气质，但这绝非科波拉在试图美化甚至推崇这种充满强权暴力的体系。虽然本片呈现了众多大男子情节和言论，但我相信这是科波拉遵于角色背景和特质而故意撰写，如果知道马龙白兰度让一位印第安女性出席奥斯卡的事件，那就更好判断本片众多主创的价值取向。其实《芭比》拿《教父》开涮根本不是针对电影本身，而是嘲讽那些完全误判本片而将其化作谈资的普信男。普信男确实该嘲笑，但借此来无端贬低本片影史价值和地位的也应该被嘲笑，甚至有过之而无不及。《教父》中对演员姿态以及场景空间的大师级调度无需多吹，但时隔我上一次观看本片已经过去十年，在这其间我领略了众多受其影响的伟大作品，因此再度观看，非常遗憾（且不公平）地缺少了想打满分的冲动😂,4,推荐,12,1.0
2023-12-22 23:51:29,D,又长又臭的老白男电影。整个影片都充斥着一股男性自我陶醉，连所谓的修炼和成长都令人作呕。,2,较差,14,0.996597692386868
2024-02-07 22:51:56,805,教堂里新生儿接受着洗礼，年轻的雄狮在一声声谎言下踩着鲜血起身，他蛰伏已久的骨骼和肌肉得以伸展，他的仇恨得以燃烧，他的野心极富冷静，他站在父亲曾经的位置接受着吻手礼，颔首接受那华贵沉重的王冠——Godfather.,5,力荐,11,0.9999999731524578
