2006-01-08 23:40:30,薇羅尼卡,前三部看下来，这一部最喜欢。不仅有人性、有感动，还有背叛、苦难，篇尾字幕的出现也非常用心，用了劫盗地图的概念。当然最钟爱的还是小天狼星这个角色，这一集他的表现还很少，期待下一集！,4,推荐,375,0.9999999772732217
2006-05-17 15:59:35,Nakedself,注意到售票员韩波脸上的青春痘了吗？三层大巴里弥漫着汗和脚的味道。还有打人柳的春夏秋冬，那些都是我最喜欢的部分。墨西哥魔幻南瓜大电影，最爱。,5,力荐,715,0.9999983019098744
2006-07-18 14:57:45,大宸,好导演出好片...,4,推荐,653,0.8619688377422977
2007-08-13 00:01:31,Bill,原本的故事在精彩程度上或许不如前两部 但却是最富有内涵的 一定程度上抛开了过于浓重的儿童读物气息 电影也是系列中最为优秀的 换了导演之后风格上的突破很大 特别是开头的设置 服装设计也越来越对味了 导演还执导了Children of Men 很能在影片中表达自己的思想,5,力荐,790,0.999999943046346
2007-09-27 00:05:22,宅蘑菇Moku,回顾一下发现第三部也很喜欢的哎wwwwwwww换了导演整个节奏都不错，双胞胎在这部里各种萌点活点地图也♥♥♥,4,推荐,179,0.9992819284710244
2008-01-04 17:55:26,沉歌,小天狼星殿下啊啊！《哈》里唯一一部改编得比原著小说还精彩的。,5,力荐,1815,0.9782789591969387
2008-06-18 06:52:44,文泽尔,对原著进行了不少的修改 小天狼星所赠飞帚火驹的出现安排在最后十分电影化 狼人卢平教授和小天狼星的会面也悬疑感十足 老鼠尾巴逃脱得很快 噬魂怪的呼神亦有魄力 最好的部分还是时空旅行 尽管时空旅行不能改变任何事 但穿越回去的人必须保证历史顺利完成 最后一幕哈利表情很惊悚 迄今最好的原著改编了,4,推荐,19,0.9999999999651276
2008-07-04 17:05:55,baobaodu,best of HP movies,5,力荐,635,0.5071254743272992
2009-06-26 11:21:29,sukida,"整套哈利波特。我最爱这一部。最爱的场景是。哈利對赫敏說。你知道嗎。小天狼星剛才給我說叫我搬去和他一起住。這樣我就不用和德克思一家住了。或許我們可以住到鄉下去。那種可以看見天空的地方。我想他在經歷這麼多后會喜歡鄉下的。後來看到小天狼星死的時候。我特別的覺得絕望。 很多的時候我們覺得鄧布利多是最保護哈利。......

",5,力荐,4071,0.0435997210395413
2009-07-25 21:52:32,tavico,能感觉导演想拍出不一样的Harry Potter,4,推荐,599,0.5470547268337503
2010-01-03 12:07:46,碧落亦然,虽然换了一本邓布利多（怎么说也是以前那位儒雅一点这个倒是像个老顽童），但是这一集的故事浓缩还是很到位的，让人感到节奏紧凑不会像密室那样出现一种等待的感觉，而且活动地图做的感觉非常好很有让人拥有的冲动。而小天狼星也是我非常喜欢的一个角色而最后的字幕也做的很让人喜欢，越来越喜欢艾玛了,4,推荐,3,0.9999914884623397
2010-01-16 21:48:03,unijames,从这部起质量不断下降，我尤其讨厌这部的风格，没打一星算他幸运，严重鄙视 阿方索 卡隆,2,较差,15,0.0371501185905385
2010-05-05 23:57:42,独行侠杀手阿何,风格诡异，赏心悦目，最魔幻的一部HP！片尾的活点地图效果更是妙不可言，整部片的摄影和镜头也绝美得摄人心魄。大导演Alfonso Cuarón，感谢您！！！！！❤[2004年9月11日左右看的],5,力荐,228,0.9993948996385548
2010-08-05 00:04:08,蓓蕾,这一部比前两部好看,5,力荐,521,0.8397624634488171
2010-11-22 19:23:14,V,阿方索·卡隆把黑暗紧张，幽默风趣，还有机智巧妙的构思完美地融合在这一部电影中，让人意犹未尽。,5,力荐,1185,0.9999997536788716
2010-11-24 16:45:52,Sophie  Z,刨去感情因素，这是这系列里拍得最好看的一部。导演是阿方索卡隆啊也难怪。,5,力荐,20,0.961186031568781
2010-11-29 16:55:21,没有,不喜欢这版的风格，太好莱坞了（我觉得我都要看不下去了，尤其邓波利多换演员，好不习惯说话还一惊一乍的校长......（（对对，而且这部也没有魔法世界的感觉，就是一堆特效堆积的一惊一乍，和校长给人一个感受,3,还行,97,0.999999999805364
2010-12-03 02:51:34,大师兄,也太不遵从原著了，扫把是一开始就送了！我N多年前看的，几个小细节我记得的都没注意到，最后也没告诉哈里月亮脸那几个人是谁，教怎么击退摄魂怪那块儿也太简单了！人物的出场和退场做的也太差了，导演明显就没好好把握舞台调度，靠！主角和配角的戏份分配做的也不好！,2,较差,29,0.6178224005618764
2011-02-16 20:29:33,喷子,2004年10月4日，我追了一段时间的高中低年级MM陪我逃学，一同钻进还是国营制的电影院，即使是循环场却仍然空空荡荡，溜进后排的情侣包间里干了一整天的坏事儿。于是我对这部电影一定要打上五星，虽然我根本就没记住电影演的是啥子。当年的我是多么小清新啊，偶耶！,5,力荐,17,0.997368269884249
2011-05-03 11:36:41,木西muxi,哪头森林里跑出来得发光得鹿！,4,推荐,252,0.8388566636346364
2011-06-20 03:16:06,A-sun*,节奏总算快了一点了...早该换导演了,4,推荐,315,0.3838230752003994
2011-06-24 23:05:38,劳永逸,换了个导演，电影的细节比前两部更经得起推敲，三人的感情纠葛已初见端倪，同样初见端倪的还有赫敏的胸~~~话说，卢平教授的第一节黑魔法课相当有趣啊~~~,4,推荐,708,0.9999999935142224
2011-08-02 21:12:13,流空破刃,比前两作进步多了，hp系列电影第一次走出了平铺直叙。并且居然还有了点儿dark的风格。,4,推荐,1140,0.8525773500252876
2011-08-06 22:57:38,Panda的影音,《阿兹卡班的囚徒》虽然是《哈利·波特》系列中全球票房最低的一部，但也是极具艺术风格的一部。尽管《哈3》有些缺憾（比如，没道出活点地图的发明者，赫敏上交计时器的对话也没了……），但TA依然是我心中最爱的电影之一，我与「哈利·波特」的初次邂逅就是发生在这部《阿兹卡班的囚徒》里！→ 2013.04.20 北京 美嘉欢乐影城-三里屯店：《哈3》，3个朋友；从昨天到开始放映，我就一直告诉自己，这次不要在影院泪奔了，因为眼睛含泪肯定会影响自己观看这部我的第一部《哈利·波特》电影；然后，观影过程中全场掌声雷动，我鼓掌鼓得手都红了；可是，在时光倒流段落，朋友打来电话（手机震动），我（尽量小声）说：我真的好开心，我在影院看我最爱的《哈利·波特》，待会儿再回你电话。随后，泪如泉涌，源源不绝，无休无止，直至可爱的片尾字幕结束。~~~,5,力荐,492,1.0
2011-08-07 23:09:37,汝就做吾的犬吧,前半段不知道讲了些什么反正吞掉了很多时间，后半段就相对比较紧张，卢平教授这个人物不错，从人设到演员都很出色，不过剧情很硬伤，完全没想通穿越后的哈利为毛能在毫无预兆的情况下直接放大招，还有这部片子出现了一个很愚蠢的控制时间的道具，有这东西基本无敌了还怕什么伏地魔,4,推荐,111,0.9999918146270036
2011-08-14 19:10:06,发条饺子,黑色、颓废、压抑的风格使得它成为最另类的一部，也是最喜欢的一部，特效比前两集精彩了很多，情节紧凑离奇，最后的平行空间在当年也算是前卫了。当然，大爱还是魅力三人组小天狼星、卢平、斯内普三人的对手戏，三个演员迷人到爆棚,5,力荐,111,0.9999999992890792
2011-08-30 22:57:30,贝阿朵莉切,没看过小说第一遍看这个还真不好懂 特别是harry和black的感情怎么突然一下就建立起来了………… 认出了艾玛汤普森和加里奥德曼~~~~真有趣,4,推荐,9,0.9988310451871
2011-08-31 21:31:59,Cherry Chi,小天狼星和波特最后被噬魂怪围攻，第一次明明是头鹿出现嘛，救了他们，怎么脑残到觉得是自己的爹，后来第二次time turner让他们重来的时候，赫敏用石头子打他们的头，说明这是一个时间环啊，怎么解释后来又是波特自己的救得自己，这不是bug么？第一次救人的鹿是隐藏在幕后的大boss么？又柯南附体的赶脚,4,推荐,23,0.9984536456858116
2011-09-11 14:27:57,卷心笋,这本的内容太丰富了，电影时间根本不够。书上讲在尖叫屋的那段好精彩的，结果电影一会会儿就演完了，显得很莫名。而且小天狼星也救得太容易了点嘛。,2,较差,9,0.992679576897536
2012-01-12 13:50:21,根,这一场戏没有敌人。,4,推荐,119,0.9722115546789942
2012-01-14 21:57:22,京城司南,harry ron还有draco都一下子长大好多~~但是电影漏掉了书里面好多东西~新的dumbledore也没有那种很睿智很能一眼看穿人的感觉了,2,较差,4,0.9933376282763255
2012-05-19 18:39:52,不差楼的小学生,3星半，电影出来的效果真的很一般，远逊于书。包括很多角色的选择、演绎、人物特点，和书中差距很大，或者说根本没有表达出书中的性格。脱开角色，卢平的演员是我个人喜欢的，但我觉得出来的效果就是，他不是卢平。比较值得称赞的是摄魂怪的设计，我觉得整体还是比较传神的，达到了效果。,4,推荐,5,0.9999999946198136
2012-06-28 09:52:23,掉线,成科幻片了,5,力荐,12,0.6908193281127876
2012-07-11 21:21:40,同志亦凡人中文站,把原著和电影对照了一遍，感觉这部才算叫作真正的原创改编：节奏感和悬疑氛围不徐不疾，小节上处处精雕细琢。卢平最后那句“mischeif managed”比原著更回味无穷，足见阿方索暗黑大师的功力。相比之下后面的五部简直只能用鸡肋来形容！,5,力荐,1729,0.9998106808829328
2012-07-15 14:46:05,沙拉酱波娃,这部看起来不错了，原著和电影都脱离了低幼感。叙事和线索更让观众玩味，巴克比克的段落很温情，让人对魔法学校的课程心生向往。卢平、小天狼星、小矮星的正邪身份转换挺有意思，最有趣的就是时间转换那一段，很有想象力。,4,推荐,3,0.9999999999999638
2012-08-09 13:30:18,晶禧,哈7结束许久，我才首次认认真真地看了其中一部哈3。前面铺垫很足，玄幻色彩浓厚，很吊胃口；后面剧情转折的力度未免太大了，感觉前戏那么多的准备就为了这么一个幼稚突兀的结局——坏人其实是好人。哈利的两个小伙伴很有个性。如果童心尚在，你会从这个系列里发现精彩和乐趣。,2,较差,4,0.9999999996229816
2012-08-12 18:30:45,徐若风,系列TOP2。在整个系列中，这部在剧作上的结构性与悬念设计的巧思、摄制电影感上的把握，都是导演水准的体现。,4,推荐,8,0.9999980439286332
2012-09-16 22:34:09,xiphosura,"引入了时空旅行这点还挺吸引人的，不过小天狼星肿么就在2分钟的对话里洗白的。。。前一秒还要杀掉蛤蜊，下一秒就成亲密战友了。。。没看懂啊没看懂
好吧刚才又回去看了一眼。。。怪就怪小天狼星这个人物话说得不清。。。应该有些铺垫，不然太快了",4,推荐,33,0.8920542034276064
2013-07-14 18:55:30,柴斯卡,"电影里的斯殿完全遵从小说里的设定,油腻发根鹰钩鼻,但看完AR的表演后大家都会认定书中的描写完全是赤裸裸的污蔑,充分说明出身与外表不过是暂时的,过了一定年纪便全看阅历与修养,青年们一定不要放弃自我修炼！Turn to page 394,跪求教授关禁闭！",4,推荐,61,0.999716124111803
2013-12-19 12:37:46,Salzig,Alfonso Cuaron毁了我的童年 -- why the heck is Harry wearing a sweatshirt and a necklace???!!!!,2,较差,11,0.1793001926009488
2014-08-27 19:35:31,nothing传叔,神作，特意重新标记下，三大神point：1、导演是神人；2、剧本是神品，把时空倒流运用得妙到毫巅（很多类似题材都玩过火了）；3、演员的火候刚刚好，年纪刚刚好，从哈4开始就走上越长越开、越长越残的不归路了。。。,5,力荐,43,0.999998667164849
2014-11-17 09:37:22,Neroat,唯一一部没有打伏地魔。电影版改编得比小说更容易看出斯内普的爱，也更容易看出赫敏和罗恩的爱。坏小孩马尔福好可爱。,4,推荐,77,0.9999992875487532
2014-12-26 11:39:21,后自愈,比前两部出色很多 剧情上细节上节奏上都掌控很好 原来是换了导演 最感动的是当小天狼星让哈利波特和他一起住的时候,4,推荐,12,0.9999994971809966
2016-12-12 23:41:48,无语望天,小天狼星……最爱亲世代的故事,5,力荐,16,0.9780580213537136
2017-03-17 23:09:54,杨大志°,大爱小天狼星！！看到小天狼星离开的那一刻我是多么多么的开心！,4,推荐,45,0.8158425531443997
2018-01-05 10:43:13,慕詩,哈利波特这一系列都挺好看的。,4,推荐,11,0.9997087215477478
2018-03-19 13:15:39,潇湘烟雨,挺喜欢这部的,5,力荐,16,0.9110828038957356
2018-06-29 18:54:58,糖罐子.,借着时光倒流，终于做成了想做的事，救了想救的人，不会再有遗憾……没有随波逐流认定坏人，误会背负多年冤屈的父母挚友，哈利无疑是睿智且勇敢的，赫敏一如既往的是强大的帮手，是最好的朋友。,4,推荐,6,0.999999999473128
2018-08-10 19:39:23,木由,哈利波特系列里除第一部外最喜欢这一部。虽然没有伏地魔，但却记录了哈利成长。脱离娃娃脸的哈利终于不再等待父亲的慈悲，昨日命悬一线的自己被今日的自己拯救。大有我已亭亭无忧亦无惧之态。小天狼星提议合住，卢平教授悉心传授救命咒。美好的未来画卷徐徐展开，一切未知都变得温柔。,5,力荐,511,1.0
2018-08-13 23:33:14,尉迟上九,五年后重温好感度有所飙升，才知道导演是阿方索·卡隆，惊觉不同以往的原因所在；这部还是没法和当年原著带给我的惊喜相比，不过比起后来较为坑爹的几部还是要出色不少；这其中牵涉到一个先入为主的问题，我是看书在先，在了解剧情的前提下再看电影中埋下的伏笔和悬念的揭晓自然要削弱一大半的快感，但并未失望；小时候看故事，长大了看电影，好在十分贴切的将书中仅透过文字构造的奇幻世界更加形象优质的呈现了出来，节奏把控、氛围渲染都挺棒，为读过后的想象空间添砖加瓦；文字和影像间没有太大的落差感，而是有种相辅相成的感觉。小天狼星算是书里最为偏爱的一个角色，后来挂掉了，没少流眼泪。,4,推荐,11,1.0
2018-11-20 16:22:44,西瓜冰沙,我小时候看这部是暑假的午后，觉得好无聊冗长睡着了...只对赫敏的粉色连帽衫印象最深。现在一看竟然还挺喜欢。这一部HP和HG简直是男女主角，虽然我最喜欢养了一只大叔老鼠12年的搞笑担当罗恩:),4,推荐,10,0.9999933779098668
2018-12-31 00:58:08,P916,"这一部真好，好棒，太棒了。不再是删减小说段落后直接搬上荧幕，而是重新梳理剧情逻辑，在原著略显散乱的事件中制造环环相扣的影视冲突。节奏把握得也好，卢平教授的第一堂课，哈利骑上巴克比克的翱翔，紧急关头召唤守护神的震撼––我印象最深的这三个场景都最大化了电影艺术的感染力，不再单靠剧情的奇幻有趣抓观众的心。

不过没办法还原每一个细节，还是有点遗憾的。比如阿尼马格斯的由来，比如为什么会把召唤守护神的法师认成爸爸，比如赫敏极端的情绪化和罗恩可爱的嘴硬心软。",5,力荐,13,1.0
2019-08-09 23:54:26,极圈里的燕鱼,本以为是噱头最大的一部，换了导演又启用了新演员，三位小伙伴也从儿童成长为少年，还加上了阿兹卡班囚徒这样响当当的名头。结果却没看到预期，反而感觉有点滑稽。这一部摒弃了整体影调的塑造，转而配合不同场景进行布光，色彩更加丰富，加入大量外景，更多的运动镜头，更加灵活的角度，画面也更加写实化，但却失去了前作那种古典童话式的韵味。主线故事太单薄了，浪费了那么多铺垫。奥德曼还是那个奥德曼，新任邓布利多不再是泰然自若的尊敬长者，更像是一个热情年轻的高龄顽童。时间倒转的设定真的有些敷衍和不严谨，因为就经历者来说，改变已知远没有迎接未知更有吸引力，而且感觉回到房间的那一刻等于是制造了无数个平行世界。真相要靠自己去探究去相信，这样真相才最有它存在的意义。难以想象如果整个系列都由哥伦布接手会是一个怎样展开的故事。,4,推荐,5,1.0
2019-09-02 01:36:46,塔塔君Minkun,重温发现卡隆在本片两个关于时间的长镜头的细节：在三人组从学园出发时，镜头从楼内推到楼外，观众可以清晰看到大钟内部结构，这是时间之旅的开始——追寻个人记忆探索过去真相、倒转时间，观众与主角如一同站在四次元窥探时间的另一面（内面）。直到哈利和赫敏完成任务回归，镜头从大钟表面推回楼内，一切都回归到当下的时空，时间再度变回不可窥探的神秘。,4,推荐,28,0.9999999999992428
2020-09-09 18:22:09,双晚,A. 终于从游园变成了电影。放弃走马观花的场面，换来成熟的空间调度、漂亮的镜头语言、凝练的叙事脉络、充沛的情感张力。有幸福转瞬即逝的酸楚与失而复得的喜悦，也有明辨是非与自我救赎的成长。脱离童话色彩的悬疑基调，正好对应角色褪去稚气的蜕变伊始。卡隆的突破恰到好处，也恰是时候。,5,力荐,5,1.0
2021-02-08 13:58:14,高詩遠,这一部的风格跟前两部明显不一样，特别是光影效果和运镜做得太美了，剧情也搞笑许多，三个人的感情也有了肉眼可见的进展，大大方方的是友情，小心翼翼的是爱情，这种微妙特别容易击中心里的那根弦。,5,力荐,1,0.999895733194702
2021-08-08 16:36:37,机智阿匀,"重温。无论书还是电影，（前六部中）都最爱这一部。第三部是父辈的回忆，罗琳将大量的剧情隐藏在水下，次要角色的认知要完全超越主角和读者。正是由于角色们的认知视角不同，尖叫棚屋的情节才最精彩。如果以Lupin，Black&Snape的角度分别去读这部作品，那就完全是三个截然不同的故事了。例如我曾多次想象Lupin在火车上醒来第一次见到Harry的心理活动，那一定是又辛酸又感慨吧。

三个主角在这里都是颜值巅峰，Ron在这部最帅，且与Hermione之间有着微妙而暧昧的尴尬😅 相比之下，Hermione与Harry之间真的就是铁直的友谊",5,力荐,28,1.0
2021-10-01 20:08:49,阿迷大人,斯内普——全校唯一会用PPT上课的教授,5,力荐,878,0.9950026967290604
2022-08-09 12:15:53,啊么吸溜,宿命感真的很动人。他总想着是父亲回来救了自己，其实是未来的自己救了自己。但是念念不忘的人总会相逢。😭,5,力荐,51,0.999998660629532
