2017-10-30 12:14:36,冷泡红茶不加冰,10月27日墨西哥首映，算是为亡灵节造势，电影院座无虚席，惊喜是买一送一还有冰雪姐妹番外篇。影片里满满的都是墨西哥元素，各种梗惹得全场笑声不断，要是国内引进用英语演绎可能会破坏了一些细微的文化氛围，非常感动，强烈推荐。,5,力荐,139,0.999999766152235
2017-11-02 07:28:41,小九儿,11月1日亡灵节当天，墨西哥城的影院里，隔壁座儿的小男孩画着鬼脸儿穿着骷髅服，老奶奶抱着万寿菊，举家一起看coco。生活与动画交叠而映，感慨又感动，炫目又泪目。这才叫文化输出，好羡慕，好嫉妒。（ps：盖尔加西亚~不枉爱了你十余年）（pps：开场前送了20分钟冰雪奇缘番外 ，以为走错片场）,5,力荐,9096,0.9999999131759858
2017-11-05 13:58:30,不懒卡,"cempasúlchi, tamal, Guanajuato, mariachi, 白色辫子穿着白裙子的老奶奶，真的都超级墨西哥，细节满分！跟家庭有关，配乐也好听，戳中泪点，一个人在墨西哥的电影院哭成狗，国内上映不知道要不要看多一次。。。",5,力荐,55,0.9145436659783162
2017-11-10 13:02:47,smolcello,原汁原味的墨西哥文化，竟然一点都没有 cultural appropriation 的感觉，皮克斯团队做足了调查诚意一百分！！！ ,5,力荐,69,0.4164142299613254
2017-11-16 15:58:30,Mallory,9分电影，比头脑特工队好，比肩瓦力，故事欢乐流畅，没有刻意煽情。亡灵的故事，画面却是暖色调，家庭亲情加适当的励志，适合各年龄段。此片质量在国内应该会大卖。,5,力荐,467,0.9999986447257304
2017-11-16 16:09:05,美嘉.rar,我们是人类的一分子，而人类是充满激情的。医学、法律、商业、科技，这些都是崇高的追求，足以支撑人的一生。但音乐、诗歌、梦想、情感，这些才是我们活着的意义。,5,力荐,15800,0.9999999999908956
2017-11-16 18:39:55,桃花不拌饭,“Family comes first.”的前提不应该是互相忍让，而是相互理解。（PS.亡灵入关这段非常荒诞幽默！！！,5,力荐,103,0.5441362915387143
2017-11-16 21:07:36,白井黑子阿尼娅,第一次觉得死后世界通往人间的万寿菊之桥和七夕鹊桥是一样的原理，爱不分种类是共通的，相见是因为想念，存在是因为记忆的力量。而只有墨西哥人能有欢乐的能力把悼念先人的节日过得如此五彩斑斓。欢迎有女儿的爸爸来影院哭一哭。亡灵节海关大厅井井有条，效率极佳!拒绝寂静的死后世界，我们要喧嚣!,5,力荐,9398,0.9999999999990166
2017-11-16 21:42:42,汽车大师,造另类世界一直是皮克斯的最强项，而至少从视觉上说，这里的死域是我最喜欢的皮克斯世界了，亡灵节的烛光和狂欢氛围居功至伟。剧本还是一贯的纯熟，半道一个转折就脉络全通，真要说瑕疵也就是故事说得太圆磨平了棱角，就比如那个二重死亡设定本是极惊艳的创意点，到全局看还是为了造角色危机，,5,力荐,615,0.9999999999022496
2017-11-16 22:42:52,阿德,不得不服皮克斯，一边和你探讨梦想、成功、家庭的意义；一边用各种充满想象力的情节、画面、音乐，让你叹为观止；这样的电影，怎能不爱。（家长指导：6岁以上推荐看，虽然有亡灵情节，但这可是一个关于爱的故事。）,5,力荐,5081,0.9999960955589288
2017-11-16 23:21:45,影志,皮克斯保持原创的又一巅峰，回忆与遗忘的情感核心，在家庭、音乐、梦想、冒险的故事线下饱满溢出银幕，最后只能以泪洗面。2017年度Top3,5,力荐,5176,0.999999998248599
2017-11-17 16:21:08,rururi,邻座的女孩哭倒在我怀里啊电影多么美妙！,5,力荐,24232,0.9996940853688134
2017-11-17 19:45:37,mecca,11/16@迪斯尼上海总部 四星半。谢邀试片会，Disney x Pixar这部新作在故事磨合与技术完成度上都大有跃升，于是哪怕梦想vs家庭旧酒仍喝得心服口服，毕竟就像动人记忆与生命人人都有，无法释怀的过去与莽撞拥抱的未来也易勾人。墨西哥亡灵节(Dia de Muertos) 他文化背景植入更深。知死而生，善莫大焉。,4,推荐,59,0.9999999999982176
2017-11-20 12:27:29,文白,不到1/3处就猜出了整个故事，往后基本没任何出乎意料的惊喜，不能说有多差吧，毕竟是给小孩看的动画，笑点泪点都有了，不过对比皮克斯这个品牌，我还是不希望它在平庸的路子上继续走下去。,3,还行,448,0.9995811149638792
2017-11-20 13:30:34,下雪了没有,广州试片会。主持人在现场透露：Coco原本涉及到亡灵题材，是不能引进的。但是在过审时，当场看哭了所有广电审查人员，so破例让过了。。。,5,力荐,35622,0.4348811491430597
2017-11-20 13:55:54,荔枝超人,香港鬼片用了不知道多少次的梗（以至于该角色一登场我便估中其身份），这一次被皮克斯用招牌风格重新包装，看得一群人哭崩长城，谢谢迪士尼。,3,还行,509,0.9886001143977158
2017-11-20 16:03:43,王写写,年度最佳动画！卖相看起来很差：没有外表讨喜的角色，没有足够可爱的画风，没有煽动性的故事，墨西哥文化对多数人也较陌生。但实在太好看了，叙事几乎完美，节奏明快流畅，情感爆发力难以抵挡。最后的转折不至于惊天，却是我近年见过的最合情合理又足显张力的反转设置。煽情却不滥情，一部聪明的电影,5,力荐,257,0.9999999999764984
2017-11-20 16:38:20,你虎哥,满分。毕竟我已经很久没有看个电影哭得像个小孩子了 似乎大家又要说起那句老话：电影是绝佳的造梦机器。那些回不去的家乡 没能守护的家人也只有在梦里相见。,5,力荐,9658,0.999999941235085
2017-11-20 18:29:24,瓦力,比肩皮克斯8-9年前巅峰水准，小台灯常带来感动，但被感动哭的只有up的开头和coco的结尾。一流想象力塑造丰富宏大亡界观，被人遗忘是“终极死亡”，“活在记忆中”是生者逝者的唯一牵绊暖心动人，不过照此设定，在亡界存活最久的大多会是历史名人而非劳苦大众，难怪要钞票上印着城门上挂着...9/10,5,力荐,530,0.9999999999985948
2017-11-20 20:40:33,久光耀一郎,散场后去洗手间，看见一帮子不爱随身带纸的大爷们正在集体抽纸巾抹脸。,4,推荐,310,0.126175604679712
2017-11-20 22:24:22,季霖,看着看着就哭了，哭了有至少三次。片头叙事的载体与手法很巧妙，时空流畅地穿梭于缤纷色彩中。配乐动听，Dolby带来演唱会般的体验。纯真美好的梦想无比激昂，安稳温暖的亲情格外芬芳。我们都会离开这个世界，可是，有了一片金色花瓣的祝福，我们不会孤单。想唱就唱，唱得响亮；想哭就哭，泪过启航,5,力荐,1202,1.0
2017-11-20 23:01:54,西楼尘,供奉的遗像是牵引家人回家的通道，驻留的记忆是保持亡灵存续的神力，热闹的音乐是唤醒思念启封的药引。我为你写了首歌，穿越浩瀚的岁月烟尘，捱过冰冷的孤独冬季，横跨漫长的天人之路，在你老去的时候，唱给你听。这瑰丽的灯火万家，摇曳的烛光千盏，不如你梳着麻花辫坐在床头时，眼里闪烁的星光璀璨。,5,力荐,29644,0.9999999996189148
2017-11-20 23:35:59,金敏丧,音乐梦包裹的家庭亲情，墨西哥文化外壳下的美式主流价值观，色彩斑斓到近乎光污染，一场华丽的流水线匠气之作。比同样讲墨西哥鬼文化的《时间之书》和吸收日本文化的《魔弦传说》都要好，只不过这种好是工整大于创新，保守大于新意。如果皮克斯继续再以搞笑温情催泪为标签，那与韩国电影将无任何差别。,4,推荐,25,0.9999949315064612
2017-11-23 04:13:22,gerald,片名才是全片最大的泪点QAQ！都是讲亡灵节，Coco比生命之书高到不知道哪里去了，墨西哥人的生死观真是讲得透彻。故事讲成这样真是太厉害了！预告片里惊艳无比的冥界城市到了电影里甚至更加惊艳！,5,力荐,126,0.9999990301255012
2017-11-23 12:10:18,私~川流,当你被生者遗忘，便是你再一次死亡。,4,推荐,496,0.9853871994844304
2017-11-23 17:41:31,大聪,死亡并不可怕，可怕的是最终被遗忘，皮克斯的故事总能像剥洋葱一样，层层包裹着秘密，最后让你眼泪决堤。,5,力荐,292,0.9999740275865452
2017-11-24 03:24:45,Castle,翻译的什么破名字,5,力荐,33,0.3521318663059738
2017-11-24 08:25:01,NarvikAustin,皮克斯又预定奥斯卡了，拍这么好看简直是犯罪。美国有没有商务部什么的，查查反垄断。,5,力荐,276,0.4389672032224662
2017-11-24 09:56:06,Kirara酱,"人有三次死亡。第一次是生物学的死亡；第二次是社会宣布你死亡；第三次是最后一个记得你的人离开这个世界。
想念上个月去世的外婆，想念老爸，想念所有离我而去的人们。
后悔没带纸，平复了半天情绪最后离开放映厅。。。",5,力荐,9242,0.9999880883832876
2017-11-24 11:16:50,三匝,Pixar的动画其实总有种淡淡的中年感，虽然总是通过幼年或弱势角色窥探世界，但是探讨的话题会随着年龄和经历增长越来越觉得扎心。经历过亲人过世后再理解任何讲述家与爱的故事都不可能再和以前一样了。感激有这样一个疗愈故事让很多人可以借着角色去排遣自己的哀思和遗憾。,5,力荐,265,0.999999999999668
2017-11-24 12:19:15,Squirrel,皮克斯就是他妈的世界的主宰！,5,力荐,115,0.9595605235949144
2017-11-24 13:13:21,少年赵里昂,二刷依旧被感动的一塌糊涂，本以为可以二刷会有不同的体验，没想到是一次全方位的动人复刻。以下是两年前的短评：多么棒的文化输出啊！一个国家的文化完美的与家庭、爱和梦想契合在一起。亡灵世界美的不像话，色彩简直太太太好看了！！剧情扎实平稳，从塑造出一个光彩夺目的世界，再到讲圆满一个泪目感动的故事，毫无炫技却动人心弦。最后想说，如何活着决定你将如何死去，怀揣梦想也要爱与被爱，年度最佳动画！,5,力荐,212,0.9999999999993416
2017-11-24 13:21:49,拉赫玛尼诺妇,上午跟同事打赌说我泪点这么高的人看这个不可能哭的 中午就打脸了 虽然知道它是老套的主题 没有惊喜的剧情 但依然很感动 有些故事 可以一直讲下去,5,力荐,36,0.9999166738412522
2017-11-24 13:42:20,阿暖,真的是太催泪了，亡灵的世界也是真的漂亮，几乎要沉醉在那个犹如frida画作的世界。其实仔细一想，让我感动的好像并不是family这个概念。让一个男人怀恨而死，又在穷困潦倒中再死一次，他执着的可以是女儿，换一部电影也许是爱人，也许真的是音乐梦想……但这样得不到的遗憾永远动人。,4,推荐,212,0.9999999993129108
2017-11-24 13:49:45,糖炒栗子,我相信终会有一天我们还会再相见,5,力荐,82,0.9012322613406534
2017-11-24 13:58:18,Jiao,带着期望颇高的一颗心与无意中独自承包全场的愉悦观影完毕，相对于皮克斯的原有水准这个故事中人与亡灵关系的设定还是很动人的，照片与记忆无比重要。剩下的就是各种套路了，除了绚丽的颜色没有什么能留下太多印象，分数有些虚高了,3,还行,317,0.999989513262062
2017-11-24 13:58:30,百城千世子,迪士尼这几年的动画电影在美术设定和细节上越来越丧心病狂，剧情还是都太套路了，这部更是套路到每个情节都能猜到。即使如此，看到最后我简直要哭晕在座位上了，相信我，如果你有想与其和解的亲人、或者想改善自己冷漠的内心，就带他一起来看这部电影吧！,4,推荐,118,0.9999941492964868
2017-11-24 14:17:54,大夫唐,本以为是醉乡民谣，却是请回答1988,5,力荐,382,0.3472644778784823
2017-11-24 15:37:44,徐若风,4.5 在结局猛烈的组合拳煽情下哭到眼睛都睁不开...虽然还是有不少皮克斯惯性的程式，依旧是今年最感人至深电影、近两年最好美国动画、奥斯卡最佳动画！瑰丽无比的世界观、美轮美奂的画风、动人的音乐、巧妙而精致的剧本，也许在人物出场第一秒大多数人便已能猜到反转套路，但丝毫不影响情感上的冲击。,5,力荐,65,0.9999999999164968
2017-11-24 15:57:15,欢乐分裂,联想起昆德拉的《不朽》，当你永远镌刻在他人的记忆中，这就是「不朽」；包裹着南美异域风情的糖心励志片，这片神奇斑斓的土地上从来不缺奇幻，「爱」成为记忆的容器，成为和解的通道：“请你记住我”，穿越时空的亲情，即使在漫漫岁月的尽头，仍能攀住最后一丝爱的回念，抵挡住时间的侵蚀。,4,推荐,95,0.9999999838130758
2017-11-24 17:23:16,基瑞尔,可能越来越冷的天气以及一个个残酷事件的刷屏让人容易变得感伤：当看到热情洋溢的拉丁文化被这部动画完美的捕捉，还有加西亚可爱的配音，找到了温暖和慰藉（真的很久没给动画片五星）。想起了Gina在金球奖说papa总教她‘dream big’，不知道我们的七月半能够拍得这般激励、暖心和感动吗？,5,力荐,53,0.9999999998534344
2017-11-24 18:20:46,叶纸君,梦想很重要，家庭也是一样。,5,力荐,50,0.973356300918127
2017-11-24 18:31:33,虾坨坨艺仔,套路也没惊喜，但依然感动。不过就连死后的世界阶级差异也这么大，大家不觉得细思极恐吗？,4,推荐,449,0.9139407918817032
2017-11-24 19:02:50,saturdaylou,原生家庭太可怕了,2,较差,127,0.6578349055079711
2017-11-24 19:14:50,路人Eita,几乎每一个主题都是烂熟于心，每一个转折都在意料之中，依旧无可避免地泪流满面。因为墨西哥人绚烂如梦的亡灵国度，是我仅见过对死亡二字最坦诚的拥抱。因为被铭记而灵魂不灭，尽管于世界不过只是轻如微尘的过客，但当照片被置于祖辈的灵坛，他朝魂归有处，后人缅怀有时，这才真正叫做家人的羁绊。,5,力荐,27,0.999999999982146
2017-11-24 19:42:14,Ocap,所有顶级“假大空”命题都在通俗语境下被深入浅出地落到实处。设定巧思、异世界打造水准不言而喻，煽情功力无可匹敌。所谓套路之完美，代表的是背后真正无懈可击的剧作，皮克斯不死也好，被迪宝宝同化也罢，这样既能博取最大观众群又言之有物的电影，放眼世界每年仍不超三部，值得所有从业者虚心师之。→2018.7.28二刷。,4,推荐,336,0.9999999998259684
2017-11-24 21:15:50,把噗,感动太廉价了吧。想象力好像也不太行（看《千与千寻》）。骷髅扮相着实难看（对祖先没有些敬畏心？）。大半夜的不得把孩子吓死？,3,还行,127,0.9729976655173628
2017-11-24 21:19:29,托尼·王大拿,Up的一体两面，成长的代价与偶像的崩塌，但墨西哥元素揉的实在太巧妙，煽情起来也依旧让我难以招架。,5,力荐,63,0.9999394235342612
2017-11-24 21:40:36,猛汉世雄,非常好看，观众朋友们（尤其是家长）请带好纸巾,4,推荐,40,0.907326389997292
2017-11-24 22:43:11,风间隼,明明是墨西哥风情，却让人涌起乡愁。亡灵节堪比中元节，墓地花海恰似放河灯，还有开头的剪纸和结尾的阴阳团聚，好电影果然是能突破文化壁垒的。从温馨恬静的小镇暮色到光怪陆离的冥界舞台，光线和色调的运用极棒。,5,力荐,188,0.9999999999759428
2017-11-24 23:44:53,默语生,墨西哥味的春节档合家欢贺岁片，其价值观之保守中庸真是驯服教育的典范。皮克斯的技术和审美塞着迪斯尼主旋律内核，连着好几部长片来说教，烦透了。不论有什么天分和理想，总归亲情最大，要向平庸的家庭忏悔妥协，在岁月静好里束缚天性，真是虎爸妈会微笑八零后会流泪啊。三星半。,4,推荐,33,0.9999999786819552
2017-11-24 23:49:26,诸葛若见,意料之中关于梦想、家庭、亲情的故事，情理之外的阴谋与转折。奇幻绚丽的亡灵城，喷涌而出的墨西哥元素。双重死亡的设置，很具想象力。电影完成度很高，却有着动画难得的紧凑感，没有浪废一个多余镜头。皮克斯总能精准戳中，人们那部分叫爱的软肋。,4,推荐,48,0.9999999999970756
2017-11-25 02:53:15,胤祥,虽然又被煽哭了两次，但是这片还是离[头脑特工队]差点意思。主要是人物比较简单粗暴（揭示真相的[哈姆雷特]梗还是蛮巧妙），阴阳两界的互动至少少了一番儿（Miguel应该再回去一次，发现阳间有解决不了的问题再回来才对，看看[头脑特工队]的写法）。但是画面真是美到感人啊，又种草了墨西哥……,4,推荐,102,0.9999999556878748
2017-11-25 09:41:46,汪金卫,逐夢音樂版《僵尸新娘》。濃濃墨西哥風情配上動聽的音樂、感人的劇情，似乎完美。然而也有套路之感。太奶奶角色註定要煽情，反派的揭露和被打敗的節奏太快。而結尾父母奶奶態度的轉變也有些生硬。被遺忘就消失的設定看似感人，細想希特勒豈不是也可永存？字幕最後的畫面更加感人。絕非皮克斯最佳狀態,4,推荐,25,0.9999981588892056
2017-11-25 14:04:08,猪大腿,开映前特意买的nachos代替爆米花。这应该是去年以来好莱坞示威川普最成功的一次？说回电影本身，这一碗墨西哥家庭装玉米浓鸡汤，社恐恐婚恐育的我带着泪干了。,5,力荐,32,0.9771266831111364
2017-11-25 14:25:22,桃桃林林,亲情催泪弹。所以，动画会不会好看，除了技术，更重要的还是如何讲好故事，把感情放进去，借作品把情感传递开，包括这部以及头脑特工队等很多能成功，皆是如此。不过，有些人似乎总是搞不懂这件事。,4,推荐,4602,0.999999070860681
2017-11-25 14:35:46,蜉蝣,看完电影走在路上想了想还在掉眼泪。片名是最大的泪点。遗像是亡灵反乡和思念的介质，电影是勾起回忆和创造彼岸世界的介质。,5,力荐,168,0.9999998235004768
2017-11-25 16:38:39,齊克斯尼力佐飛,我给你我所有的祝福，没有任何条件。,5,力荐,509,0.9144096234638548
2017-11-25 18:24:02,小黄鸭,生的对立面不是死亡，而是遗忘，亲情这个话题最是催人泪下,5,力荐,1349,0.9999334434887612
2017-11-25 20:30:39,掉线,【B】即便能够轻易预料情节走向，还是会被感动到飙泪，这就是皮克斯品控的强大啊。但这个主题，真的不是在重复飞屋吗，就连第二幕转折的方式都如出一辙（偶像覆灭）。而且一开始设定下太死，非得是痛恨音乐，最后又要一瞬间变得热爱音乐，配角的态度变化因此显得十分唐突,4,推荐,84,0.999999999384513
2017-11-25 20:34:42,黎霹雳,哈哈哈吓哭了身边好几个小孩,5,力荐,28,0.9757017327110524
2017-11-25 20:37:45,mumudancing,皮克斯近十年超越《玩具总动员》的佳作。故事充满想象力，视觉、音乐美轮美奂，最动人的是故事的真谛，超越梦想和生死。,5,力荐,35,0.9999999988115512
2017-11-25 21:07:08,大罗,对于皮克斯，是很垃圾的一部电影，乏善可陈，没有一点儿新意，看了开头就知道结尾，完全是浪费时间！一句话概括，这碗鸡汤里有鸡屎……,2,较差,77,0.6130052994643524
2017-11-25 21:07:08,大罗,对于皮克斯，是很垃圾的一部电影，乏善可陈，没有一点儿新意，看了开头就知道结尾，完全是浪费时间！一句话概括，这碗鸡汤里有鸡屎……,2,较差,77,0.6130052994643524
2017-11-25 21:58:14,游牧人·芳汀,#电影院#本地只有国语排片，本来以为是国语配音英文配唱，万万没想到唱歌的也是国语，本來應該很感動的情節頻頻出戲，观影感受真是一言难尽。。。。,5,力荐,22,0.0274347543891453
2017-11-25 22:46:11,恶魔奶爸Sam,哭的一塌糊涂,5,力荐,196,0.065316701545143
2017-11-25 23:22:26,亵渎电影,这可能就是传说中的好故事吧，看似一切都在按照套路推进，但之后剧情随便翻几翻，就能赋予故事强大的情感力量。,4,推荐,1001,0.9999994150692768
2017-11-26 01:52:00,Morning,好哭。优缺点并存且被放大，在人设和反转上过于粗暴，导致情节一开始就能想到末尾，而电影也似乎不想经营这一方面，将更动人的地方去到了描绘亲情的细节。coco那几声“爸爸”真的是感人，全片是因这个而支撑起来。,4,推荐,25,0.9999999754850254
2017-11-26 02:28:17,Rilkelee,漫天好评太夸张了吧。。。Pixar的叙事与价值观内核真是愈发俗套保守了，这还真是个全世界都要回归家庭本位的年代咩。。。,3,还行,2126,0.9963081030890668
2017-11-26 10:15:38,凯撒不爱我,比《inside out》差远了。老套的剧情，廉价的泪水，画风精美但比不上《生命之书》。阴阳两界想起《僵尸新娘》也不算特别。但还是很喜欢“人们靠记忆而存在”的设定。想念我温柔美丽又大方的墨西哥室友Raquel.,3,还行,58,0.9999999841375706
2017-11-26 11:07:27,北溟鱼,散场时候一个人坐在位子上哭成一两百斤的狗子 电影里误会能解除 欺世盗名的会得到惩罚 家人会不论生死在另一个世界团聚 但那是电影了 电影有个好结局 但人生没有这样的好事情,4,推荐,1686,0.9999999917389848
2017-11-26 13:36:46,丁小云,忘带纸巾看这部电影是我的错。看到最后哭惨了。看到高潮前，心里还有一些吹毛求疵的想法。但最后的高潮直接净化了这一切。英语原声版里小男主的太奶奶每一次喊“爸爸”，都会让我的心颤一下……,5,力荐,145,0.9999880225293248
2017-11-26 14:45:11,Ying,电影院左右的大人带着孩子一起哭得唏嘘唏嘘的。只是完全不是我的哭点。,3,还行,40,0.9988157666413332
2017-11-26 15:48:24,瑾朵朵,咽气的时候不算真正的死亡，是被世人遗忘的时候才是,5,力荐,92,0.9821234099418952
2017-11-26 15:57:52,哪吒男,近年来公映电影中唯一大篇幅正面涉及“鬼魂”“成精”的作品。“我祝福你，不带任何条件。”,4,推荐,88,0.9999547050891971
2017-11-26 16:28:02,张小北,不算皮克斯史上最佳，但在今年这个格外寒冷的冬天，它足够温暖。,5,力荐,3602,0.9893169545208618
2017-11-26 17:12:01,吉云,看完觉得一般啊，为啥评分这么高。我觉得这片过段时间最终能定格在8分就不错了。音乐不突出，笑点不突出，人设不讨喜，场景一般般，唯一打动人的就是最后那个催泪点吧。,3,还行,58,0.867957754980821
2017-11-26 18:20:53,JoshuaLi,这不是墨西哥与墨西哥人，片中角色不过是披着墨西哥外皮的美国人，但如此美式的虚伪并不妨碍它成为又一部有不错艺术价值并宣扬着传统价值观的迪士尼动画，墨西哥文化的凤毛麟角被皮克斯的精心匠人们在视觉上转化成充满想象力与优秀艺术设计的幻想世界，但这不能拯救影片在八股叙事公式中讲述的滥俗故事,2,较差,176,1.0
2017-11-26 19:25:14,shininglove,老人不图儿女为家做多大贡献呀，一辈子不容易就图个团团圆圆。皮克斯替蔡国庆唱了回春晚。,4,推荐,6412,0.998353763153677
2017-11-26 21:22:11,鹿菏,可恶的皮克斯，又一次在电影院哭成傻比,5,力荐,89,0.0605792041047544
2017-11-26 21:33:54,肖恩恩恩恩肖,请皮克斯收下我的膝盖……看片的时候大家在讨论基佬没有后代，是不是在阴间也会消失得很快。ಥ_ಥ,5,力荐,50,0.647853359846122
2017-11-26 23:16:32,女神的秋裤,算好看，9.3的分虚高了，跟9年前9.3分的瓦力差挺远,4,推荐,58,0.0754325977264316
2017-11-27 05:31:09,木由,「你将获得我们的祝福，无条件的。」小男孩和coco对唱一段太感人了。Frida Kahlo真是墨西哥国宝。,5,力荐,40,0.9998179919932334
2017-11-27 08:42:13,马克爱马克,除了音乐，都很低幼。剧本简单俗套，可预测性极强；煽情桥段也没玩出什么花样，倒是墨西哥和音乐这两个主题的设定有点意思；最让人失望的是人设，狗和埃克托都是非常有潜力的角色，但是塑造的非常扁平，既不可爱、也不可笑。不是烂片，但严重过誉。,3,还行,39,0.9998085823088873
2017-11-27 12:17:43,芦哲峰,家族与梦想的冲突与和解，果然能击中大多数的人。可对我而言，家族是羁绊，梦想是虚无。从小到大就对家族、亲情无感，对死后是不是被人记得更无所谓。所以，这部皮克斯与其他的皮克斯并无不同，都是些惯用的煽情手段，带来廉价的感动。,3,还行,189,0.9999999676175724
2017-11-27 13:56:33,荞麦,虽然老套但真的很美妙。但被谋杀那段也实在太黑暗太残酷了。但被美妙遮蔽了。,4,推荐,28,0.9999943785650756
2017-11-27 15:29:06,文泽尔,也就看个设定了 剧情和煽情点套路到令人发指 处处似曾相识 技术上无话可说 艺术上已经是典型的皮克斯式刻板,3,还行,261,0.7688927163863717
2017-11-27 21:36:15,米粒,是不是应该叫“冥界总动员”😂但是那样听上去有点像香港B片。。没忍住还是被这样很传统的家庭价值观煽到差点哭出来，皮克斯太会抓人内心最柔软的地方，“一家人最重要的是整整齐齐”，不管是否阴阳两隔。话说这个冥界更像是一种填补生者遗憾的地方呢，一切都是人间的延续，记忆消失亡灵也不复存在,4,推荐,127,0.999997549489024
2017-11-27 21:44:34,恶魔的步调,极简的故事，极动人的细节…皮克斯可以说将动画作为一种工艺品做到了极致。,5,力荐,33,0.9772226178389272
2017-11-27 21:56:26,内陆飞鱼,哇，太棒了，阴阳交错，仙境漫游，充满童心的想象力，彩色温暖迷幻，故事一波三折，绚烂的阴间图景，层次分明，合家欢，老少咸宜，爱憎分明的骷髅们歌舞升平，生老病死，俨然另一个悲欣交集的人间，不知创意上有没有受蒂姆·伯顿《僵尸新娘》的启发，国内编剧抓破脑袋也不敢写这样的故事吧，五星力荐！,3,还行,61,0.9999999999999138
2017-11-28 09:59:03,眠去,1、对不起，梦想和亲情永远不该对立。男孩最后怎么就能主动放弃了呢？2、我爱这个死亡和分离的故事，感谢皮克斯，将墨西哥的亡灵节变成了温馨的生之欢喜。3、依然催泪，但你流泪了，不代表这就是一个好故事。泪水不该廉价。,4,推荐,1970,0.9999999818743452
2017-11-28 15:55:38,杨迪,强推！又一次在电影院哭到无法自已。,5,力荐,570,0.3844805097346514
2017-11-28 17:03:11,過期貓糧,虽然很不错，但总觉得少了点什么，细想一下原因可能有三：1，祖祖祖奶奶的爱恨表达很草率，唯一的解释就是她是个任性的女人，但这样情绪就略显单薄；2，以后真是不能看预告片，看完基本讲些啥都能猜到，没有惊喜了；3，邻座小孩害怕骷髅，一直大喊要回家，可她妈非要看，太她妈任性了！,3,还行,30,0.9999997968859228
2017-11-28 17:14:58,皮革业,应该是Pixar2010年代最佳了，能选取墨西哥亡灵节来开发项目也真是大胆，美术呈现也足以秒掉《头脑特工队》之类的架空题材。剧情上的套路狗血也可以被谅解，这毕竟是墨西哥，必须来点儿拉美肥皂剧式的戏码啊……,4,推荐,16,0.9999999976578018
2017-11-28 22:06:44,拐 彎,“死亡并不是真正的告别，忘却才是”。,5,力荐,56,0.6482270749614344
2017-11-28 22:45:56,迷宝,父母皆祸害 谨慎信鸡汤… 看到后来有点腻味,3,还行,38,0.3247274248583363
2017-11-28 22:46:32,海鹰,没有被催泪，剧情老套。看完总感觉这电影的三观有点儿问题，亡灵世界的槽点简直不要太多，孤独的人就算死后也要继续灰飞烟灭，比死了还要凄凉一万倍吗！马太定律居然在死鬼世界也运行自如，感觉诸位都白死了一回了啊。最可悲的是穷人死后都不知道自己是被富人害死的，还要继续在地下被富人欺负！,3,还行,72,0.172857728173908
2017-11-28 23:48:01,方慧,如果真有那样一个世界多好。,1,很差,37,0.9424244812489548
2017-11-29 00:20:35,刘康康,故事讲得太套路，感情就显得不那么真诚了……几乎每一步都符合观众预期……,3,还行,32,0.9988124500115464
2017-11-29 16:05:34,黄青蕉,可以说每一秒都是套路，但是还是哭得汪汪叫，羡慕可以这样坦然天真的谈论死亡的心境,4,推荐,761,0.9999869997438222
2017-11-29 17:20:30,fateface,煽情肯定是煽情的，但是我猜到了几乎每一个情节，真的也是有点醉了。的确是很好的爆米花片子吧。,5,力荐,34,0.9461707238328408
2017-11-29 21:08:37,成知默,人的一生要经历两次死亡：第一次是肉身的死亡，第二次则是从爱你的人的记忆里消失。当这个生者的世界不再有人记得你，你就彻底地真正地死了。。,4,推荐,48,0.999967801028868
2017-11-29 22:49:58,柴斯卡,一部非常非常适合正常人的电影 对反派的处理令人感到不快 受不了这种“大快人心”“围观群众”式的桥段 粗暴 野蛮,3,还行,123,0.9774050297114402
2017-11-30 16:58:22,邓安庆,精致平庸。对这种模式化的故事实在是倦怠了。看了这么多迪士尼的，永远都是在拍同一个事情。,3,还行,1392,0.6697990413106854
2017-11-30 21:16:31,神威,最简单的最动人，在米格说很自豪和维克托是家人，维克托眼睛一亮，有不可置信喜悦的时候端不住了，在对着老耄奶奶唱请记得我那一幕彻底泪崩，标准的泪流满面，另外，这片子好多让我想起77的地方,5,力荐,31,0.9996071753696252
2017-11-30 22:07:30,海棠,美瞳都哭丢了,5,力荐,59,0.909586804023583
2017-12-01 15:19:43,尉迟上九,猛戳泪点，想起了早逝的亲人，让人服气的皮克斯，看来看去也就换了个墨西哥包装讲了讲生死间的故事，核心不变，但总能拨动观众心里最脆弱的那根弦，活得太现实反倒会失去很多快乐和感动，很多时候唯有对死后报以天真的幻想，才能慢慢冲淡内心的悲伤和遗憾，担起这生命不可承受之重。我们终将会被遗忘。,4,推荐,31,1.0
2017-12-01 20:58:07,大头绿豆,三岁的娃看完，问他最喜欢谁，他说喜欢那个刚出生的小妹妹，理由是「我刚出生的时候也是那么小的」。所以，在娃他妈居然还妄图问他「你会记得妈妈吗？」的时候，我只好暗地给了她一个「就他这智商，你还指望他正经回答你，你四不四洒」的眼神。,5,力荐,30,0.5911990279283349
2017-12-01 22:03:00,小岩井,COCO每次出场，即使那么安静地坐在椅子上，都会让我忍不住想哭。我只是想到了我奶奶，想到小时候她就那么慈祥地坐在一旁看我........,5,力荐,536,0.9767348163477866
2017-12-01 22:30:59,魏小河,有点像我们的阴间阳间。皮克斯厉害，这么小的一个切入点，却把故事讲的感人至深。,5,力荐,39,0.9338826189395684
2017-12-01 23:09:17,李不贱,动画片告诉我们，养猫，不但能吸猫，死后还能当大boss。养狗，没卵用。,4,推荐,784,0.2207248861668967
2017-12-02 01:36:51,韦思嘉,希望这些年你也回来看过我。,5,力荐,1150,0.5847039548748211
2017-12-02 11:49:49,国王KING,Remember me,5,力荐,35,0.5
2017-12-02 12:19:53,曾于里,没哭，中途一度要睡过去了……怎么说呢，换了套路讲同一个关于爱和亲情的笼统故事。也许是我的感动阈值太高了，我还是喜欢那种有更多生活实感，少一些煽情的叙事。当然了，动画效果没得说。,3,还行,85,0.999978028785528
2017-12-02 12:19:53,曾于里,没哭，中途一度要睡过去了……怎么说呢，换了套路讲同一个关于爱和亲情的笼统故事。也许是我的感动阈值太高了，我还是喜欢那种有更多生活实感，少一些煽情的叙事。当然了，动画效果没得说。,3,还行,85,0.999978028785528
2017-12-02 17:14:52,bamboo,刚刚在墨西哥待了半个月的我，看完电影，又开始想念她了。,5,力荐,110,0.986484162637494
2017-12-02 22:26:18,*ST-MachineGUN,看到最后情绪都快坚持不住了，泪如雨下。想起了自己的父母，所有理解自己宽容自己支持自己的至亲都离开人世，现实中都是对着自己的人。实在是太想念他们了，希望父母在天国一切安好，我会永远记住他们。,5,力荐,42,0.9999999125698704
2017-12-02 23:23:13,传奇☂,2017-12-2 有人说过：人会死三次，第一次是他断气的时候，在生物学上他死了；第二次是他下葬的时候，人们来参加他的葬礼，怀念他的一生，然后他在社会中死了，不再有他的位置；第三次是最后一个记得他的人把他忘记的时候，那时候他才真的死了。,5,力荐,55,0.993827846716507
2017-12-03 20:08:22,范困,你都如何回忆我，戴着孝或是很沉默。,4,推荐,36,0.999596035365903
2017-12-04 18:53:14,不良生,电影散场，走出日光下的地面。仿佛也赴亡灵世界游历一番，重新回到人类的世界。明白电影营造的亡灵世界只不过是一场慰藉世人的梦。但至少坚定了往后人生的意义之一：好好活着。只有这样，母亲才能继续活在我的念想里。,5,力荐,75,0.999999999994873
2017-12-04 18:57:48,小斑,一小孩一老头在奇异的世界携手并行最终成为家人，熟悉的配方，就是置景，想像力和欢乐性都比《飞屋环游记》差了一个皮克斯。音乐和歌舞场面则差了一个迪斯尼。在万圣节和感恩节之间恰到好处地消费了一把墨西哥亡灵节和弗里达。对，我就是那个全程一毛都没感动到的没血没泪的家伙。,4,推荐,68,0.9999830245354396
2017-12-05 18:53:29,小海,皮克斯他妈简直是世界的主宰。,5,力荐,25,0.8316412881899194
2017-12-05 21:31:53,亚比煞,我好想你。别忘记我。,5,力荐,335,0.635612425318019
2017-12-07 13:39:57,齐木楠雄,亡灵世界的基础是活着的人的思念，很唏嘘。,4,推荐,16,0.999826308786142
2017-12-08 21:06:37,daparo,要么永恒，要么繁殖；要么梦想，要么家人。多么可怕的内核，不明白高分和哭点在哪,1,很差,64,0.9974279096905296
2017-12-08 22:08:45,桃花石上书生,讲真也是很好看，节奏舒服，但是情节和主题都是偏弱的，有人说可以媲美《千与千寻》这就过分了。,4,推荐,15,0.9994280627360204
2017-12-08 23:37:26,LORENZO 洛伦佐,皮克斯再次献上最佳剧本，聪明巧妙得让人嫉妒：讲的不过是亲情，生死，铭记以及梦想这么简单的主题，却让观众在生死两界穿越，看到了另一边的瑰丽。这样的生死观，虽不能说完美，但依然豁达坦荡直指人心（看的时候前面一对右边也一对gay，右边那对看到半场就开始哭，前面那对字幕完了都不舍得走-。-）,4,推荐,35,0.9999999999992036
2017-12-09 07:52:46,TimberNord,时辰一到，台词一出，剧场唰的一声，全场抽纸巾，继而抽抽哒哒的声音响起，很齐整，也很隐忍，宛如朝鲜领导人去世抬棺仪式组织方叫来了一群内向社恐的送别群众。,5,力荐,111,0.2870085080324307
2017-12-09 11:10:14,岛上的夏奈,迪士尼真的够了！收购漫威又收购皮克斯！天天来骗票钱就够了！妈的还要催泪！105分钟哭了三次！真的气死了！我为什么要花八美金在电影院被搞哭啦！好想爷爷奶奶！我不会忘记你们的！！！,5,力荐,94,0.9575602584240906
2017-12-09 19:23:30,绿芭蕉,"人死就灰飞烟灭，妄想什么彼岸世界长生不老？照这电影的理念，只要有人供奉着的还真是万万岁了。
影片三观很扭曲，没后人不行，闯世界做自己不行，不供奉祖先不行，要不是写着迪士尼出品，我还以为是哪个国产封建道德协会的洗脑产物呢，呕。",2,较差,99,0.9999912550342168
2017-12-09 20:41:51,貓小三的意思其實是如果先生,“因为是家人，所以就可以阻止你做任何想做的事”和“为了追求梦想，可以无条件抛弃家人”哪个更可怕？我觉得都挺可怕的，被遗忘都没那么可怕。三星给大猫。,3,还行,50,0.999739286888588
2017-12-10 09:22:23,同志亦凡人中文站,记忆是生命的延续，Coco才是故事的主角，那首“Remember Me”有点催泪啊。五彩斑斓的死后世界，看了一个多小时骷髅后我竟然觉得人脸就是长这样...（还有救吗）当然跟“千与千寻”还是有差距的，至少后者让人猜不透故事走向，而皮克斯满满都是套路可循。,4,推荐,363,0.9999999980312906
2017-12-10 21:45:54,逍遥兽,片名还是改掉吧。。。,4,推荐,21,0.735330787907402
2017-12-10 23:07:37,臭蒜頭,家庭固然很重要，但我首先是一个个体，为什么追求梦想和家庭变成了对立面？我不喜欢这个故事,1,很差,192,0.9989827773308142
2017-12-11 07:43:00,明安,虽然猜到了每一秒的剧情可我还是哭了啊！,4,推荐,72,0.6809779980089431
2017-12-11 08:07:40,🧸,墨西哥亡灵节。看的时候在想…大公司就真的可以把俗套的故事讲出新意 击中大家。也是第一次觉得烛光斑驳的祭祀场面很美。,4,推荐,19,0.9883232288422776
2017-12-11 11:49:51,柯里昂,上映的第四个星期才看，期待很高是真，不如预期也是真。大概是皮克斯正常偏低水准，抓住了“亲情”与“爱”的内核，大概怎么拍都不会让人反感，只是也相应抵消了应有的惊喜与偶得。能明白给高分的人的感受，有时候一部作品给观众心灵的撞击和震撼或许只在那么一瞬间，只是这部片没有属于我的那一瞬间。,3,还行,44,0.9999999966298516
2017-12-12 00:30:26,熊阿姨,墨西哥大型旅游宣传片。电影之外看哭中国审片员那个说法太恶心了。,4,推荐,87,0.3588100726579536
2017-12-12 13:28:27,谢飞导演,        ”环球影迷大会”上，答应影迷去看这部高受赞誉的动画片。虽没有想象的那么催泪、惊艳，但是创作者能根据墨西哥民族“亡灵节”的风俗，发展起来这样一部美好的作品，确实不错。好莱坞的大片即广采各国各民族文化特色，又结合娱乐通俗大片电影的精巧技能，难怪老少咸宜，风靡全球！,4,推荐,317,0.9999999999959372
2017-12-13 20:22:34,冰红深蓝,"1.剧作工整扎实,以对抗家庭始,通过反转终至完成追梦与家庭的想象性和解,虽被煽到但未被真正打动。2.墨西哥元素精美细致,弗里达乱入。3.亡灵城与万寿菊桥视效很赞。4.被钟砸死的设定有意味,但对时间与记忆的探讨新意不足。5.骷髅部分设计契同于[僵尸新娘]。6.死后世界还是最爱[可爱的骨头]。（8.0/10）",4,推荐,23,0.9999999923595356
2017-12-17 12:18:27,刮刮油,带着小妞看的国语配，符合“只要没有明星，国语配就是相当不错的”定理。我儿子说，虽然是喜剧结尾但是还是很心情很沉重很沉重感觉所以爸爸咱公园溜达一圈放松放松再回家写作业吧。,5,力荐,118,0.9999999975714662
2017-12-18 01:05:54,顿河,睡前记一笔，一个月来唯一的大银幕充满着倦怠失落。一定是我自己的问题，最近看什么片都觉得平庸，剧情太好猜，画风太低幼。大设定套用了人的三次死亡，也算是有新意，但没有一个人物爱得起来，为毛那么多故事以音乐作成功目标，为毛世俗成功又都以抛妻弃子作为假象途径？你们一定对爱好音乐有些误解。,5,力荐,66,0.9999995370618856
2017-12-18 01:05:54,顿河,睡前记一笔，一个月来唯一的大银幕充满着倦怠失落。一定是我自己的问题，最近看什么片都觉得平庸，剧情太好猜，画风太低幼。大设定套用了人的三次死亡，也算是有新意，但没有一个人物爱得起来，为毛那么多故事以音乐作成功目标，为毛世俗成功又都以抛妻弃子作为假象途径？你们一定对爱好音乐有些误解。,2,较差,66,0.9999995370618856
2017-12-20 12:44:58,想本雅明迟了迟,保守主义大本营作品。家庭、传统最重要，对修鞋匠和艺术家以及Latino的结构性剥削全被家庭和谐的神话掩盖掉。挥手再见👋🏻,2,较差,40,0.9995779010579257
2017-12-21 22:27:30,匡轶歌,因为是家人，就有权干涉你的人生、你的梦想，理由是“一家人就要整整齐齐”。片中家人所做的事，跟那些大家憎恶的逼婚家长没有区别，本质都是基于一种逻辑：前者是如果你做什么，我就不爱你；后者是如果你不做什么，我就不爱你——以爱为名的控制和捆绑，全都是家人or爱人实施的。幸好片尾解锁成功了。,2,较差,136,0.9999994749571024
2017-12-22 08:48:04,闫妮,哭,5,力荐,18,0.7049180327868854
2017-12-25 21:47:35,木卫二,TVB台词混搭瓜纳华托亡灵混搭追梦赤子心，其实被人遗忘更惨然，但也更接近这个世界的真相。世俗社会的成功，依然影响着亡灵之都的设定。白头女儿与年轻老爹的携手，好似星际穿越煽情大梗的普罗版。全场抽泣一片。可我总觉得，听完remember me的coco就该闭眼长眠了,4,推荐,113,0.9999999990904024
2018-01-07 18:02:15,陈哈,除了主打家庭概念，还有一条不弱的副线：如果你没有后人，或者你活着的时候不足够出名，那么，你被人遗忘的那天，在阴间会迎来“终极死亡”。所以你要么得有后代（且不论后代是否会遗忘你），要么得足够有名。皮克斯也会给小朋友灌输这，嘿嘿。。。,4,推荐,20,0.9999999958096744
2018-01-07 18:48:47,ZWW,遗忘才是彻底的终结,5,力荐,82,0.9790366953549128
2018-01-08 12:24:53,Adieudusk,"故事特别讨厌，好莱坞化场景特别讨厌。但是这种好莱坞化的故事，却很清楚地介绍了墨西哥的“亡灵节”（The Day of the Dead, Dia de los Muertos）的习俗。我曾经看过几个墨西哥艺术大展，展中有关于这种习俗的介绍，也看过有关的文章，都没有这个好莱坞故事讲这个习俗透彻。深刻感受到了通俗的力量！",3,还行,18,0.999999999999892
2018-01-16 09:22:42,陀螺凡达可,3.5 皮克斯一向很会抓煽情点，总能找到观众共通的情感软肋然后全力出击，这一点确实厉害，三颗星都给Héctor和女儿Coco这条感情线。其余通篇糟烂套路几乎没法看，非得立一个大反派居然还顺带破了一个谋杀案，墨西哥元素也多处显生硬。严苛点来说整体其实是在皮克斯水准之下的。,3,还行,131,0.9966416161294864
2018-03-19 19:01:30,美神经,很感人的一部片子，发展，音乐，场景各方面都很不错，喜欢这种风格的动画影片。,5,力荐,14,0.9999993299228964
2018-12-08 22:49:31,怀特金,没人会记得猪皮哥的吉他,5,力荐,31,0.9301917280289737
2020-08-12 13:32:32,交感电风暴,“这首歌不是写给世界的，是写给我的可可。”,5,力荐,38,0.969985954127848
2021-02-09 07:23:30,夜空中最胖的星,死亡不是生命的终点。遗忘才是。,5,力荐,110,0.9992356460986298
2022-04-04 21:33:08,囧之女神daisy,按这设定，一个死者，要想在死后世界“活下去”，不沦落到彻底消失，只有两个办法：1生一票孩子，崽子们世世代代延绵不断，2成为名人，粉丝们世世代代延绵不断。实在是太太太太繁殖癌太社达了。大家每天骂着繁殖癌和社达，结果上面淋点异域文化的糖浆，撒点好听音乐的彩珠，再来点煽情情节的香气，就缴械投降了。立场坚定点，朋友们，立场坚定点。,2,较差,61,0.9968141588572768
