2016-12-23 17:50:46,同志亦凡人中文站,根据真人真事改编，讲述印度一块女子摔跤金牌的诞生。剧情热血逗乐，竞技惊心动魄，挑不出什么毛病的宝莱坞电影，父女情尽在不言中。阿米尔·汗太敬业了，为了一闪而过的几秒就把自己的身材从肥胖练成魔鬼，好演员都是用生命在演戏啊～,4,推荐,11777,0.999999999999302
2016-12-24 07:02:54,仰望星空の派,这么好的一部电影。。弄得这踏马什么破译名。。听起来像儿童片似的。。,5,力荐,16611,0.3239429123896274
2016-12-24 08:44:27,Mr.猫,阿米尔汗就是印度电影的金字招牌，而且他每部电影都反映了印度方方面的问题，从《三傻》反映的教育，《我神》反映的信仰，到这部《摔跤》前一半反映了印度女权问题，后一半更像是父爱家庭人生的混合体，但这部电影的动作戏真是帅爆了，很精彩，没得说，8.5分应该不过分！！,5,力荐,4486,0.9999999999554254
2016-12-26 12:54:16,姨鸭的妈,全场都是三哥三姐三妈三叔，唱过歌时大家都起立了！非常燃！值得一看！,5,力荐,354,0.9944179332702016
2016-12-27 09:19:56,@sniper,最惊讶的是放印度国歌的时候电影院几乎所有人都站起来了。。,5,力荐,3142,0.9503035988773256
2016-12-31 11:44:40,豆丁,印度排名第一的电影，全球口碑已炸裂,5,力荐,10099,0.9018922613062198
2016-12-31 18:07:42,caj,就凭电影，谁也没资格叫人家阿x,5,力荐,11511,0.6656661733956095
2017-01-03 05:47:36,颇🦅,爱国主义教育片，把对手的发言拍的像日本鬼子一样傻,3,还行,202,0.6122071692982873
2017-01-03 11:17:05,司令,新年第一片，挺励志的。和去年的《麦克法兰》很像，体育传记。有头有尾，制作精良，戏很饱满，情节全都在点儿上。完成得异常标准，同时也缺乏惊喜。开头摔跤的一段mv很喜欢，可能因为对印度了解不多吧。最后放国歌的时候观众站起来了一半（印度人）。每次看这种片子都感叹我国最应该拍出这种东西。,4,推荐,204,0.9999999999671372
2017-01-03 13:20:42,米粒,励志和煽情都拍得特别使劲，甚至有点过头了，一到稍微有点要起情绪的时候就变成MV。感觉我们国家可以照葫芦画瓢拍很多这样的啊！很套公式的，不难拍。有很多鼓励女性的鸡汤话，实际还是个男权社会的毒瘤产物啦，从头到尾都在强调父亲的梦想，两个女儿自己的态度创作者觉得并不是重点吧,3,还行,650,0.9999974822198042
2017-01-04 16:34:36,Big hero,有的人拍电影只是为了捞钱，而有的人拍电影是为了良心。,5,力荐,1978,0.8520817938243624
2017-01-04 21:54:29,有点迷人,阿米尔一人饰演男主角19、29、55岁三个人生段。他首先完成了19岁的戏，然后疯狂增肥，一个月时间变成了体重194斤的55胖大爷，拍完老年戏后，又用5个月的时间疯狂减肥，回去拍29的戏！所以：为什么要这么折腾自己？直接拍完29再拍55不就好了？阿米尔说：那样我就没有动力瘦回去了！,5,力荐,21340,0.9999815721951318
2017-01-04 23:23:13,火火,在印度看得169分钟，一部处处衬着男权和父权的女性电影，女儿没有任何选择权，被父亲残暴地教育成为世界冠军，这个冠军的“正确“结果就意味着父亲教育的正确了。意外这部电影宣传期在国内口碑这么好，大家去看完整版吧认知会反转的,3,还行,2461,0.9999999999999758
2017-01-07 02:10:25,蜉蝣,父亲价值观简直令人作呕，以梦想、金钱、冠军强制女儿人生，所谓父女情不如说是满足私欲后的奖励。电影讲述打破性别偏见，其实自己已经偏见得无可救药。纵然父权被击倒在地，也要用整个后半部分将其再次扶到最高位。,2,较差,1771,0.9999999916464792
2017-01-08 15:41:30,影志,不聊三观，这就是一部通俗的励志片，千万别以为这是今年的《三傻》。,3,还行,1080,0.472868472787943
2017-01-08 18:43:56,Amberose,真的是一部很不错的电影，配乐也非常精彩，阿米尔汗出品必属精品,4,推荐,247,0.9996713950130952
2017-01-09 01:03:45,Eric,电影情节还可以。但是一想想要是我是吉塔的话，我想我会疯。这是多大的童年阴影啊。也只有极少数才会成为这样的冠军，大部分人是普通的。这样的家庭和教育带来的影响和成长经历我觉得会令人崩溃。虽然是真人真事改编，但这里面传递的价值观个人并不苟同。,3,还行,98,0.9999983558493823
2017-01-09 02:57:48,沉默如海,过誉了。全篇三个感动来自于战胜男摔跤手的女摔跤手，打败父亲的女儿，十四岁结婚的小姐姐对女主角们说，至少你们的父亲是爱你们的。关于父权，我认为这部片子意义在于给印度农村女孩提供了生活的另一种可能。,3,还行,254,0.9999999998136372
2017-01-09 11:46:53,飞夺座山雕,深夜翻墙看完，感觉恶心，太做作,1,很差,324,0.0466565752351224
2017-01-09 12:19:21,毛怪,爸爸不也还是直男癌。价值观无法认同。主题曲太魔性。最后放印度国歌印度人纷纷站起来吓尿。,5,力荐,125,0.9891554604198156
2017-01-09 14:43:40,bird,道德优越已成为评判电影最有效武器，但国家意志下的奥运奖牌，我们不也是抬头望五星旗留下不作假的眼泪、泛出荣耀？体育场外的我们永远也不会理解运动员的无奈委屈赛前赛后的悲凉，他们真实的快乐仍只会自己感知。什么时候电影不再容纳矛盾、还必须刻意记录三观伟正的故事？五味杂陈，才是体育和人生。,4,推荐,317,0.999999999994812
2017-01-12 07:15:59,18号可汗,片子是不沉闷的，可是一开始的节奏就让我浑身不舒服，丝毫没有看到一点女权色彩，看到的只有女儿们被逼着去实现爸爸的梦想，就算她们能赢得比赛摆脱家庭主妇生育机器的命运走上人生巅峰也不能掩盖这一点。片尾曲的时候有两个印度小哥跑到荧幕下面一言不合跟着音乐跳起舞来23333,2,较差,137,0.9999999979937448
2017-01-18 00:46:54,踢迩达,豆瓣文青们可能已经成功被白左的西方政治正确洗脑了：不放在具体语境下，以西方女权衡量一切本来就是一种偏见和武断。在整体状况还不如中国的印度，本片已经适当地展现了一种进步的女性生活方式，即便在父权的引导之下。让符号化的解读蒙蔽影片传达的真情实感，令人感到可悲。,4,推荐,7773,0.999999999991771
2017-01-19 01:47:35,七姐Claudia,我的印度女同事说:I wonder -- why didn't my father bring me up this way.,5,力荐,1908,0.783088210916496
2017-04-11 14:21:49,Mona Lishark,好看死了。拜托大家认真看完电影再做评论。爸爸有约定一年为期，不行就不勉强。吉塔在赢得了第一场摔跤比赛之后，也主动请爸爸带自己参赛。她们已经自己选择了自己的道路，被父母逼着选了专业还怂着不敢转型的朋友，你跟人家根本没有半点共鸣的好吧。另外，脱离印度实际环境谈女不女权根本没有意义。,5,力荐,14436,0.9999746116311744
2017-04-16 17:12:07,4477,北影节第118部电影，第一次见结束鼓掌这么长。170分无困点，中途跟随电影观众鼓掌无数次，结束也鲜有离场，比起上一场无人提问，这场1/3观众举手。真正好电影有真正好观众欣赏。他国演员的敬业，推荐他的电视节目《真相访谈》,5,力荐,208,0.999999994943642
2017-04-16 17:24:12,小鲸鱼社畜版,关于本片价值观－不看社会背景就评判三观就是耍流氓。在印度的社会状况下，女性是没有自由选择职业的氛围的，先破才能立。就像片中父亲对女儿说的－你不是在为你一个人战斗，你要让千千万万的女性看到女生并不是只能相夫教子。最后，这场斗争的意义早已超脱出父亲一己的梦想，升华了呀。,5,力荐,17096,0.9999999987543522
2017-04-16 17:32:01,延延,#北京电影节#我不觉得这个片子囿于父权的藩篱，父亲虽然有在女儿身上圆梦的渴望，但也建立在发现女儿的天分的前提上。摔跤让两个女孩子挣脱了偏见和无止境的家务，挣脱了14岁嫁人的命运，踏入更广阔的世界。说直男癌都是怎么想的？,5,力荐,5938,0.9999999997786716
2017-04-16 17:50:39,大奇特(Grinch),（看的完整版）取材真实，剧作扎实，用体育竞技片来拍父女情节剧，并改写了上到封建礼数、下到官僚制度的不变法则。有人提出片中受父权压制的价值观导向，请站在印度国男尊女卑的角度去看待吧，它明明是在拥护女性。另外结尾父亲的缺席，也暗示了女性的独立。另外，套路也是路，不要排斥套路。,5,力荐,5013,0.9999999999998356
2017-04-18 14:42:23,朝暮雪,虎父无犬女。,5,力荐,77,0.8993962548788493
2017-04-19 13:07:56,柯里昂,“不是技术老了，是爸爸老了”，父女摔跤那段确实催泪，说是近几年最好的印度片也不为过。不过教练和父亲那条线挺没说服力的，剧情冗长也是印度本土电影的通病，不接近三小时都不叫电影。以及，整个华语影坛都很难找出一个像阿米尔·汗这样敬业的演员。最后，温室里的花朵都会给本片打低分，不信你看。,4,推荐,1529,0.9999999306689932
2017-04-19 13:39:01,陈哈,两场比赛拍得好看。至于事伪女权还是真女权，就不争论了吧，鉴于印度那状况，能拍出这样的电影——好歹还通过男主说出了些“宣言”，比某国宣扬进步，连这样喊宣言的电影也没法拍，要强啊。心情很复杂啊。,4,推荐,238,0.999987171535882
2017-04-20 11:50:38,巴喆,阿米尔汗这身材的蜕变太敬业。7.9,5,力荐,60,0.9579555740557556
2017-04-23 13:16:43,Q。,电影本身套路化，但这部电影表达的价值观还真是令人反感啊。★★,5,力荐,104,0.9533734423353386
2017-04-26 14:12:54,方枪枪,没有好到那么浮夸，也没有烂的一无是处，整体而言，是一部中规中矩的电影作品。依然是类型化的运动传记题材，所以还是那句话，这类题材拍烂了其实也挺难，但拍出新意其实也不容易。,3,还行,109,0.7692676210280907
2017-04-30 00:46:29,🦫,这片也能被女权主义者黑，我也真是无语了。黑之前先去了解下印度女性的社会地位吧。这明明是在倡导女权才对。猪队友太多了，心疼阿米尔汗。,4,推荐,2573,0.4638606339119865
2017-05-03 21:24:11,内陆飞鱼,就电影来讲，我们有什么资格嘲笑印度。,4,推荐,3432,0.994401153240151
2017-05-05 13:17:09,是心,实名举报，2010年德里英联邦运动会摔跤项目55公斤级澳大利亚选手安吉丽娜·沃森体重严重超标！她至少有65公斤！,5,力荐,165,0.0039329241187116
2017-05-05 15:50:48,桃桃林林,技巧方面还是很厉害的，很多煽情和励志的点都特别舒服，以及，阿米尔·汗真是努力。,3,还行,991,0.9990476544505016
2017-05-05 16:39:06,徐若风,"3.5  用主旋律体育竞技题材做衣的父女庶民剧，同时两个方向都做得翔实饱满。不大对的是好几个转折和几乎所有人设都戏剧化地厉害，也算某种意义上的印度特色。
死磕三观的就算了，只想说艺术不可能永远先行于社会，而不去展现社会的局限。如果不考虑不同文化地域差异下，个体在现实局限里的命运，那批判本身也只不过是隔空喊口号。",4,推荐,68,0.999999999999932
2017-05-05 17:23:09,岛上的夏奈,觉得拍得很好，在评论区讨论父权是没有意义的，因为这不是教育片，是一部电影，如果Aamir Khan演的是一个专制的父亲，那么让你感到厌恶是因为他演得好。讨论电影价值观正不正确很无趣，电影只是在讲故事，谁规定主角一定要价值观正确，《电锯惊魂》的杀人狂价值观正确吗？,4,推荐,919,0.9999998740381912
2017-05-05 19:07:28,Jer3my,在电影院哭得像个二百斤的孩子,5,力荐,1180,0.2045494551746319
2017-05-05 20:52:16,雪粒☂sherry,谁不想一出生就在自由的国度呢，可已经在hard模式了，难得拥有一个骨子里的技能天赋点…能先挣脱被压迫的阶级轨道再说吧？许多国家的女性从出生开始就是弱势的，被压迫的，这是需要一步一步突破的现实吧…没有人生来想成为榜样，但不得不说 那样的世界 是极其需要榜样的力量的。,5,力荐,493,0.9999999997603348
2017-05-05 21:06:36,齊克斯尼力佐飛,我一直期待Aamir Khan能在电影中后段瘦下来，但是他却放任自己又老又胖，实在无法不感叹他的敬业和精湛的演技。,3,还行,85,0.9997124204221544
2017-05-05 22:07:14,Augenstern,非 常 好 看 。不说别的，国内电影啥时候把120分钟的故事好好讲明白不让观众坐如针毡就是最大的进步了。,5,力荐,800,0.9974993505677888
2017-05-05 22:40:19,游牧人·芳汀,#电影院# 脱离国情背景去吐槽三观就是耍流氓。梦想建立在父亲对女儿无情的童年剥夺和精神压榨上看似不妥，那也得女儿自己有天分不是？毕竟三女四女他就没强迫去学。而她们的成功在印度这个极度重男轻女的国家确实是有革命意义的，也许能成为改变其她女子命运的一个契机，星星之火，可以燎原。,3,还行,328,0.9999999975921304
2017-05-06 17:48:00,赫恩曼尼,整部电影传达的主题分不清是父权还是女权，还可以深挖，父亲对体育精神的理解也会有争议，但不能否认的确是部很好看的电影，燃点集中，泪点恰好。很久没看过这么激动人心的院线电影了。,5,力荐,47,0.9999998768806668
2017-05-06 18:47:16,海扬尘,金牌的意义与爱国、女权等宏大主题联系在一起，当印度国歌在体育馆响起时，印度与印度女性似乎一道取得了胜利。在娃娃新娘、荣誉谋杀、女性文盲率高、新娘因嫁妆不足被随意杀害司空见惯的印度，如果指责一个父亲把自己的梦想强加给女儿，岂不是“何不食肉糜”？,4,推荐,189,0.9999999968019756
2017-05-06 21:02:32,叶荨,说这电影是父权，男权的是智障么？！心智还没有电影里十四岁的小新娘成熟，“我到希望有这样的一个父亲，他至少把女儿当孩子看，给予她们选择自己未来生活的可能性，而不是把她从出生就认定为只能和锅碗瓢盆，相夫教子打交道，到了十四岁送到一个未知男人面前，以减轻家庭负担。”,5,力荐,253,0.9999999999253424
2017-05-07 01:09:32,小贤,不愧是一部提倡女权的电影，侄子是最惨的!,5,力荐,80,0.9978583841965086
2017-05-07 07:55:23,严箫玉,当查到两个女儿的演员并不是职业摔跤手时我惊呆了，这是一部市场经济主导的天朝电影界永远拍不出来的电影，女演员根本没有档期练什么摔跤，也不可能真的剪短发，更不可能有一线巨星为了演发福真的去增重，再为了一两场戏花五个月的时间减掉50斤。我们只有白百何的假头套和刘德华的大块头套装。,5,力荐,3190,0.9999876930877014
2017-05-07 18:22:06,老袁,我眼睛不好，想着能不哭就别哭了，最后还是哭到双目失明,5,力荐,708,0.6327822294627189
2017-05-07 20:04:49,新希望,多少理想主义者背负着别人的嘲讽往前走，而大他们十倍百倍的人一心想看他们笑话，多少人收到打击后一蹶不振，而只有他们十分之一百分之一的人可以触底反弹，这部电影他蒸馏你的热血，让你血气冲上大脑，然后水从眼里流出来，告诉你要成为这样的人,5,力荐,107,0.9994674644911732
2017-05-07 21:48:34,shininglove,莫名想起小时候看完《足球小将》后，偷偷跑到球场在雨中加练的情形。梦想像一盘鸭血，我们似乎早已习惯凝固过的晦暗模样，忘记当初是鲜红的，在流淌。,4,推荐,388,0.9999523017494442
2017-05-08 16:56:51,李小丢,哭了好几次，还有到底多瞎的人才能说爸爸是直男癌啊？没看到婚礼上的小新娘说非常羡慕女儿们能有这样为她们考虑未来的爸爸啊？还有爸爸一脸骄傲地对怕女儿嫁不出去的妈妈说：以后只有我女儿挑丈夫的份儿。（大概意思）还有最后决赛的时候爸爸对女儿说一定要赢的意义也是为了更多的女孩改变命运啊！,5,力荐,1221,0.9999999999993748
2017-05-08 18:52:26,黄青蕉,虽然吹是一部女权电影有些过了，但仍然很好，这么老套的母题拍得工整细致，情感真挚动人，幽默也恰到好处，对摔跤毫无兴趣也能看得热血沸腾，走出电影院想想自己每天看的项目，哎，操了操了,4,推荐,485,0.999993162358513
2017-05-08 19:02:19,根,能做到不打小孩、还会跟小孩说你很棒这两点的爸爸就算杀人放火都是好爸爸，就算杀人放火每个月小孩都会去牢里看他,5,力荐,1357,0.9998968089987564
2017-05-09 08:59:49,芦哲峰,价值观确实有问题，或许只有放在印度的语境里才能成立吧。看完很不舒服，沦为父亲实现梦想的工具，真的就比沦为别人生育和家务的工具，更值得赞美吗？不过是同样恶心的两件事罢了，哪有高尚和胜利可言。,2,较差,437,0.9999994530950596
2017-05-09 09:02:52,琼斯黄,故事是好故事，就是对民间科学完胜官方科学这件事观感奇怪。,3,还行,71,0.8476034643289493
2017-05-10 00:11:43,西楼尘,女儿因为惰于训练向父亲道歉，父亲因为勤于干涉向院长道歉。一位青春少女爱美爱玩爱涂指甲油，她有错么？一位严厉父亲让孩子走向冠军之路，他有错吗？训练方式值得商榷的教练没有道歉、把父亲关进场馆仓库的恶人没有道歉、逼迫女子与锅碗瓢盆相伴一生的社会没有道歉。这个世界有太多的歉意，未说出口。,3,还行,85,0.9999999999942706
2017-05-11 00:11:33,王xx,摔跤真是太酷了...,4,推荐,80,0.2077474980458331
2017-05-11 23:36:48,JulyChan,因为傻不啦几的译名数度错过，又被炸裂的口碑拉了回来，终于因为套路中的反套路热泪盈眶。,5,力荐,109,0.644013504126696
2017-05-12 16:10:49,九尾黑猫,三星半。如何战胜自己的恐惧，有一个坚如磐石般相信自己的父亲。电影讲出了几乎每个人都会向往的两种情感。印度电影最大的魅力是，它有自己独特的信仰，总能呈现突破常人极限的一种生命状态，很有生命力，很打动人心。不过在这之外也有很多不尽如人意和局限性。,4,推荐,47,0.9999999999999782
2017-05-12 18:25:53,诸葛若见,热血感人的运动片，三傻之后又一部激起强烈共鸣的印度电影。印度的童婚比例极高，看似封建的爸爸辛格，实际给了女儿们追求梦想，寻求男女平等之路。同属亚洲影坛，印度韩国电影都发展迅速，国内啥时能多些具有社会意义的好片？,2,较差,42,0.9999999999989048
2017-05-12 20:42:47,Ocap,高喊这片三观不正的，逃不过两种人：对专业运动员媒体外生活零认知的弱鸡、意见先行却连看片都不认真或理解力不行的装逼犯。“套路也是路”+1，属于那种能让我安心用力推荐给所有身边人的院线佳片。片尾发现了制片一栏阿米尔汗的名字，更加肃然起敬，我们太缺这样十项全能又良心的电影人了。,4,推荐,77,0.9999569695659274
2017-05-13 01:00:12,柴斯卡,印度好苦啊14岁就要嫁人。动作戏拍得很精彩。会摔跤的女孩子真性感。完成度挺高的电影了。果然干什么都要动脑子，要心理素质好，要不断练习，不要放弃。策略挺机智的。既鼓励女生上进，又适当舔了一下广大父亲（“外面的人哪里比得上父亲啊？”），且带出了民族荣誉感。,2,较差,39,0.9999955301502124
2017-05-13 17:44:53,能工巧匠沙门哥,最受不了的是女儿给父亲打电话，哭着说：“对不起，爸爸。” 阿米尔汗瞬间热泪盈眶，说不出话来。我也同时流下了热泪。所有的主角都奉献了炸裂的演技，说是技都低了，简直是真实。,5,力荐,130,0.999994364618634
2017-05-14 15:42:32,ღ 狐不悔，,他是我们的爸爸，就算再差，能差到什么程度。记得，爸爸不能每次来救你。,5,力荐,100,0.8923937237878989
2017-05-14 17:51:17,匡轶歌,拉了一遍短评，诡异的是，豆瓣活跃女权人士，以及各大女权媒体，无一例外都给此片打出了4或5星高分。倒是那些平时压根不见搭理性别平权问题的直男，或对女权一知半解道听途说者，激愤的斥责它太直男癌、不够女权。然后女权又一次帮这些人背锅，成了“女权癌”或“中华田园女权”。哈，让我笑一会儿先。,5,力荐,294,0.2262312031609589
2017-05-16 00:11:22,荔枝超人,座位前方那位脱了鞋把臭脚搭在前排座椅上玩了大半场手机的中年男，在演到最后摔跤比赛的时候竟然站了起来拍掌欢呼！我觉得他上豆瓣的话，回去肯定会给五星。,3,还行,79,0.577038856785042
2017-05-17 21:47:03,bamboo,看完，我热血沸腾地跟男朋友说：只有金牌和冠军才不会被遗忘！男朋友幽幽地说：对，就像你们，只有10w+才会被记住。扎心了,5,力荐,238,0.9967903746169532
2017-05-18 22:39:10,亚比煞,别的都很感人，只是觉得教练的人设是个败笔，完全是强行树立反派，动机太不充分。教练有什么必要阻碍自己的队员拿金牌呢？能教出世界冠军，只会比父亲更骄傲才对吧？这片一播出来，真实世界里的教练估计没法混了，阴险小人的锅，只怕要背一辈子了，对他不太公平吧。,4,推荐,192,0.999995095687874
2017-05-20 23:53:38,FloriaZENG,真实，饱满，燃。另外，国内的女权在judge女主摔跤这份职业不够性感，短发不够女人，“像变性一样”去完成父亲的梦想的时候，难道不是已经把女性贴上必须妩媚和柔弱的标签了吗？真正的平权是不管男女都能做自己想做的事。女生可以玩摔跤，男生也能做超模，我们互不干涉，也不互相取悦。,5,力荐,103,0.9999035033583348
2017-05-25 18:43:31,栗,动作场面比父女之情感人。若真要拍一部丰满的女权电影，就不要用那个弱智教练充当反派，让父亲本身亦正亦邪，他带着女儿冲脱男权，又阻碍女儿逾越父权，既是领路人又是拦路虎；让女儿的意象也更加复杂，让她最终站在另一个山头与父亲虎目相对，好过像个称职的儿子完美继承他的衣钵。,4,推荐,135,0.99999999998541
2017-05-31 01:53:26,木卫二,与眺望好莱坞望洋兴叹不同，这个印度电影，大概是中国电影人觉得自己应该可以能够拍出来的。但很遗憾，他们没有。最难得的可能是演员（尤其是女儿），因为也有不少华人影星试过弹簧变化的，但大多就是胡须拉渣讲口方言忧郁深沉而已，真正愿意为一部电影付出的，太少了。俗套不可怕，俗套最可靠。,4,推荐,439,0.9999999986918552
2017-07-10 00:29:05,亵渎电影,下映了，补一下。,4,推荐,33,0.5169473173782285
2017-08-17 15:42:23,水木丁,印度电影都已经成熟到这种程度了……能明显感觉整个行业都走在正道儿上，不是在搞投机取巧的歪门邪道。,5,力荐,48,0.9991639103952884
