2006-12-17 17:02:46,杜扬Seatory,我不喜欢这种感化的题材，不过有些台词还是很好的,4,推荐,30,0.979962272818622
2007-05-19 00:30:38,淡淡淡蓝,我每天到你家接你，我们出去喝酒笑闹，那很棒但我一天中最棒的时刻，只有十秒，从停车到你家门口，每次我敲门，都希望你不在了，不说再见，什么都没有，你就走了，我懂得不多，但我很清楚。,5,力荐,5234,0.998359544390839
2007-06-11 16:29:05,2013,就是这种电影能让我心甘情愿哭，因为我心甘情愿跟着它煽情的脚步。,5,力荐,1303,0.9992715698190398
2007-11-16 17:27:39,北北,"但你知道，我最期待的是什么吗?是每天下车到敲你家门中间那十秒钟，我很想有一天我敲门发现你离去了，没有告别没有电话一声不响的离去了。
",4,推荐,0,0.725762259607983
2007-12-04 19:22:38,多多,"Oh, Christ. But, Will, she's been dead two years, and that's the shit I remember. It's wonderful stuff, you know? Little things like that. Ah, but, those are the things I miss the most. The little idiosyncracies that only I knew about. That's what made he",5,力荐,1,0.0001465582370135
2007-12-15 02:05:02,林||我们谈什么都像谈死！,"居然是Gus Van Sant的片子.本和达蒙的剧本不错,“你不了解真正的失去，唯有爱别人胜于爱自己才能体会。”""我若跟你谈美术,你只能引用美术专著空谈理论,但你连梵蒂岗的气味也不知吧,你没试过站在那儿,昂首眺望天花板上的名画吧;如果我问你女人的事,你大可以向我如数家珍,但你没法说出在女人身边醒来时,那份内心的真正喜悦;我如果和你谈战争,你会向我大抛莎士比亚,朗诵十四行诗,可是你从未亲临战争,未试过把挚友的头拥入怀里,看着他吸着最后一口气,凝望着你,向你求助.我问你何谓爱情,你可能只会吟风弄月,但你未试过",5,力荐,1970,0.9999991086012472
2008-01-26 00:17:33,冬贝与9-13刺青,摆脱心灵的惯性思维 发现自己真正要去争取的 价值是靠自己判断的 ,4,推荐,211,0.9973274806794176
2008-03-24 11:48:03,侯二六,作為勵志片，天才的橋段只是其次，重點是跨越階級障礙的掙扎。,4,推荐,3,0.1010801359309421
2008-05-19 22:54:04,逃之夭夭,又是罗宾.威廉姆斯啊~~~又是好老师的角色啊~~~人还是那个人，戏也还是那样的戏~不同的也许是电影的主题，但还是觉得最后WILL的转变有些唐突了，衔接的不够自然~只是我想说，原本想要开启一个封闭了这么久的心灵，就是一件几乎不可能的事，但尚恩最后做到了，或者说是查克，施嘉娜还有尚恩一起做到的~所以，无论何时，都不要放弃努力，不要放弃去救赎~,5,力荐,0,0.999999818054347
2008-05-25 02:25:52,Lan~die,太嗲了，相见恨晚的片子。,5,力荐,242,0.9044493470043394
2008-06-15 00:40:57,mOco,"这部电影让我明白了三件事：
——什么是真正的爱情？
——什么是真正的朋友？
——成功，不在于你取得了什么，而在于寻找自我。
（不过，不太像是范.桑特的电影风格）",4,推荐,613,0.9999719489046488
2008-09-04 21:16:54,游民王阿牛,"know yourself
be patient and thanks those who is patient with you",4,推荐,12,0.4737672181921908
2009-02-06 17:46:23,虹口一条龙,"Some people can never believe in themselves, until someone believes in them.Damon&Afflect certainly understand a lot about the human psyche",4,推荐,0,0.0252513926246011
2009-05-17 19:47:18,眠去,你年轻彪悍，我如果和你谈论战争，你大可以向我大抛莎士比亚，背诵“共赴战场，亲爱的朋友”，但你从未亲临战阵，未试过把挚友的头拥入怀里，看着他吸着最后一口气，凝望着你，向你求助。不要以为，我了解你。也许我可以通过“知识”来看你，但那不是你，除非你愿意谈谈你自己，否则我不知道你到底是谁,5,力荐,6144,0.9999964380517412
2009-06-21 22:09:12,Charice,"I had to go see a girl.
要是我得了什么鸟病就可以成就一个夏生的诞生了吧",5,力荐,0,0.835170246179023
2009-07-20 04:19:28,筱蓝,大段精彩的台词（略）。又见美少年组合+本片女猪长相比较内个啥——》导演的喜好可真顽固=”=|||超萌WILL和CHUCKIE这对CP~~~,5,力荐,1,0.9995707727475316
2009-08-16 10:22:17,mon babe,我想找个像Sean一样懂爱的人。,5,力荐,1273,0.6006857456960077
2009-09-07 15:02:33,米粒,女主角长得……,5,力荐,125,0.9100953720024172
2009-09-14 00:20:58,私享史,能够做自己的心想做的事，菲尔兹奖又算个什么。抄三句台词。1.你花一万五所受的教育用一块五就能在公共图书馆得到。2.你没离开过波士顿，问你艺术你可能会提出艺术书籍中的粗浅论调，有关米开朗基罗你知道的很多，但你不知道西斯庭教堂的气味，你从没站在那儿看着美丽的天花板...问战争你会引用莎士比亚的话，但你从没接近过战争，看着好友吐出最后一口气...而你只是看了我的一张画就认定了解我的全部，你把我的人生撕裂了。3.I'm proud of what i do. It was a conscious choice.,5,力荐,3634,0.9999990796518023
2009-10-27 10:41:02,沉歌,或许在某个我没发现的领域，我也是一个没有伯乐的天才。,4,推荐,260,0.9879226034791976
2009-11-19 20:41:56,怪兽,"Some people can never believe in themselves, until someone believes in them.",4,推荐,0,0.1161352929236129
2010-01-14 19:09:28,城南草木生,我每天到你家接你，我们出去喝酒笑闹，那很棒是我一天中最棒的时刻，只有十秒，从停车到你家门口，每次我敲门，都希望你不在了，不说再见，什么都没有，你就走了，我懂得不多，但我很清楚。 ,5,力荐,9772,0.998359544390839
2010-01-19 15:05:40,ζωήιδ,心理学教授明显的INFP，数学教授则有些INTJ。至于天才少年大概是INTP。有些人天生就幸运，拿了一手好牌。而大部分的我们却只能努力把自己的烂牌打好。如果你可以自由选择做任何事，你会做什么？也许那才是你真正想做的——如果说天才类题材有其现实意义的话,4,推荐,2369,0.999998111428984
2010-02-22 17:04:36,Lavender,喜欢结尾那个长镜头，超赞。,5,力荐,597,0.9966980277395334
2010-03-08 21:51:37,困冬。,"A beautiful start, a perfect ending. Like happy river, shining air. What do you want? All we may ask, but so few can answer. 关注那些平实却深刻的对话。",5,力荐,0,0.9533475300856808
2010-03-11 04:12:33,亵渎电影,我每天到你家接你，我们出去喝酒笑闹，那很棒但我一天中最棒的时刻，只有十秒，从停车到你家门口，每次我敲门，都希望你不在了，不说再见，什么都没有，你就走了，我懂得不多，但我很清楚。,5,力荐,3271,0.998359544390839
2010-03-13 16:32:13,金英俊,Good.Will.Hunting.1997.BDRip.x264.AAC.miniSD-TLF,3,还行,0,0.5
2010-04-07 19:59:07,stknight,格斯·范·桑特导演，马特·达蒙和本·阿弗莱克这对好兄弟编剧，刚看到编剧栏确实没想到，这么年轻就拿到了奥斯卡最佳原创剧本，的确是才华横溢。另外罗宾·威廉姆斯也凭借此片获得了奥斯卡最佳男配角。马特·达蒙喜欢演高智商看来是从这部片就开始了，哈佛毕业的高材生就是不一样啊。,4,推荐,1,0.9999655066059948
2010-04-15 12:52:57,亚比煞,结尾相当的不喜欢，台词还是有很多可圈可点的地方。是马特达蒙自己写的，这个倒是让我吃了一惊。,4,推荐,57,0.96758122234833
2010-04-30 14:12:51,米姐起飞,当他作为清洁工演算全世界只有两人懂解答的方程式，当他在酒吧用丰富历史知识与清晰逻辑思维对敌哈佛学子，当他恋爱与女主角吃饭时接吻，被子里缠绵，当他坚定地说我不爱你，当他遇到心理学教授，当他口出狂言，当他说起飞机趣事，当他痛哭，当他大笑。这是个没法让人不着迷的男人。,4,推荐,2408,0.9999981876117132
2010-05-22 23:36:57,A-sun*,经历没有埋没我的才华，却抹杀了我应有的自信，我被吓坏了，成长出一腔的狂妄自大，我赖以这种方式保护自己，终于等到一句：这不是我的错。,5,力荐,10878,0.991169552911427
2010-05-26 10:06:02,V.M,无聊又看也遍。那些小细节让她变成我的。这句话一直被我用来为自己有些诡异的观察点作开脱。,4,推荐,0,0.4570624990683946
2010-06-19 21:01:43,卡洛,看了《骄阳似我》片子是讲一个天才的故事，之前看的《钢琴小神童》也一样，发现是不是天才都不喜欢用自己的天才，明明手里拿着一手好牌偏偏不愿意好好打。其实每个人有什么才基本是命中注定的，该什么就去干什么，不要高攀不要低就，做好自己，就好！,3,还行,1,0.6881996189948848
2010-06-27 20:55:34,Sophie  Z,他对朋友说，如果某一天早上我来找你的时候我发现你并不在这里，那大概会是我最替你高兴的时候…… 大本的创作才华在那个时候就出现了,5,力荐,4,0.8889583499062028
2010-07-22 16:20:57,zen:),“你不了解真正的失去，唯有爱别人胜于爱自己才能体会。”,3,还行,816,0.9779909738290103
2010-09-04 21:27:04,太阳的倒影,关于米开朗基罗你知道很多，但你却从未站在西斯廷教堂观赏过美丽的天花板。,4,推荐,4,0.9351141983182264
2010-09-16 01:13:43,桑娃儿,人生中应该拥有这样的一段豁然开朗。,5,力荐,4071,0.9982807486773736
2010-09-26 12:18:08,Chandelier,你年轻彪悍，我如果和你谈论战争，你大可以会向我大抛莎士比亚，背诵“共赴战场，亲爱的朋友”，但你从未亲临战阵，未试过把挚友的头拥入怀里，看着他吸着最后一口气，凝望着你，向你求助。不要以为，我了解你。也许我可以通过“知识”来看你，但那不是你，除非你愿意谈谈你自己，否则我不知道你到底是,4,推荐,4,0.9999968136341452
2010-11-24 23:13:33,阿暖,以前听人说，越是自卑的人，越要用骄傲也掩饰自己。同时，也会因此而对世界产生偏见，不敢向前再踏一步吧。,4,推荐,4,0.9999481003765792
2010-12-10 17:20:06,涵湘宁,Ben Affleck那时候真青涩……音乐不那么吸引人，看这部片子以前，我还以为美国电影的插曲没有不动听的呢,4,推荐,1,0.9993537701467718
2010-12-16 12:53:19,一湄,"因为Robin Williams打五星，他的眼角有太多温柔智慧宽广的内心。（2010-12-16）

2023-8-8重看。看懂了一个“真”字，胜过这个世上的一切学问。多么温柔而有力量。",5,力荐,89,0.9999342838959262
2010-12-16 16:00:36,Q。,“我们的小缺点让我们找到对的人。”没有谁是完美的人，最亲密的人就是能够完美的接受对方的不完美。在那个年代，有许多这样的励志影片，或许现在回头看会觉得俗套说教，但精致的对白，动人的配乐，达蒙与罗宾的飚戏，始终会有抓住你的地方。生活有時候只是一种伪装，真正的声音源自我们内心。★★★★,4,推荐,1573,0.9999996855461124
2010-12-18 20:28:37,su27根本就没有,学过数学才能真正理解跟天才的差距啊,4,推荐,2215,0.9735912919918266
2011-01-12 21:03:16,.,"比起心灵捕手更让我触动的是男人的友情。“我每天到你家接你，我们出去喝酒笑闹，那很棒。但我一天中最棒的时刻，只有十秒，从停车到你家门口，每次我敲门，都希望你不在了，不说再见，什么都没有，你就走了，我懂得不多，但我很清楚。” 
",5,力荐,6,0.9999999696512418
2011-01-31 12:59:16,刘小黛,You'll never have that kind of relationship in a world where you're always afraid to take the first step.,4,推荐,50,0.2421384554810103
2011-02-08 17:36:25,Thè,是这样的，由于我分了三天才把电影看完，所以有点不是一气呵成的好看。但是结局的时候小本近30秒复杂而深奥的笑容，实在是令人回味。我觉得他才是这部戏的亮点。当然，忘年交也真的真的很感人。,5,力荐,1,0.9999998642045318
2011-02-20 21:30:12,天亮天黑,“我每天到你家接你，我们出去喝酒笑闹，那很棒，但我一天中最棒的时刻，只有十秒，从停车到你家门口，每次我敲门都希望你不在了，不说再见，什么都没有，就这么走了，我懂得不多，但我很清楚。”,4,推荐,264,0.9996959065510568
2011-03-28 01:25:51,'Part .。,我每天到你家接你，我们出去喝酒笑闹，那很棒但我一天中最棒的时刻，只有十秒，从停车到你家门口，每次我敲门，都希望你不在了，不说再见，什么都没有，你就走了，我懂得不多，但我很清楚。,5,力荐,0,0.998359544390839
2011-03-29 22:51:20,Cabiria_E,总是嫌弃着片子名字主旋律，直到今天才想要看一下，但是一看就受不了了，各种情绪，以至于无言以对。威尔很像我的EX，很像，很像，非常像，分手都像。尚恩开导威尔的话同样也适用于我，因为我就是那么个毛孩子。威尔的朋友很可爱，默默无闻，却什么都懂。情节平静，但是，台词很给力。,4,推荐,0,0.9999999867844752
2011-05-01 22:46:34,orbit,我總是把心靈捕手、美麗心靈、美麗心靈的永恆陽光和勇敢的心搞混,3,还行,24,0.9921287614909584
2011-06-08 14:26:43,皮革业,Will Hunting就说过一句实话，就是跟那丑到爆的傻妞说，我不爱你！其他全是假的。,4,推荐,8,0.0158478411942076
2011-07-06 14:33:25,#瞬间收藏家#,看完了会反省自己人生的电影。对这段台词印象特别深刻：“我每天到你家接你，我们出去喝酒笑闹，那很棒是我一天中最棒的时刻，只有十秒，从停车到你家门口，每次我敲门，都希望你不在了，不说再见，什么都没有，你就走了，我懂得不多，但我很清楚。”,5,力荐,7,0.9999999684578454
2011-08-08 20:05:45,晚安小姐,真的没有打动我,3,还行,173,0.8761423299392529
2011-08-10 13:12:49,JK,“我每天到你家接你，我们出去喝酒笑闹，那很棒。但我一天中最棒的时刻，只有十秒，从停车到你家门口，每次我敲门，都希望你不在了，不说再见，什么都没有，你就走了，我懂得不多，但我很清楚。” 当你再去敲门，他不在了吧，他没说再见吧，他什么都没留吧，他走了吧，你就哭吧你！,5,力荐,0,0.9950848219950336
2011-09-09 17:08:42,ANNXXNA,“我们的小缺点让我们找到对的人。”最亲密的人就是能够完美的接受对方的不完美。生活有時候只是一种伪装，真正的声音源自我们内心。,4,推荐,33,0.9999549361278712
2011-09-13 04:16:49,胤祥,治愈系。最神迹的地方是马特达蒙和小本竟然是编剧（剧本还相当不错呢，精神分析流的典范作品了）。很多戳人的狗血段落。范桑特给本片加入了不少蛮腐的元素。,4,推荐,51,0.9989453636853872
2011-09-14 13:19:25,私房歌,“我每天到你家接你，我们出去喝酒笑闹，那很棒是我一天中最棒的时刻，只有十秒，从停车到你家门口，每次我敲门，都希望你不在了，不说再见，什么都没有，你就走了，我懂得不多，但我很清楚。”,5,力荐,0,0.9996959065510568
2011-10-10 01:11:30,Comel,平静的电影，以主角为轴，发散的不同关系诉说着不同的人生哲学：自卑、自大、宽容、爱情、天赋、追求、理想、自由……,4,推荐,2,0.9999999993197676
2011-11-07 21:08:11,crystal,"Matt Damon很帅，有时候颇有Leo年轻时的味道，影中他是个年轻狂妄，无拘无束，但是又有着异于常人的天赋和智慧，但这天赋没有让他快乐，反而让他因此孤单了20年。没人能真正走进他的心里直到遇见——他，真正的心灵上的交流，心灵上的撞击，让那个自我保护意识很强的他，内心瞬间崩塌。
",4,推荐,1,0.9999999999952104
2011-11-15 23:24:46,Monden_Z,这应属大众价值观评价中的好电影了，因他所传达的主题和包含的力量能感染到多数人。电影中蓝波和尚恩代表了一生中可能有的2种不同人生观，或者把自己的天才智慧发挥到极致在学术上有所成拿很多很多奖，或者抛开这些追求真实的生活，全看你的选择了,5,力荐,1,0.9999999999909556
2011-12-06 16:50:37,子皿与舟,你没离开过波士顿，问你艺术你可能会提出艺术书籍中的粗浅论调，有关米开朗基罗你知道的很多，但你不知道西斯庭教堂的气味，你从没站在那儿看着美丽的天花板.问战争你会引用莎士比亚的话，但你从没接近过战争，看着好友吐出最后一口气...而你只是看了我的一张画就认定了解我的全部，你把我的人生撕裂了,4,推荐,0,0.9999951759262438
2011-12-20 10:43:06,凤瞳,第48届柏林电影节杰出艺术成就银熊奖 第70届奥斯卡金像奖最佳男配角 最佳原创剧本 我每天到你家接你，我们出去喝酒笑闹，那很棒。但我一天中最棒的时刻，只有十秒，从停车到你家门口，每次我敲门，都希望你不在了，不说再见，什么都没有，你就走了，我懂得不多，但我很清楚.,4,推荐,0,0.9999999979114096
2011-12-29 19:27:18,巴喆,心灵解放才是威尔最大的成就，虽然他的天赋浪费了，但是他却得到了最伟大的胜利和解脱。试图以功利去说服威力从事他本惧怕的东西，数学教授反倒不如尚恩来的洒脱。如果一个人能够从思想上得到解脱，远比攻克一座城市更伟大。“你不了解真正的失去，唯有爱别人胜于爱自己才能体会。” 8.5,4,推荐,5,0.9999999997150756
2012-01-04 17:56:06,Panda的影音,说别人是天才的我们可能是因为天才懂得许多我们不懂的知识事物才称呼他们为天才的，《心灵捕手》里的威尔就是这样一个天才。他对数学的兴趣就好比我对电影的感觉，因为很是喜爱，所以了解更多！当然！我比威尔厉害的是，我不需要看心理医生；但威尔比我厉害的是，称他天才的人比叫我天才的人多得多！！,5,力荐,34,0.9999612163982396
2012-02-02 23:28:43,于是, 这种故事。。每隔几年看一次，就会有不一样的感悟。,4,推荐,12,0.8740994636543074
2012-02-03 23:40:10,Lacrymosa,我每天到你家接你，我们出去喝酒笑闹，那很棒但我一天中最棒的时刻，只有十秒，从停车到你家门口，每次我敲门，都希望你不在了，不说再见，什么都没有，你就走了，我懂得不多，但我很清楚。,4,推荐,6,0.998359544390839
2012-02-19 21:42:08,别的熊,will的情况其实放在很多人身上都有，这不是一个天才的困境。剧本里精彩的部分都在will和sean的对话，但对我来说唯一的泪点只在chuckle对will说的那番话：我一天中最棒的时刻，只有十秒，从停车到你家门口，每次我敲门，都希望你不在了，不说再见，什么都没有，你就走了，我懂得不多，但我很清楚。,4,推荐,17,0.9986053084415768
2012-02-24 04:40:18,碧落亦然,老电影，但是给我感觉却非常好一个关于天才少年心灵救赎的故事，里面的人物充满了对自身的封闭和对外面世界的火药味，他是个聪明的家伙但是却不是全然了解人生的孩子，所以，面对真正知道、了解他教授，最终意识到自己的人生并不是用以挑战最有意思，更多东西的追求，比当下的逞强来得更重要，演员出彩,5,力荐,0,0.9999999999553412
2012-06-18 12:04:21,郭迁跃,关于成长关于爱关于友谊关于青春 只是电影必定是电影 不是每个人都能抓住那个对的人 你会不会突然的出现 在街角的咖啡店 也只是一首歌一个念想一段年少轻狂,4,推荐,0,0.9999999897965725
2012-06-19 00:42:11,很美味！,＂我懂得不多 ，但我很清楚。＂这就是friend和soulmate合体了真正的朋友往往比更清楚你要的是什么并且不经意的表达给你。查克当时的形象在威尔心中一定光辉极了,4,推荐,1,0.9892736656063024
2012-06-29 14:55:38,赫恩曼尼,不是一部煽情的片子，却让人哭。无论我们怎样努力，都无法算清一道题目，它的名字叫做生活。,4,推荐,122,0.9915976375204894
2012-07-10 20:00:24,鱼婆婆,"Yeah. Well, that's what I'm saying. You'll never have that kind of relationship in a world where you're always afraid to take the first step because all you see is every negative thing ten miles down the road. ",5,力荐,1,0.1104415192008605
2012-07-17 21:37:16,小小,"一个关于走进去和走出去的故事---""关于米开朗基罗你知道很多，但你却从未站在西斯廷教堂观赏过美丽的天花板＂，另结尾处太帅了。",4,推荐,0,0.8027772114046517
2012-07-20 23:54:51,朝阳区妻夫木聪,因为你是天才，所以你什么也不是。,4,推荐,4,0.3452787547128308
2012-08-13 00:27:17,颜小兽,这是一部让我拿出十分钟，按下【暂停】键，认真想一想我的人生到底要什么的电影。我也是一个因为害怕失去就会抢先离开别人的人，但我想未来的日子我会慢慢勇敢起来的。电影很棒，数次热泪盈眶，非常羡慕男生之间那种有点小傲娇的友情。“每次我敲门，都希望你不在了。我懂得不多，但我很清楚。”,4,推荐,775,0.9999999998850162
2012-09-07 21:05:10,马自挂,这个世界总有对不起你的时候，这让你好像除了防御之外再也做不出来任何动作，不知道我们到底要体验多少才能懂得一个很简单的道理，不知道要过多久要靠多少机缘巧合，才能有一个人对我说：it's not your fault,5,力荐,1647,0.1185751212993778
2012-09-24 23:25:21,然潘,【You know all this shit? It's not your fault】 我也想有人能够一遍一遍的跟我说：“It's not your fault”，这种事儿非得特别有良心或者感同身受才可以吧？大部分人只会指责你“为什么别人都XXX，你就跟其他人不一样”，为这个“不一样”我简直吃尽前面二十几年的苦。,5,力荐,299,0.0597352636572635
2012-11-22 17:35:59,Chandler,"smelly cat, It''s not your fault. 想起这句歌词了......你花一万五所受的教育用一块五就能在图书馆得到...但是你有文凭...f@ck the world啊",4,推荐,1,0.9978509366396444
2012-12-17 00:40:47,DR.Lecter,"If I ask you about women,you'll probably give me a syllabus of your personal favorites.You may have even been laid a few times.But you can't tell me what if feels like to wake up next to a woman and feel truly happy.You're a tough kid. 每次看老电影时就好想淘一个90年代的颗粒感很强",5,力荐,0,0.0801467826214916
2012-12-22 20:16:34,Sarcophagus,堪比《春风化雨》。同样是在波士顿拍的。1小时15分钟左右教授和医生争辩该不该让天才选择自己的人生一段尤其震撼。片尾一辆组装破车开在新英格兰的广袤公路上，向西。沉浸其间，沉静心情，最后赫然看见向艾伦•金斯伯格致敬。,5,力荐,21,0.9753738158192512
2012-12-29 07:29:05,小缎,我早就学会去接受世间万物，因为自己已经为这个世界的不可知性留有空间。所以，不管外界如何变化，都不会动摇我本身就不存在的评判。而当我为这个世界鼓掌的时候，却为自己设立了鸿沟，忘记了接受自己，对自己坦然，为自己鼓掌。,5,力荐,10,0.9999999994925396
2013-01-03 20:32:23,SilentTyler,"本和马特15年前的才华横溢之作, 这剧本充实而有诚意, 几位的表演也完美真挚. 好片!",5,力荐,0,0.9969694191338953
2013-01-15 22:32:26,掉线,（其实想打五星但是最近好像五星打太多了orz）看的时候就觉得演员演技非常棒一查果然三项奥斯卡演技提名（虽然女主角长得确实不太规则）。又一部很多经典台词的电影，配乐也不错。我想说，虽然不是传记，但这片完爆社交网络,4,推荐,7,0.999967101652818
2013-02-03 16:49:28,。,要突出will心灵蜕变之路但是还是缺了那么一点情感。剪辑剪得有些零散。马特呆萌的演技还不够好，一脸憨样乖乖孩，看不出自甘堕落的样子。Ben演的话或许不错。马特呆萌那时候是挺呆萌的哈哈。,3,还行,2,0.9999985338590957
2013-02-13 23:51:04,苏小朵,我一天中最棒的时刻，只有十秒，从停车到你家门口，每次我敲门，都希望你不在。不说再见，什么都没有，你就这么走了。——小本对小马说的这段话才是提升整部片子层次的题眼。,4,推荐,3,0.999800822862974
2013-03-06 12:50:12,王绛绿,没想象中好看，可我还是被几段威尔与尙恩的对手戏煽的泫然欲泣。尙恩对太太的爱比任何一部电影里的夫妻之爱都让人动容。可我还是无法接受这种太过说教的电影，也不喜欢马特达蒙这么方正的美式小孩。即使哭了，也心不甘情不愿。,3,还行,4,0.9999984944749608
2013-03-07 21:32:23,xīn,资料馆2013.3.7.7pm 三星的水平，因过于失望再降一星。这影片是专门黑菲尔兹奖和数学的吧，更可能是黑整个学术界的。一个每天酗酒搬砖泡妞孤儿，对历史、法律、美术史、心理学、化学、数学等多领域达到研究生以上水平。光这设定加上结尾就可以喷血呀。以“家庭”为核心的价值导向。剧作勉强及格。,2,较差,168,0.9999999365930572
2013-03-07 22:16:36,木卫二,马特达蒙是这样的男子：数学方程解得再牛叉、表现得再天才不羁，我却总想扔给他一身棒球服、橄榄球服，然后下一秒钟，他就会出现在球场上,3,还行,647,0.2231555811046797
2013-03-08 00:47:06,嘟嘟熊之父,真的是节奏好古怪的电影。人物预设过分直接，还没来得及体会便直指结局。导演风格的烙印一概全无，好在哪儿啊到底。,3,还行,20,0.9984045461016946
2013-03-18 00:49:48,F.C.,剧本写得实在是太好，而且一看就知道呆萌和本狗在里面塞了多少私货。Will Hunting这角色一看总觉得特别像Catcher in the rye的Holden Caulfield ，天知道他们在写剧本时默默艹了JD塞林格多少遍。如果真得选个青少年必看的电影的话，那么这部和《早餐俱乐部》以及80年《名扬四海》估计是逃不掉的前三,5,力荐,14,0.9999998248091192
2013-03-18 00:49:48,F.C.,剧本写得实在是太好，而且一看就知道呆萌和本狗在里面塞了多少私货。Will Hunting这角色一看总觉得特别像Catcher in the rye的Holden Caulfield ，天知道他们在写剧本时默默艹了JD塞林格多少遍。如果真得选个青少年必看的电影的话，那么这部和《早餐俱乐部》以及80年《名扬四海》估计是逃不掉的前三,5,力荐,14,0.9999998248091192
2013-04-11 22:36:04,哪吒,“我每天到你家接你，我们出去喝酒笑闹，那很棒，但我一天中最棒的时刻，只有十秒，从停车到你家门口，每次我敲门都希望你不在了，不说再见，什么都没有，就这么走了，我懂得不多，但我很清楚。” Fucking Genius!!!,5,力荐,0,0.9996248525663568
2013-04-12 10:44:42,曾于里,重看，剧本真是太棒了，很多台词发人深省,5,力荐,16,0.9991489842665352
2013-04-30 11:32:58,sylvia晓霄小小,也许你认为什么都懂，但你也仅仅是懂，你从未拥有,5,力荐,13,0.8988949607685477
2013-07-24 04:01:00,流风揽湖,河边对话的台词是唯一的精髓，非常美丽。开篇关于天才的误导和中篇的猛然脱离常规进入心理题材处理的还算有意思。其他全程唠嗑，可能是我自己水平有限，没有感受到太深的感动。,5,力荐,2,0.9988520721902086
2013-08-07 11:03:49,我是大皮哥,幼年不识愁滋味的时候还未曾发现这部《心灵捕手》的伟大之处，时至今日又完完整整地重看一遍后却不可控制地泪流满面，为马特·达蒙饰演的Will那种迷途天才的惆怅不安，为小本扮的配角死党Charlie的直言不讳，为蓝波教授那种高人亦会脆弱的落寞，也为大胡子肖恩不求回报的极致包容。一切都太暖人心扉。,5,力荐,40,0.9999999362354096
2013-08-24 18:59:16,scofieldd,其实表演是这片子里最弱的一环，除了威廉姆斯扮演的心灵导师之外，其他的角色都有改进的空间。小本就不说了，演技一直就是他的硬伤，至于呆萌的呆萌气质，怎么看都不像是一个天才，而更像是一个问题青年，演得越卖力就感觉越别扭。不过这剧本真是了不得，在业内已传为一段佳话，算是跨行的典范吧,4,推荐,1,0.9999979284719578
2013-09-08 18:02:50,软糖莫爷,“我每天到你家接你，我们出去喝酒笑闹，那很棒。但我一天中最棒的时刻，只有十秒，从停车到你家门口，每次我敲门，都希望你不在了。不说再见，什么都没有，你就走了。 我懂得不多，但我很清楚这一点。”,4,推荐,2,0.9996120115273684
2013-11-12 21:06:22,朝暮雪,马特·达蒙离奥斯卡影帝最近的一次。,4,推荐,92,0.8063905702474191
2014-03-18 18:05:15,风满蜃气楼,不是身在其中无法体会到看似简单的一步有多难；没有迈出那一步也不会知道跨出一步后的世界有多不同。各种意义上，想打十星  （Ｔ　Ｔ）．．．．．！！！,5,力荐,9,0.9996430449401597
2014-06-08 00:08:35,𝐚𝐫𝐨,马特·达蒙表演用力生猛做作-----而且作为编剧，将学术工作贬低为一蹴而就的事情，虚构臆想了一个的超人天才式逆袭励志的冲奥小故事，光是’励志‘俩字就足以糊弄一大批人-----功利心心太大，看得我想吐,2,较差,39,0.7244930797440913
2014-08-12 22:54:13,黄青蕉,哭瞎，不是天才也需要这个问题，你是谁，你想干什么，你准备开始了吗？,4,推荐,826,0.0549312784176632
2014-08-24 15:05:50,贝果在唱歌,再看依然深受感染，像罗宾威廉姆斯致敬。同时，写出一部关于一个天才的电影剧本的小本和达蒙同样是天才。。,5,力荐,4,0.999578463725513
2014-08-30 00:36:30,豆瓣路人己,我每天到你家接你，我们出去喝酒笑闹，那很棒但我一天中最棒的时刻，只有十秒，从停车到你家门口，每次我敲门，都希望你不在了，不说再见，什么都没有，你就走了，我懂得不多，但我很清楚。,4,推荐,3,0.998359544390839
2014-09-03 23:12:59,汪金卫,【中国电影资料馆展映】青涩的马特呆萌和他的好基友小本共同编剧并主演的励志心理片。真是才貌双馨啊（额）。看得很舒服。片中他们的友Ji情比主角的爱情、与罗宾的师生情更让人感动。胶片又不知是欧洲哪国的。中文字幕虽有漏译，整体质量还好。但放映比例没调好导致画面上部被切了一大截看不到。真无语,5,力荐,6,0.9999448619373824
2014-09-06 23:17:37,蒜 | BOY A 🌈,这部电影让我明白了三件事：-什么是真正的爱情？-什么是真正的朋友？-成功，不在于你取得了什么，而在于寻找自我。“你并没有体会过[失去]的真正意义...因为只有在你爱某人甚于自身时才会领悟。”,4,推荐,4,0.9999984613307024
2014-09-08 20:32:57,淋,年少轻狂，以为自己看了很多大道理，就能夸夸其谈仿佛经历的所有世界，但我们不曾独自远行，不曾目送友人在怀中逝去，更不曾经历一场死亡才能分离的爱情。叛逆从不是罪过，“有人输的那么惨为什么还要下注？”不是每个人都如威尔这般幸运， 但愿每一个曾迷茫的青春都能与一个尚恩不期而遇！~,5,力荐,3,1.0
2014-11-05 12:02:11,凉公子,一个不良少年天才是怎么被发现的。稍显遗憾之处：就不能找个稍微好看一点的女生做主角么？还好意思说她漂亮+辣妹，难道是我眼神有问题？,5,力荐,21,0.9880674149440066
2014-11-09 04:57:08,爱幻想的小孩,本子写的真是好，主要人物塑造的很立体，前期一定做了很多调研，你再对比下国内对创作剧本的态度......有个别地方涉嫌刻意鸡汤，但是大部分时间都是很自然的呈现。有好的人物往往是故事成功的关键。,5,力荐,15,0.999999971525196
2014-12-04 19:22:37,白井黑子阿尼娅,这部电影于我最大的情节不是罗宾威廉姆斯，而是本阿弗莱克和马特达蒙在片中的兄弟情。Chuck说：我每天到你家接你，我一天中最棒的时刻，只有十秒，从停车到你家门口，每次我敲门，都希望你不在了，不说再见，什么都没有，你就走了，我懂得不多，但我很清楚。 朋友啊如果你有了新彼岸请你离开我的FEEL,4,推荐,3,0.993368742654938
2015-01-08 18:40:58,连城易脆,彼时的马特达蒙真嫩，本阿弗莱克真瘦~没想到这部电影的编剧就是他俩，罗宾威廉姆斯真的好慈祥，非常适合做忘年交...,5,力荐,8,0.9437223966252456
2015-04-21 23:12:30,喜喜,谁说家庭是避风港，是安全的最想回去的地方？家反而是最残忍伤害我们的地方。不过，人，一辈子得遇上多少事儿啊，学着和自己和解和过去和解才是正道。,3,还行,34,0.9430182695778548
2015-05-12 19:21:50,彼方有荣光,It’s not your fault .很多时候我们的不甘心不顺从不服气不肯原谅自己和自己较劲都是因为我们从没有真的理解这句话，我们也会在别人说这不是你的错的时候觉得我知道这不是我的错啊，但真的理解这句话的人很少，所以我们才不肯放过自己。,5,力荐,45,0.1051104071981774
2015-05-18 21:22:04,摇铃女孩,补全豆瓣250果然是个错误，整部电影就像大本的面瘫脸一样乏味无趣故作聪明,2,较差,44,0.3219136906791501
2015-06-06 17:25:05,Ocap,凭海报译名，预期是启蒙类的主流治愈，结果并非太晚看，而竟是看得太早。单扒出来好到可怕的台词和看似影像化动机缺失的剧作，几乎给了我看罢即忘的第一观感，直到阅毕豆瓣那篇置顶长评，顿感释然与分裂。或许是看过最细腻的电影。于我，须以谦姿在往后的生活慢慢回温悟懂。,4,推荐,37,0.999998632167489
2015-06-06 21:15:58,小野,重看仍是数度哽咽，倒不是感动，而是台词写得太好，人物那种自然的生长力好到让人嫉妒，其心理治疗过程也是特别严谨而且专业。值得每句话都扒下来琢磨的本子。,5,力荐,2,0.9999996613335832
2015-07-13 22:04:51,danyboy,哈佛学生负责三观正常，威廉姆斯负责政治正确，天才少年负责忽悠青少年。这片子是校园版拯救大兵瑞恩和奥数版死亡诗社。多给一星是爱这九十年代氛围。,3,还行,197,0.999998422390082
2015-07-26 23:26:37,西楼尘,熬了一大锅鸡汤结果杂碎都混在里面的恶心感觉，真的没想到会是这么难看，全程几乎睡着了好几次，醒来发现里面的人物还在碎碎念。尽管都是我熟悉的面孔，可是凑到一起是想讲个啥？恕我愚钝只有小本敲基友马特家门的结尾和前面呼应了一下，其余磨磨唧唧的台词和不作死毋宁死的天才少年简直让我大呼上当。,1,很差,115,0.1112058994672808
2015-09-08 18:04:22,冰红深蓝,本·阿弗莱克与马特·达蒙的剧本太给力，不过除了打斗慢动作外，格斯的风格几乎不留痕迹。天才为何自甘堕落、挥霍天赋？影片将以来访者为中心的心理咨询过程展现得淋漓尽致，可作为范本观赏。威廉姆斯那段教诲很有共鸣，结尾的爱情和友情，将温情励志进行到底。（8.5/10）,4,推荐,18,0.999998086644204
2016-01-13 18:52:34,sleepy Mia,"罗宾当心灵导师真有一套。不知道为什么在我感觉里这个不如死亡诗社，也许是因为当时年纪小，也许是因为我仍然会为那种少年人的热血所感动。
真正被感动的点不是教授，而是大本说：我每天最开心的十秒钟，就是在想象着，我去敲门然而你却不在家，你走了，不留下一句话。
it's friendship。",4,推荐,16,0.9999998483999428
2016-02-03 21:39:54,会笑的昨天,励志类题材影片，威尔麻省理工大学的清洁工，有惊人的数学天分，但是个问题少年。在教授桑恩和朋友查克的帮助下，最终把心灵打开，消除了人际隔阂，并找回了自我和爱情。,5,力荐,7,0.9999896647475556
2016-02-03 21:39:54,会笑的昨天,励志类题材影片，威尔麻省理工大学的清洁工，有惊人的数学天分，但是个问题少年。在教授桑恩和朋友查克的帮助下，最终把心灵打开，消除了人际隔阂，并找回了自我和爱情。,5,力荐,7,0.9999896647475556
2016-04-14 22:18:30,xxx,教练我也想成为天才！真的好治愈。。他其实真的很幸运的。。连被我以为的猪朋狗友都劝他走出来。。那个女孩，老师全都对他好好。。一切过去之后应该还会继续发挥他的才能嘛_(:_」∠)_心理学老师和他说自己妻子的时候真的哭得好厉害orz然后本来以为是演数学老师的演员那个了但是原来是心理学老师。RIP,5,力荐,3,0.9999999995999984
2016-05-10 00:24:30,安大帅,你年轻彪悍，我如果和你谈论战争，你大可以向我大抛莎士比亚，背诵“共赴战场，亲爱的朋友”，但你从未亲临战阵，未试过把挚友的头拥入怀里，看着他吸着最后一口气，凝望着你，向你求助。不要以为，我了解你。也许我可以通过“知识”来看你，但那不是你，除非你愿意谈谈你自己，否则我不知道你到底是谁,5,力荐,2,0.9999964380517412
2016-05-30 23:06:37,缺德梅,8.6/10 再次会谈时教授的一段话，工地里死党一番劝，还有最后一连串【It's not your fault】，煽情却毫不矫情，确实感动到我了。,5,力荐,2,0.2769214607285715
2016-06-20 19:56:03,一个无情的杀手,如果你从未去实现 那大谈梦想又有什么用 触碰了才是真的 停留在脑海里的都是意淫,5,力荐,4,0.9192270724551964
2016-09-17 11:59:58,请保持高冷,慕名来看的,4,推荐,13,0.074200376999769
2016-11-21 22:28:34,不贰🙈🌈,一个人选择用卑劣的手段来武装自己，无非是不想让心底最柔软的部分暴露在阳光下，在社会、他人的眼光中慢慢朽坏，身体的痛很快就会消弥，心灵上留下的伤痛却很难愈合。“这不是你的错”，“这不是你的错”，这句话对一个过度保护自我的人是致命的，比让所有人都同情你更可悲的就是，你自己都同情你。,5,力荐,12,0.9999999999951692
2017-01-16 21:12:38,木偶,一生得一老师足以。罗宾大叔可以凭借死亡诗社和这部里的老师形象名垂影史了。,5,力荐,9,0.9999579783097996
2017-01-22 22:22:49,LEMON酱,希望每个人都可以遇到理解他的老师和真心待他的朋友。,4,推荐,27,0.9815052186863013
2017-01-23 01:54:46,Silence🌸🌸,你就算有再呆萌的容颜 再盖世的天才 再识才的良师 再明理的益友 再主动的女神 自己不努力也是不能往前走的,5,力荐,8,0.5286968019016506
2017-04-04 10:30:09,墨玄,越有能力的人责任越大，他们将不知觉完成人类赋予的责任、使命和救赎。在蓝勃眼里，威尔完全可以承担起数学界重任，肩负起使命，不然将是数学界极大的损失。可他要帮助威尔承担这个使命前，首先要完成他对自己的救赎。,4,推荐,13,0.9999995190895642
2017-04-07 14:55:39,卡比巴拉的海,人生中应该拥有一段这样的豁然开朗,4,推荐,8,0.9982807486773736
2017-04-14 17:14:24,美女菜kun,马特达蒙的经典作品之一，力荐！,5,力荐,11,0.9881446440607696
2017-05-07 10:14:07,阿别给我打电话,马特达蒙在这一部中的表现很赞，影片的节奏比较慢，也没有太多的冲突，但是就是在这种平静之下，完全反映了一个少年的成长,4,推荐,7,0.9999857478336732
2017-05-17 08:36:11,落拓,“我每天到你家接你，我们出去喝酒笑闹，那很棒但我一天中最棒的时刻，只有十秒，从停车到你家门口，每次我敲门，都希望你不在了，不说再见，什么都没有，你就走了，我懂得不多，但我很清楚。”这种情感真动人啊。,5,力荐,8,0.9999920985447244
2017-05-17 08:51:11,山下猫,二十年前的电影，展现角色掉了好多书袋，台词太满，开篇球场打架用慢镜头，让我想起吴宇森。拯救浪子的套路，好几场戏表意重复显长。天赋是一种专心，分心喝酒打架，和我现实生活中见到的geek很不一样，时常有架空感，因而无法沉浸，只能单独看Williams的表演,3,还行,2,0.9999999998736884
2017-05-26 22:59:35,杨大志°,人生中应该拥有这样的一段豁然开朗,4,推荐,4,0.9982807486773736
2017-05-28 15:31:21,淡水无香,相当动人的故事，看着威尔一步步的成长。,5,力荐,6,0.9994586612455112
2017-06-14 21:48:39,人气甜辣炸鸡,心理学教授明显的INFP，数学教授则有些INTJ。至于天才少年大概是INTP。有些人天生就幸运，拿了一手好牌。而大部分的我们却只能努力把自己的烂牌打好。如果你可以自由选择做任何事，你会做什么？也许那才是你真正想做的——如果说天才类题材有其现实意义的话,4,推荐,9,0.999998111428984
2017-08-30 23:50:18,(๑⁼̴̀д⁼̴́๑),这不是你的错,5,力荐,54,0.4060738657471548
2017-08-30 23:56:26,sunshinE。,我命由我不由天，事在人为,5,力荐,61,0.5742335825421686
2017-08-31 02:17:35,黑基兔,天才的堕落,5,力荐,32,0.4355657243911129
2017-08-31 02:17:35,黑基兔,天才的堕落,5,力荐,32,0.4355657243911129
2017-08-31 02:25:24,泷希薰,令人感受颇深的一部电影，十分励志,4,推荐,38,0.9945595331347984
2017-08-31 06:56:43,牵不到的爱,还是要遇到对的人 懂你的人 知己难寻 但彼此会给予对方力量,5,力荐,92,0.99833113690668
2017-08-31 07:03:20,fox的summer,有看到情不自禁的哭了,4,推荐,39,0.9377141532716988
2017-08-31 08:16:44,我的天呐,看得人很治愈,5,力荐,26,0.895025971868318
2017-08-31 08:42:52,高冷的鸡蛋仔,一部单纯讲述心理治疗的电影，而不像其他大多数影片那样仅把心理治疗当作背景或点缀。以人物主导，很完美的一个助人自助的成功案例。,5,力荐,135,0.9999840009073632
2017-08-31 09:01:39,绿豆酥,好片！,5,力荐,22,0.6771170824980716
2017-08-31 10:48:45,天地一沙鸥,喜欢这样的故事！,5,力荐,29,0.8552752250665849
2017-08-31 10:48:45,天地一沙鸥,喜欢这样的故事！,5,力荐,29,0.8552752250665849
2017-08-31 11:49:09,兮子镜,问题少年和天才的距离……,5,力荐,30,0.981531936696468
2017-08-31 13:35:03,新街口的,看完感觉很暖心很治愈 让人豁然开朗 不错的让人知道对待朋友的方法,4,推荐,44,0.999950598246522
2017-08-31 13:45:39,momo,喜欢这样的故事，很温暖人心！,5,力荐,27,0.9997282558636862
2017-08-31 13:53:55,潇潇暮雨,羡慕这样的友情,4,推荐,20,0.9983787420611856
2017-08-31 17:34:10,半城风月,You've got your tickets to paradise wish you can Rest In Peace.以真心换真情。,4,推荐,35,0.8342466993956132
2017-08-31 21:44:18,omomo,有些语言很伟大，你只要听到，就会心潮澎湃。澎湃之后，就往往失落。因为自己没有勇气去跟随那些声音。只是转过身去，看着阴暗的角落。有些光明，好像不属于自己。其实那些光明，属于所有人，只是沐浴在那些光明之下，已经不是现在的你所考虑的了。那里有自由，有真实，那是属于少部分人的。,4,推荐,147,0.9999884560132364
2017-08-31 23:50:29,樱语宸,好看！！推荐！！,5,力荐,16,0.3790917458342548
2017-12-23 19:36:43,某J。624,“你只是个孩子，你根本不晓得你在说什麽。所以问你艺术，你可能会提出艺术书籍中的粗浅论调…”这段大赞。“我每天到你家接你，我们出去喝酒笑闹，那很棒但我一天中最棒的时刻只有十秒，从停车到你家门口，每次我敲门都希望你不在了，不说再见什么都没有你就走了，我懂得不多但我很清楚。”这段泪目。,4,推荐,9,0.9999994859251404
2018-03-02 23:42:57,杨三恨,如果，每个人内心深处最深的自卑，遇见另一个同样自卑的人时，就像连连看一样消失了，那么爱情就容易多了,5,力荐,33,0.999999895216336
2018-03-13 08:48:52,酒鬼一家小迷妹,或许天才总是孤独的，尤其是这个天才背后伤痕累累。很庆幸他有一个能让他敞开心扉的好老师，在他20岁左右的时候告诉他这不是你的错。,5,力荐,46,0.9999987551738916
2018-03-21 02:04:53,Patamon,"和天才做朋友的感情：
怕你飞远去，怕你离我而去，更怕你永远停留在这里。",4,推荐,5,0.9379343095813006
2018-05-13 21:24:42,欢乐分裂,如重温《死亡诗社》般暖煦然又怅然，在自以为是构筑的小世界里提前一步拒绝他人以求自保，错把愤世当勇敢，误认理论是现实，幸而总有鸟儿为你歌唱；世界从不公平，天才的碾压非凡人企及，可这份孤独须得匹配之人解锁，幸运的青葱少年在特写镜头前明亮得如清晨朝露。,4,推荐,246,0.9999999999525664
2018-07-16 09:57:18,Morning,70分。人物关系是写得最好的，所谓捕手，是所有人伸手向他的时候全部都像被反噬班崩溃，纯粹的天才和世俗之人的碰撞，尤其和心理学教授这一组已经脱离于拯救与被拯救，去反复做了好几个变化。正是在这样的网状的变化里，他才被驱动着变化。,5,力荐,5,0.9999949360319228
2018-10-01 14:07:04,铅纸鹤,有些电影属于要趁早看的，因为如果你已经看过不少电影再看它的话就会觉得索然无味，《心灵捕手》就属于这种。,3,还行,177,0.9993289000943518
2018-10-09 02:21:21,大象姐姐KK,"这是一部非常丰富的片子。友情，爱情，师生关系，心灵辅导，天才无用论，追求还是自由。期间泪目三次。

可能因为今天正好看了《奇葩说5》关于键盘侠那期，所以最喜欢电影中西恩在威尔扎心的话语后还给他治疗并说出的一段话：

你只是个孩子，你根本不晓得你在说什麽。
你知道西斯汀教堂的气味吗？你没试过站在那儿，昂首眺望天花板上的名画吧？你从未亲临战阵，未试过把挚友的头拥入怀里，看着他吸着最后一口气，凝望着你，向你求助。你从未尝试过痛失挚爱的感受……

不要以为，我了解你，也许我可以通过知识来看你，但那不是你，除非你愿意谈谈你自己，否则我不知道你到底是谁。

再你伤害和抨击别人的时候，不要自以为了解他。",5,力荐,4,0.9999999999103116
2018-10-24 13:52:32,鲜有废客,"过3⭐。
罗宾天生就长着一副心灵导师的和蔼脸，达蒙也天生就是一副愣头青的样子，两人拍档，能看到青葱感。",5,力荐,4,0.9383563083253912
2018-12-24 22:11:28,Neroat,很喜欢这个电影的中文翻译名。拍得挺不错的，第一次看这么年轻的马特达蒙，没想到他自己还兼任编剧。本年轻时也好帅，谁不希望有他这样的好朋友呢？人与人心灵的碰撞太打动人心了。,4,推荐,7,0.9999986421239272
2019-01-02 13:45:10,大熊,我真的.....get不到豆瓣250的点了。我以为是问题少年解开数学难题大战世界教授问鼎科学巅峰。结果又是爱和友谊的呼唤…………这算啥？经典心理病患疗法重现？高中老师当斜杠中年兼职心理医生？,2,较差,19,0.9999999995724134
2019-01-02 20:23:29,嗨，牛仔,一切的先决条件是，你是个天才。而且一个路人虐杀大学得奖教授得数学，基本是不可能的事，故事是好故事，可是剧情片要源于生活，这片完全没有指导意义，兄弟情很深很真，但只有威尔才配拥有美好的生活和更好的待遇吗，你我都是普罗大众，要有普通人的视角，三观不正的高分。,2,较差,19,0.9999999995582818
2019-01-13 23:41:46,柳下风,不喜欢这部电影，太“正确”了，正确到认为理所当然和矫情。是天才，就一定要去“拯救”他吗？粗鲁、自负、不可一世、无可理喻，这样的人，再是天才也是个渣渣。“德”和“才”中，德是第一位的。幸好，结局是把他教育成功了。多给一颗星是喜欢威廉姆斯的那段对话——真正体验和“知道”的感受是完全不同的，以及本阿弗莱克关于友情的那段对话。,2,较差,48,0.9999999912917076
2019-02-09 21:50:29,Onceinaredmoon,马特和大本谁插足谁讨打啊哈哈哈。兄弟情我也不歌颂了，不过很喜欢不受待见的女主，会讲色情笑话，会diss天才马特，也会为爱流泪，机场走人也不回头。评论说她丑，但这不就是最真实的生活嘛～,3,还行,1,0.996878336714602
2019-06-30 23:27:09,要早睡啊minami,"当爱人袒露脆弱，用攻击来自保的时候，我想对他说，我爱你。然后抱住他，亲吻他。如果我们吵架，冷静下来后不计较对错，开口还是，我爱你。
跟朋友起争执，闹得很僵。过两天，必须去找他，双方对视，有些尴尬但轻松很多，我还没说话，她说，我知道，我也是。然后两个人开心地去喝酒。
生日的时候，朋友跟我说，生日快乐，我还记着呢。
我想要的人生，这样就好。",4,推荐,3,0.9999895386280284
2019-08-15 14:55:29,张天翼,现在来看，我觉得剧本最好的一个转折是：这样一个少年，谁能接近他？接近他的人是在哪一点打动他？是威廉姆斯愤怒失控地扼住他咽喉的一刻。达蒙那时候可真好看，特写镜头明晃晃怼到脸上都拍不出瑕疵。老斯的配角也好，那种对自己终生难以企及的天才的痛惜和一丝羡慕妒忌。,4,推荐,19,0.999998919025868
2020-07-20 00:39:17,银河战舰少女号,我每天到你家接你，我们出去喝酒笑闹，那很棒。但我一天中最棒的时刻，只有十秒，从停车到你家门口，每次我敲门，都希望你不在了，不说再见，什么都没有，你就走了，我懂得不多，但这我很清楚。,5,力荐,52,0.998359544390839
2020-09-30 22:07:55,空瓶子,超经典的一部电影。影片包含的东西非常多，有如何走出心理阴影，有寻找自我并认可自我，有害怕亲密关系到勇敢走出自己的路，有友情的珍贵与欣慰，有对未来的选择是由他人决定还是有自己决定……而这些归根到底就是不要被任何阴霾所控制，掌握自己的人生，活出自己的精彩。片中的所有人物都是善良的，但又是脆弱的，都有着属于自己的问题，结局也相对开放，而演员的表演真心太精彩了，尤其是在大特写下，演员的微表情都十分到位，细节都相当出彩，这也是为什么影片会这么感人的地方，它甚至没有用任何强烈的情感冲突作为爆发点，而是用最平实的话直击人心，尤其是尚恩不断对威尔说的那句“你没有做错”，真的是哭死了。这真是一部值得反复观看的好片啊。,5,力荐,16,1.0
2021-02-24 22:48:41,星农,怎么说呢…男主的天才程度表现得太过刻意，就不可信了，就算他有photographic memory，要懂得那么多东西（历史法律数学化学）要投入多少时间阅读？他一个有体力工作又四处寻衅滋事的小混混哪里来的时间？天才如Sheldon也是从小学到大的好么，纯靠自学就完爆菲尔茨奖得主，才让人有种被侮辱智商的感觉。就算是天才，没有受到系统训练也不可能像男主这样这么熟练。编剧除了几处金句以外其实真的很俗套…真心没受多大触动。几个小混混的兄弟情反让我更动容些。,3,还行,108,0.999999999616996
2021-03-20 22:50:23,罅,Will本可以有千千万万种生活——喝酒、泡吧、打架、袭警、与朋友说屁话、做一个MIT的清洁工、去砌砖、与哈佛学生辩论、等等，然而他选择了最无聊的一种，即是活成别人期望的样子。恕我对里面的很多片段完全不能感同身受，‘It’s not you fault.’ ?????? 最后Will找了份体面的工作，但我还是更喜欢最初那个叛逆的青年，我也不理解为什么最初他得去看心理医生？？整部片之所以成为经典，好就好在台词。Will与国安局对峙的部分是我认为最精彩的片段。,3,还行,11,0.9999986688834888
2021-04-06 17:31:18,SHow格拉底,说实话，我已经尽量看影评让自己觉得很震撼。,3,还行,51,0.8632710141459848
2021-06-27 20:29:00,鱼鳞天,五味杂陈，一方面will受到如此多帮助，是因为他是天才。另一方面，要改变一个人，需要同时遇到如此多的好人。,5,力荐,240,0.978271365222403
2021-07-12 01:50:38,莉莉玛莲,讲述“天才”的心魔，剧本的浅薄、乏味及聒噪程度却到了冒犯的地步，对马达和本的创作态度没意见但他们真的能完全体悟片中天才或教授任何一方的心境深渊吗？暂不提结构上的紊乱和潦草，整部电影看起来就像从垮掉派小说里概括的故事版再按上个主流values喜闻乐见的it's not your fault万能key(一遍没用就多说几遍，说到主角痛哭流涕改邪归正就对了)。想了解数理天才真实的自我抗争不如去看美丽心灵，这部里所谓的天才本质还是麦田守望者式的迷惘青春期幻想icon，对着一个不真实的人物做任何精神分析都是可笑的，唯一的意义是与之共情激励，在我看来是某种贬低。真正超凡者的灵魂深渊绝非几句看似感人的陈词滥调就能触及。,3,还行,20,0.9999999999999998
2021-07-13 15:01:16,李秋天,"“你已经得到了一张五百万的奖券，你却该死的不敢去兑现它！你和我们不一样！如果20年后你还在这里，我会瞧不起你。”
令人发指的天赋啊！不去试试，你怎么知道你不是下一个爱因斯坦呢？",5,力荐,2,0.0166391836445096
2021-08-05 01:14:19,彗星一击,越来越对以男的为主的电影感到厌烦恶心。,3,还行,11,0.6998771958287862
2021-08-07 20:52:31,沸海鲸歌,若你天资过人，全世界都想拯救你；若你平平无奇，只能独自在角落腐烂。,4,推荐,17,0.989499420958074
2021-08-23 18:10:59,Jonko,多少年前看了一半的，今天才补完整。立意太棒了，就算天赋秉异，个人对自我的认识、对自由的向往和选择以及对美好生活的追寻才是最重要的。,5,力荐,17,0.9999997495256218
2021-08-23 18:10:59,Jonko,多少年前看了一半的，今天才补完整。立意太棒了，就算天赋秉异，个人对自我的认识、对自由的向往和选择以及对美好生活的追寻才是最重要的。,5,力荐,17,0.9999997495256218
2021-10-31 18:17:36,张猫大,"- It's not your fault. 
- Yeah I know that. 
- Look at me son. It's not your fault.
- I know. 
- No. It's not your fault. 
- I know. 
- No no you don't. It's not your fault. 
- I know. 
- It's not your fault. 
- All right. 
- It's not your fault. It's not your fault. 
... 
😭😭😭",5,力荐,117,8.095413228659253e-10
2021-12-09 09:39:20,人马头XO,只想拥有这样性感的大脑……我觉得在很多欧美电影都看到了沟通的重要性，但是我印象中很少有国产电影体现这一点的，很少有坐下，我们谈一谈这样的场景,5,力荐,29,0.9998067179179112
2021-12-29 01:19:01,哈呜,颇为匠气的鸡汤片，在我看来不够真实，过誉了。,3,还行,5,0.4605538555495059
2022-01-06 23:31:12,吃李子不吐皮,"我想不出比现在更好的结局，Will不再胆怯知道自己心里想要什么，Sean走出妻子离开的悲伤决定旅行重新下注，Lambeau没说出口的对不起在Sean的me too中，这一次喝完酒后是半年后同学会上的见面，Chuckie终于在敲Will家门后十秒钟还没有人。Will之前就像个身负绝技的小刺猬，因为受了太多的伤习惯见人就扎，用fuck,bullshit夹杂在毫无分寸的语言里中伤Sean, Skylar, Lambeau，但是这些人真的好像天使一样一直一直在他身边，Sean坚定的重复着的“it's not your fault”在第几次才走进Will的心中呢，还好他身边从始自终都有那三个又嘴臭又讲义气的兄弟，在Will21岁生日的时候送出了全世界最丑的最棒的车。",5,力荐,311,0.99974385483199
2022-01-26 19:52:26,别想找到我的豆,"可是他根本不值得被拯救，除了天赋异禀，他身上充满了傲慢、自大、懦弱、偏执、懒惰，他根本不值得被人爱被人拯救。

This movie should not be called Will Hunt, it should be called Will - born with the talented brain, so strangers, girls, bros, teachers, doctors love me no matter how suck and arrogant I am - Hunt. Plus, they will love me forever no matter how many times I hurt them. God, romantic Korean movie",1,很差,5,0.0087092442012229
2022-02-21 12:27:03,孙悟空,以为教授是主角，最后发现是心理医生,5,力荐,13,0.8535975165408362
2022-03-10 00:21:08,𝓐𝔃𝓾𝓻𝓮,以前就看过，没看完。编剧竟然是本和马特达蒙，哇。最多三分吧……没什么感觉。有个豆友评价的我赞同“有些电影属于要趁早看的，因为如果你已经看过不少电影再看它的话就会觉得索然无味，《心灵捕手》就属于这种。”,3,还行,27,0.9976287643976331
2022-04-28 07:59:07,wonwoodyjin,“我初中时候有几个兄弟，都是比较爱玩爱混的，中考前一个月，兄弟几个在喝酒，突然，一个老铁告诉我：兄弟以后我们不会带你玩了，咱们几个就你能考上高中，我们不能耽误你。”转自一条网友的评论。成就男主的是他自己，他的伯乐教授。和他朋友们,5,力荐,38,0.9987869429559524
2022-05-06 19:56:47,鸭子球先生,不算特别喜欢这个故事。有些乏力和情感淡薄。威尔这个角色与心理医生、朋友和女友建立的关系几乎是相同强度的，整体看下来就是没有一处关系渲染得特别出彩的。尤其与《闻香识女人》、《死亡诗社》、《国王的演讲》相比，平庸了一些。,3,还行,7,0.999999998662525
2022-05-30 12:26:44,♒。ABCDFG,特别喜欢罗宾对达蒙的那段话。因担心不完美而不被接受而隐藏真实自我极度不愿意信任别人也不愿投入任何亲密关系。需要这份豁然开朗。没有谁是完美的。,5,力荐,22,0.9925162949362064
2022-06-05 20:08:25,吾辈是猫,又是一部引导迷路羔羊的心灵电影，首先停止责怪自己，你不是造成现状的罪魁祸首，你值得你想要的生活；其次，读书是好的，但从书中得知的东西，没有亲身体会过不能了解它的深刻；最后，诚实的追求自己想要的，不要怕被伤害而不敢去尝试。好哥们发现男主的那个表情演的极好，还有最后去加州充满希望的路～,5,力荐,64,0.9999999996501
2022-06-08 21:16:19,💙阿织,臆想的人设，轻松的破局，现实比这挣扎得多。,3,还行,39,0.9825796252532452
2022-07-10 12:49:18,菜昂纳少,同学盛情安利下，食完这部主流经典片。虽然同学看哭了，但可能不是很对我的胃口，全程冷漠脸看完。好工整的结构，好规矩的人设和剧情。如果我在青少年时期看这部电影，大概会觉得喜欢。但现在心境和人生价值观已经和青少年那会不一样了，对励志的名校心灵鸡汤早就免疫。看这种带点意淫味道的天才片，只会觉得well...not bad though...,3,还行,9,0.9999999997178676
2022-08-05 22:16:56,JinG,世界上最幸运的事情，你有天赋，并且你知道你的天赋，同时有贵人愿意帮助你开发你的天赋，更重要的事，所有你的朋友都没有因此而嫉妒你，而是发自肺腑的支持你。何等的幸运。,4,推荐,12,0.9999989491082454
2022-09-25 00:07:07,一只麦麦,绝佳治愈电影，特别适合心情不好的时候看，有几场戏台词真精彩，哭了好几次。两个好老师，一群好哥哥，让一个通过书本掌握了世界法则的天才少年混混，终于打开心门开始感知身边的爱。罗宾威廉姆斯眼神中有一股强大、温柔的穿透力，谁不想要这样一个心灵导师呢T T 哥哥们送Will一辆破车那里也很感人，而且戏外他们几个也是从小一块长大的好兄弟，这谁能不感动...大本和小马这个剧本写得真好,5,力荐,1,1.0
2022-11-21 19:51:19,momo,好无聊的y片，虚构了一个清洁工吊打麻省数学教授的故事，这就是国外版的龙傲天小说吧，导演应该没读过多少书，一生只靠小聪明取胜，才能把科研学术贬作天才的一蹴而就，拍出一部皇帝用金锄头的电影，shame on u。全片随处可见美式青少年冲突和黄段子，还必有白富美爱上天才y，真的很无聊。,1,很差,11,0.999999899644927
2022-12-02 01:21:36,潜水教练CC茜茜,“每次我敲门，都希望你不在了。我懂得不多，但我很清楚。”,5,力荐,67,0.7769736723378137
2023-01-03 18:53:57,drunkenstain,原片名真好啊，整个影片的结局如此温暖，但真相和背景是如此冰冷——will的倔强和高傲狂妄、自我毁灭性人格来自他原生家庭的惨淡、模糊的自我认同，但他最后找到了答案，却不是浑浑噩噩地度过余生，这是格斯·范·桑特最“留情”的处理。而在现实生活中的Will们真的可以遇到惜才的Lambeau教授吗，就算遇到了，Lambeau又恰好可以找到Sean那样有耐心的、有责任感且睿智的心灵导师吗，他能有一个在关键时刻出来告诉他“要是你以后还和我们混在一起，我饶不了你”，像Chuckie一样劝朋友远走跨越阶级的挚友吗，他能遇到一个爱他的Skylar吗？格斯·范·桑特式青春：不提供任何答案。但它无不温情地帮我们清理生活中随处可见的漠视和“与我无关”，而是告诉我们必须要有这么多双手，这么多的爱和耐心才可以拯救一个人。,4,推荐,15,1.0
2023-02-23 23:15:48,阿雨,发现Will离开之后，Morgan没心没肺又了然于胸地跑到副驾驶上来，是整部电影里最喜欢的一幕。,5,力荐,155,0.9555448440914496
2023-04-11 17:51:04,派小星,男主好幸运，遇到可以打破自己心理防御机制的心理师，遇到赏识自己天赋的教授，遇到为自己送辆车做生日礼物的朋友。,5,力荐,34,0.982429775535337
2023-04-12 21:51:27,柚桉桤,额……很肤浅加掉书袋，起点男频那味儿太浓了。加一星给罗宾威廉姆斯的演技还有傻子一样的大本年轻的肉体,3,还行,14,0.8295360272711665
2023-05-02 23:24:49,寻找大象的萨懦,一生难遇，懂你（良师），知你（教授），爱你（女友），陪你（朋友）。,5,力荐,24,0.9669429132912526
2023-05-02 23:24:49,寻找大象的萨懦,一生难遇，懂你（良师），知你（教授），爱你（女友），陪你（朋友）。,5,力荐,24,0.9669429132912526
2023-05-05 01:41:35,tutu,"我每天到你家接你，我们出去喝酒笑闹，那很棒但我一天中
最棒的时刻，只有十秒，从停车到你家门口，每次我敲门，都希望你不在了，不说再见，什么都没有，你就走了，我懂得不多，但我很清楚。",5,力荐,14,0.998359544390839
2023-05-17 04:11:25,曼仔,篇幅所限把心理治疗的部分压缩了很多，结尾也过于rosy，但几个片段非常好，剧本、表演、调度都好，非常精准地体现出了咨访关系里的动力变换，暗合了心理咨询里【把重点放在当下的关系和情绪而不仅是谈论的内容】这一点，RW真是好演员，情绪的层次呈现恰到好处，而达蒙也接得住，厉害的。剧本有非常明显的左翼与反战态度。达蒙长得十分符合橄榄球员的刻板印象，但演一个高智商男孩竟然也有说服力。大本年轻的时候真好看。,4,推荐,1,0.9999999999920032
2023-06-24 15:39:24,FrogFrogKitano,聪明的人才能有免费心理咨询,3,还行,12,0.3682388555218761
2023-08-20 18:39:46,离心的尘星,心理学教授在河边对威尔说的那一段话，太触动我了，人生的丰富不在于知道多少，更在于经历多少。,4,推荐,10,0.9988351414867735
2023-12-09 23:38:06,中年痴呆患者,太多台词值得反复品味。,5,力荐,20,0.9497021324095756
2024-01-07 17:30:08,吃瓜一起嗨,"里面最动人的细节，是男主和好友的一番对话，大意是他最快乐的时光，是每天去接男主上工在门口等待他的十秒，但看到男主的身影幸福感就会荡然无存。男主是一个天才，他本不应该埋没自己的才能去作建筑工人，所以朋友开心又难过，谁不希望朋友能长期陪伴在身边？但他更是希望男主能一展所长，哪怕从此两人走上不同的人生轨迹。
能写出这样的对白的编剧啊，那不是看几本小说就能懂的， 本·阿弗莱克 和马特·达蒙这么多年的友谊，的确证明这一点。",5,力荐,11,0.9999999999952328
2024-01-07 17:30:08,吃瓜一起嗨,"里面最动人的细节，是男主和好友的一番对话，大意是他最快乐的时光，是每天去接男主上工在门口等待他的十秒，但看到男主的身影幸福感就会荡然无存。男主是一个天才，他本不应该埋没自己的才能去作建筑工人，所以朋友开心又难过，谁不希望朋友能长期陪伴在身边？但他更是希望男主能一展所长，哪怕从此两人走上不同的人生轨迹。
能写出这样的对白的编剧啊，那不是看几本小说就能懂的， 本·阿弗莱克 和马特·达蒙这么多年的友谊，的确证明这一点。",5,力荐,11,0.9999999999952328
2024-01-07 20:26:33,mooncle,"如果我问你艺术,你可能会提出艺术书籍中的粗浅论调。有关米开朗基罗,你知道很多，他的满腔政治热情，与教皇相交莫逆，耽于美色，你对他很清楚吧？但你连西斯汀教堂的气味也不曾嗅到？你未曾站在那儿，昂首眺望天花板上的名画吧？可是我见过。你年轻彪悍，我如果和你谈论战争，你会向我大抛莎士比亚，朗诵“共赴战场，亲爱的朋友”。但你从未亲临战阵，未试过把挚友的头拥入怀里，看着他吸着最后一口气，凝望着你，垂死向你求助。我问你何为爱情，你可能只会吟风弄月，但你未试过全情投入、真心倾倒，四目交投时彼此了解对方的心。好比上帝安排天使下凡只献给你，把你从地狱深渊拯救出来。对她百般关怀的感受你也从未体会。",5,力荐,25,0.9999999999934464
