2005-06-12 02:22:28,阿北,test,5,力荐,599,0.5
2006-02-18 12:04:59,北影厂彪哥,张曼玉真是风骚啊,4,推荐,1136,0.9683928344057844
2006-03-29 16:00:59,薇羅尼卡,一直记得的是那个刮骨小店员，两把刀，舞得飞快,5,力荐,1403,0.5273251931360768
2006-04-11 08:16:41,kingfish,风情万种的老板娘叫人难忘,5,力荐,686,0.9863071804827614
2006-04-14 10:58:31,木卫二,我不像你一样，有勇气面对这片沙漠,5,力荐,856,0.939303775638435
2006-07-18 14:19:48,大宸,大漠孤烟直 长河落日圆,5,力荐,419,0.997649670741066
2006-08-21 02:44:52,小耳朵图吗,徐老怪,4,推荐,82,0.8813404621378556
2007-04-14 10:48:30,胡克,张曼玉最后的必杀干嘛不早点用,3,还行,180,0.5209206617220785
2007-05-18 14:36:00,安东,“来，为这个没名没姓的年头干一杯。”,5,力荐,31,0.3781891630099089
2007-06-24 23:19:07,战国客,中国版的《卡萨布兰卡》~~,5,力荐,319,0.5489671667216057
2007-10-18 11:58:51,沉歌,从古到今，多少江湖义气，英雄豪情，都是一壶好酒，一场大醉，一夜好梦。,5,力荐,536,0.9984887715635314
2008-01-10 17:07:55,老鸡｜扶立,这部片子里面最帅的其实是小二,5,力荐,1772,0.9587475849586392
2008-05-24 20:45:58,轰小云@七汉字,"三步一个青霞, 五步一个曼玉, 甚是享受",5,力荐,1733,0.9525858338059982
2008-11-29 02:48:18,Doublebitch,当时觉得太cult了！,5,力荐,158,0.3205815415310954
2008-12-26 14:48:23,MaTown,当年看到最后把甄子丹的脚剃成骨头的时候我还吓了一跳,4,推荐,2484,0.0713376859796703
2009-03-28 20:04:41,V,那时甄子丹还没出名，在演大反派，林青霞因为《东方不败》、梁家辉因为《情人》都红到爆，但该片的最大受益人却是张曼玉。那个风骚入骨的客栈老板娘，成了武侠影史上跳不过去的一页。今后恐怕没人能比张曼玉演江湖客栈里的老板娘演得更好了。,5,力荐,3225,0.979213457200046
2009-05-18 12:41:17,古西亦古奇,金镶玉，没人能超越,5,力荐,1355,0.9666950006277336
2010-11-04 15:09:02,少年夏不安,大漠孤烟直，长河落日圆。感觉这才是中国的西部片。茫茫大漠里一间小客栈里面各种势力的冲突纠葛。话说原来那双刀鞑子男才是扫地僧般的存在啊。,5,力荐,1982,0.998452884304472
2011-03-16 20:41:26,伍德与夏洛蒂,无法超越的喜欢，风流却不下流，严谨却也狡猾的周淮安。风骚却不下贱，义气却不蠢钝的金镶玉，以及外刚内柔的真女人林青霞。比起后期的沉默气质，我更喜欢这与青蛇时期的张曼玉。每个演员都无出其右，每个节奏都恰到好处。心中最深的火舞黄沙之梦，有余悸更有不舍。,5,力荐,1431,0.999999999805338
2011-11-10 19:32:36,巴喆,别怀疑，剔骨那个才是高手。而张曼玉的金镶玉，媚眼之间泼辣风骚又不失善良，已然成为影史之中的经典角色。徐克对武侠意境的理解非常到位，大漠孤烟直，长河落日圆的那种西部风采，在这里是最原味的。8.6,5,力荐,104,0.9999999999999858
2011-12-29 10:59:53,同志亦凡人中文站,阅遍红尘金镶玉,5,力荐,106,0.976110133747492
2012-01-05 09:55:36,Mr. Infamous,大漠边关的风情粗犷却又撩人，带着砂质的情欲与豪情，在爱恨情仇的瞬间爆裂生长，长出倒刺披挂在一个促狭的江湖上。当烽烟吹散，荒漠一如，玉人已失。又一段垂涎与弃绝拉开帷幕……张曼玉真是个戏精，妖娆灼人，风情万种，就她一个能在这荒烟蔓草中艳光四射，华彩流丽。,4,推荐,16,0.999999998847737
2012-01-08 20:12:53,伊谢尔伦的风,梁家辉果然比李连杰好多了……,4,推荐,409,0.5909295272157423
2012-02-12 20:09:35,bookbug,跟徐克有关的武侠片中本片在我心里可排前三.看过的次数可排第二.喜欢的演员可排第一了.因此下午在安贞ume提前看了即将于下周重新上映的数字修复版.回家路上一直心潮澎湃.林青霞的风华绝代和张曼玉的风情万种.都是我少年时的梦情...而如本片这样充满张力的剧情和表演.也是后来的华语武侠片中无从寻觅的,5,力荐,41,0.999999999933155
2012-02-12 20:19:35,阿德,作为一名男性港片粉，光林青霞脱张曼玉衣那场戏，就值得大银幕上重温一百遍啊一百遍！！修复版的画面和配乐确实不错，推荐2.24上画后进影院观赏，绝对比国产烂片值回票价。,5,力荐,8,0.9999998600534036
2012-02-25 17:35:10,水怪,我一直以为重映应该是个逐渐能起来的市场，但貌似比较悲剧。当年的经典现在来看，各方面都平庸无比，但此版并没有很好地还原经典场景系色调，似乎更谈不上修复，和去年年初对倩女幽魂的失望如出一辙。,3,还行,41,0.996746348900852
2014-03-19 01:38:07,北溟客,不愧是经典。周淮安入店那段看了五六遍，为那场旖旎香艳的打斗、为金镶玉房顶上唱歌，为周淮安摘了面罩后的笑容，为邱莫言见到意中人后轻叩栏杆斜出一步的潇洒高华。。苍凉肃杀的背景里各种情愫偏偏都浓烈到了极致，守信重诺，路见不平，两肋插刀，家国天下，儿女情长。。为这个没名没姓的年头干杯~,5,力荐,111,0.9999761369787504
2014-05-20 21:38:09,shininglove,大漠孤烟直，龙门落日圆。久别金镶玉，勿忘周淮安。,4,推荐,64,0.9972061666277924
2015-09-05 22:37:24,欢乐分裂,重看@百美汇；茫茫沙海埋枯骨，脉脉笛声别红颜；史上最艳老板娘，成就最好时期的张曼玉；青霞姐姐豪饮落泪，抚脸刹那摄人心魄，难得是他们hold住气氛，演绎深情唯有感动，换作他人今日看来多数笑场；甄子丹眼线销魂脸蛋红艳，吴启华一手好酱油无法直视。,4,推荐,15,0.9999999999999996
2015-09-28 17:12:57,冰红深蓝,华语武侠片的丰碑。剧情、节奏、人物塑造、表演、细节、动作设计、服装、布景、摄影、剪辑、配乐尽皆完美。| 人说乱世莫诉儿女情，其实乱世儿女情更长 | 浮萍漂泊本无根，天涯游子君莫问 | 玉在匣中叹，金钗土里埋 | 天大地大我最大 | 我不像你一样，有勇气面对这片沙漠。（9.5/10）,5,力荐,42,0.999999999994619
2016-07-01 22:26:08,Leon Winters W,张曼玉身边的店家小二太牛逼了！古龙说，有人的地方，就有江湖。有江湖的地方，就有侠客。江湖代有才人出，各领风骚数十年。尘世的打打杀杀如此，荧屏内的刀光剑影亦是如此。,4,推荐,10,0.9999994998981157
2017-02-17 18:46:05,ᥫ᭡້໌,那个时候的审美就是风情之美，现在的审美感觉在下降。。,4,推荐,193,0.876549027750643
2017-02-20 09:17:41,多看电影爱电影,这是香港电影最鼎盛时期的佳作！张曼玉的柔媚，林青霞的英气，梁家辉的儒雅，无一不个性鲜明！,5,力荐,344,0.9999813780041554
2017-02-21 21:37:36,斑斑点点,从主角到配角各个经典。这是无人能及的江湖。,5,力荐,22,0.9844744762059408
2017-02-23 11:56:17,小馁诺娃,胡金铨67版与李惠民92版各有春秋。胡金铨懂得留白，而港版挤得满满当当的。可以说，这是香港电影的一种特色，草根、搞笑，但也是其格局一直受限的原因。王家卫既懂得留白，也懂得把这种草根留下来，所以他的东西，有一种崇高与市井的结合，这种疏离贯穿影片，让人感情始终活跃，不疲倦也不烦闷。,4,推荐,14,0.9998658380470123
2017-03-18 22:44:21,吃瓜小能手,尤还记得这部影片中那种大漠孤烟的黄土飞扬，那种武侠世界里时局动荡英雄末路的挣扎。而于现实生活里，在很多年后，听说了林青霞为拍这部电影，眼睛受伤的事实。甄子丹的东厂都督的那种狠劲让我印象深刻，而张曼玉的那几抹风情也让后人难以复制。,4,推荐,33,0.9999999999999708
2017-03-20 16:03:35,元宝宝,张曼玉将金镶玉风骚入骨敢恨敢爱的性格刻画的入木三分。林青霞和梁家辉亦将江湖儿女的情怀与抱负演绎的丝丝入扣。其它一众配角个个可圈可点，经典之作。,4,推荐,802,0.9999999994507368
2017-03-23 19:36:01,铃儿响叮当,曾经看古装，主要都是港片，张曼玉，林青霞，真的又仙又美，现在看古装，一集没看完就换台了！,4,推荐,14,0.9997817541934676
2017-03-24 12:54:04,暴富的女孩是我,张曼玉风情万种，林青霞英气逼人。,4,推荐,29,0.99961806844083
2017-03-29 12:16:28,蓝色啄木鸟,武侠经典，张曼玉林青霞各有风情，武打动作也干净利落！,4,推荐,36,0.9985296290312596
2017-08-21 22:56:20,(๑⁼̴̀д⁼̴́๑),洞房花烛夜，楼上的周淮安与金镶玉各怀心事暗中较劲，楼下的邱莫言、贺虎等人也与东厂一众“走狗”展开了明争暗斗，战事一触即发,4,推荐,189,0.9801309250763984
2017-08-21 23:44:55,桃子爱吃鱼,那时候的香港电影总是那么迷人,4,推荐,108,0.9353043598882268
2017-08-22 00:49:07,爱吃烤鹅,凌冽的大漠、西北的民风、江湖的侠义、精彩的武打、规矩的服饰、鲜明的性格......构成了一部武侠经典,5,力荐,86,0.9998586690837428
2017-08-22 01:03:04,潇潇暮雨,经典啊，现在几乎没了啊这种纯正武侠风,4,推荐,199,0.9307937214207892
2017-08-22 09:32:37,高冷的鸡蛋仔,凌冽的大漠、西北的民风、江湖的侠义、精彩的武打、规矩的服饰、鲜明的性格......构成了一部传世经典，也是那些年之后，我们很少再见的武侠电影佳作。,5,力荐,39,0.9999988302887745
2017-08-22 11:07:21,天地一沙鸥,非常经典的港式武侠片，跟喜欢,5,力荐,34,0.9174143746325502
2017-08-22 11:17:54,我的天呐,这部片子我喜欢的女神男神都有,5,力荐,31,0.9641880304410816
2017-08-22 11:42:29,不侠与,江湖义气 每个人都归属角色 恰到好处,5,力荐,26,0.9983810339529392
2017-08-22 14:27:19,fox的summer,"小时候跟着大人看的时候就觉得好看，现在重看有不一样的感觉
",5,力荐,29,0.98799932953007
2017-11-19 23:09:30,米粒,昨晚看完就去睡了，一觉醒来，脑子里还全是林青霞抱着缸子喝酒时的一滴泪；张曼玉不穿衣服唱歌，裹着“龙门客栈”的旗子从屋顶跳下来，亦正亦邪的眼神让人看不透，只甘愿被她电死；还有梁家辉一句“我没有你那样的勇气面对沙漠”。有些电影就是这样，一切都恰到好处。话说一直以为是徐克拍的啊🤔,5,力荐,364,0.9988959007218784
2018-01-14 20:20:34,爆青,徐克採用漫畫的鏡頭感拍動作片，獨特的美感。服裝設計必是做了大量功課。林青霞天生是個知性女人，做不好演員。張曼玉天生是個演員，只能做自己。她最幸福的是把青春歲月都記錄在了電影裡。,4,推荐,42,0.4593403530991353
2018-02-21 23:01:30,焚紙樓,不似正邪之爭，而是無情（宦官）和有情人的對立，且是精神生理併行：周邱之間的男女之愛、邱金之間的女女曖昧、金周之間的性吸引力、以至孤人小二對喪父姊弟類似親情投射的情誼，再再都是沒陽具便不配有的關係。相較於劇外比劇內陣營還多還雜的洋片典故，這個安排倒是非常的「中國特色」，獨一無二啊。,3,还行,86,0.996662870233408
2018-03-30 12:19:43,小医仙,西北大漠的风情这部最好，一间客栈危机四伏，各方博弈，拍出了武侠感，喜欢张曼玉的金镶玉。,4,推荐,81,0.9998734040829302
2018-06-12 16:47:58,哈哈哈啊啊啊,怀念那个时期的张曼玉和林青霞，美人风情各不相同，也怀念那个时期的香港电影，留下了诸多经典。,5,力荐,18,0.9999999681866224
2018-06-14 07:00:36,橘猫爱吃鱼,很经典的一部片子，两代影后林青霞和张曼玉同场演绎，非常难得。,5,力荐,21,0.9999975233975672
2018-08-01 23:27:38,censored dump,现在看港片并非只有情怀光环，而是有一种特殊的风格来组织故事主旨和艺术表达，电影呈现的是人性撞击命运时的戏剧魅力，一群各怀鬼胎、极度工具理性的人，偶然裹挟进了残酷的自然剧场，用自己的鲜血在荒漠中浇灌出了有情有义，双关的暗语/象征和蓝黄色调的勾勒严丝合缝地对应人的转变，主要角色都完成了自己的人格叙事，特别是工具理性剥落的时刻，为影片注入了一种港式浪漫与幽默，梁家辉的坦承，林青霞的泪，张曼玉的悍，在大漠中油然而生出真性情，就像狂暴的风沙既是杀人的利器，又是浪漫的吹笛手。尽管有一些剪接上的跳跃，但双女主脱衣的交锋、裸身在暮色中歌唱、黄沙漫天中的武打侠影等场面令人叹为观止，足以和现在搞眼珠盛宴的徐克划清界限，就像那个演员的盛世也和美颜的盛世有质的区别。,4,推荐,7,1.0
2019-09-05 04:02:05,赱馬觀♣,本片素材来源之一的迎春阁本属于谍战卧底戏。店家双重身份但立场坚定任务明确。徐克只取其女老板和男伙计的角色构成，然后搁到老龙门救孤的故事架构中，并且有意放大了客栈的灰色属性，金镶玉不选边不介入两边通吃。这就使得新龙门更像瑞克酒吧。而在北非谍影的叙事体系中，瑞克是绝对核心，维克多立场固化爱情下风，双向偏弱。徐克不想如此。他习惯塑造三强点的爱情纠葛：周淮安必爱李莫愁，金镶玉只在自多情。可龙门客栈偏偏是她的主场！爱情失意，戏份充足，左右逢源。所以观众仍会觉得张曼玉很出风头。但通片最出风头的一定要交给最低调的那位。个人以为伙计剔骨取法影武者的火枪盲射士卒，小人物突然决定了大事件。不管是否联想太多，至少它遏制了传统武侠强强对决那种极度彪扬的气势，平添几分人算不如天算的黑色反讽意味，更贴合了九零时代思潮。,4,推荐,169,1.0
2022-01-19 10:11:36,日出时的小黑猪,"看到最后一个镜头，眼泪流出来了，这是最好的观影体验吧。
《新龙门客栈》是中国武侠电影的巅峰！！！这部片的声誉远远不及她的艺术成就，她应该和《霸王别姬》、《阳光灿烂的日子》、《无间道》等一起位列中国电影TOP10，我相信历史自有公论。
也许是张曼玉饰演的金镶玉过于出众，大家津津乐道的是她的风骚，甚至将她等同于情色片来看，而其中豪迈的武侠风情；层层逼近的戏剧冲突都被忽略了。单从好看而言，这部剧比《谍中谍》系列、《速度与激情》系列，都更加紧张刺激！而《新龙门客栈》里更多人物的真情实感又远甚于如今主流的好莱坞特技电影，以特技为主的电影为什么都是烂片，就是因为特技无法打动人。
更值得一提的是，其中的中国古典音乐极其NB，记住片尾放在茶水之后的名字：音乐 韦启良、配乐 周锦荣。",5,力荐,39,1.0
2022-05-30 18:39:20,方青,"2019.6.242022.5.301992年，莫言救下「情敌」金镶玉，后者冒死拿回笛子，对莫言说：还给你，别人施舍的我不要。而后在莫言受伤时，金镶玉说：你等着，我给你报仇。三十年过去，这样的女性角色几乎绝迹，只有大男主和太监forever。武侠没落，大家都无情无义地开客栈，只有在陷入绝境时才会想起：我不要这无情无义的人生。",5,力荐,63,0.996067722437979
2022-07-14 13:18:38,bubudeer,为什么金镶玉和邱莫言不可以是一对？徐导你的百合魂呢？,5,力荐,50,0.5429838739243678
