2009-01-18 09:36:25,Yome,生活尽管再平静偶尔也有波澜 不停走着有些东西还是趕不上。,5,力荐,461,0.9912307778558492
2009-02-21 00:14:04,布宜諾斯,看得快不行了。。。好想偷来影志的标签“三天走不出电影情绪”,5,力荐,21,0.6519661514030151
2009-04-06 13:07:54,木卫二,《步履不停》没有引出幡然醒悟的痛心疾首，当良多在墓碑前重复着母亲的浇水举动，他是否相信返家的那一天也是他人生的缩影？,4,推荐,975,0.9994886172479986
2009-04-11 21:27:26,冰山李,9.5；和解总是慢死亡一步,5,力荐,1865,0.6518706726942943
2009-04-14 21:55:29,shu,细微记录的家庭相本。,5,力荐,31,0.9948206174116364
2009-04-27 17:52:59,沉歌,我了解关于生命的哀伤，总是静默的，漫长的。,3,还行,1926,0.9997245766623788
2009-04-30 02:37:18,艾小柯,逝者如斯夫,5,力荐,134,0.8182313426953005
2009-09-10 02:38:25,亵渎电影,亲人只有一次的缘分，无论这辈子我和你会相处多久，也请好好珍惜共聚的时光，下辈子，无论爱与不爱，都不会再见。★★★★★,5,力荐,3941,0.9993593777367996
2009-09-16 20:04:23,Touma,前面都很好，细节刻画得力。越到后面越做作。,3,还行,26,0.9990685412787326
2009-11-17 10:22:05,任晓雯,细腻、真挚。化生活波澜于不惊。于不惊处动人。,5,力荐,75,0.999748718478318
2010-01-26 10:41:46,叶酱,"又见宽叔……
其实是很多个中国家庭里也有的故事
只是我们的导演就爱翻来覆去拍那种死了几千年的死人和活的不耐烦的明星们",5,力荐,22,0.9940159228782346
2010-02-21 13:33:51,米粒,“人生的路上我总是如此慢一拍”，很温情很感人，音乐也绝美（日本片的音乐都是亮点）。,5,力荐,94,0.9999957800131994
2010-02-27 11:28:48,丁一,"夏至横山家，
小津屋檐下，
周围二三事，
外婆炸玉米，
攀折紫薇花，
追逐黄蝴蝶。
淡然疗心伤，
四肢渐愈合。
有了伴的路，
步履停一停；
牵了手的手，
岁月不回头。
",4,推荐,1566,0.9984600764683972
2010-03-23 10:10:52,萨嘎摩多熊猫桑,人生就这么步履不停地前行着，那些舍得的舍不得的人和事总会一一远去，以至再也无法望见。你可能偶尔怀念，也可能丢了命似的道不了别。,4,推荐,3392,0.6159067601319912
2010-05-08 09:38:10,内陆飞鱼,细致，耐心，日常，清淡，克制，夏天的美感，空气的流动，家庭的面貌，人性的观察，太有味道了，是枝裕和，大师气度的开始。无须过分溢美，必须五星。,5,力荐,167,0.999674791845471
2010-05-25 20:51:33,刘小黛,如果你总是这样捻，会变得幸福的。,4,推荐,38,0.7892307871448635
2010-06-16 16:50:10,小儿勾,我发现个有趣的 原田芳雄在[民男的幸福]里演过小田切的爹 树木希林在[东京塔]里演过小田切的娘 所以 小田切和阿部宽可以尝试演一下兄弟啊~ | 上海影城,5,力荐,42,0.9997418119917
2010-06-19 18:53:47,4cats,看完和老窦沿着南京西路走到陕西北路走到延安中路，他回家吃饭，我去便利店买茶上班，从便利店里神奇地飞出一只蝴蝶，不是电影里黄色的，大大的黑白纹，十分美丽。,5,力荐,45,0.9999999903980596
2010-08-06 18:51:10,shininglove,是枝裕和深得小津电影的精髓，娓娓道来的电影呐，像一剂苦味汤，又像一杯白开水。淡淡的，淡淡的。一点一点击碎你。,5,力荐,26,0.9999997874178196
2010-08-07 05:33:06,文泽尔,试图用一个特殊的日子来讲述横山家数十年来的漫长岁月，不运用任何插叙，只是让时间一点点流过，从各人间的对话中了解这个家庭久远已逝的一切哀痛压抑温馨喜悦，然后日子还得淡淡前行。每个人物都刻划得立体有力，但是片长四分之三再往后有些情节：如蝴蝶入屋、孩子晨祈愿、多年后生孩子也开车等稍刻意,4,推荐,823,0.9999999999996868
2010-12-27 03:30:41,岛上的夏奈,孩子们总不像你所期待地那样长大。  ,4,推荐,112,0.9528797848966006
2010-12-31 23:48:39,狷介有乌青,那些无数个四周漆黑又寂静的道路，即使一个人走着我也不会觉得害怕，因为我知道，只要定足眺望，我必能看到那盏昏黄温暖的小灯。（以此作为2010的最后影像。）,4,推荐,3,0.996956722199739
2011-01-17 14:45:59,达到厂,日本的家庭电影已经是世界巅峰了，步履不停是巅峰中的佳作。,5,力荐,2752,0.9999192810656032
2011-02-09 13:35:44,Doublebitch,我喜欢电影里的台词，真实不做作，却把这个家庭十几年隐藏的哀痛和矛盾表达的很清楚，最让人感动的莫过于倔老头子送走良多后那句像是自言自语般的，“下次来就是新年了吧”，父亲所特有的不动声色的爱啊～,5,力荐,1879,0.9999999975924464
2011-02-09 21:29:47,Q。,"""你才25岁，你可以成为任何你想成为的人。""剧情没有什么起伏，不温不火，朴实平淡的对话，安静的生活，温馨的生活细节，这样讲出来的故事，总是娓娓动人。生命依旧不停的在循环，平淡、责任、羁绊、也许，这也叫做人生吧。当最后那只黄粉蝶飞出来的时候，却让人眼泪止不住的在流。★★★★☆",4,推荐,2076,0.9999999833565169
2011-03-21 21:14:45,芦哲峰,步履不停，波澜不惊，不煽情的感动才是真正的感动。,4,推荐,67,0.96636280028821
2011-04-26 13:19:37,小岩菽,想看很久的片，却分成好几段看完。爱与恨都是太奢侈的感情，大部分人与人的感情只是萍水相逢或责任使然。然而爱与恨若扎根必定是强烈而长久的，隐藏在生活琐碎的平凡表象下，像墨在河水中晕开，逐渐波澜不惊。,4,推荐,17,0.999999995062554
2011-04-26 22:05:06,57,东方人的日常生活中就是常常上演这种迟到的温情、无奈的残忍，并且自觉地不知悔改地步伐不停。秉承着同样的嘴硬和含蓄，他们塑造了家，捏造了国。,5,力荐,1601,0.9998031832481636
2011-07-03 15:35:44,匡轶歌,是枝裕和的巅峰之作。淡淡的散文化叙事，琐碎平静的日常生活深处潜伏着暗流与潮涌，不动声色而令人莞尔的细节，可爱丰满的人物，凝练而善于留白的对白，耐人寻思的镜头里，是小津逝后的导演们再也拍不出来的日本，和至纯的醍醐味。,5,力荐,529,0.99999999999853
2011-08-22 08:27:21,狄飞惊,遗憾未必无爱，缺失也总关情，蓦然回首一恍惚，只是当时已惘然。,5,力荐,9,0.9990531446669998
2011-08-25 21:42:01,鬼腳七,這麼一部以情動人的片子我居然最注意到的是技術層面，簡潔的構圖，簡潔的色彩，甚至全片除了追蝴蝶一段的情感噴湧以外，全部使用了固定機位，安靜是從裏至外的。演員表現都非常出色，細節也很有味。四星半。,4,推荐,7,0.9999935777034988
2011-09-05 18:52:46,水仙操,送走儿子后寡言的医生父亲念叨：“下次来的时候就是新年了。”与此同时儿子坐在远行的大巴上长舒一口气：“这次回家了新年之行总算可以省了。”转瞬下一个镜头就变成空的风景和儿子的画外音：三年后父亲死了。不多久母亲也走了，她最终也没坐上我买的车。这是日影特有的温情与残酷。玉米天妇罗。,4,推荐,2077,0.999999044405382
2011-12-28 11:41:00,薇羅尼卡,原来这部电影一年前就拖拖拉拉的看过，当时觉得过于闷兼平淡，一年后再看，却觉得充满了生活的气息与味道。婆婆与新妇之间不动声色的言语较量，爸爸与儿子之间的不和与碰撞，长子的死与女儿的入住，五味之瓶，都在这里渐渐打翻。歩いても,5,力荐,34,0.9999528957220044
2012-01-13 22:39:15,宅拾叁,“他们新年会再来的。”  “新年就不用了吧，一年一次就很多了。”  “不用麻烦他们了，下次不用过夜了。”当儿女们把看望父母当成一种需要强迫去做的事情时，父母还剩下些什么。,5,力荐,159,0.9942597299455872
2012-01-15 04:34:13,Neil.尼爾,看一部好电影，你会说：刚刚那两个小时，我知道了一个精彩的故事。但是看完这部片，你会说：刚刚那两个小时，我认识了一家人。   生活的琐碎繁杂平淡，就像小时候的大门上那把铁锁,5,力荐,45,0.9996729396234816
2012-05-20 12:14:20,飞行官小北,不少人以为我喜欢岩井俊二，实际就连《情书》我都没看出太大感觉。相比之下，虽然只看过是枝裕和这一部电影，我却觉得他每一部我都会喜欢，比喜欢中岛哲也的电影还喜欢。,5,力荐,7,0.9999922234507082
2012-06-07 17:58:17,翻滚吧！蛋堡,"""你才25岁，你可以成为任何你想成为的人。""",5,力荐,44,0.4210842817871011
2012-09-02 16:20:17,xīn,生活中家庭里隐藏着最尖锐的悲伤和遗憾，间杂一些激烈、乃至ugly的东西，影片以温和从容干净的镜头予以包裹。多个视点人物也平衡了情绪，不像《海滩的一天》那样表现压抑和沉闷，比《冬冬的假期》少了一些奇妙多了些丰富。这种温和迎合了我们的心理预期，在讳言丑恶的今天是更“舒服”的叙事选择。,4,推荐,3,0.9999999922277076
2012-11-17 17:52:49,昏金暗玉,是枝裕和这部戏里的母亲形象，无法不令人联想到向田邦子的《宛如阿修罗》。默默操持家庭一辈子，耿耿于怀的事也忍了一辈子，心中早已憋坏，她有她操纵的手段，唠叨和蔼中间不声不响放一枝冷箭，听的受的都心里发毛。,5,力荐,72,0.9999836008863572
2012-12-25 03:52:47,伯樵·阿苏勒,果然像是Going My Home的前传~道统不灭！——两年前，环德的路上跟你一起看了《东京日和》和《东京塔》，两个人在争论着谁更小清新，更文艺；留着《转转》、《步履不停》和《周围的事》没有看...两年了，我会慢慢一部部看掉的~,5,力荐,4,0.999988754139197
2013-02-22 01:59:19,汪金卫,节奏很慢。对白多音乐少，但配乐优美动听恰到好处。只描写一家人聚在一起的一天，但家庭故事与人物性格均自然流露，非常棒！看得舒服、温馨和治愈。哪怕电影长100小时也愿意看下去。导演了不起！电影上映3年后原田老爷子真走了，默哀//20170408资料馆胶片大银幕。一家人互相埋怨又互相扶持。多次泪目,5,力荐,25,0.9999999909034846
2013-03-23 15:58:22,Comel,感慨良多，戳中心窝。东京物语是父母来看子女，步伐不停是子女来看父母，两者都是展示家庭关系亲情的好题材。不过东京物语偏向子女对比，而此作倾向于年龄对比，孩子的无忧虑，成年人的沉默与内敛，老人就是成年化的儿童，而我们都步伐不停地走着这样的人生轨迹。,5,力荐,2,1.0
2013-04-11 00:04:34,博仔,“人生路上步履不停，但为何总是慢一拍”。无论我们多么小心翼翼，人生终会错过一些事情。,5,力荐,202,0.8171779166201993
2013-04-20 18:03:11,把噗,太棒了。圆润、通透，精神境界可以企及小津安二郎。,5,力荐,36,0.9930793235704752
2013-05-11 21:38:23,鸡头井。,一个普通家庭祖孙三代的夏天况味。是枝裕和继承小津的衣钵，把家庭剧拍得温润如水。家庭成员间经年累月的烦恼、隔膜和不满在祥和中丝丝渗透。大爱祖母的角色，家庭妇女，一辈子没有工作过，和儿子、女儿、丈夫的关系都十分微妙。,3,还行,3,0.99999999998919
2013-07-23 22:59:50,圆首的秘书,这么厉害的人物塑造和人物关系肯定是自家身世。,5,力荐,19,0.8130008585843294
2013-07-26 09:08:36,沁云,精彩！让我想起「一一」，也许是对生活细微处的敏锐感受力，也许只是缓慢同行着的背影。但没有政治隐喻，甚至没有任何刻意为之的本体和喻体，有父子关系和夫妻关系，但没有说教或和解什么的。只有生活在流动，一点一滴处都是人生的真实意义。再加上美妙含蓄的配乐和清新稳重的画面，厉害啊！,5,力荐,10,0.9999999999988588
2013-09-05 14:19:42,刘浪,【181130 重看真是太恐怖了，是枝家庭的内核哪是什么温情和爱，根本是记恨跟芥蒂，游丝一般地互相缠绕，牢牢捆绑在一起。】// 人生路上步履不停，为何总要慢一拍。表达从来都不在嘴，原谅也只是多年后的笑谈。怨恨时少了指责，释怀时少了对象，只有无止境的有些重复的漫漫长路。飞走的黄蝴蝶、浇下的凉水、记起的名字、没喊出口的爸爸、新的孩子，都是迟到的消解。请及时表达和爱，下辈子我们都不会再见。,5,力荐,4,0.9999998972527794
2013-09-14 23:21:43,原来是西门大嫂,太会讲故事了 大牛逼T T,5,力荐,16,0.9932460162249376
2013-12-12 14:59:38,Line,放映结束后一位老爷爷在影展海报前伫立良久，口中念着it's a great movie. 长路有尽，喜悦与哀伤都成为平淡而静默的力量，偶尔伤人。一家人的几十年，好在依然留有闲笔。观看时疲劳而平静，看后想来却哭了。是的，唯有步履不停。,5,力荐,8,0.9999980390813608
2013-12-27 22:54:30,同志亦凡人中文站,不知道什么时候起，一看到这种生活流的电影就泪如泉涌走不动路。人间烟火的气息，代代步履不停...,4,推荐,1107,0.9732966817161972
2014-02-10 17:28:14,巴伐利亞酒神,我觉得是枝裕和能成为殿堂级大师的，真的。,5,力荐,22,0.9841513290358284
2014-05-02 20:13:42,bird,太多回味的地方，人生像是一条不缓不急的传送带，我们停不下脚步。路上看到了什么风景，要是不停下驻足，等再想看时，风景也疾步走远了。,5,力荐,6,0.9889568888895216
2014-05-03 14:22:29,仰望星空不好吃,“人生路上步履不停，为何总是慢一拍”。  父亲最后那句下次见是新年吧和儿子那句新年就不用来了吧看得我好心痛T T 迟迟想不起来的相扑选手名字，没看成的球赛，没买成的旅游车，错过了便是错过了吧。 看完是枝裕和就去看看小津！,5,力荐,4,0.9904090403506396
2014-05-30 23:36:07,Sarcophagus,日子淡着淡着，就这样淡出个鸟语花香……,5,力荐,18,0.7967873692567943
2014-06-03 02:07:11,brennteiskalt,没错，在是枝裕和的[步履不停]里能见到许多常见的家庭剧动机，但正所谓简单的故事最难拍，这个故事讲得这么恬淡而韵味悠长，这就是亚洲电影的魅力。是枝关心的是家庭作为一种人的集体和每个人一辈子的关系。家作为一种奇妙的群居方式会极大地影响个人的命运，尽管人在一生中一直步履不停地向前走着。,5,力荐,12,0.9999999999999878
2014-09-23 21:49:57,方枪枪,如泣如诉，冷眼旁观。摄像机只是一个记录者，看着一个家庭里的喜怒哀乐，过去和现在。如此这般生活的生活琐碎，恰如名字所言，生活就是这样，匆匆往往，步履不停。小津安二郎，杨德昌，侯孝贤，在这些生活导演大师的背后应该再加上本片的导演是枝裕和。,4,推荐,34,0.9999999999564227
2014-10-27 13:00:55,渡边,什么都没有发生，而生活步履不停。,4,推荐,14,0.6719805805321264
2014-11-26 22:33:09,小伙锅,温情又冷静 什么都没发生的故事里发生了全部有趣和有意义 乍以为人在生活里走个不停 细思恐极 是日子不管不顾往前跑阿 人只能一代一代追赶不停 拿血脉里的记忆和时间并行//2017.10.09老王走之后 重看了一遍 老王讲过 是人都会有走的一天 掉几滴眼泪 日子还是照过  当时我们正在散步,5,力荐,16,0.9999999602998736
2014-12-28 00:32:59,托尼·王大拿,平淡中体现着真实，非固定镜头的段落单手就能数过来；细碎的叙事里，看似不经意间甩出一记冷拳，击得人心绪难平；妙到毫巅，心有戚戚焉。,5,力荐,11,0.9981254239979024
2015-01-04 16:35:28,有心打扰,生活平淡得让人觉得时间好像已经凝固了一样，让我们恍惚有不会老去的错觉，直到有一天，身边的人离去才发现原来时间一直在走着，残忍的、无情的。后来没再提起的相扑选手的名字、没有跟父亲去看一场足球赛、没有开车载过母亲，短短的几句独白，仿若最尖锐的利刃划痛了心脏。,5,力荐,181,0.9999999547439624
2015-01-05 07:53:28,石头摇篮,结尾匆促、做作了些，否则更加好。这才是好的文艺片，静谧、克制、幽长、绵里藏针。表演非常细腻。最喜欢的一句台词是，带着儿子改嫁的母亲对儿子说：“他（继父）会缓慢而坚定地成为你身体的一部分。”这恐怕就是一代一代向死而生，生活百般复杂和磨难，人们却步履不停的支撑：家庭、一体。,5,力荐,237,0.9999999999995624
2015-01-19 20:45:17,甘草披萨,经典的“似乎什么都没发生，又似乎把所有人生都讲完了”的标准款式的电影，永远的骄阳下的盛夏，定格的紫薇花；简直和秘密与谎言异曲同工！一样的心细如尘，一样的温和却又敏感，一样的浅酌低吟——虽然客观上因为代沟或是某些原因有时会心存芥蒂，但是终究会体谅，因为这就是家人呀 @影城胶片重看,5,力荐,13,0.9999999987501552
2015-02-22 01:39:18,左左☮,电影仿佛影像版老舍的散文，每一位横山家的人物都极为丰满，都有这样或那样的小细节让他们粗糙而细腻，坚硬又柔软，让他们俗不可耐，也让他们无比亲昵可爱。在生活里亲人间就是如此，很多细微的不满就这样过去，很多小疙瘩悄悄的结起，许多想说的琐事终被遗忘，不知不觉间磕磕绊绊便是一生,5,力荐,8,0.999999999784134
2015-03-15 21:31:56,melonking,取了生活中的一章。之前之后都有变故发生。唯有此时此刻，全家平静无事都聚首在一起。之前之后日子的流向都没发生变化。不是说从此人生有什么改变。分歧，遗憾，争吵还在。互相并不能完全融洽。回忆起来永存脑海的是大家在一起的日子，这就够了。只有明媚的阳光和绿色葱葱犹在。所谓美好就是如此。,5,力荐,8,0.9999999999542426
2015-03-19 15:17:53,小金鱼,生活，隐秘而伟大。一年一次的见面，各怀心事，固执的父亲和儿子、难以释怀的母亲、新媳妇与婆婆、小孩与继父，都有自己放不下的纠结，但是生活还是继续，因为一份亲情，所以包容，继续向前，步履不停。平淡丰富的生活散文。,5,力荐,10,0.9999999986576592
2015-04-26 16:06:09,后自愈,看着他们忙碌的做家务，小孩子闹腾的玩耍，倔脾气老头闻到炸玉米就马上跑出来，纯平偷偷把儿时的日记粘好，蝴蝶飞在大哥的相框上。眼泪就要掉下来。人生不可能总按自己想的那样发展，孩子也不可能成长为自己想要的样子。你可以成为任何你想成为的人。父亲的足球赛，母亲坐车逛超市，却总是没有实现。,4,推荐,29,0.9999999997471134
2015-09-03 00:16:50,西楼尘,时光借由一部电影，在一天的限定内被无限拉长。淡如水却又酽如茶，传递着市井家庭气息，给人安定的力量。稀松平常的家庭团聚背后却是伤痕累累不愿提及的过往，明明暗中碰撞得很激烈偏偏表面上云淡风轻。萦绕在父母心里的丧子之痛，孩子心头的独立之殇，一家人洗好了澡，吹着晚风，围坐着仿佛没有芥蒂。,3,还行,291,0.999999509996203
2015-12-26 01:30:06,方悄悄,家庭问题是永远无法解决的，意识到这一点的时候，我们可能已步入中年了。,5,力荐,28,0.8128905010581523
2015-12-27 13:39:45,起床，吃饭,人生就那么回事,5,力荐,62,0.7208646934544167
2016-01-22 08:24:52,徐若风,在细节的堆积中见到生活的本质，对大议题上的把握和思考举重若轻。几乎完美的一部是枝裕和电影，温暖与冷意交织并存，讲述亲情间血脉相连而又隔阂、充满遗憾的复杂关系，臻于化境。令人不断回忆起自己与家人的相处状态，电影内外逐渐混为一体。,5,力荐,95,0.9999999999999992
2016-02-03 23:35:14,GIVIND,又名：横山家之味。这个名字更加生活化，直到看完最后摇臂上升后定住的画面里，一家人的车子驶出镜头，才收起嘴角那泯然一笑，有遗憾吗，有感动吗，还是淡淡的留恋与不舍，这不厌其烦的细节描写，对生活最不加修饰的还原，亲情之间的疏离又弥合，像涓涓细流，从内到外浸润着我的情感，步履不停。,5,力荐,17,0.9999955196089548
2016-02-04 15:49:09,一棵海椒,一起吃一顿饭、走一段路、聊一会天，浓缩了整个人生。生活不总是美满快乐，也有遗憾忧伤；亲情不总是温馨治愈，也有猜忌嫌隙。但时间总是步履不停，带走一些也留下一些，让人猝不及防。我们像云游飘荡的风筝，难免会忘记自己来自何处，想变成什么模样，还好有根看不见的线把我们拉住，它叫故乡。,5,力荐,16,0.9999998875684026
2016-02-11 15:32:35,维城乱马,一次再平凡不过的回家探亲之旅，情景剧一般的单一场景，全片几乎完全由对话构成，围绕厨房和餐厅展开的家里长短，以此引出相互间的关系和过去。绿树成荫的公园，清洁干净的街道，海风拂面，听见涛声，三代人的隔阂，终将化解。生活在继续，要一直走下去。生生长流，步履不停。,4,推荐,36,0.9999999999941158
2016-02-22 19:38:34,悲辛無盡獨行夜,2016.2.2+2018.8.9重温。不能结婚的男人结婚之后，慢半拍同慢一拍又有什么区别，家庭亲人间深埋的怨结，至死都无法和解，丧父丧子丧夫丧兄，够狠，CC花絮里说，是枝因母亲逝世而想拍这部电影，而拍摄此片让他得以释怀母亲逝世的悲恸，重拾与母亲一起生活的记忆以及重新感受失去她，以沉痛心情拍此片，改编自亲身经历，母亲角色跟他母亲一模一样，很多对话都是真实发生过，如果现在才拍，结尾会不一样，画外音多余，老俩口上台阶黑场后接墓地，预示着新的死亡，步履不停原来出自一首歌《蓝色灯光的横滨》，比海更深不也是，好随便，,5,力荐,3,0.9999999999999998
2016-03-02 10:32:35,不良生,沉缓，琐碎，细微，日常，晦明。,4,推荐,118,0.9931020999408846
2016-03-19 20:12:35,渡口无边,4.5.是枝裕和，平淡生活的艺术雕刻家。宛如缓缓流淌的溪水、洒在古屋上静谧的阳光。家庭的主题是永恒的，但这样的剧本最难，每句对白都是一个点，要由它们织成一个面。每个人的姿态都能从言语和颜情中透露出来，矛盾与隔阂，都点到为止，剩下的交给观众去体会。,4,推荐,9,0.9999999999999089
2016-03-20 12:03:10,大島,完全沉浸,5,力荐,31,0.8800000000000001
2016-04-30 10:39:39,小A,大量生活细节的堆砌，用间接的方式向观众传递讯息，从侧面展示曾经带给这个家庭伤痛的过往。剧情伏笔用得高明。夏川结衣好有气质啊！！尽管不停拌嘴，但这是个和睦无比的家庭。很感人的作品。是枝裕和职业生涯巅峰。,5,力荐,8,0.9999999994121648
2016-05-22 11:23:55,天天把豆豆来豆,是枝裕和导演特别爱拍台阶，影片中有一道美丽树荫下的长石阶多次出现在镜头中，那是叶山县某住宅区中的台阶.,3,还行,9,0.9991210834826124
2016-07-07 23:57:41,一米阳光,细腻入微的家庭生活也有一种平淡的美，道尽了生活中的苦与乐！老太太在儿子坟前浇水拔草、把飞进屋内的蝴蝶当成儿子、每年邀请当年的那个孩子来家里对他的的恨意来悼念儿子的方式，都让我感同身受去年发生在亲戚家的一件事，人生最痛苦的事莫过于白发人送黑发人！当两位老人想起孩子时会是怎么的心痛？,5,力荐,6,0.9999999999564052
2016-07-07 23:57:41,一米阳光,细腻入微的家庭生活也有一种平淡的美，道尽了生活中的苦与乐！老太太在儿子坟前浇水拔草、把飞进屋内的蝴蝶当成儿子、每年邀请当年的那个孩子来家里对他的的恨意来悼念儿子的方式，都让我感同身受去年发生在亲戚家的一件事，人生最痛苦的事莫过于白发人送黑发人！当两位老人想起孩子时会是怎么的心痛？,5,力荐,6,0.9999999999564052
2016-07-20 23:02:45,bookbug,在窗外暴雨声的伴奏中刷完，沉浸于这种琐细的日常和淡淡的忧伤。其实生活原本就是这么真实而平常，并非那些富丽堂皇和高大无上；生命也正如电影一样不知不觉就剧终人散，哪里会有那么多的事先张扬。,4,推荐,40,0.9999998596004592
2016-07-23 09:41:11,亚比煞,听说蝴蝶如果能够熬过一个冬天，来年就会变成黄色。从此，我每次看到黄色的蝴蝶，心里就会难过。,5,力荐,653,0.3974921424627492
2016-08-26 18:12:18,冰红深蓝,"是枝作品在形式上与小津差异不小，内容与氛围则十分相近。影片细节丰富，台词贴近生活，调度与构图都可圈可点。除药瓶、墓碑、房内追蝴蝶与结尾上升镜外，均为固定机位。外景反复出现的上下坡与阶梯意象，贴合了""人生之路步履不停""的题眼。个人感触最深的还是老两口对被救者难以释怀的恨意。（9.0/10）",5,力荐,81,0.9999999679981524
2016-09-18 10:07:26,巴喆,我从没自己给老头打过电话，他打过来我也只是敷衍。我妈不识几个字，她说过想去祖国其他地方看看，我曾想过自己买辆车载他们到处去旅行的。现在，自己一人勉强糊口，苟且地活。然而他们的年轻，也一去不复返了。现在看这种片子，老泪纵横。8.6,5,力荐,154,0.0016997742148963
2016-10-04 00:00:28,nomad,能写出这样的剧本真是让人嫉妒啊,4,推荐,294,0.9288378771840964
2016-10-29 02:29:01,SaturnianAir,4.5吧。是枝裕和这个强迫症狂魔，把这部电影的每一帧都塞满了信息量，人物细节如针脚般致密，除了两场扫墓戏以外基本没给人喘息的余地。整体都拍得太紧太雕琢了——明明是个悠悠闲闲的标题啊。但是结尾收得漂亮，于是又扳回一城。这部里面看到了一点点侯孝贤和小津的影子，譬如中远景+远去的列车。,4,推荐,13,0.9999999980184888
2016-11-30 00:34:09,肖浑,死亡是瓢中洒下的水，是海边搁浅的船，是扑入房间的黄蝴蝶。一家人就在死的沉静阴影里活着。树木希林的老太太最鲜活，有两段台词在一团温柔克制中显得格外锋利，比如“只有保持恨意才能好受些”。,4,推荐,20,0.999933614153676
2016-12-26 19:35:20,乌鸦火堂,是枝裕和的片子有一种魔力，明明故事平淡，但却那样吸引人，生活细节、情感刻画太棒了，真挚、动人，上一辈的情感寄托，无声无息的逝去，毫无立场的视角，就是在淡淡的叙述着三代家庭的琐事，人生路上步履不停，为何总是会慢一拍？,5,力荐,25,0.9999999999999952
2017-01-19 13:22:28,🐖,讲故事能力超强，一天一夜，人物关系和内心活动清清楚楚，有些信息到中后段才放出，胸有成竹。喜欢结尾，给全片定了调：只旁观，不解决。不触碰人物内心和人物间的任何问题。高级了。蝴蝶那些前后呼应以及儿子在夜里对着空气讲话那里有点刻意。影像方面，一贯的风情画，太美。,4,推荐,2,0.9999951509733588
2017-01-27 02:43:28,塔塔君Minkun,想起小时候总想成为发明家，不行就成为记者，接着还妄想成为导演……无论是亲人期待的自己，还是自己期待的自己都很难成长成，真是羞愧。这片和我妈看，我妈看睡了，可能因为太白开水了吧，但眉间一动就是一个故事啊。树木希林简直本色出演。,5,力荐,5,0.999950626366962
2017-01-27 02:43:28,塔塔君Minkun,想起小时候总想成为发明家，不行就成为记者，接着还妄想成为导演……无论是亲人期待的自己，还是自己期待的自己都很难成长成，真是羞愧。这片和我妈看，我妈看睡了，可能因为太白开水了吧，但眉间一动就是一个故事啊。树木希林简直本色出演。,5,力荐,5,0.999950626366962
2017-01-31 11:30:10,南笙,从今以后再看到黄色的蝴蝶，会是怎样的心情呢。,5,力荐,33,0.2200675368626538
2017-03-03 19:03:48,宋雯婷,这到底是一种什么样的魔力啊。一看我就能哭，也只有是枝裕和了。「你永远永远是我的一部分，正如我永远永远是你的一部分一样。」,5,力荐,7,0.9998297256532674
2017-03-10 13:33:47,天涯.........,闷片的极致。摄影台词细节，毫无过人之处，于平淡中表现的感情，毫无亮点。在电影院看这片是一种灾难，把电影拍这么无聊，请别提“大师”这个词。,1,很差,44,0.9999898009502444
2017-03-22 22:07:34,不贰🙈🌈,所谓父母，就是那不断对着背影既欣喜又悲伤，想追回拥抱又不敢声张的人。离别总是带有缺憾的，直到最后一次离别，缺憾成为了你余生的影子。但缺憾总属于过去的记忆，生活的步履从不停息。,4,推荐,9,0.999999984963908
2017-04-08 20:28:43,顿河,终于在大银幕看过了。我总是晚了一些些。,5,力荐,12,0.7958479846883605
2017-04-22 01:30:01,seabisuit,小津在东京物语里所担忧的，是枝裕和在这部全给反过来解释清楚了。他最平和生活化几乎没有家庭冲突的电影，甚至死亡也没有逗你哭，而是给你更坚定的人生步伐。慢的那一拍就是你的记忆和该去做的，悼念父母，展望后辈，像那飞舞的黄色蝴蝶世代传承，生生不息，步履不停。北影节百老汇导演见面场胶片版。资料馆，2022.7.9二刷，10.22三刷blue light yokohama。,5,力荐,29,0.9999990855344032
2017-04-23 22:09:23,影志,“每个人都有一首秘密听的歌” 还是喜欢这样生活化的是枝裕和，每个细节每句台词都是活生生的生活本身。“如果不能恨一个人，自己就会感觉更糟”,4,推荐,150,0.9999937051952642
2017-04-23 22:20:34,koala,有趣在人生的无解，即使明知三年后父母会亡故回家时也依旧会如此相处，亲人间，既有牵挂亦有算计与龌龊，无法执手泪眼从此泯了大半生恩仇，就如没有买的那件睡衣，对小事的敏感反映背后冰山一样的情感走向，自我辩解不得，因为所感受到的其实都是真的，无法见光的幽暗的各自的心情。,4,推荐,10,0.9999999998787564
2017-04-24 21:35:12,晚不安,是枝裕和家庭电影的代表作，内在与山田洋次的庶民剧有所不同。场景集中，台词密集，用一天一夜拍出一个家庭细枝末节的欢乐与哀怨，抒发普通人对生命、生活、亲情的思考。对日常的观察极其细致，编剧功力已然炉火纯青。有人说一个导演一生只拍一部电影，家庭的确是一个永远无法摆脱、也无法言尽的话题。,5,力荐,7,1.0
2017-05-14 08:19:46,次等水货,开场切入点选得好，选在母亲跟女儿准备午饭的档口，直接切进特写镜头，镜头还做了个变焦转换，母亲的操作很熟练，女儿就……当女儿的要求遭到父亲无言拒绝时，母亲头也不回就猜到这个结果了，表现出的那种胸有成竹的自信真就像生活在一起几十年了的结果。父亲走到海边公路驻足则是导演埋下的一个伏笔。,5,力荐,80,0.9999999983810216
2017-05-19 23:33:09,蚂蚁没问题,整个片子我最喜欢的部分是，看起来那么慈祥亲切可爱的奶奶，一边勾着杯垫，一边回答儿子说【就是为了让他痛苦才让他来的啊，才十年就淡忘，太便宜他了，明年后年我会一直邀请他来的】,5,力荐,252,0.9998789594548848
2017-05-31 15:34:17,志大无胸,一直在做饭吃饭，看完我都饿了，好想来个玉米天妇罗。人生就在一顿顿饭中度过了，闹别扭、刻薄、口是心非、互不理解，最后一切又都随着生命结束和解了。我们跟自己、跟别人致气一辈子，最后什么都带不走，留不下，这是为了什么。,5,力荐,23,0.9881327459798904
2017-06-22 00:27:53,柏邦妮,是枝裕和说，《步履不停》是一个什么事都没发生的故事，除了细节别无旁物，因为，细枝末节累加起来即是生活。回想那一部看了无数遍的电影，不是什么事都没发生过。最喜欢一个细节是一只蝴蝶，宛如哥哥的亡灵飞过，平实的妈妈立刻狰狞如同疯魔，追逐亡故的长子的幻影。一个平常家庭的创口顿时撕裂。,5,力荐,1455,0.9999999999984486
2017-07-06 14:40:19,撒旦的表妹,亲人之间的羁绊，又温情又残酷，谁又不是一样呢？,4,推荐,18,0.9793010171363457
2017-07-10 00:29:00,朝暮雪,你才25岁，你可以成为任何你想成为的人。,4,推荐,259,0.4468771685534533
2017-07-17 17:06:05,赫恩曼尼,当良多坐在离开家的公交车上，想起那个相扑手的名字时，老夫妻一前一后地走，惦记着儿子什么时候再回来，顿时泪流满面。平平淡淡的情节，饱含深意的对话，一个个可爱的人物，没刻意搞笑或煽情，却能让人笑出来、哭出来。,5,力荐,128,0.9999999501934368
2017-08-31 20:54:41,Prufrock的情歌,像在很远的地方团聚的一家人，后来老人都不在了，小时候喧闹快活的记忆也烟消云散；还有后来回头看到的是那些琐碎而平庸的瞬间，终于明白自己的家庭不过是万千普通人家中的一户的时候。我们长大、变老，走进轮回之中。,5,力荐,8,0.9999999644796432
2017-09-13 23:44:37,柯里昂,重看。可能仍是最爱的一部是枝裕和。几乎是《东京物语》的另一种拍法，东京物语是父母的到访，步履不停是儿女的归家，但亲情却是永远不变的纽带。父亲的严肃寡言，母亲的体贴活泼，当逝去的长子成为家中唯一的羁绊，当儿女离去后空余父母落寞的背影…这样的影片会让人看罢心中隐隐作痛，却又念念不忘。,5,力荐,66,1.0
2018-02-18 20:41:07,天马星,重看，依旧是我看过的最好的是枝裕和电影。是枝裕和这个大混蛋，用波澜不惊的亲情掩盖其敏锐锋利的洞察力，总是能用情理之中意料之外的细节戳中观众的软肋，过冬的黄色蝴蝶，弄皱的洗澡毛巾，每个都是暗流涌动的时光痕迹——每次都慢半步，所以才要步履不停啊！,5,力荐,17,0.9999993277334772
2018-05-06 20:16:29,李濛Lemon,以最平淡无奇的24小时作为故事框架，缓缓释放出一家人过去几十年的苦乐哀痛。在处理个体与家庭千丝万缕的关系时，是枝裕和营造的情感体验与小津安二郎殊途同归。但他有自己独特的风格，温柔、透明、轻盈，摄影极富层次感。在节奏和表演的把控上，不着痕迹又精准无比，绝对对得起“大师”的称呼了。,5,力荐,7,0.9999999999999885
2018-05-20 23:58:57,Ocap,4.5。很少看完这么久才补短评。一方面感慨“技巧”与“设计”几近无踪，以致面对它已不像面对着作为加工品的电影，只觉奉上的赞语越华丽只会越疏离。一方面同《一一》相似，即便无谓所悟，所感仍需长流细水，提炼便是损耗。手持抓蝴蝶、升镜见众生，这里面（唯二？）两个运动镜头，大约此生不忘。→22.7.8 时隔四年，大三下期末作业重温。,4,推荐,28,0.999986958288195
2018-05-27 16:00:31,欢乐分裂,#重看#人生路上的遗憾和错过总是在回望时才能回甘，正如在失去后才缅怀昔日平淡的相处原来是福，生活的惨烈与悲痛被稀释进日常的琐细；无需何解，一代代的亲子关系传承，全都融合在一次次无言的散步中；集合了是枝裕和家庭戏大成，投射其情感与记忆，也是触动心弦引发共情的佳作。,5,力荐,48,0.9999999999994464
2018-05-27 18:30:33,艾晨,影院重看，上次标注2011-04-13。一天，一家，一地琐碎。死者永远停留在最好的时候，活着的人却要一直步履不停，不知道走多远，不知道走多久。,5,力荐,5,0.598201711136834
2018-05-27 18:30:33,艾晨,影院重看，上次标注2011-04-13。一天，一家，一地琐碎。死者永远停留在最好的时候，活着的人却要一直步履不停，不知道走多远，不知道走多久。,5,力荐,5,0.598201711136834
2018-06-19 14:06:16,曼仔,更喜欢比海更深。不过长子去世的设定又让我想到怡微分析过的，一个作品中从未出场的人却像个前提一样，对所有的人物和关系都施加隐秘而深刻的影响。,3,还行,36,0.9999998057829128
2018-06-30 23:09:55,椿杪居,有一种保安凝视小区监控的无聊感。花120分钟值了个班。傻逼,1,很差,30,0.0032655456312521
2018-07-01 18:52:04,柴斯卡,文艺青年被迫变成文艺中年 不得不卷入平淡生活 丧得没眼看 你说吃饭有哲理 其实也没什么哲理 一家人用五十年 既可说磨合，也可说凑合 到底怎样的生命是有价值的呢  残酷着 温情着 蝉鸣之夏 光阴虚度 代际轮回 逝去之人的阴影 在世之人的不甘 做个钢琴调音师啊 一家人一起做饭 终究是高兴的,5,力荐,130,0.9999999999871004
2018-07-07 19:49:31,库索,家族关系这东西啊，就是掉在浴室的地板上谁都不去收拾的那块瓷砖啊。,5,力荐,93,0.0097158344438181
2018-07-12 12:55:40,影毒肥佬,"是枝裕和 阿部宽 亲情 家庭  很多錯覺,  總以為是加賀刑警回故鄉,  東京家族之苦的大嫂改嫁了,  一班不象親人的親人在吃飯,  又象在看比海海深的續集,  樹木奶奶是否在老公走後就去東京加盟小偷集團.....一個導演拍多少部都是在拍一部電影......",5,力荐,2,0.9998701588315612
2018-08-01 19:40:21,赵启辰,同天看了这部和小偷家族，对比明显，有些导演一辈子真的在拍同一部电影，只谈生活，不辩伦理就是最好的是枝玉和。看到结尾公交车上想起来母亲提到的相扑运动员名字时在座位上哭成了小偷家族里的安藤樱,5,力荐,15,0.9999995937430024
2018-08-22 00:15:38,北河沿井斯塔,太小津了，虽然度数比小津更烈些。忌日作为家庭团聚的节点，让谈论生死成为家庭生活的重要部分，而美食又以生的愉悦平衡了苦痛。亲人间的矛盾似乎永无解决又无须解决，争执不能阻挡前进和分别的步履，我们总是彼此迎接，彼此送行……想起父亲去世那几年，我也不曾敢驱走一只闯进屋里的飞蛾。,4,推荐,7,0.9999999981750924
2018-12-30 11:07:22,yyb,整部电影浑然天成。不是没有技巧本色演出，而是技巧非常高，摆布异常密集，使得你想去回忆某些高光点的时候，发现实在太多了简直是在回忆整部电影。就比如你来到冬日的海岸，浪花层峦叠嶂，散步的人三三两两裹在厚重的衣服里，流云变幻着天色，海鸥不时掠过水面，风的声音呜咽而苍远，身后山影雄浑，你走在其间，觉得是海美？云美？天色美？山美？其实是整个天地景象大美，走在其间，连自己踢着的小贝壳都令人心旷神怡，这就是这部电影给人带来的感觉。非要说最高光的场景，我个人偏向奶奶追黄蝴蝶那一段，瞬间把一个家庭电影带到诗意的境界，那个出现时机，本来是婆媳关系最紧绷的点，情绪节奏突然被前面的埋线带到一个神秘不可言的氛围，很完美地使得后面小王子夜间念白一点也不尬（如果没有前面的戏，这真的很难，我佩服到五体投地，神来之笔吧）。,5,力荐,1,1.0
2019-02-13 10:29:07,UrthónaD'Mors,实在看不得阿部宽演平凡到卑微的角色，每次看他总要串戏到罗马浴场…这算不算是悲剧,4,推荐,7,0.99972427182216
2019-08-13 21:36:46,刘康康,很厉害的编剧技巧，平静如水，暗流涌动。用一个完全不刻奇的故事却能反映出现实中所有家庭普遍的内在困境。,5,力荐,15,0.999786775204189
2020-02-05 21:01:38,灰色幽默,细节拉满的家庭电影，满是细碎的裂痕但没有到断裂的程度，所以也就不需要什么煽情的和解。足量的细节撑起了关系网，老人吃力的走楼梯却无人搀扶；婆婆临走前对儿媳说的竟是下次再来玩；每个人都会在背后议论其他家庭成员；对当年被救者的憎恨；老人喜欢古典、爵士，大儿子遗物里的唱片却是joy division；当然还有各种镜头内的距离差别，是枝裕和的风格从这里开始才算真正成型。,4,推荐,4,0.999919148494658
2020-02-22 22:23:48,,确定了我不爱看这个导演。但有句台词很有趣，说「胡萝卜真是天才，怎么做都好吃。土豆嘛，就要看它自己的努力了。」哈哈哈哈哈,3,还行,2,0.9993015722005204
2020-04-18 19:40:49,连城易脆,B站、爱奇艺、腾讯使用的是同一个片源同一个字幕翻译，质量极差，甚至让人产生了给字幕寄刀片的冲动！倘若《小偷家族》是一盘色香味俱佳的可口炒菜，那么《海街日记》属于炒菜没放盐，而《步履不停》就更夸张了，连菜都没放，纯粹在炒空气了。也许是我的口味太重了？电影本身的故事局限在哥哥忌日那天的全家聚会，基本上没有任何事件发生，纯粹靠对白堆砌来表达人物关系及内心波动，因此垃圾翻译使得本就淡入纯水的剧情更加索然无味。其实看到后面自然能体会到哥哥的死在每个人心中都埋下了一些情绪的种子，随着时间慢慢生根发芽，有的长出了遗憾，有的长出了思念，有的则生出了绵绵的怨念，所以你会觉得《阳光普照》里似乎带着些许《步履不停》的阴影，只是前者更加残酷阴冷。全片拆分了很多镜头却都纹丝不动，镜头静止而生活则步履不停地缓缓走下去。,5,力荐,61,0.9999999999999982
2020-08-18 15:55:39,棠梨簌簌,看到结局，良多带着小女儿来给父母扫墓，会因天气炎热给墓碑浇水，也会不自觉的自顾自言语，在下山时还会和女儿说起黄蝴蝶的故事，开着那辆居家车回家。这些都是母亲曾经做过的事和母亲念想的愿望。父母的寄予和希望都在慢慢实现，只是他们都已不在。或许人生总是会慢那么一步吧。可人生还是要往前走的，就算是慢了一步，也总归还是可以实现的。以另一种方式延续。步履不停。（再过几年来看，应该会有更多的感触。）,5,力荐,12,0.9999999999999992
2020-12-22 00:34:51,缺德梅,8.0 和《比海更深》有点像。不只停留在渲染温情，还有诸多矛盾、遗憾和负面情绪半掩半露，东方的感觉在于收与静，偶尔外放的点反而显得刻意，是枝裕和终究比不上侯孝贤那种自然，最初看《幻之光》时，认为他可能是个闷片大师，现在看来却完全相反，已不觉得他是大师，又很久没有这么舒服流畅地看完一部电影了。,4,推荐,3,0.9999999999999996
2021-11-16 20:51:31,王小札,"是枝裕和擅长把暗线情节和人物心理，
埋藏在大量的生活对白与看似不经意却不言自明的镜头里。
影片对“老去”有着沉静的意象描绘，
浴室里脱落的瓷砖，房间多出的扶手，
白发人对黑发人的愈发眷恋思念，
言语间感叹一年比一年难爬的道坡。
母亲年轻时对身为生计来源一家之主的言听计从与逆来顺受，
到了晚年那言谈间绵里藏针的揭疤拆台成了一种小小的复仇手段。
屋里《蓝色街灯下的横滨》唱片响起，
浴室里轻描淡写道出丈夫年轻时出轨之事。
当家人聚在一起，女人们炸食物唠家常，
男人们插嘴帮忙，孩子们在一旁吵闹。
男孩长大若未能活成父亲所期许的样子，
父子之间常常会话不投机半句多。
母亲想抱孙子时也常会对儿子说:
女人一旦有了孩子就不会离开你了。
儿子如说不想要就会被说太不正常了。
是枝裕和犹如一个细致的生活观察者。",5,力荐,67,1.0
2022-06-18 23:38:40,卡西江,"离炸玉米越近，越容易被油溅伤到皮肤；
越亲近大海，葬身于大海的危险越高。
越亲近，越互相伤害。
步履不停，如父如子。",5,力荐,21,0.9999824936704336
2022-09-26 21:46:05,魏春亮,我终于在这部片子里喜欢上了是枝裕和，带着不解带着怨恨，也带着爱意和牵挂，成为一家人。最后良多也没能开车载过妈妈，也没能陪爸爸看过足球赛。就像在分别之后才想起相扑选手的名字，就像爸爸还盼着儿子新年再来而儿子却为不用再来松了一口气，和解总是慢死亡一步，生命是那么残酷，又带着遗憾。,4,推荐,9,0.9999999554689452
2022-12-23 21:32:54,牛仔马洛,感觉心脏被重重锤了一拳，然后肩头被轻轻拍了拍,5,力荐,40,0.5031138863662854
2023-01-19 22:15:24,阿点日剧日影迷,人生会错过很多事情，为何总是像这样迟了一步。没有陪爸爸去看足球赛，也没有实现妈妈坐车的梦想。时间就将人推离了。,4,推荐,2,0.9998768092994208
2023-03-14 15:11:57,小天狼星的麻瓜,所有亚洲家庭小社会是不是都是这样的，表面风平浪静，实则波涛汹涌。人人有自己的小心思，人人亲近，却又不亲近。说爱太沉重，恨意嗔怪在其中翻涌。说不爱明明又很挂念，弹指挥间就垂垂老矣。是枝裕和把一出出狗血家庭伦理戏拍得那么温和、内敛、留有余味。,5,力荐,42,0.999999928199092
2023-06-17 12:44:40,高詩遠,2020.03.22   2023.06.17 #电影资料馆   开头就是爷爷走路镜头与奶奶烹饪镜头的交叉剪辑，不仅暗示着他们俩是全片的中心，可能也在说明所谓人生，其实就是对卡路里的消耗与补充的过程。是枝裕和的技法十分成熟，长镜头很多，且都能够做到意味十足。在女儿女婿们聊到昨天吃过寿司时，今天打算将寿司作为主食的奶奶在构图中全程都被门框隔绝在外。爷爷提到寡妇不好再婚后，长镜头结束，紧接着一个180度越轴镜头，把在院子里敲西瓜的三人捕捉在内，屋内的尴尬与屋外的欢乐形成镜头内的对比蒙太奇。当昭和风的演歌响起时，仿佛在向逝去的时代与岁月致敬。想表达的温情，总会迟一步。良太想起相扑选手的名字，已经离家远去。约定和父亲去看的球赛，始终没有实现。母亲想乘坐儿子的车去买菜，到死都未能如愿。,4,推荐,2,0.9999999999999996
