time,uname,comment,star,title,support,sentiment_score
"
                    2009-01-10 11:24:03
                ",Ridden,你可以像疯狗那样对周围的一切愤愤不平， 你可以诅咒命运，但是等到最后一刻到来之时， 你还得平静的放手而去。每个人在某种程度上都对自己有不同的认识，但是我们最后都会去往同一个地方。只是走的路不同罢了。你也有属于你的道路。,5,力荐,8521,0.9999365765625695
"
                    2009-02-22 13:42:54
                ",思阳,虽然明星众多，也有装逼文艺片的嫌疑，但这部片子实际有点混乱，而且似乎什么都没有说。,3,还行,1867,0.9009491905170065
"
                    2009-01-06 14:52:35
                ",mon babe,有种莫名的伤感。我们总会失去所爱之人，要不，怎么会感到他们有多重要呢。,5,力荐,6356,0.98529779752944
"
                    2009-01-08 13:01:25
                ",莫沂,阿甘正传+大鱼+摩托日记+罗拉快跑+千岁情人+第六感生死恋,5,力荐,4896,0.4594628165790354
"
                    2009-01-08 21:07:44
                ",荔枝超人,关于时间关于爱……后40分钟忧伤到令人窒息。,5,力荐,5163,0.656696671664932
"
                    2009-01-20 11:42:27
                ",眠去,当他变成一个孩子，他开始迷惑，“我好似已经经历了一生。”他曾经的衰老，曾经的爱恋，曾经的年华，到了某一刻，只能轻轻放手，顺服地走向死亡。,5,力荐,3837,0.9999999805286824
"
                    2009-01-18 10:10:14
                ",熊阿姨,“于时间的长廊上你再也不等我”,5,力荐,3792,0.07797284311260977
"
                    2013-09-05 00:21:58
                ",西楼尘,我心目中最优秀的电影，至今无法超越。满满的都是时光的隽永、寂寞的主角和奇特的故事。影片的质感丝丝入扣，如同醇酒回味无穷。这是一个温柔的童话，黛西的女儿在母亲的病房里，读到本杰明写给她的那些不会被寄出的明信片“我想成为你的父亲，我这一生做过的所有事都没有这件有意义。”真是无比心碎。,5,力荐,2921,0.9999999999999869
"
                    2009-04-24 01:01:53
                ",莫呼洛迦-屁股上的青春在歌唱,其实也是有感动，感动的点很奇妙。,5,力荐,2298,0.999680826125309
"
                    2009-01-26 04:08:14
                ",衣莎贝,前半部太冗长了，我现在对这些都市童话不大有耐心了。也许我老了,3,还行,1319,0.7453968438069121
"
                    2009-01-21 22:39:43
                ",张小北,看了第二遍后，觉得是杰作。好电影就是每次看都会觉得心醉神迷。,5,力荐,1851,0.9994408784909306
"
                    2016-10-19 13:51:17
                ",根,哇被两个女王睡过的男人，简直可以说是Holy cock了,5,力荐,1110,0.12862837878999345
"
                    2010-05-20 22:28:38
                ",minhe,你前进，我倒退，我们爱对方整整一个曾经。,4,推荐,8113,0.5950089924041299
"
                    2009-01-09 14:02:43
                ",蚂蚁没问题,逆行的钟和每分钟心跳两千四百下的蜂鸟,5,力荐,580,0.0875967124349123
"
                    2009-02-18 16:16:53
                ",Doublebitch,我好像曾经有过一生 可我忘记它到底是怎样的了,5,力荐,573,0.8400862169207266
"
                    2010-02-15 15:29:24
                ",晨雾鹤影,"我们像婴儿一般来到这个世上,又像婴儿般安详的离去.留下的,也许都在最后与心爱的人眼神交汇那一个瞬间,从眼前飞逝而过的所有故事吧.",4,推荐,2343,0.9999999181907997
"
                    2011-08-30 23:15:55
                ",流空破刃,细节无比丰满，视觉效果，被雷劈了七次的人，水手，妓女，团聚，分开，年轻，衰老，在路上。两个方向并行前进的中心点，时长结构叙事两段人物线索一整个故事所共同构筑的四平八稳。,5,力荐,558,0.9999672214008143
"
                    2009-05-19 10:48:53
                ",大奇特(Grinch),给5星，大卫芬奇的成人童话拍的那么美，美到极致，芬奇把凯特.布兰切特的美也诠释的淋漓尽致。,5,力荐,354,0.9972896421230494
"
                    2022-09-22 23:51:40
                ",不生气,Benjamin不用上学不用上班的一生,5,力荐,324,0.9799738674602938
"
                    2009-08-03 11:53:47
                ",Pearciac,我喜欢这样错身而过的故事，在秋叶纷飞的小径上老年Daisy对小孩Benjamin那俯身一吻时突然泪流满面。,5,力荐,316,0.9988272236288936
"
                    2012-09-19 22:30:06
                ",红豆♥,最喜欢黑人妈妈了，她是天生的母亲。T T,4,推荐,2187,0.9981312083228565
"
                    2015-03-28 10:37:04
                ",同志亦凡人中文站,时间的玩笑，时间的重量，这惊天动地的化妆...,4,推荐,1879,0.9435928395536317
"
                    2014-08-06 20:00:13
                ",囧叔,怎么没人告诉我应该直接从1小时开始看？,5,力荐,164,0.0441369007311746
"
                    2018-10-30 11:17:00
                ",大島,我们每个人都有本杰明梦寐以求的能力：和爱的人一起变老。,4,推荐,1553,0.9511012851660745
"
                    2009-01-03 16:59:36
                ",艾小柯,细节成功，但缺乏整体性。,4,推荐,1187,0.9684825775770601
"
                    2009-01-04 07:23:32
                ",某茶君,和原著相比改动很大啊，甚至都很难说是同一个故事了，不过还是看的出来有菲茨杰拉德的那种享乐主义调调。应该说这是一部各方面技巧都比较纯熟的作品，特别是化妆，太赞了！不过看影片的时候总不自觉的想起<时间旅行者的妻子>，都是包着幻想外壳但实质是纯粹的爱情故事。,4,推荐,556,0.9999267366198124
"
                    2009-01-31 23:43:41
                ",徐小花,或许我还没到打五星的年龄.结构，节奏是硬伤～～,3,还行,713,0.7621443238243826
"
                    2015-06-28 15:04:30
                ",冰红深蓝,一部探讨人生和时间的电影，感人至深。逆向发育返老还童的设定看似奇幻，实则影响不大，毕竟人与人的交集常常只是一个断面。穿插美国历史毫不刻意，比[阿甘]自然大气。特效和化妆极佳。你可以像疯狗那样对周围的一切愤怒不平，你可以诅咒命运，但是等到最后一刻到来之时，你还得平静的放手。（9.5/10）,5,力荐,145,0.999999999581606
"
                    2009-02-06 10:54:33
                ",亚比煞,他以孩童的样貌告别世界。,5,力荐,127,0.9869335742939994
"
                    2009-01-27 19:25:07
                ",影志,“你可以像疯狗一样的对周围的一切愤愤不平，你可以诅咒命运，但是等到最后，你还是得平静的放手而去”。平淡无奇，哎，我又麻木了…,3,还行,299,0.9950256974764737
"
                    2009-03-09 00:00:12
                ",卡卡,野心比成果大。,3,还行,231,0.7169858534114897
"
                    2009-01-14 14:18:54
                ",恶魔的步调,"很好,四平八稳,只是没有惊喜.",4,推荐,433,0.9919122953671524
"
                    2012-04-21 14:34:16
                ",TimberNord,我心目中最好的电影，没有之一,5,力荐,116,0.8487090816815599
"
                    2012-12-29 14:19:31
                ",掉线,相反的人生，却有着相同的归宿，唯爱永恒。精彩的电影，没想到大卫芬奇也能以情感来打动人，关于爱，关于生命，关于人性，关于你我。主题宏大却拍的十分细腻，用各种小细节表达对人生的探讨，精彩的台词太多了，有深意且不晦涩，故事美好又让人心碎。配乐，画面，表演无一不是上佳，推荐！,5,力荐,70,0.9999999999999536
"
                    2010-08-11 00:30:14
                ",狄飞惊,我好像活了一辈子那么长。,5,力荐,115,0.7992421605016206
"
                    2011-11-06 20:34:07
                ",沉歌,逆行于时间的洪流中，竟也到达完美的终点,4,推荐,395,0.943671843251946
"
                    2009-02-21 18:52:59
                ",Charlie,额...最好半小时才觉得好看。,3,还行,217,0.5009525209441165
"
                    2019-05-28 01:28:41
                ",小敏吃掉小敏,暗示了女人结婚后至少要照顾两个小孩,5,力荐,65,0.9767990532354182
"
                    2009-01-06 10:30:17
                ",UrthónaD'Mors,"真的很精彩，但我看到些阿甘的影子
如果我是奥斯卡，给他们最佳化妆和编剧哈哈，可我不是，不过毕竟把pitt画的那么年轻过有那么苍老过，还有cate那么年轻明艳动人过这一点，最佳化妆还真的应当给他们。最后变成婴儿我真的不是太理解为什么会变婴儿，但是最后的新生还是理解的",4,推荐,275,0.9999903660596123
"
                    2013-12-07 12:01:52
                ",尉迟上九,只有我觉得这片子很一般吗？！,3,还行,178,0.5111813222788275
"
                    2012-02-12 01:10:05
                ",刘康康,虽然他们时间之流的方向是相反的，虽然在溪流交汇前，他跟别的女人上床，她跟别的男人上床，虽然在溪流交汇后，他会遇见别的女人，她会嫁给别的男人，但爱情正是在合适的时间遇上了那个合适的人。“很高兴，我没有在26岁爱上你，那时候我太年轻，而你还太老。”让我们用剩下的一生为那刻的相逢而庆幸。,4,推荐,317,0.9999999573487774
"
                    2009-01-04 09:01:04
                ",桃桃林林,唉，想象力啊,3,还行,108,0.5121951219512196
"
                    2012-10-05 13:27:08
                ",南笙,一半的分数应该给化妆师。,5,力荐,82,0.4878604708231232
"
                    2012-11-17 19:33:38
                ",朝暮雪,愿你出走半生，归来仍是少年。,3,还行,100,0.996543694570181
"
                    2021-08-08 17:09:56
                ",Beer爽爽,难以形容的好，难以形容的隽永。最近好喜欢这种娓娓道来的叙事，宏大又不失细节的质感。无论正走反走，人终是要先变大再变小。反正最后谁都要裹上尿布，而惟有爱意可以永恒。,5,力荐,73,0.9999998632964928
"
                    2018-01-22 23:08:50
                ",二丫主张,结尾女主怀抱着变成婴儿的男主以不同的方式走向同样的终点，泪目。,4,推荐,277,0.999995025300747
"
                    2012-02-12 01:00:28
                ",撒旦的表妹,返老还童原来是这么让人难过的事。,4,推荐,239,0.7184736538135678
"
                    2009-01-21 17:35:42
                ",战国客,假，大，空~~,3,还行,89,0.4894270212621119
"
                    2009-02-01 00:46:37
                ",原来是西门大嫂,"原来是菲茨杰拉德的小说改编哦……好坯子讲了一个烂故事.引用别人的话：这个题材谈爱情实在是有点浪费。
",3,还行,97,0.8632605003472517
"
                    2012-03-30 16:34:10
                ",有橘,即使看着你日复一日的年轻下去，看见你变成孩童，看见你变成婴儿，看见你在我怀里渐渐阖目。爱，既是永恒。,5,力荐,67,0.9999889747409398
"
                    2018-03-28 09:20:12
                ",酒鬼一家小迷妹,挺忧伤的，无法陪着爱人看着女儿长大成人，本杰明跟黛西说她无法同时养两个人，事实的确也是如此，最后本杰明小婴儿状安详地在她怀里，看她的一眼仿佛又记起了她一样，挺触动的。不过，虽然两人有着相反的成长过程，至少还是在最适合的时候在一起，也算是美好的回忆了。,4,推荐,118,0.9999999997601241
"
                    2012-02-17 13:05:56
                ",巴喆,“生活没有如果，只有一连串互相交错的意外”。出租车撞到黛西那段假设，一连串的巧合同时交集于一起产生意外，说来也是奇闻，人生似乎有很多的巧合就是这样。本杰明后来四处为家，一个人无依无靠，离群索居，尝试各种工作，见证人生百态。突然联想自己，暗自垂泪，也不知道为何。这片子让人有一种隽久的悲凉，也许是孤独吧。人注定是孤独的，不管你有多少朋友。9.1,5,力荐,57,0.9999999999999776
"
                    2013-02-03 02:31:01
                ",圆首的秘书,从一开始他们就知道命运，所以勇敢。所以他们至死不渝地相爱。,5,力荐,46,0.9965847455598609
"
                    2018-02-13 10:00:25
                ",思路乐,【A】这样的故事太美好了，娓娓道来，好像述说了人生的一切，又好像什么都没说，平淡，却又充满力量。当然，我还挺想知道那个人第七次被闪电击中是什么样子的。,5,力荐,40,0.9996982479796557
"
                    2023-08-18 18:58:37
                ",小泉源谷,非常励志。从今往后，每当陷入困顿，我都会想，连《本杰明·巴顿奇事》的电影都能坚持看完，我还有什么事做不到。,3,还行,40,0.9840734776603114
"
                    2023-08-23 14:40:56
                ",拔剑四顾心茫然,我一直在思考，为什么上帝要赋予本杰明这样一种倒转人生？在他的童年时代，同龄人正在嬉戏玩乐的时刻，他与一群行将就木的老人坐在一起，讨论天气与歌剧；好不容易熬到中年，他选择做一名水手在海上漂流，手足无措的情况下卷入战争；最幸福的时刻是与爱人一同度过青壮年，又像交叉线一样分道扬镳，最后忘了自己是谁，忘了人生为何，没有任何回忆的逝去。他的心境与身体永远都是错位的，他最想奔跑的时刻只能呆坐，他最年轻的时候内心已是暮年，亲子不能相认，周遭已无旧友，他是如此孤独，我们都是如此孤独，但孤独并不可怕，可怕的是我们因为害怕孤独而失去了活着的勇气。本杰明的母亲对他说：你永远不知道明天是什么样。所以我们才要活下去，去成为水手、艺术家、钟表匠、芭蕾舞者、莎士比亚，去等待人生中下一次雷击，即使容貌衰老，内心依旧年轻。,5,力荐,18,1.0
"
                    2017-04-08 16:16:18
                ",石头星,画面和女主都很美；但芬奇这部流水帐似的影片叙述太平了些，全篇没有特别的吸引点和深度，就是中规中矩讲了个倒序故事，节奏还拖沓。可能老美爱童话，只要扯上童话2字貌似关注度就会提高。,3,还行,76,0.9999999976043026
"
                    2012-08-11 12:20:57
                ",我是大皮哥,在时间之河里感受溺水之苦。,3,还行,78,0.6797717192550445
"
                    2018-05-12 21:58:53
                ",欢乐分裂,4.5；重看；在时间长河里奋力回溯的我们，终于在人生的中点被命运胶着，所有的等待只为重逢一刻，在彼此最好的时光触摸到永恒的意义；生命切片倒放，我生君未生君生我已老，弥留微光用尽全力告诉你，我爱你这件事持续到永远；午夜的风荡起窗帘，想到深爱的人们此刻正安睡，晚安本杰明。,4,推荐,82,0.9999999979605732
"
                    2021-03-14 03:18:03
                ",404NotFound,我们总要失去所爱之人 不然怎么知道他们对我们来说有多重要,5,力荐,24,0.7564727707759012
"
                    2022-01-21 21:37:52
                ",卜,比这个设定更让人蛋疼的是，居然花了整整两个小时才看到Pitt的帅脸。,4,推荐,57,0.030250027334721263
"
                    2021-02-14 21:53:06
                ",xxxxx,有点无语，逆生长这么奇妙的设定结果只用来说了个这么无聊的故事，而且年老时和孩童时的设定矛盾了,3,还行,52,0.9979152615140783
"
                    2012-03-16 19:34:34
                ",徐若风,【2008年度3强】,5,力荐,15,0.49353146670755654
"
                    2009-03-03 22:01:05
                ",薇羅尼卡,在我最美好的时候，遇见了你，便是奇迹。,4,推荐,64,0.9790857476323421
"
                    2012-11-02 03:30:21
                ",琧婯,这事有啥奇的 大卫芬奇现在拍的片子一律又臭又长还有极大装逼和滥情嫌疑,3,还行,50,0.0003050824036791022
"
                    2019-03-05 10:04:43
                ",谢谢你们的鱼,真的是冗长，工整到不像芬奇的作品，或者说是最缺乏个性的芬奇作品，我理解故事中动人的点，但是有必要整得这么又臭又长又没有重点吗？两个时空的交替也是非常生硬，独白和老年女主角的穿插解说取一即可。很难想象自己看一部芬奇的片子看到昏昏欲睡。,3,还行,35,0.9998951634770802
"
                    2021-04-26 00:59:52
                ",哪吒男,时光流逝这玩意儿，返不返老，每个人都能感受到痛苦啊！逆时针的钟，声音有啥不一样吗？内流河的流动难道有别样的水花？这本流水账，我不买账。,3,还行,16,0.6962029536077089
"
                    2009-01-15 20:34:51
                ",王xx,前半段特别迷人，后半段就弱了。这难道是在变相讲述一个颜控的故事吗？,5,力荐,28,0.6446560929644514
"
                    2012-09-16 23:09:08
                ",沁兒,他们或许是天使和人类的爱情吧——我常担心天堂会不会挤不下，什么年龄去的天堂是否在天堂就保持那样的年龄？现在有了答案——或许在人类世界离开，就到了一个被人们称为“天堂”的空间，带着记忆开始返老还童地逆生长，在天堂长成一个BABY的时候，又一切从零开始返回人间。所以本杰明或许是天使在人间,5,力荐,32,0.9999999999999973
"
                    2018-05-19 23:36:04
                ",艾晨,2009年6月1日第一次看，给四星，无评语。今天电影院重温，今年的第93部电影，第32部院线，看得泪流满面。“我们命中注定要失去所爱之人，不然我们怎么知道，他们在我们的生命中有多重要？”,3,还行,26,0.9999881538285297
"
                    2021-06-25 13:32:06
                ",相残燕子楼,我不能原谅“我有苦衷，所以我抛家弃子”的人。,5,力荐,31,0.18717671876504471
"
                    2014-07-14 22:26:55
                ",bird,从幼到老，或从老到幼，过程，结果一致，同悲同喜。那些老人临终前真像孩子，无声无息望着你。生命在缩小，越想握便消失的愈快。我十八岁，有颗八十岁的心。我们经历太多了，谁在我走前给我念念我的故事，为父亲母亲念念他们的故事。,5,力荐,23,0.9999999999995868
"
                    2022-10-23 20:44:20
                ",莉莉丝的四季,“我有没有说过我被闪电击中过7次？”每一次他人生的转折都会有人问这句话，每一次被击中的方式都不一样。不过最后也没有听完那7次经历，那人说活着就是奇迹。要趁年轻多去体验不同的生活，要趁还没老去把想说的话都说了，想做的事都做了。我本以为是个奇幻故事，后来我想着也许是个另类的战争片，再后来我说这是爱情片吧，最后我说也许这是一个亲情片。但其实人生不就是会经历各种事情吗。人的一生，要如蜂鸟震翅。,3,还行,24,0.9999998473371854
"
                    2017-06-06 18:57:39
                ",赱馬觀♣,哎，怎么说呢？让芬奇拍本杰明纽扣之奇谭怪事，就像让科波拉去拍美好人生，斯科塞斯去拍一夜风流，帕库拉去拍史密斯先生去华盛顿，除去本身并不擅长在如此暖煽的情绪场中刻画人物，甚至他们可能都不信这样的故事！风格错配之下，叙事也有问题。1、文字描述一人生下如垂死老头是可以接受的，毕竟落于笔端不必过目只需想象。而入影呈现后，不仅视觉受到冲击，更在脑海中不由自主形成与导演意图相悖的情绪外溢：襁褓中仿佛魔鬼化身罗丝玛丽婴儿！2、等与心爱女子有了结晶，那段因“垂老还童”恐无法尽父责的说辞，故事情景内倒也自圆其说，更以伤感催泪为卖点，可观众听来总会感觉与社会渣男猎色逃责的行径好像？3、片中画面最正常的部分，也就是原貌彼特与伤后凯特坠入爱河，倒是不会让人浮想联翩情绪出离，可又掉入到了好莱坞俊男美女爱情戏的类型俗套。,4,推荐,12,1.0
"
                    2012-06-07 21:45:26
                ",是灼灼,在时间之河承受溺水之苦。,4,推荐,46,0.971528309024955
"
                    2011-04-26 21:25:10
                ",九尾黑猫,布兰切特在里面美得惊人！这将是芬奇的作品中我最喜欢的一部。故事本身已经足够强大，细节做得也不错，就是遗憾总觉得还有太多东西没拍出来,5,力荐,69,0.9997073294074538
"
                    2009-01-05 04:50:58
                ",文泽尔,长评：http://movie.douban.com/review/1609710/,3,还行,23,0.3501454676545046
"
                    2011-08-09 18:49:30
                ",曾于里,闷，无高潮,4,推荐,26,0.4814494249119088
"
                    2013-05-08 13:24:30
                ",托尼·王大拿,大量精彩的细节造就影片精良的整体，却也因此而显得繁复；结构上的伏笔往往会让人有会心一笑或是恍然大悟的感觉，尤其是老者七次被雷劈的闪回，每一次的放置都绝非随性而起；空间和视觉上的把控依然芬奇十足，但是总觉得他和这种心灵鸡汤式成人童话的组合无比诡异，没法触到我预期的段位。,5,力荐,25,0.9999999528153702
"
                    2023-04-27 23:33:10
                ",阿吞,"即使时间在身体上正向地流逝，所有的人际交往也都只是一个片段，无法贯穿始终，在某一个中点相遇，然后渐行渐远，这是常态。当周围的一切都在衰颓时，命运的催促显得更加焦急，我清醒地看到生命在流逝，一切离我远去，逆行者因为体会过衰老时的力不从心，更能发觉时间的珍贵，但越是如此，越是感觉无能为力。
我想到以前看过的一句话，说为什么喜欢看电影呢？因为在那短短的两小时里，我们可以体验到一种完全不同的人生。这部电影就给我这样的感觉，虽然它有点乱，想讲的东西有些多，但我仍然心动不已。
此外，我为伊丽莎白最终成功横渡英吉利海峡感到心潮澎湃，如果让我选择一个人，我想成为她这样的人。",5,力荐,26,1.0
"
                    2009-04-29 17:52:20
                ",左胸上的吸盘,谈不上好不好，你看两眼不觉得讨厌，不看也没觉得损失什么，就是平庸吧。另外跟科波拉的那个片子还真挺像，无论故事还是风格。但总归比科波拉那部好一些,3,还行,17,0.5764219194411773
"
                    2014-01-23 13:09:04
                ",Ocap,4.5。有时候，最现实的哲理需要用最离谱的故事去诠释。17.4.8 二刷。喜欢的人会觉得什么都涵盖了，不喜的人会觉得什么都没说，而我只是享受来自它的每一点感觉。纵观整体貌似无果，却又会被一个个细小的局部打动，人生本就如此吧。即便逆生长，即便面对得失的逆流，冷暖聚合，因缘起灭，没什么不同。,4,推荐,51,0.9999950978276164
"
                    2023-09-10 23:46:02
                ",🌞娘卷卷🌙,报看啊。男人至死是少年，女人一辈子要当妈。,5,力荐,5,0.9893991160882418
"
                    2019-01-26 13:51:17
                ",顗礼,Nothing lasts……,3,还行,28,0.4737672181921908
"
                    2022-08-16 00:16:43
                ",像我这样的人,看不明白，感觉电影和自以为看懂的人都是在装逼。点赞最多的竟然写着“你前进，我倒退，我们爱对方整整一个曾经”，这就是句屁话。爱对方的曾经？！是人话吗？还点赞？！脑子里缺根弦的人太多，人云亦云。,4,推荐,18,0.47988429129302335
"
                    2009-01-06 16:19:30
                ",临素光,有些人游泳，有些人跳舞，有些人被雷电击中，有些人记得你逆转的时间。,4,推荐,21,0.787802921574468
"
                    2017-04-08 19:41:59
                ",海鲜高汤面,平凡的老妇人，不平凡的一生。,3,还行,17,0.9974024861652161
"
                    2022-07-17 16:24:56
                ",toy,食之无味弃之可惜,5,力荐,30,0.805586900718885
"
                    2016-12-13 01:19:24
                ",一个无情的杀手,我们注定要失去我们所爱之人，不然我们怎么知道，他们对我们来说多么重要。,5,力荐,17,0.979253061072165
"
                    2021-01-06 20:00:33
                ",Ono,如果你发现生活和你想象的不一样，我希望你能够有勇气，重新启程。,2,较差,24,0.8492398186521366
"
                    2017-03-08 03:57:55
                ",王小札,大卫芬奇堪称伪经典电影之父，他所拍摄的电影受尽伪文艺青年的追捧，布拉德皮特就是他最忠实的裹脚布。空洞的台词无根的故事混乱的逻辑，最后披上神奇的外衣，这就是《本杰明巴顿奇事》了。,5,力荐,80,0.9986277599810663
"
                    2023-08-06 17:13:35
                ",怨恨之vp,我仿佛有过一生，但我却想不起来,4,推荐,15,0.9155047590187421
"
                    2009-01-03 15:16:38
                ",Lan~die,“不管你曾被雷击还是尝试过横渡英吉利海峡，无论你是个水手还是个艺术家，是个舞者还是个妈妈，我们都在岁月的河里流淌，我们相遇，别离，目睹着人间一出出的悲喜，然后等待着一只每分钟心跳两千四百下的蜂鸟来带走你的灵魂。这个带着印度神话风格的意象很明媚，一瞬间让死亡不那么可惧。这也让我想起当年年轻英俊，阳光明媚的布拉德皮特在《大河恋》里已有的阐述，生命就像一条静静流淌的河流。而逆流者，其实和我们一样，欣赏着沿途同样的风光。”,3,还行,14,1.0
"
                    2021-04-18 17:30:30
                ",烈焰红唇龙,豆瓣好些个高分影片我都不是很能接受，比如恋恋笔记本、忠犬八公、还有这个，前两个还情有可原，这个..........真的是一言难尽，充满了说教和各种拼接，无感。,5,力荐,13,0.9941844613807772
"
                    2024-01-19 18:08:15
                ",痴人正是十三郎,有种杨德昌一一的感觉在里面。始终不煽情，只是平平淡淡地讲故事，然后在某一刻眼泪就掉下来。,3,还行,13,0.9996871690565582
"
                    2022-12-23 11:09:47
                ",风女纸,为啥评分如此高？美国电影都是老套的倒叙，躺在病床上的老人，翻开日记本，回忆过去……太多这样的电影了,4,推荐,24,0.9851393585900275
"
                    2012-02-26 23:19:26
                ",林愈静,"2012-02-26；女：当我皮肤变皱，变松，你还会爱我吗？男：当我一脸青春痘，怕黑，尿床，你会依然爱我吗？

2022-01-02 又看了一遍 皮特和布兰切特终于在一起，买了房子装修，那是他们度过的最快乐的时光，小小的黑白电视里是Beatles在唱 twist and shout。",3,还行,16,0.9999994244656212
"
                    2014-03-16 00:08:12
                ",尾生,太不芬奇，四平八稳的剧作，阿甘式政治正确选择时间点，黑人妈妈就差说那句“人生就像巧克力”了，查了下原来编剧都叫艾瑞克罗斯，这电影其实可以改名叫《阿甘正传之返老还童》的。细节成功，少了些整体性，剧作提升空间挺大的，如果换诺兰改下结构掌控节奏，一定非常棒！,5,力荐,6,0.9999995276459874
"
                    2021-01-06 20:00:33
                ",Ono,如果你发现生活和你想象的不一样，我希望你能够有勇气，重新启程。,5,力荐,24,0.8492398186521366
"
                    2023-08-06 17:13:35
                ",怨恨之vp,我仿佛有过一生，但我却想不起来,5,力荐,15,0.9155047590187421
"
                    2009-03-23 18:04:13
                ",琴酒,其实我可以算喜欢BradPitt同学的，因为他好像是我第一个知道名字的欧美男演员。最后那个婴儿不堪记忆的负荷，有点让人心酸。第一次看Fincher体现这种大时代跨度时的镜头，画面真的很有张力要把人吸进去，但整个叙述却又平淡。挺好挺好。,4,推荐,14,0.9999993749434869
"
                    2017-05-26 22:58:40
                ",杨大志°,在时间之河里感受溺水之苦，电影的设定很新颖，让人很有感触,4,推荐,8,0.9981460435601299
"
                    2018-09-03 11:52:37
                ",海若,一度看作是倒叙式的阿甘正传，被嫌弃的出生，被排挤的童年，好运气，从小青梅竹马的对象从独自飞到再一起。表达主题不够明朗。,3,还行,7,0.9999967293489935
"
                    2014-11-02 12:34:09
                ",phoebe,其实有些段落还是挺有气氛的，但是看完了感受是：要讲这些爱、失去、死亡等等的感触，其实皮特返老还童的人设好像完全没作用，所以这个人设似乎完全沦为了一种猎奇,3,还行,9,0.9998023153261169
"
                    2024-01-19 18:08:15
                ",痴人正是十三郎,有种杨德昌一一的感觉在里面。始终不煽情，只是平平淡淡地讲故事，然后在某一刻眼泪就掉下来。,5,力荐,13,0.9996871690565582
"
                    2013-03-24 00:55:14
                ",唐山,不错，带有中产阶级特有的悲伤格调，当天堂倒下时，我们只有靠世俗爱来相互支撑，可我们都明白，这份世俗爱不论怎样神话，都无法永恒，所以世俗爱的反面不是忧伤，而是麻木与虚无。一切终将错过，终将逝去，爱不过是时光逆旅中的一场游戏而已。把如此复杂的道理用一个奇特的故事串联起来，有趣。,4,推荐,10,1.0
"
                    2009-03-28 23:39:05
                ",Obtson,蜂鸟是世界上唯一可以倒退飞翔的鸟,3,还行,15,0.9769340397442801
"
                    2022-02-17 14:52:49
                ",刀削面的刀,美式男主传记，不用如何付出，不用承担责任，就有好妈妈好老婆好知己好朋友，最重要的是有遗产继承，的一生。,4,推荐,34,0.9999942718465229
"
                    2017-07-10 21:27:10
                ",橙曦羽潞,无论什么肤色，什么体型，人们都是孤独的。但可怕的不是孤独，而是惧怕孤独。其实孤独没什么不好，真的。,5,力荐,12,0.9999931752419005
"
                    2015-03-04 19:22:59
                ",小海,时间流逝人慢慢变老，最大的安慰就是知道前方还有这样的电影和书等着我看。,4,推荐,22,0.9996496656784254
"
                    2010-02-04 21:13:35
                ",一只麦麦,我生君已老。,4,推荐,15,0.9052552181924604
"
                    2009-01-30 01:11:53
                ",嘟嘟熊之父,等待大银幕重看,5,力荐,6,0.5763849145809203
"
                    2021-07-23 02:52:39
                ",人兒大大,相爱大半个世纪，却只有短短几年的交织,4,推荐,27,0.9953224182428548
"
                    2018-01-28 18:52:02
                ",某J。624,无论什么肤色什么体型，人都是孤独的，但孤独不可怕，可怕的是惧怕孤独。与其说是童话，不如说是像散文一样的一生。无论我们走上怎样的道路，最终都殊途同归。本杰明一辈子都在做同一件事——let it go。,3,还行,8,0.999999911315279
"
                    2021-12-17 00:00:21
                ",#已退瓣#亲自,前半段还以为是某种美国梦与基督教的隐喻，没想到后半段变成了一个男人至死是少年的爱情故事。我知道这个电影拍摄和讲故事的手法非常不错，但是真的是厌倦了。比如就问一个问题，这东西性别对换变成一个老妇人到女孩的过程还能拍吗，故事内核还能对上几个，还是说美国梦与白男就是分不开的？？,5,力荐,16,0.9999999999711833
"
                    2009-01-09 09:48:13
                ",小岩菽,如此多的符号线索隐喻深情。淌过Daisy风情万种的脸，永远停留在那青葱片瓦之中。,3,还行,8,0.9997731622633851
"
                    2022-12-08 16:06:51
                ",Helium,高级鸡汤片，食之无味,5,力荐,12,0.4503548997523309
"
                    2009-01-16 12:36:25
                ",令狐补充,冒犯时间。前半拖沓，后半感伤。,3,还行,23,0.9886963874502084
"
                    2021-07-26 03:05:25
                ",dow,不是说一部电影拍得长就是讲人生的,2,较差,13,0.9208765673154877
"
                    2013-09-16 21:31:58
                ",梅林,不需要顺时针的擦肩而过，只需要逆时针的交错相爱。,5,力荐,11,0.9933052522571019
"
                    2014-06-06 20:50:49
                ",爱幻想的小孩,每个时刻都很精准的表达了某个时空的某种情绪。不是简单的爱情故事。关于人生，关于死亡。,5,力荐,13,0.9999977272370735
"
                    2015-11-20 22:26:18
                ",寒枝雀静,关于时间的东西总是让自己没有控制力……,5,力荐,7,0.8355734345520358
"
                    2019-02-03 23:37:44
                ",Muto,宛如童话的《本杰明巴顿奇事》是一本绝好的睡前读物。尽管它对《阿甘正传》有着多处不同程度的模仿，但芬奇依然将菲茨杰拉德的这部短篇故事拍出了独特的味道。一切都源于时光倒流的假设，所以一切如常生长的事物才会在惩罚式的诅咒中显得那么真实而又荒诞。正因历经过足够多的岁月和沧桑，悲喜聚散才会显得如此风轻云淡。正因一切皆是命中注定所以才不会为失去和错过感到惋惜和遗憾。尽管我们身处不同的时间轨道，但每个人的命运无疑都是一场向死而生的旅程。,5,力荐,6,1.0
"
                    2009-04-09 10:56:35
                ",不良,无聊,5,力荐,5,0.2000000000000003
"
                    2013-02-23 21:44:47
                ",朝阳区陆依萍,故事还行，细节到位，这氛围渲染的。。。啧！！！艺术指导部门功不可没。。。这光打的，带样。。。,5,力荐,6,0.9983644220643109
"
                    2009-01-10 21:12:30
                ",zitsunari,最后那段加一星,5,力荐,6,0.6865253186606167
"
                    2009-01-13 22:31:44
                ",littletwo,宁静，纯和的人生。不觉得很像《阿甘正传》吗？,4,推荐,12,0.9086749075460355
"
                    2022-10-22 00:35:39
                ",人间犯困,返老还童的点最有趣，两人的两极转换的爱情没觉得多遗憾震撼，很喜欢艺术家船长和游泳夫人,4,推荐,10,0.9998928975696503
"
                    2012-04-14 00:27:58
                ",菠萝,我们都有一个共同的终点，只是有时走的路不同,2,较差,6,0.8955248085759846
"
                    2009-02-21 20:03:11
                ",🌊,特么少跟我装！,5,力荐,22,0.2814857197110381
"
                    2022-08-06 14:25:50
                ",GrannyGoat,蜂鸟过隙，挂钟倒转，飓风徘徊，导演钟爱的泛黄柔调下的自然主义史诗。旅馆夜谈、中年交点、车祸宿命、给女儿的信等细节处理极佳。“有些人，生来就注定可以悠闲地坐在河边；有些人会被闪电击中；有些人会音乐；有些人是艺术家；有些人是游泳健将；有些人懂纽扣；有些人懂莎士比亚；有些人是妈妈；有些人是舞者……”使本杰明逆行的人生旅途更为丰满的，正是那些按照自然法则来到这世上又匆匆离去的芸芸众生。每个人都着墨不多，每个灵魂的精髓却得以很好的捕捉，用这样的众生相交织出生命与爱的意义，独特而厚重。都是“无为而治”，本杰明·巴顿又不是阿甘那样靠机遇不断改变命运的传奇励志主角，而是相对被动的逆旅者、平静的见证者和温情的感受者——他总是和时间站在一起，和时间一样成为世间最伟大的作者，书写未来的结局。（卓别林）,3,还行,49,1.0
"
                    2009-07-11 08:43:41
                ",罗夏,我觉得被高估了,3,还行,5,0.5
"
                    2012-02-15 22:12:11
                ",Irgendwann,菲茨杰拉德原作，大卫芬奇导演，蒂尔达和布兰切特两位女王出演，还有皮特这个小白脸儿，揉捏出的东西，该比我们现在看到的要精致。但我只能说，中规中矩，不太出彩儿，我自己只有微小的感动，当年迈的她将襁褓中的他搂在怀里时。我想到了我的远行的安德烈，那将多么具有悲剧美。三星半呗。,5,力荐,8,0.9999999820741169
"
                    2009-01-03 00:32:28
                ",Q。,天长地久的可能  ★★★★★,2,较差,5,0.6184777508821596
"
                    2015-04-11 17:27:06
                ",jiangnian,评为较差多少有点不好意思 但 谁叫你冗长又无趣,2,较差,9,0.010457082667367001
"
                    2009-02-16 16:02:08
                ",BIGD,"他的片子总是这样,我憋着气看,等待着爆发,但看着看着我的气泄的荡然无存",3,还行,7,0.4248669575800069
"
                    2018-02-26 22:06:16
                ",阿五,情人是蒂尔达女王，妻子是凯特魔王，本杰明是人生赢家了。,5,力荐,7,0.9914300692475465
"
                    2009-03-26 18:12:13
                ",阿尔法,中的爱很表层话,4,推荐,0,0.9351867851511727
"
                    2019-10-26 10:57:42
                ",小提奥,我错过了看完后噙着泪打5星的年龄。,3,还行,5,0.9850247198722475
"
                    2011-02-05 19:50:56
                ",独立日,奇幻的,5,力荐,0,0.5
"
                    2009-01-07 10:43:47
                ",冰山李,"9.0；When you are old and grey and full of sleep/And nodding by the fire, take down this book...",5,力荐,0,0.3474730362549653
"
                    2011-01-20 09:03:53
                ",kindsos,原著菲斯杰拉德。这个片子总差了点儿什么，我找不到，但是就是差着。,4,推荐,1,0.07443857984945634
"
                    2012-09-03 03:47:35
                ",X在被人道毁灭,这片我竟然没打分儿。。。。。。傻逼了,5,力荐,0,0.090764200781421
"
                    2021-07-13 21:48:59
                ",Swettile,电影不喜欢，但是我真的太爱那位黑人母亲了,3,还行,8,0.9551598908379251
"
                    2009-02-01 16:52:00
                ",逍遥兽,如此细致美丽,5,力荐,6,0.9562307841239897
"
                    2009-01-10 14:40:26
                ",石中剑,1.12,4,推荐,0,0.5
"
                    2011-06-19 21:15:56
                ",红领巾=卫生巾,有些人，......,4,推荐,0,0.5443456329515354
"
                    2012-05-22 23:30:25
                ",MarK,感觉与众不同,4,推荐,0,0.7803091456930908
"
                    2012-05-22 22:22:20
                ",clownpei,感动，看了2遍,4,推荐,0,0.9215801488140092
"
                    2012-05-23 16:22:22
                ",任小鹿乱撞,别样的人生体会！,5,力荐,0,0.9865944732174873
"
                    2012-05-23 13:45:51
                ",豆腐脑,看过很多遍的片子。,4,推荐,1,0.9421573313256233
"
                    2012-05-23 14:27:10
                ",tofubo,剧本本身就很有趣的一部剧情片，外加可以看到Pitt老年的样子，还值得一看。p.s.片中人物刻意模仿的New Orleans口音还挺有趣的。,5,力荐,0,0.9999975826350403
"
                    2012-05-22 23:27:28
                ",Dark倌,值得重温,4,推荐,0,0.9727193780298776
"
                    2012-05-26 00:25:05
                ",ephemeral_Judy,几年前看的。。。当时很有触动,5,力荐,0,0.9643732916639691
"
                    2009-01-30 16:19:23
                ",小飞嘀.3ds,人的一生就是一条抛物线，起点和终点只是一个叫法而已，他们是没有区别的。,2,较差,6,0.8571043343870404
"
                    2009-02-22 13:18:06
                ",追忆,魔幻的题材却能把爱情写的如此真实感人~“我和你在生命的中间相遇”~,5,力荐,0,0.9999906522950156
"
                    2015-07-11 19:51:15
                ",灰色堡垒,4.5。看完好像经历了人的一生。“有些人生来就可以悠闲地坐在河边；有些人，会被闪电击中；有些人，会音乐；有些人，是艺术家；有些人，是游泳健将；有些人，懂纽扣；有些人，懂莎士比亚；有些人，是妈妈；有些人，是舞者。”,5,力荐,8,0.9999653411506997
"
                    2021-06-12 16:49:54
                ",pulamalama,"看到中间的时候觉得人生如果“逆生长”其实还不错，经历过岁月洗涤，又正好身强体健，有无数的精力去完成自己想做的事。
可看到最后又觉得是我想错了，因为当你从最一开始就习惯离别，人生的意义就变得虚无，你会更渴望永恒，你会无法与爱的人并肩，你还是会迷茫，会患得患失，虽然你会越活越年轻，但岁月不会真正地放过你，时间的逆行只是强加于人的祈望，走到最后一刻，还是不得不安静地放手归去、",5,力荐,24,0.9999999999999631
"
                    2009-07-30 19:39:55
                ",FÉLIN,感人。奇幻,4,推荐,0,0.9545199434530929
"
                    2009-03-18 11:54:09
                ",猪大腿,不知道什么时候再看一遍。奥斯卡方面，3/13的命中率实在是。。。,5,力荐,0,0.6793435311409881
"
                    2022-04-05 01:42:13
                ",张翔森,还没长大就老了，还没老就长大了，归根结底，每个人都终将死去。,4,推荐,2,0.9887908466786854
"
                    2009-02-11 16:13:39
                ",强强,布莱德-皮特皮影戏的木偶,4,推荐,0,0.782571984399965
"
                    2023-07-07 00:06:43
                ",路西雅,感觉我等了两个小时等Brad Pitt变帅打炮。这两个人像是关系很好的炮友，在每个阶段都像是有不同kink的onlyfans couple @Pathé les fauvettes,3,还行,12,0.6747230430278405
"
                    2009-01-11 22:40:08
                ",hitlike,险些拍成阿甘正传,3,还行,0,0.23185575891569943
"
                    2010-01-03 00:19:40
                ",麻木粮姜,"You can be as mad as a mad dog at the way things went. You could swear, curse the fates, but when it comes to the end, you have to let go. ",4,推荐,5,0.14539857688556002
"
                    2016-06-23 18:56:16
                ",seabisuit,芬奇少见的冲奥片，拍这种格局不如小题材类型片凌厉，有些拖沓和不够大气。大银幕重看拿奖的特效美术化妆确实顶级，因为逆行而对时间成长中的老和童比对很多，重合的中年最美。联想小范宁那时与现在的容貌身材变化真的唏嘘很奇妙，雷劈七次的小电影和车祸叙述的那个剪辑也不错，某些段落被煽的还挺感动。资料馆,4,推荐,7,0.9999999999784894
"
                    2011-05-07 21:21:17
                ",wakandawula,美丽的故事,5,力荐,0,0.9594065124637252
"
                    2009-03-02 15:15:03
                ",iceman,永恒而极致的孤独……,5,力荐,0,0.9990038318969099
"
                    2008-12-26 13:10:18
                ",嘉沐難再續.K,首映看的，還挺感人的。,5,力荐,3,0.9846594301136357
"
                    2011-12-18 16:56:16
                ",黑胖砸儿,有些事情是永恒的，也许我们还不懂得如何去珍惜。P.S.小皮真是越老越tmd帅，直追老康啊！,4,推荐,1,0.9998946405383681
"
                    2010-03-18 18:18:13
                ",RIC,Pitt在这里还有一丁点演技吗？,2,较差,2,0.8020859269935722
"
                    2012-02-22 23:16:46
                ",福原躁象,很做作的剧情，非常恶心。,2,较差,9,0.38511341632251284
"
                    2009-01-11 02:28:36
                ",麦兜,你可以像疯狗那样对周围的一切愤愤不平，你可以诅咒命运，但是等到了最后一刻，你还是得平静地放手而去。,5,力荐,0,0.9917560401601976
"
                    2017-02-16 20:12:07
                ",狂野急娃娃🌈,人如果都是生下来就是老人，并且知道具体年龄，之后的人生做减法，一出世就知道还有多久死，彼此也知道在一个人身上应该放持续多长的感情，想想也很带感啊。精华集中在后三分一。这个故事并不足以拍一部超过两个半小时的电影，观影过程感到各种冗长拖拉，再精炼简洁些，表达出来的效果可能会更好。,4,推荐,7,0.9999976918011148
"
                    2011-05-30 17:27:05
                ",七月,我們總會有交點,5,力荐,1,0.03669267788293884
"
                    2010-11-16 14:26:35
                ",msazhou,这样何尝不是一个悲剧类,3,还行,0,0.9723894004151753
"
                    2009-01-03 00:18:21
                ",夏日,又一部阿甘正传，学的挺像。,4,推荐,1,0.8929126867950419
"
                    2010-11-22 19:45:53
                ",摇滚玄奘,"An amazing story,a wonderful story.
",4,推荐,0,0.39649036561138595
"
                    2010-07-11 02:42:30
                ",天涯·明月·风,精彩的一生，让人思考。,5,力荐,0,0.9927510587558817
"
                    2009-06-14 13:34:05
                ",Nightwing,"10年后，Julia Ormond将西伯利亚的寒冷和岁月留痕悄然带进了David Fincher的传奇之作。人们说两个人的命运只偶尔交汇这么一次也是幸运，可这部片子呈现给我们，势必无限远离的两条射线会在另一条自定的轨道上如何永久的交汇甚至合而为一。
update: 翘首企盼到的CC版本锦上添花，长达三小时的花絮本身就是幕后一桩奇事。

(reprise <-> 2009-02-17)",5,力荐,3,0.9999999914263421
"
                    2009-01-15 19:31:04
                ",Seamoon,三星半。我想我更喜欢菲茨杰拉德的版本。那个更讽刺，也更戏谑。,4,推荐,0,0.9682831368441553
"
                    2010-04-11 13:02:58
                ",Whisper,"想起以前的一个科幻小说 
演绎得不错 
化妆不错",4,推荐,0,0.9996983369524214
"
                    2009-01-16 22:44:20
                ",kalcium,跟阿甘像?跟你妈还像呢...,5,力荐,1,0.4200502196714808
"
                    2011-09-12 21:27:51
                ",我爱大猪宝儿,时间是把杀猪刀~~好的剧本决定一切~~,5,力荐,0,0.8155834952518554
"
                    2009-02-08 13:25:06
                ",suki_1001,Benjamin..,5,力荐,0,0.5
"
                    2009-12-08 23:15:36
                ",pigayou,人生的交叉点只有一个瞬间,5,力荐,1,0.9807694241404668
"
                    2009-12-22 22:51:25
                ",找凹的凸,这是一个很美的故事。,5,力荐,0,0.92094938232188
"
                    2012-02-16 19:13:18
                ",芒果,虽然不喜欢凯特布兰切特，不过不得不承认她的演技实在很赞。也许一个逆着时间生存的人更能珍惜生活吧。You never know what's coming for you.,4,推荐,0,0.9999825640885353
"
                    2009-01-02 22:59:31
                ",GOGO Dr.Gore,难道是米国和欧洲的JQ史？,3,还行,0,0.45050480231785506
"
                    2010-05-09 11:25:10
                ",泼墨造马追姑娘,"怎么样的爱情才算令人羡慕，让人感到温馨。也许就是曾经拥有，互相包容，理解吧。不长久但令人动容。

",5,力荐,1,0.9999894007539456
"
                    2011-12-03 15:18:23
                ",無主,活。,5,力荐,0,0.671717171717172
"
                    2009-01-11 01:03:31
                ",太阳的倒影,有点大师味道了,4,推荐,1,0.9067597026566311
"
                    2009-01-29 21:42:31
                ",17950,"本杰明最后心老人不老的变年轻了反而与普通的年轻人没什么不同！？这个故事讲得虽然不简单但太直白了反而没什么回味的地方。
",5,力荐,1,0.9991883619397591
"
                    2009-01-31 07:14:29
                ",TORO VAN DARKO,回味无穷~,4,推荐,2,0.8999999999999999
"
                    2009-03-13 22:37:57
                ",戕茕,变得年轻是什么感觉。。,4,推荐,0,0.8767365586105904
"
                    2012-02-12 09:32:48
                ",M2,How time flies,5,力荐,0,0.8020859269935734
"
                    2009-01-12 22:46:36
                ",Frank,皮特有那么性感么？凯特·布兰切特真漂亮！挺好看的  很大卫很芬奇,4,推荐,0,0.9983507262274799
"
                    2009-01-19 17:31:47
                ",阿朽,这种类型的电影，有感触，但给不到五星。,4,推荐,0,0.8886397177945282
"
                    2012-05-21 21:39:35
                ",小柒゜,悲催又喜感的一生。来自本杰明。巴顿奇事。想做什么就好好去做吧！,4,推荐,0,0.99270702805405
"
                    2011-10-05 20:51:20
                ",皓宇,你做这个梦么？儿时我做过的。影像化的幻想，让人着迷。,5,力荐,0,0.9999711285272749
"
                    2009-05-30 22:56:23
                ",唐大克。,对不起，如此深邃的电影让我四次几近昏睡。,3,还行,6,0.5557830346356324
"
                    2011-12-30 20:57:11
                ",小子墨哥,演员特效妆很到位!,4,推荐,0,0.9978363642789458
"
                    2010-05-26 17:06:01
                ",蓝人,对终极关怀的另一角度的解读。,5,力荐,1,0.9843410039772679
"
                    2011-09-20 23:20:09
                ",了不起的克莱德,看完了 就得了内伤。。。,5,力荐,1,0.6579798692149489
"
                    2009-05-16 03:45:36
                ",伊蒂克,Will you still love me when I have acne? When I wet the bed? When I'm afraid of what's under the stair?,4,推荐,0,0.002968120735646562
"
                    2011-06-08 20:13:46
                ",Lisaaaaaa,故事蛮特别 主要是看我的皮特,4,推荐,0,0.9438955317974372
"
                    2015-01-25 08:33:09
                ",陈凭轩,六年前看的时候就一直在骂娘，心说你这跟菲茨杰拉德有半毛钱关系吗？这次重看才觉得，如果撇开小说原型，也不失为是一部杰作。越长大，越对互文性的方方面面宽容起来。,4,推荐,6,0.9991544294264496
"
                    2012-07-09 09:16:46
                ",髦髦,我有没有告诉过你，我放雷电不小心劈中了你7次,5,力荐,0,0.03983954123491895
"
                    2010-10-24 17:47:00
                ",游牧人·芳汀,好美的电影，每一个画面都是一幅画。芭蕾名伶凯特布兰切特实在是惊艳，气质女王啊,4,推荐,3,0.9992691684399211
"
                    2010-01-01 06:29:18
                ",时生,前面太啰嗦，后面有点儿意思，不过到后来觉得像《阿甘正传》。,4,推荐,1,0.927654742036828
"
                    2008-12-31 15:41:20
                ",狼大疯,pitt年轻到十八九岁时候的样子 看得我心都碎了,5,力荐,1,0.951068735539095
"
                    2009-01-09 01:56:30
                ",Max,"　　8.5/10   24,031 votes 
Top 250: #63  ★美国电影学院十佳影片 ★洛杉矶影评人协会最佳配乐第二名 ★华盛顿影评人协会最佳艺术指导 ★国家评论协会奖年度十佳、最佳导演、改编剧本 ★《时代》年度十佳NO.6 ★《纽约邮报》年度十佳NO.5",3,还行,0,0.9999995734609376
"
                    2011-07-20 17:25:03
                ",小月月Yoly,最后太感人了,5,力荐,0,0.9019705481481584
"
                    2012-02-14 09:30:49
                ",隔岸之雨,我想看看一辈子的爱情…原来是这个样子的…哪怕我们只有那么短暂的美好可以重叠在一起 ···,5,力荐,0,0.9772952376750033
