time,uname,comment,star,title,support,sentiment_score
"
                    2011-01-05 10:44:33
                ",Megan,你们看到了爱情，我看到了背叛。,4,推荐,8625,0.9594187164500736
"
                    2009-05-18 18:00:48
                ",Ragdoll™,你什么时候变得这么罗嗦，以前都不是这样，傻女，听我说，现在立刻回家，洗个热水澡，明早起来，满街都有男人，个个都比豹哥好。不用担心，我很有办法的，在台湾有很多老婆，高雄有一个，台中有一个，花莲有一个，阿里山也有一个…… \\\\我这辈子最开心的那一天，就是威廉带我去半岛吃饭，我趁着他不留意，偷了我们用过的刀叉杯碟，现在偶尔拿出来看一下，仍然是很开心，可能威廉早就不记得我了，不过不要紧，我记得就行了，想一下，我现在这么老这么难看，他不来找我其实都是好的。\\\哈，那你要快点，芥兰有艾滋。,5,力荐,11481,0.9906997203075718
"
                    2009-01-06 19:07:26
                ",王xx,每次看完这种片子，都觉得像过了一辈子那么长,5,力荐,11131,0.9878296576644059
"
                    2017-10-24 22:06:50
                ",根,黎小军连豹哥的一根头毛都比不上吧，嫁黎小军我一天能因为无聊自杀三百回，“无聊”这种东西如果能拟人的话，它的形象一定是黎明！！！,4,推荐,3651,0.13315471612947705
"
                    2006-01-29 00:03:58
                ",薇羅尼卡,到最后我们会幸福吗？最让人感动的是突然出现在曾志伟身上的米奇纹身。我们永远不知道另外一个人在以怎样一种方式爱自己。,5,力荐,5638,0.9999995017610708
"
                    2009-12-18 14:43:25
                ",弗朗索瓦张。,这么多人都看哭了么。。。我就在张曼玉低头碰到喇叭那块儿眼红了下。。。这俩人的缘分太让人嫉妒了,4,推荐,3216,0.9866605233236222
"
                    2010-10-29 19:00:19
                ",mu,重逢只要一瞬间，等待却像是一辈子。,5,力荐,6770,0.9684885537644702
"
                    2008-08-09 21:31:19
                ",瓜。相信这个世界很变态。,其实是曾志伟的角色最令我动容。,3,还行,8686,0.9968316174948048
"
                    2006-12-22 20:35:39
                ",Miss Lucky,"随性,就是用滑过的火柴当眉笔",4,推荐,681,0.26866272463213847
"
                    2013-07-12 00:39:48
                ",王大盆,傻女，听我说，现在立刻回家，洗个热水澡，明早起来，满街都有男人，个个都比豹哥好。,4,推荐,2898,0.9373967261525861
"
                    2017-03-05 21:42:27
                ",LOOK,张曼玉精彩绝伦的演出成就了这部电影。聚散离合，缘起缘灭，情感的纹理与能量、生成与幻灭、真挚与虚妄，历史的荒诞与无情，一切的一切都是张曼玉。情到深处爆发出来的能量，如花瞬间绽放，充沛又从容，亚洲女星中大概唯有巅峰年代的高峰秀子可与之比肩。,4,推荐,2180,1.0
"
                    2009-07-30 23:17:28
                ",郁殷,曾经的香港电影多么令人激动与感动。,5,力荐,2911,0.9974528534528967
"
                    2014-09-10 22:45:39
                ",drunkdoggy,“我不是文艺片导演，这是部十足的商业片，结尾纯粹为讨好观众而设计。现实中，男女主人公不可能在一起。但观众想要他们在一起。其实呢，如果他们能在一起，早在一起了。”我们怎么办啊……,5,力荐,4138,0.9999998138306676
"
                    2007-01-17 13:31:10
                ",小儿勾,其实我是被米老鼠感动的,4,推荐,6794,0.3284410641265718
"
                    2017-03-11 14:25:29
                ",Ocap,同时代入黎明张曼玉，两人都是我。一句“我来香港的目的不是你，你来香港的目的也不是我”钻破心底，做爱容易说爱难，口口声声好朋友，怕的不是爱你，是怕成全自己。实现人生价值什么的，确实太TM重要了，可老子又不是追梦机器，我TM是个人啊。碍于狡猾的陈可辛，全程没眼水，却犹已流泪千万回。,4,推荐,1339,0.9999998015063712
"
                    2015-07-25 13:49:24
                ",西楼尘,人生只此一次的重逢，而缘分在那趟由大陆开往香港的列车上业已注定。一场跨越时代背景的小人物离合悲欢，千回百转，伴着邓丽君的甜歌谱出时代恋曲。黎小军万千人潮里的回眸、李翘异国街头上的奔跑、姑妈终其一生的守候、豹哥言之不尽的爱恋、斋卤味义无反顾的相随，都化在《甜蜜蜜》里说不完也道不尽。,5,力荐,620,0.9999999999695004
"
                    2011-03-08 17:56:34
                ",丁小云,因为一直不怎么喜欢黎明演的戏，所以隔了这么多年，刚刚才看了《甜蜜蜜》这部电影，真好看啊，这才是真正的爱情电影啊……在短短一部电影中竟能拍出百转千回的感觉，看得我眼泪都流干了……缘来如此艰难，缘来如此美妙……不可不信缘……唉，要回到现实中了，晚饭吃什么呢……,4,推荐,3659,0.9999999999904889
"
                    2011-10-14 19:22:59
                ",南笙,时间会把正确的人带来你身边。,5,力荐,891,0.9485876454746688
"
                    2005-07-22 01:26:58
                ",影志,"This is not so much a story about people falling in love,
but rather of two young heart trying their best not to fall in love with each other.",5,力荐,2617,0.029113391422251333
"
                    2013-05-12 02:36:31
                ",女巫,居然没标记过，这大概是唯一看过的一部被配角感情戏感动到哭的爱情片了吧。现在叫俩计程车，回家泡个热水澡。明天早上起来，满大街都是男人，个个都比豹哥好。,5,力荐,2138,0.9999222279030249
"
                    2013-05-21 11:05:29
                ",水湄物语,不知道为什么，我始终没怎么感动-  - - - - 有时候timing不对，就是不对。,3,还行,282,0.3453517626858008
"
                    2018-11-14 17:16:41
                ",阿凡思蜜达,落魄苍老的姑妈也曾约会巨星有过灿烂的青春，玩世不恭的外国人爱上了身染艾滋的泰国妓女想陪她度过最后的人生，曾叱咤风云的黑道大哥落魄后死在街头混混手里，数年异地深爱不移的女友转眼就不再是对的人。人生只有变化才是唯一的不变，但她大概永远忘不了豹哥，明明看穿了她的心不在焉欲言又止，却主动对她说，明天起床去街上瞧瞧，街上的男人个个都比豹哥好。其实没有，真的没有了。,5,力荐,1755,0.9999994872919027
"
                    2006-10-04 23:42:39
                ",私享史,当1995年5月8日，他俩相遇的那一刻，我眼泪流了出来。是不是真的要经过十年，我们才能懂得爱情？二十岁的时候所谓的爱情，到底是不是爱情？在片头我就觉得那个和黎明碰头的是张，本来以为两人是青梅竹马一起来的呢。大约是第一次看黎明主演的电影，他的演技如何我无法评说，但至少，我看到了一种干净。,5,力荐,1472,0.9999993389097029
"
                    2011-05-23 21:42:31
                ",琦殿,我们终于失败了。——我听过最浪漫的情话,5,力荐,1881,0.5633137914983612
"
                    2017-03-14 15:45:48
                ",张熊熊,六年后终于看懂了。爱情不分对错，只有先后，剩下的都是选择。,5,力荐,1058,0.7737949140997856
"
                    2013-05-15 13:32:35
                ",韧勉,相比此片，今天的《北京遇上西雅图》弱爆了，不过我觉得这片讲的不是爱情，而是一代人的颠沛流离，那时的张曼玉好美~,5,力荐,979,0.9999930403191299
"
                    2010-03-10 21:21:58
                ",桃桃林林,献给已逝去的日子,3,还行,350,0.9955760921177692
"
                    2005-09-04 15:03:46
                ",大头绿豆,黎明少有的还行。,4,推荐,320,0.8433059263688781
"
                    2016-01-23 12:21:04
                ",曼仔,邓丽君作为一个符号好动人啊TUT 豹哥那句“街上男人多得是，人人都比豹哥好。不要担心我，我在台湾大把老婆。”的确好动人，这么敞亮的男人也好有吸引力。但是啊……黎明穿着邓丽君的签名和李翘情不自禁地拥吻，背景音乐是再见了我的爱人，看到这里，我还是忍不住心里又酸又甜。,3,还行,382,0.9999999998224716
"
                    2015-02-15 21:17:08
                ",汪金卫,也许是期待太高。其实故事没有那么“甜蜜蜜”。男女主角是爱情，是真爱；也是偷情，是背叛。二者无法分离。剧情上存在很多刻意之处。黎明的面瘫无表情还真适合这个木讷大陆男的角色。但曾志伟演的豹哥比黎小军更让人动容。豹哥的米老鼠，姑妈的收藏这些主线之外的细节更让人感动。三星半,4,推荐,166,0.9999999999979658
"
                    2015-03-24 20:45:07
                ",哪吒男,黎小军把游泳裤当内裤穿，豹哥在身上纹了一只米老鼠。,5,力荐,458,0.6445821224167575
"
                    2011-01-10 19:47:05
                ",整夜整夜不睡觉,最后只记得张曼玉看见曾志伟尸体时候那个又哭又笑的表情,5,力荐,242,0.9993105714588036
"
                    2011-03-09 21:05:48
                ",流空破刃,除了片尾字幕出来时黎明唱的甜蜜蜜外什么都好。,3,还行,618,0.9288631358609875
"
                    2009-02-03 11:53:56
                ",扭腰客,米老鼠。。。泪奔,5,力荐,924,0.6043597933306208
"
                    2022-12-07 00:46:05
                ",月直直,最烦黎明这一副表面纯真情种内里没一点真材实料的废样…更烦的是美丽又自强的独立女总是败在这种废物男的手里…and this is the truth of love…,3,还行,82,0.9988293681113682
"
                    2010-10-06 16:03:05
                ",游牧人·芳汀,张曼玉的笑容真像歌里唱的一样“好像花儿开在春风里”，黎明的反应接不住这个笑容真可惜。但是没有他的演出，这部电影也会失色一大半，因为黎小军的纯朴善良是这部电影的底色，而他就是世上独一无二的黎小军。,1,很差,615,0.9999987310406624
"
                    2015-04-25 13:55:20
                ",起床，吃饭,昨天才看这近二十年前的电影。虽然知道用现在的眼光去看，判断难免会有偏差，但即便想让自己宽容点，也还是觉得黎明的演技太渣了。导演对八十年代大陆人的模样也根本不了解。,5,力荐,61,0.9996813589208708
"
                    2020-11-08 20:04:01
                ",福胖,《甜蜜蜜》根本不是一部爱情片。译名所谓“Almost a love story”——讲爱情，远远近近的关系，今日离别明日再相逢，也都不过是个注脚。电影的主角不是爱情，是命运。人生只此一次的重逢，而缘分在那趟由大陆开往香港的列车上业已注定。一场跨越时代背景的小人物离合悲欢，千回百转，伴着邓丽君的甜歌谱出时代恋曲。黎小军万千人潮里的回眸、李翘异国街头上的奔跑、姑妈终其一生的守候、豹哥言之不尽的爱恋、斋卤味义无反顾的相随，都化在《甜蜜蜜》里说不完也道不尽。张曼玉精彩绝伦的演出确实震撼了我，聚散离合，缘起缘灭，情感的纹理与能量、生成与幻灭、真挚与虚妄，历史的荒诞与无情，一切的一切都是张曼玉。情到深处爆发出来的能量，如花瞬间绽放，充沛又从容。,5,力荐,321,1.0
"
                    2015-02-15 19:18:15
                ",高歌,借来的时间借来的地点，一晌偷欢，借不来明天的太阳。把情债还清了，清清白白的，咱们重续前缘，多好,5,力荐,369,0.8913153052654934
"
                    2016-12-01 14:12:31
                ",劉丹青Shelia,和泰坦尼克号的道理一样，为了给爱情一个荡气回肠的结局，杰克必须死。黎小军和李翘的爱要显得深刻，也就必须克制。如果当初不顾一切，再怎么死去活来一阵子，到最后也就剩一对平凡怨侣，仅此而已。/ 另外，有的事情要么别发生，如果发生了，真的再也回不去了。,5,力荐,261,0.9996759898466029
"
                    2021-08-07 01:00:49
                ",悲哀的亡灵,拍的还行，可我真不怎么喜欢这个故事，香港人对大陆居高临下的傲慢，对出轨背叛的轻描淡写，这种电影作为爱情电影徽章的必看之一，真是侮辱爱情这个词。,3,还行,76,0.9999978134348644
"
                    2011-09-13 18:48:39
                ",伊卡洛斯,“你什么时候变得这么罗嗦，以前都不是这样。 傻女，听我说，现在立刻回家，洗个热水澡， 明早起来，满街都有男人，个个都比豹哥好！ 不用担心，我很有办法的，在台湾有很多老婆， 高雄有一个，台中有一个，花莲有一个，阿里山都有……”,5,力荐,306,0.990731374142401
"
                    2022-06-23 12:17:17
                ",拔剑四顾心茫然,我们不是彼此来香港的目的，只是两个孤单的人见了风大雨大，就再也回不去。我们不是对方最理想的选择，只是两颗漂泊的心说了友谊万岁，就再也赢不了。你会不会因为一声喇叭，就没来由的吻过来。你有没有因为一个背影，就拼了命的追下去。从香港到纽约，从相遇到重逢，再听那首甜蜜蜜，你我已过大半生。堪称华语最佳爱情电影，横扫金马金像双料大奖。看似华丽的青春幻梦让姑妈痴等一生，风流浪荡的斋卤味最后与女友生死相依，有情有义的豹哥最后却惨死异国街头，我以为他在说爱情，说的却是迁徙。我以为他在说甜蜜，说的却是心酸。我以为他说的是相聚，说的却是分离。这就是陈可辛的高明之处，用城市，用人物，用时代，用交通工具，用一切元素变化讲述一种不变，命运中偶然的必然。陈可辛对爱情的理解很深刻，爱情永远带着背叛，或背叛别人，或背叛自己。,5,力荐,176,1.0
"
                    2015-08-22 13:01:38
                ",米粒,缘，妙不可言！世界再大，时间再长，也冲不散。羡慕不来，只能眼巴巴望着。配角们都写得妙极。二十年前陈可辛就点破哪里好挣钱了，果然是个很精明的人。张曼玉演得真好，她一哭，我也跟着鼻子酸……T_T,5,力荐,222,0.9999999961177066
"
                    2009-01-10 15:09:06
                ",苏更生,黎小军这个该死的混蛋还专门call去说byebye！,4,推荐,274,0.043301464539641676
"
                    2012-04-02 22:27:20
                ",17950,你落街通街都係男人，通街都係女人。個個都可以是賤精，騙子，仆街，甚至兇手，但TA又是某某最可愛的人。點嘛？相愛啫，又不是上學要做三好學生，上班要做勞動模範。其實李翹和大佬真的太合適了，所以導演只能做掉他。,5,力荐,192,0.9981822692821021
"
                    2018-05-04 16:16:34
                ",emillyhom,经典是经典，演员都是好的。我的三观没法接受这样到剧情,1,很差,232,0.9866172193467758
"
                    2018-10-10 10:11:14
                ",子戈,"这次重看，还是挺喜欢的。
张曼玉演技封神，黎明唯一一部和演技沾边的电影，也是角色本身的木讷和青涩与本人气质贴近所致。

豹哥人狠戏不多，寥寥几笔勾画出一个外强内柔的好男人形象，让张曼玉那场经典的哭戏，有了坚实的依据。
那场哭戏也太牛了，反复看了几遍，这才叫演技啊。有层次，有心理动因，有细微变化，最关键是营造出一种真实感，毫无表演痕迹。

一场关于邓丽君的“他们来听我的演唱会”的现实版本。
遇见，错过，遇见。十年匆匆而过。",4,推荐,94,1.0
"
                    2019-09-06 13:17:47
                ",烤芬,作为一个对自己家乡怀有强烈刻板印象的人，天津人来香港打拼后来又闯荡纽约的设定非常不能说服我，就算为了形成南北方的对比，选择山东东北都比天津可信些（？英文片名很怪却也很巧：“同志”不是革命伙伴，而是自由市场梦的共享者；“爱情故事”也不是爱情故事，而是在异地异人的相拥取暖。片中没有香港人，没有大陆人也没有纽约人，只有一群在身份和生存的夹缝里挣扎的人。某种程度上邓丽君本人的经历也使她极适合成为这个故事的歌唱者，她也是在多个文化间漂泊，并在多个文化间昌盛直至死亡的人。但还是那句话，我希望所有浪漫喜剧的最后五分钟都不要发生，我希望他们在时代广场永远迷失方向，他们的移民身份永远悬而未决。,3,还行,34,1.0
"
                    2023-04-19 11:00:51
                ",废稿纸,在YouTube上看了完整版。甜蜜蜜有四段情：黎小军和李翘非你莫属的真爱；李翘和豹哥患难与共的知遇；姑妈和威廉一夜春宵的露水情缘；老外和芥兰明知做戏的真情。主线都在说爱，可暗线其实是挥之不去的乡愁。李翘从大陆妹变港女，再到追逐美国梦，她的目标始终坚定明确。她不认命，要赚大钱回乡下建大屋给妈住，赚钱好俗气，但没有面包谈爱情好艰难。黎小军很踏实，没有一定要出人头地的意愿，觉得在麦当劳打工就很开心了。而在香港，这两个人只能相依为命，互相取暖，只有两个异乡人在一起的时候，才会谈到回不去的故乡。不懂如何形容看完之后的感觉，像经历了别人漫长的一生，那时候大陆人去香港闯天地，去纽约开疆扩土，拼尽全力地去实现梦想，那股氤氲在心头的浓雾好像也随着黎小军在纽约骑着自行车穿街过巷，被风扬起的白衬衫给吹散了。,5,力荐,144,0.999999999922748
"
                    2013-05-18 09:11:01
                ",A。,看过的最好的华语爱情片了。百转千回，但终究还是遇见那个人了。,5,力荐,356,0.9986728632882458
"
                    2007-09-18 14:17:36
                ",Zen.L,看完了你就會覺得，終究還是能遇見，那麽多好。,5,力荐,351,0.08794354369918889
"
                    2015-11-15 23:47:17
                ",LORENZO 洛伦佐,哭得一塌糊涂，经典的力量。真诚且美丽。各方面无可挑剔。96年就知道国内好发财，太道破天机。拍出了恍若隔世的感觉，太美了。,5,力荐,202,0.9978765750022244
"
                    2015-02-18 11:12:51
                ",Ma Jolie,完全懂张曼玉是怎么喜欢上黎明的，但更加懂为什么她要跟着为她刺米老鼠帮她买贵妃鸡约她喝早茶等她洗衣服买带大花园房子憧憬浇花弄草的黑老大。总而言之，有缘千里来相会，无缘...无缘不如相亲呀。,5,力荐,216,0.9959131275573463
"
                    2012-03-05 21:36:26
                ",巴喆,"最后镜头想起张爱玲：“于千万人之中,遇见你所遇见的人,于千万年之中,时间无涯的荒野里,没有早一步,也没晚一步,刚巧赶上了。然后只是轻轻的说：哦，原来你也在这里啊”缘分真的很奇妙，或许在人海中偏偏你和她或他就这么相遇了，或许明明就在咫尺间却错过了彼此。最后大爱豹哥，真让我动容。9",5,力荐,183,0.9999999997438174
"
                    2016-03-13 16:48:39
                ",冰红深蓝,"10年中的5段爱情与异乡打拼，拍出了沧海桑田的平民史诗之味。唯一缺点是巧合稍多(如结尾橱窗对视和强行首位回环的地铁头碰头),常隐约有俗套情节剧感。慢穿扣快脱衣一段大妙。邓丽君的柔美歌声，对威廉·霍尔登的一世迷恋，豹哥的米老鼠纹身，都让人潸然泪下。曼玉演技极佳(认尸)，黎明帅炸。（8.5/10）",4,推荐,117,0.9999999999999198
"
                    2017-06-18 21:58:08
                ",twotwo,今日重看终于才看懂了。爱情不分对错也勿论公平，只看先后，剩下的都是选择。,5,力荐,182,0.5948826893186281
"
                    2005-12-13 23:02:55
                ",missfaye,无论多少年，都可以一再回顾,5,力荐,264,0.9458715034924481
"
                    2015-02-15 22:31:37
                ",Cory,英文标题明确指向身份认同，并在“a love story”前煞费苦心地加上“almost”。片中的邓丽君看似意味着文化血脉战胜地理疆界，但卡带的滞销、街头的热捧、死后的哀荣其实皆受制于具体时空下的地缘政治。表层是大陆新移民在时代际遇中重塑认同，内里暗藏着港人回望殖民地历史、应对九七焦虑的自处之道。,5,力荐,32,0.9999998192215525
"
                    2007-12-14 22:28:24
                ",城南草木生,好像花儿开在春风里,3,还行,256,0.6496092243968483
"
                    2017-03-22 13:45:16
                ",萌发奇想,长大之后重新再看已经不会被男方出轨之后与女主间的爱情和奇妙的缘分所感动了，为什么电影里面一些有缘分的浪漫爱情总是要建立在另一个人痛苦伤心之上？两次眼眶湿润的地方是豹哥在船上对女主所说的话和背后的米老鼠，还有就是男主收拾姑姑的遗物时，姑姑留下的那些与她梦中情人威廉的合照、餐具和遗言,5,力荐,27,0.9999999979776366
"
                    2006-07-23 16:48:33
                ",yyy,原来我们这样近,5,力荐,45,0.5892857142857142
"
                    2021-04-27 12:52:42
                ",柴斯卡,要素过多 黑社会艾滋病北京今年特别热 送人一程路上也得搞点drama 黎小军这角色根本就是个天然渣男啊 穿个大衣怎么还强吻上了 这种小心思太多又很胆怯的男的根本不能要 他去了新乡会更渣的 李翘这个角色写得很好 算是现在流行的“大女主”吧 很讲义气 不管境遇再差再伤心都能站起来,5,力荐,15,0.8591857052870612
"
                    2020-03-11 17:11:40
                ",黄青蕉,我对明星有概念的时候黎明已经是那个唱电音的面瘫了，因为很不喜欢所以也没怎么看过他的电影，直到看了黎小军才知道他可爱在哪，年轻时白白团团呆呆软软的，娇憨懵懂，可怜李翘也没有钱，不然养着这么一只也是蛮不错哇,5,力荐,97,0.9997859495686165
"
                    2012-11-17 19:35:33
                ",朝暮雪,命中注定的人，永远不会走散。,5,力荐,105,0.9959765433992174
"
                    2018-01-22 22:17:33
                ",波波维奇,看过最好的港片，美好的爱情打动人，张曼玉最后看黎明的眼神很另人难忘。90年代的香港电影真让人怀念。非常喜欢张曼玉，一代巨星随着港片没落在大众的视野里远去，遗憾。,5,力荐,163,0.999999999987379
"
                    2014-05-02 19:17:05
                ",岛上的夏奈,十八年前的张曼玉，唱得比现在好呢。,5,力荐,70,0.9998553833834743
"
                    2010-02-08 15:00:24
                ",不良生,这是一个残忍的爱情故事，可是又有哪个难忘的爱情故事不是残忍的呢。黎明的儒雅与木讷在黎小军身上得到最懂节制的掌控，张曼玉的李翘哭笑都散发浑圆通透的文艺与硬朗，杨恭如初登大银幕处女作表现得清清浅浅淡淡却又软软糯糯甜甜，曾志伟寥寥几笔却是最好的配角，叫我想起吴君如的朱丽叶。,5,力荐,71,0.9999999999999789
"
                    2013-11-22 22:43:13
                ",欢乐分裂,#重看#现代版倾城之恋，不能忘怀的是我们曾经牵手走过的时光；经历混沌世事，除了爱情，还会有什么让我们避开命运的重重偶然重新面对；开头看了三遍，从错失到圆满，周遭一切和我们一起历经流年变幻；总有一人无偿地对你好，好或不好，时间终将检验；每个人都有自己柔软的小秘密，果然催泪神器。,4,推荐,35,0.999999999999992
"
                    2022-04-12 00:29:24
                ",Mprovince,这部片子让我第一次领略到张曼玉的美，她的脸庞不是那种青春性感，而是坚毅，深情，眼眸中充满了故事，让人不知不觉有一种怜惜感。赴港淘金的时代大背景下，邓丽君那深情悠扬的歌声中，两个孤独的灵魂相互慰藉而产生的美好爱情，令人难忘动容。美好的桥段太多了，最令人羡慕的还是两人的缘分，居然第一幕打盹惊醒背后就是李翘。,5,力荐,64,1.0
"
                    2021-03-26 20:00:35
                ",云中山河,现在叫个计程车，回家洗个热水澡，好好睡一觉，明早起来，满大街都是男人。,4,推荐,55,0.5311984208020982
"
                    2018-06-07 22:05:35
                ",偏要勉强,感人的故事，细腻的情感，通过这部影片重新认识了张曼玉，不过放到现在放估计会批三观吧。,5,力荐,199,0.9999618478294967
"
                    2012-12-31 10:26:11
                ",饱肚师叔,我也想找个糊里糊涂的人在风大雨大的除夕夜一起吃个团！圆！饭！,5,力荐,69,0.011082576205873163
"
                    2022-08-04 01:34:47
                ",矇昧MM,即使黎明长得再帅 也不可否认 黎小军是个渣男,5,力荐,120,0.7393871818941207
"
                    2017-05-01 23:17:02
                ",冰山李,注意力全在演“芥兰”的美女身上了！查了一下之前她在美国拍成人电影，有很多好像还是拉拉片，《甜蜜蜜》是她最后一部电影,1,很差,91,0.999699834972153
"
                    2014-12-10 02:21:34
                ",杨迪,美好的爱情故事，黎明张曼玉颜值高峰期。,5,力荐,50,0.9996743416343612
"
                    2010-02-23 22:34:24
                ",Clyde,时代、人物、故事、细节、情绪、情感、情怀，全都很对路，在今天，看一部对路的国产爱情片简直是枉然。豹哥验尸的那场戏，张曼玉的表演绝对是殿堂级的，足以作为表演范例。其实，憨憨的黎明表现也不错。当然，陈可辛绝对是最佳导演！,5,力荐,26,0.9999999999981783
"
                    2013-03-09 09:23:31
                ",熊阿姨,蓝色大门最后的花衬衫，是向纽约街头黎明的白衣翩翩致敬吧。黎明的演技被木头人小姐杨恭如救了，只有最后橱窗前张曼玉长长的眼神让人难忘得起鸡皮疙瘩。,4,推荐,101,0.9999999511155384
"
                    2016-12-25 23:54:45
                ",瓶子不能倒,大时代下的小人物，只是苦苦挣扎，那些顺利的、美好的不是生活，这是我最爱陈可辛导演的地方。其实黎明不够好，不过Maggie有带着他变好。就像生活是琐碎的，这电影也给人许多细碎的感动。即便你未曾经历那个时代，也明白这种情感。,5,力荐,40,0.9999999999831841
"
                    2023-07-30 01:29:59
                ",栋栋我的脑子,虽然那种暧昧那种悸动那种眼神拉丝我也很上头，虽然爱情不分先来后到，但是勇敢追爱的绝美爱情应该在道德允许的情况下发生吧，只有小婷受伤的世界达成了。,4,推荐,54,0.999999845029721
"
                    2018-06-08 07:56:29
                ",小晗要当锦鲤,印象最深的画面是黎小军骑单车送李翘上班，背景是高楼林立的繁华景象，破旧的单车上两个人哼唱着邓丽君的《甜蜜蜜》，很坦然的样子，似乎身后的喧嚣与他们无关。 很久以前看过的电影，听说情人节会在影院上映，想再去看看，听听新的甜蜜蜜是什么样的感觉 ,4,推荐,149,0.9997280800813092
"
                    2007-06-24 10:25:29
                ",战国客,"拍得清新自然，悄无声息地就感动了我。没有太多的煽情，却让我觉得这个故事是如此动人，张曼玉的表演让人信服~~
",5,力荐,37,0.9998603565719358
"
                    2017-02-10 11:29:36
                ",ᥫ᭡້໌,港剧的套路从来就是从各自有对象到产生新感情。我看到的是背叛。,2,较差,279,0.9745331515605963
"
                    2023-10-12 17:17:20
                ",鹿不面,最令人唏嘘的不是俩人的爱情缘分（杨恭如问得好：那你为什么要跟我结婚？黎明给出了在线来看来渣男的标准答案），是张曼玉她做的每次选择，好像都是错的。从来香港到卖唱片、炒股票、跟豹哥走、她的人生看似充满了失败。从广东话讲到英文再到普通话，最后在给她以前最不愿意承认的身份——大陆人打工。个体在时代洪流里的茫然无措、四处乱撞、头破血流，到顺流而下，努力扑腾，最后发现还是没上岸，一切的努力的结局只是艰难的活下来了。她最动容的时候就是当大陆游客跟她说，以前出去的人都走错了……她沉默了。人有什么错？人只是坚强的想要活下去，过更好的生活。,4,推荐,32,1.0
"
                    2013-05-12 01:12:43
                ",Yuyii,豹哥才是我的泪点！！！,4,推荐,135,0.15275103510343035
"
                    2013-10-08 23:07:47
                ",57,最欣赏副线配角，对“离散”的把握。据说陈导陷入了《甜蜜蜜》的阴影，一直想要超过这次巨大的成功。我觉得他没戏。比起小情小爱，他显然对时代变化更敏感也有更野心。可乱世年年有，真心却不多，他缺少一个柔软的身段为新的时代破题。更何况您的影像叙事退步太多，难道是和时代走得太近以至于俗滥化？,4,推荐,23,0.9999942872393824
"
                    2007-06-05 11:08:47
                ",安东,最好的华语爱情电影。,5,力荐,76,0.9797520490165789
"
                    2022-03-01 06:01:22
                ",油尖旺金毛琳,张曼玉的独角戏。我仿佛能看到导演端着一碗缘分，在男女主屁股后面追着喂。,5,力荐,43,0.999919842692375
"
                    2022-06-10 22:18:46
                ",高詩遠,挺有感触的，最后一句“好多人都往外面走，现在都回去了”是神来之笔。大家都是从大陆走到外面在底层求生的人，抱着发财的梦想一天打二十个小时的工，看到积蓄一点点多起来兴奋不已，经历了1987年香港股灾，也大不了从头再来。分道扬镳后各自从不同的方向实现了自己的人生价值，却又被中年人的失落，介于友情与爱情之间可望不可及的距离慢慢吞噬。大陆人喜欢邓丽君，邓丽君也是我们的故事。曾经想成为香港人，却再也找不回当初从大陆带来的那颗心。现代化的脚步停不住了，我们也回不去了。曾志伟后背的米老鼠是纯情的告白，在半岛遇到威廉霍尔顿更是一段能够带着离开人世的爱情神话。人，总得抓住一些虚无缥缈的东西。,5,力荐,11,0.9999999999999338
"
                    2023-04-03 12:24:29
                ",好好努力,短短两小时，似乎经历了大半生。我不知道如何去评价其中的每一段感情，这东西，虚无缥缈，无定数。我虽全程无泪，却犹泪下千万回。,5,力荐,60,0.8722111399211786
"
                    2017-01-11 09:55:06
                ",叶子窝,两个人在时代冲击下的分分合合，两种性格在各种人群中的蜕变成长。张曼玉的灵动，黎明的憨直搭配完美。,5,力荐,49,0.9999742784398371
"
                    2017-01-22 12:10:51
                ",momo,“志趣相投的人，更愿意分享彼此的内心世界”黎明那时候的眼神清澈见底，穿着白衬衫、骑着单车，唱着甜蜜蜜。,4,推荐,92,0.9999730385968489
"
                    2016-10-22 20:11:36
                ",某J。624,我们永远都不会知道一个人用什么方式爱着另一个人。时间终究会教会幼稚的我们什么最重要，却没几个人拥有那么多的运气到最后。纹着米老鼠的豹哥，偷了餐具的姑姑，陪着芥蓝的外教，他们才是大多数人的一生吧，或生离，或死别，或匆匆而过。,4,推荐,47,0.9989042540585248
"
                    2022-09-02 15:58:30
                ",落落的风,一颗一颗扣上纽扣，慢的像一辈子那么长；一把撕开却很快，像爱情来的那么快,4,推荐,56,0.9311996787473736
"
                    2017-01-11 09:55:06
                ",叶子窝,两个人在时代冲击下的分分合合，两种性格在各种人群中的蜕变成长。张曼玉的灵动，黎明的憨直搭配完美。,5,力荐,49,0.9999742784398371
"
                    2023-03-04 02:56:16
                ",popon pop,张曼玉实在太美了，我越来越懂张曼玉美从何来。跟朋友说到刘亦菲，相对刘亦菲的那种雕塑般的美（刘亦菲对我真的太像一种静止的美的标准，甚至表情幅度很小，像是宝座上的神明，不能有太多喜怒）我真是太喜欢张曼玉这种夺眶而出的动人。她明艳而生动，纯真而神秘，她身上的矛盾永远在摇摆，这一秒你看到了笃定，下一秒就是哀伤。她是一个女人，是完全完整但又随时可以为什么而死的女人，能一头扎进生存的俗务打着小算盘又突然高深莫测的注视甚至对你动情到神圣。她表情里永远有故事在发生，而谁都会想要知道她眼里故事的来龙去脉，这太吸引人了。,5,力荐,21,1.0
"
                    2015-02-26 09:48:19
                ",晚不安,[甜蜜蜜]温暖复映，重温错过的爱情。没有最煎熬的等待，也没有最惊艳的重逢，而缘分总会犒赏一对执着的爱人。作为陈可辛最优秀的电影之一，它之所以感动广大影迷，不仅是源自其承载的时代回忆和烙印，而且是由于其表达情感的细致和纯净。这两种特质完美共存，使影片完成了对新移民内心世界的细腻触碰。,5,力荐,17,1.0
"
                    2018-06-06 07:35:13
                ",橘猫爱吃鱼,爱情故事表现的如此真挚不做作很令人感动。,4,推荐,98,0.9998370147066294
"
                    2015-08-28 23:22:51
                ",chaosmiao,“傻女人，听我说，现在立刻回家，洗个热水澡，明早起来，满街都是男人，个个都比豹哥强。”,5,力荐,32,0.9875505714513113
"
                    2023-08-25 01:15:16
                ",东方不睡,张曼玉的表演几乎完美，全片大部分的泪点，都是她的表演到位给击中的。美中不足是，豹哥被杀那场戏，她的表演状态看上去像是已经知道了豹哥出事（表演前先读剧本）然后在表演不知道。但无论如何，太生动太有魅力了，如果换个演员可能会把这个人物演得很薄，整个片子都会陷入道德批判之中。尽管如此，还是有太多人看到的不是爱情而是背叛（看热评吧呵呵），并且最近已经有人在用道德审判这部片子的“正确性”了。道德不只是爱情的敌人，还是一切艺术的敌人，本质上是人性的敌人。在性别立场或道德视角下，没有艺术，只有对错、敌我。可悲的是，这种风气愈来愈猛烈了。,5,力荐,26,1.0
"
                    2020-02-16 13:28:29
                ",六条叔叔🌈,黎小军爱上的是带他了解世界的李翘，李翘爱上的是陪她征服世界的黎小军，豹哥爱上的是另一个世界的李翘，小婷爱上的是被她当作世界的黎小军。其实黎小军爱上的是渴望的自己，李翘爱上的是原本的自己，豹哥爱上的是不存在的自己，小婷爱上的没有自己。在张曼玉和曾志伟的对比下，显得黎明真的不会演戏，但是黎明的长相和气质真的太让人难忘了，这样干净清澈的男孩后来真的找不到了，李翘拉开门帘看到穿着泳裤的呆滞的黎明的镜头，我大概也就看了二百多遍。,5,力荐,41,0.9999999862436457
"
                    2020-02-19 17:25:25
                ",平坦,蛮庞大的一出戏，几组人物各有代表：小军与阿翘的断续爱情是主线，姑丈透此告诉年轻人爱情观——什么约定什么誓言，都抵不过最艰难时候一起奋斗过的那几年。一场发生着的幸福还不去珍惜，剩下的日子都将是告别。阿翘与豹哥的爱情，简直是本片华彩，这种铜锣湾古惑仔式的爱情很轻易就能俘获年轻少女的心，但姑丈也告诉你，出来混总是要还的，英雄陌路被狗欺，选择了野马，多么坎坷的路，都要自己骑下去。这一部分还有弦外之音，豹哥被黑人打劫并枪杀，阿翘美国回港街头再次见到黑人当街打骂，只是回避，侧面也说明了对香港鱼目混杂，不是歧视而是部分黑人确实人品低劣的抨击。姑妈与威廉，中英单恋的爱情。外教与艾滋泰妹亡命的爱情，这一组组爱情悲剧，在邓丽君“靡靡之音”在香港从流行到陨落的几十年里，沧海桑田，再记起都是一出苦涩的甜蜜蜜。,5,力荐,15,1.0
"
                    2015-01-19 23:40:58
                ",二月鸟语,全新配音胶片修复版。数不清看过几次了，第一次大荧幕看，每次看都会在邓丽君歌声响起时被打到。每个大城市都是一座围城，城里的人待久了想出去，城外的人都纷纷往里挤。经典就是这样，每次谈起都不会陌生，话题滿滿。张曼玉太美演技太棒。有机会要去拜访。撒贝宁主持太搞笑了。,5,力荐,14,0.9999999914060534
"
                    2020-02-13 11:07:21
                ",连城易脆,本片算是某种【时代细胞切片】，反映了香港回归前夕大时代洪流下小人物关于爱情的辗转漂泊，夹杂着无数的缠绵缱绻和悲欢离合，展现了当时大多数人在彼时彼地的生活与情感状态。主线故事下还附带着两条一样令人唏嘘不已的副线故事，陈可辛用电影的方式留下了一份时代爱情标本，邓丽君的那首《甜蜜蜜》则是这份标本最浪漫也是最准确的一份注解。杜可风有这么多戏份还蛮意外，杨恭如之美不亚于张曼玉，黎明宛如智障般的人设却掩不住溢出屏幕的帅气，曾志伟的米老鼠刺青揭露了人物性格的本质。,4,推荐,26,1.0
"
                    2015-02-13 20:35:03
                ",云中,18年前看第一遍，现在看第六遍。华语电影十佳。,5,力荐,25,0.9773393983259054
"
                    2010-01-28 18:34:35
                ",一只麦麦,人性的纠结与束缚，香港的开放与成长,4,推荐,37,0.9999916488145486
"
                    2006-07-23 16:48:33
                ",yyy,原来我们这样近,5,力荐,45,0.5892857142857142
"
                    2010-02-22 01:38:43
                ",嘟嘟熊之父,最好的爱情电影。最好的张曼玉。,4,推荐,27,0.9997016490457062
"
                    2012-04-07 01:41:27
                ",有心打扰,1.我来香港的目的不是你，你来香港的目的也不是我，只是因为，我们没有早一点认识彼此。2.当我在最需要你的时候，你的没有听见我的呼喊。3.如果要我相信命运，这一刻，在橱窗外面，在邓丽君的歌曲声中，我相信了。,5,力荐,13,0.9995029482304885
"
                    2018-06-01 07:17:59
                ",、佚,甜蜜蜜，很怀旧的爱情片。,5,力荐,22,0.9728338337074557
"
                    2022-10-05 01:41:02
                ",Roniima,喜欢。好清新的作品，又让人感到一丝哀伤。时代的洪流裹挟来去，没给爱情留下多少余地。最后不断错过终又相逢的戏码，其实不必相逢。我们终究不是同路人，追逐着南辕北辙的梦想，相遇过，温暖过，也很好。,4,推荐,14,0.9999999999961671
"
                    2010-11-27 20:14:36
                ",阿依达,有些部分很感人，比如豹哥，比如杜可风。豹哥在船上的说话真的让人泪都掉落下来。但是主体情节里男女主角太过有缘到狗血的地步了。。。= =,5,力荐,28,0.999538137606991
"
                    2021-08-16 23:10:37
                ",管夷吾举于士,"有些人是走不散的，没有“我来香港的目的不是你”，十年前的火车就已注定“我来香港的目的就是你。”
但是相比豹哥的爱，与黎小军真的更像是“两个孤独的人恰好走到了一起”罢了。
片中每一份爱都让我感到是那么纯粹：李翘与小军，小军与小婷，豹哥与李翘，外教与妓女，姑妈与威廉•霍尔登。
另外，张曼玉在这部电影里太有魅力了。",5,力荐,49,0.999999523739694
"
                    2017-02-24 20:25:18
                ",宅蘑菇Moku,拍的太好了！！一个有血有肉特别鲜活有细节的感情故事，城市里的孤单男女，日久生情，20年前的电影现在还是可以看到他们的影子。得不到的爱情总让人觉得最美，姑姑挂念一生的William，陪伴一阵又擦身而过的小军，铁血柔情的豹哥，都是爱在心里口难开…… 那些曾经得到又没有好好珍惜的爱,5,力荐,20,0.9999999999929821
"
                    2015-02-18 16:15:06
                ",虾坨坨艺仔,被豹哥和米老鼠深深感动啊/2017.6.11重看，随着生活经历的增加，对故事的理解又深了一步。这部电影与其说是浪漫，不如说充满了生活的无可奈何。生命中不是每个选择我们都能做主的。,5,力荐,42,0.9999997501302114
"
                    2022-09-07 19:17:28
                ",暴龙毛毛,"是真爱，也是偷情和背叛。得多拎得清的人，才能在新欢和旧爱间，明白自己真的想要什么，将对别人的伤害降到最低呀。一开始觉得这电影三观有问题，后面想想，这事确实挺常见、挺难抉择的，默默从道德制高点退下。不过到底喜欢黎小军什么啊，无聊代名词。
呜呜呜豹哥多好啊，盒饭领得太憋屈了。傻女，听我说，现在立刻回家，洗个热水澡，明早起来，满街都是男人，个个都比豹哥好。才不是啊🥺没有比豹哥好的了🥺",4,推荐,24,0.9999870145139579
"
                    2015-02-13 23:58:43
                ",Mr. Infamous,故事与不忠相关，但偏生打动人心的地方也在这不忠的魅惑力上。与寻常伦理相悖，却在另一重维度上契合出了火花，隐隐约约的，但终究是在闪耀。你永远不知道，在这一生中，到底哪些缠绵会对自己产生最刻骨铭心的着迷。这疯魔，是开膛破肚也挖不掉的根。噢，那时的黎明，竟纯净得让人想尝一口。,5,力荐,11,0.9999978461437652
"
                    2016-03-27 21:12:59
                ",Vamei,看似爱情，实则社会。,4,推荐,33,0.9988864067054369
"
                    2023-07-02 12:12:55
                ",棉袄,爱永远在大背景下才好看,5,力荐,29,0.9524971326862185
"
                    2024-01-07 22:35:48
                ",君向潇湘、,真的真的超级好看。剧情简单，时间线单一，但是为什么就是那么好看。黎明和张曼玉的神仙颜值，在没有滤镜的镜头里看起来又那么像一个普通人。赞赞赞！,5,力荐,26,0.9999999600271903
"
                    2018-06-08 07:58:00
                ",biang,"“在香港,自行车不叫车,叫单车。”“没见过你这么笨的男人。”“我来香港的目的不是为了你,你来香港的目的也不是为了我。”“我们回不去了。”“我跟你走”“黎小军！”缘份起起落落,兜兜转转,遇见,分离,错过,擦肩,相逢,终于明白,什么是命中注定 ",5,力荐,39,0.9999992663148435
"
                    2020-09-15 17:05:23
                ",NEVER,最真实动人的中国爱情片，两个主演把人物情绪拿捏得恰到好处，大时代背景下聚焦于小人物的叙事非常容易给观众代入感，剧情和人物都不矫揉造作。看完电影像是看完两个人的半生，会有怅然若失的唏嘘,5,力荐,27,0.9999999987710537
"
                    2015-02-13 22:51:53
                ",宽松睡裤又如何,港味，情怀。香港梦也好，美国梦也好，疯狂的梦没有了你，还有什么用。爱情有时候真的只是一瞬间、一天、一段时光那么短暂，却可以陪伴你一辈子。喜欢张曼玉饰演的阿翘，真挚可爱，温润如玉，她并不依赖你，却能让你心甘情愿被她占便宜。她是每个男人心中平凡生活的梦想。,5,力荐,28,0.9999999999999998
"
                    2010-11-10 23:17:23
                ",bloom,Almost a love story.还是豹哥好啊。黎小军和张曼玉其实也不过就是系扣子与解扣子。当然荒唐无稽又难以抵御的love可能本来就是系扣子与解扣子。,4,推荐,29,0.20751397720698017
"
                    2018-06-07 09:47:39
                ",芊颖,"张曼玉好漂亮啊
演技颜值在线，故事情节也很不错，毕竟拿了那么多奖",4,推荐,54,0.9999409198942557
"
                    2018-05-17 19:36:59
                ",LIny-fvg,2块钱的电影票，电影院里就我和两个同学还有前排的一对老夫妻。内容都模糊了，只记的张曼玉真的很漂亮。,4,推荐,15,0.9949176265965609
"
                    2016-02-24 20:36:44
                ",sleepy Mia,洗个澡，好好睡一觉，明天出门，大街上那么多男人，个个都比豹哥好——感谢曾志伟贡献了最令人感动的一幕。,5,力荐,26,0.9833387275696763
"
                    2018-05-31 10:47:48
                ",茕茕白兔,有些爱，只能止于唇齿，掩于岁月。除了爱情之外，它亦反映了那个时代岁月的流逝，人生的沧桑、无奈与挣扎，承载了一代人无法忘怀的乡愁记忆。,4,推荐,16,0.9999999987578199
"
                    2017-11-10 21:53:22
                ",梅花野老,大部分的爱情片都喜欢讲述女主们爱渣男，无论他们是否善于表达爱。黎小军对婚姻爱情的处理是败笔，到了后面则感觉像是一部MV。两人相遇却不能重逢，在配乐下确实很有感觉，但是前期的铺垫并未能打动我心。总体而言，这是一部我不怎么喜欢的爱情片。另外，这是一部讲述缘，妙不可言的电影。,1,很差,22,0.9999999999991227
"
                    2022-11-13 00:47:56
                ",象埃雪溪,"两个主角在异乡互相慰籍，为了各自理想而错过，历尽千帆之后又重逢，相视一笑。
我真的好喜欢里面上进的李翘，李翘和黎小军好配，这个开放式结局让我想象到他们在美国终于可以在一起生活了，哪怕蹉跎半生、普普通通，但只要爱的人在身边，心里便有了归所",5,力荐,15,0.9999794041140483
"
                    2023-04-25 21:33:28
                ",於平行时空,爱情有时候是超越道德伦理的，我们不能用已有的框架去约束评判。,5,力荐,22,0.9999890360778299
"
                    2020-10-31 21:31:34
                ",阿朱,出轨并没有这么美...,3,还行,36,0.8779022100391457
"
                    2023-03-24 22:31:51
                ",filmino,对小军和李翘之间的爱情无感，我只可怜虎落平阳的豹哥和无辜的小婷……,3,还行,16,0.5526565324451698
"
                    2015-02-12 23:25:43
                ",梦里诗书,一场小人物间的爱情故事，但电影却将爱契合时代做出了极富浪漫主义色彩的呈现，且这种浪漫并非不近真实的飘渺，而是彷如就在咫尺的触手可及，世事多变，几度沉浮，唯有真爱是不可更替的旋律，一曲邓丽君的歌，是多么《甜蜜蜜》。,5,力荐,7,0.9999999999964146
"
                    2023-10-19 14:32:27
                ",!NiRVāNA!,看完发现根本不是讲爱情的，是讲痴情。小时候不懂，觉得两个人结局重逢就是最美的，可是现在觉得里面最美的都是傻傻痴痴的钟情。等待和牵挂，又没有勇气占有，就像米老鼠和姑妈。像蜜一样粘稠到极致的爱，看起来也是清亮的，可是放在心上好沉好沉,4,推荐,9,0.9999998066839549
"
                    2007-08-11 15:42:36
                ",邓若虚,嗯，第二次看就识破了它的真面目。太多巧合和偶然造就的煽情和感动，感觉有些地方其实是草草了事。结合几部陈可辛现在拍的电影，觉得是一脉相承的。当年为什么就觉得那么好看呢？,3,还行,7,0.9998767982403155
"
                    2022-12-03 13:36:06
                ",duck🐤,我就想不通了为什么这么多人给这么高分，明明这么毁三观的电影。背叛了小婷还骗她来香港，害的小婷也成了二婚，美好在哪儿了，都结婚了对小婷又一次背叛，有没有人替小婷发声？？？金子同时买两个，一个正主一个小三，22年了都没有几个人能做到这么渣吧！！！我觉得这就是不是爱情。,1,很差,30,0.12441537301302974
"
                    2011-01-08 23:48:56
                ",方枪枪,#重温#黎小军是中庸去欲望的现实，李翘是追求的理想，两人相遇于偶然，又在茫茫人海中走散，好在最后皇天不负，再度重逢。特殊时代背景下的爱情故事，其实更呈现了在那个特殊的时代里，大陆、香港等不同地区人生活的一种状态，甚至最后的那段游客说的从之前的离开大陆到现在的回大陆赚钱，也是时代的特殊写照。对电影记忆而言，忘不了那间527房间，忘不了邓丽君，忘不了那个米奇纹身……,4,推荐,9,0.999999999999946
"
                    2018-05-12 13:36:12
                ",回忆与否之,毫无疑问，这是最能体现陈导风格的一部作品，它不像《风尘三侠》般热闹，不像《金枝玉叶》般奢华，它沉静、缓慢，淡若沉浮，“我依稀记得那个残存的梦，却始终未曾记得那是现实，而当我忆起的时候，却已经追不回去了，便把它当做了一场梦”，而在《甜蜜蜜》中，在陈导简单自然的诉说中，我找回了那个梦,5,力荐,6,0.9999999836954048
"
                    2020-02-04 20:31:20
                ",漫漫云端,"这是甜蜜蜜？？？
我看渣兮兮还差不多
李翘对豹哥还是有情有义
黎小军但凡当初在马路中央有点勇气告白李翘
果断的跟小婷分手
也不至于最后让两个女人受伤😠",3,还行,7,0.0009973984968705274
"
                    2019-11-06 18:07:27
                ",伍月,【A】最后好像又回到了2年前我看《爱乐之城》的状态：荧幕里的他们回眸一笑，荧幕外的我突然潸然泪下。陈可辛的野心太大了，这根本不是一部简单的爱情片，而是一曲情感的史诗啊。片中几乎每个角色都会有至少一条自己完整的感情线，而所有人交织在一起、横跨数年，最后竟映射出了10年的香港简史。虽然后半段开始线与线的融合开始不融洽，而且由于跨服实在太大造成每段之间都有明显的断裂感，但已经有了最高的完成度了。在杜可风之外第一次（可能也会是唯一一次）见到如此将港风淋漓尽致还原的摄影。剧作很多地方又讨巧之嫌，结尾的命中注定明明的多余的一笔，但把控的就是让人难以释怀。这是爱情片能做到的最高程度。,5,力荐,17,0.9999999999917963
"
                    2018-12-02 22:54:57
                ",帅的让人生气,张曼玉演的太好 看完这电影 像过了一生那么长,5,力荐,27,0.9968143818042415
"
                    2013-01-09 00:26:42
                ",肖恩恩恩恩肖,半夜偶然拿出来，看了几个经典镜头眼眶就有些湿润。欲望，爱情，乡愁和命运，天衣无缝。,5,力荐,20,0.9999359888988345
"
                    2015-02-13 20:04:12
                ",胡子,你是不是想占我便宜？你占我的才多。那你还给我占？如果不给你占便宜，你就不会找我，我一个朋友也没有了。,5,力荐,30,0.09398704216108034
"
                    2022-08-27 16:06:34
                ",飞行的山竹,这才是香港与大陆，一段黄金岁月的情书。伴着邓丽君的歌声，你会想到霓虹闪烁的香港，也会想到充满机遇与希望的1990。,4,推荐,13,0.9999773374293414
"
                    2017-04-02 23:02:21
                ",吃瓜小能手,甜蜜蜜，你笑得甜蜜蜜，就像花儿开在春风里。就算过了很多年，想起都让人会之一笑，这或许就是幸福的味道。,5,力荐,9,0.9999093433556256
"
                    2017-12-16 16:05:03
                ",方小孬,拍得好是好。但是还是想吐槽，结婚前出轨就算了赶紧和大陆这边的分手呗，还要结婚……可能在李翘那里小军是个深情的男子，放小婷这里就他妈是个渣男啊。（围笑,4,推荐,15,0.6805850620127426
"
                    2022-02-16 16:25:12
                ",三色堇紫,爱情就像美好的幻想，要么得到、要么失去。李翘的归宿藏在大海之巅的对岸遥不可及，豹哥的爱意印在米老鼠纹身当中不曾言说，黎小军的理想夹在现实的缝隙间苟延残喘，小婷的微笑留在遥远的北方里消失不见，一个名字就是一段难以启齿的过往，被寒冷的北风冻结，被甜美的歌声唤醒。她透过人群试图找寻他的身影却无疾而终，他向妻子说出真相却落得一无所有，甜蜜的是记忆，而残酷的是人生。,4,推荐,5,0.9999999994885109
"
                    2011-07-01 02:03:18
                ",诸葛若见,再回首，还是一曲甜蜜蜜，那人是否依然笑在春风里？ 再相遇，时光已过十多年，是否还是青春的模样？爱在香港，是苦涩也是甜蜜蜜。,5,力荐,7,0.9999997961260076
"
                    2022-09-10 19:49:13
                ",真不是我没6,不是两个人的爱情故事，而是一代人生活的挣扎，欣喜，失意和成长，放到今天愈加动荡的世界，每个普通人都要做选择并承受选择的代价，颇有感触。,4,推荐,9,0.99999999999137
"
                    2015-02-13 18:37:50
                ",江海一蓑翁,你既可以把它看成是一部百转千回、生动细腻的爱情电影，也可以把它看成回归前夕，香港与大陆之间复杂纠结的渊源关系的电影佳作。爱情与身份认同，这两者在电影中都展现得真实而丰富。,5,力荐,13,0.9999999999970883
"
                    2016-04-15 19:45:54
                ",一个无情的杀手,喜欢李翘的性格，太多电影都是一夜情后女人对男人无法忘怀歇斯底里，而李翘把爱放在心中从不给男人带去一点负担也一直努力着自己的生活，我也想成为她这样的女人。我很相信缘分，但这毕竟是电影，可恰巧我昨天避雨时偶遇了前男友，他和另一个女生一起，我们尴尬又惊讶的相视一笑他便马上跑入了雨中。,3,还行,13,0.9997768542521214
"
                    2020-09-14 16:37:55
                ",Piglette,《无间道》里刘嘉玲拒绝陈冠希选择曾志伟；《甜蜜蜜》中张曼玉抛弃黎明选择曾志伟。看来曾志伟这个男人是有点东西。,3,还行,3,0.9999939232100805
"
                    2011-01-28 20:45:09
                ",芥末蘸酱,我从未像现在这样觉得甜蜜蜜这么好听.在邓丽君诞辰前一天看这个真的好巧. 2015.2.14 @橙天嘉禾凤凰汇 以前没觉得，今天再看不是婊子配狗的故事么？Just kidding. 片子里面没有反面的力量，每个人都是正面人物，其实有先天的缺失啊，部分的情节推进纯靠巧合，有挺多刺能挑。,5,力荐,4,0.999809687178142
"
                    2015-02-16 16:44:07
                ",igrɛkonze,重映再看 越发觉得黎小军是渣男 吃着碗里的望着锅里的 豹哥才是好男人啊 李翘认尸那场戏张曼玉演得真好 电影英文名叫Almost a love story很巧妙 片中除了重遇的主角 没有一段感情能有结果 真是难过,4,推荐,3,0.9999887216641306
"
                    2018-04-06 12:34:32
                ",朱欢尘,大时代中小人物的浮沉与爱恨。得承认这不是我喜欢的爱情模式，但确实非常棒。张曼玉化腐朽为神奇，让黎明看起来都演技满满。,5,力荐,8,0.9999999192640187
"
                    2020-12-25 18:26:12
                ",曉宇,对我，相当于love actually，每年年末看一遍，越来越bittersweet。,4,推荐,6,0.7656599071318293
"
                    2017-02-18 19:51:18
                ",岁羽中,拍得很好啊，这么慢悠悠的故事，讲好不容易，不俗。另外，张曼玉先笑再哭的戏服了。,5,力荐,12,0.998287922822279
"
                    2022-08-16 09:49:26
                ",Nobody,为了展现出走家乡前往海外的华人打拼史很刻意的辗转了多地，在后三分之一处就显得累赘多余情节散乱。刻意的完美结局确实是给了人一种圆满和确定性。但生活啊它有时候不讲道理，爱情它更是。导演、演员、演员演技、到演员颜值，真是香港的黄金时代啊，可惜一去不复返了。（张曼玉真的好年轻，有了她的演技对比，才能发现现在多么垃圾，曾志伟的黑老大角色设计也很有趣是我没想到的）,4,推荐,3,1.0
"
                    2015-02-14 22:06:53
                ",hedgehog,友谊万岁！张曼玉真是太适合做影后了，一颦一笑都是李翘，毫不费力浑然天成。重映胶片感很强，黎小军结婚看到曼玉、曾志伟的米老鼠、曾志伟和曼玉的两次“分离”、每一次邓丽君的歌声，都催人泪下，真是哭到老泪纵横了，哈哈,5,力荐,15,0.9999998539009936
"
                    2015-02-13 16:03:23
                ",SydneyCarton,大银幕首刷，总不知第几刷，算是一了夙愿。看看那时候，自然、放松、充满着人情美，哪儿像现在的陈可辛，鸡贼得恨不得每一帧画面都算计得清清楚楚的。是的，“我们回不去了”。,5,力荐,8,0.999995350049644
"
                    2022-10-19 16:22:19
                ",momo,看李翘不停为理想奔波的样子像极了生活,5,力荐,16,0.772643139699304
"
                    2010-11-09 12:50:14
                ",五十米深蓝,最好的华语爱情电影,5,力荐,20,0.9797520490165789
"
                    2021-05-30 12:53:55
                ",云胡不喜,豹哥值得，黎小军不值得,4,推荐,24,0.7069626044214078
"
                    2008-10-30 00:46:55
                ",光年‖影视歌三栖民工,离乡太远的人寻找归属寻找认同，却越走越远。相信对现今的大城市外来者来说，有独特的感触,5,力荐,7,0.9999957012478341
"
                    2022-02-06 16:26:52
                ",转山转水,"我现在觉得《后来的我们》抄了这部又没抄好（太像了），《爱情神话》抄了姑妈遇明星的梗，之后的爱情电影无出其右。
一部电影让我get到了黎明先生的魅力",5,力荐,17,0.9996485036327089
"
                    2013-05-08 00:16:31
                ",朝阳区陆依萍,多少年了，依然感动。。。。。,5,力荐,14,0.8621220772371425
"
                    2010-10-23 02:31:18
                ",樹一,无比深情的深夜档。我又想起了那句该死的不知道是谁的话..我们不会彼此遗忘，也不会彼此消失，只有让时间带走你，才知道谁是生命里最重要的。p.s.豹哥那个米老鼠真的让我感动到了~,5,力荐,10,0.9780208456683045
"
                    2017-05-26 20:00:48
                ",stairfox,到最后我们会幸福吗？最让人感动的是突然出现在曾志伟身上的米奇纹身。我们永远不知道另外一个人在以怎样一种方式爱自己。,5,力荐,18,0.9999995017610708
"
                    2017-05-06 17:56:58
                ",bornfreeyolo,相逢只要一瞬间，等待确是一辈子。,4,推荐,22,0.9839806425369207
"
                    2023-04-11 21:59:40
                ",密言,小婷，可怜的小婷,3,还行,23,0.35752873532235596
"
                    2017-03-03 15:12:35
                ",斑斑点点,小情大爱。,5,力荐,17,0.7300179952451256
"
                    2011-01-13 19:09:05
                ",Morning,看N遍，感动N遍。,5,力荐,18,0.9693634473850973
"
                    2015-02-14 23:44:26
                ",荞麦,…………今天才发现垫了好多配乐！！音乐太多了导演！！！,4,推荐,7,0.04741730843264835
"
                    2017-03-22 19:26:22
                ",元宝宝,有时候人是需要情怀支撑的！,4,推荐,15,0.9557119034628532
"
                    2023-07-07 23:19:59
                ",一合苏苏,出于道德意识扣半星,4,推荐,14,0.6703562306709205
"
                    2021-03-17 16:18:01
                ",笑忘書,看似只说了爱情，却仿佛将一切都道尽了。远去时代的恢宏而精致的剪影，在最后美成香港一道斑斓的夜色。,5,力荐,11,0.9999954783506217
"
                    2019-12-05 20:01:33
                ",阿芙洛狄忒,"展现上世纪八九十年代从大陆漂来香港，追求理想的年轻一代生活与情感状态。放至当下，仍然适用。
黎小军有大陆人的质朴，一封封家信报喜不念忧，一肚心酸尽藏。张曼玉戏路拓宽，饰演的打工妹难掩香港人的气质，勤恳老练下满含讨生活的艰辛。李翘对黎小军讲，“你陪我吃苦，又逗我开心，你就是我最要好的朋友了。”史铁生写过，当一个孤独寻找另一个孤独时，便有了爱的欲望。用在这里再合适不过。
豹哥纹米老鼠取悦李翘，多年后遇险，李翘不弃，是以义报情。黎小军软弱，终于向小婷坦白，是不愿欺骗，面对自我。姑妈一生难忘永生不会再见的威廉，英语外教染女友艾滋伴爱人回国，皆情之一往而深，他们相信爱。
用流行歌取名的电影一样可以很好，很多处，人无声，音乐表情，“再见，我的爱人。”",5,力荐,3,1.0
"
                    2011-03-30 03:37:01
                ",大島,张曼玉好靓，与《旺角卡门》不一样的靓。,4,推荐,11,0.9999151847901014
"
                    2017-05-26 14:17:27
                ",newgirl,好浪漫的爱情片呀。张曼玉和黎明在异国他乡这种小小的爱情，很打动人。骑自行车应该是青春爱情片的必备吧,4,推荐,7,0.9999999868915361
"
                    2019-11-23 22:29:19
                ",太白兔,甜个卵。“你现在打个出租车，回去洗个热水澡，明早起来大街上都是男人，个个都比黎明好”。,2,较差,10,0.7179220688788769
"
                    2015-02-13 22:16:13
                ",康乐股长王紫菜,赶上复映的好时机，能在电影院里看到真是太好了。情怀之作，不变的香港街景里，有时坚定有时彷徨的张曼玉最让人动容。黎小军和李翘之间有的是缘分，可是他满足不了李翘向上的野心，而豹哥的糙话和他背上的米老鼠纹身，又何尝不是另一种甜蜜蜜呢,5,力荐,6,0.9999997416905447
"
                    2013-07-21 16:30:15
                ",MayaDey,最好的所有人，最好的文艺片之一。一开始骑车时两人一起唱甜蜜蜜的时候我瞬间明白了为什么父辈对邓丽君有那种朝圣般的崇拜。这一代人是有故事的一代人，这一代人同样是不愿意多讲故事的一代人。太多可以再看的细节了，米老鼠纹身，国歌里送卤味，错过和错过，囍字的细腻的镜头处理，最好的一切。,5,力荐,4,0.9999999999999933
"
                    2016-01-02 18:01:52
                ",喻鸣,十年前的萍水因缘，十年间的相濡以沫，十年后的重逢一笑，你笑的时候所有星星都落到我头上。,5,力荐,12,0.9743837957799839
"
                    2018-05-06 19:51:59
                ",曼靑,《金枝玉叶》票房飘红后，老板叫陈可辛拍续集，陈可辛不想再拍，无奈推不掉。于是提出要求，要拍《金2》可以，但要先为他投资一部他自己想拍的文艺爱情片，于是才有了港片神作《甜蜜蜜》。黎小军和小婷离婚后没有介入李翘和豹哥的感情，而豹哥死后李翘两年后才遇到黎小军，这样的爱没有芥蒂 很干净。,3,还行,8,0.9977199883734014
"
                    2012-09-01 13:01:08
                ",秋天的黛西,黎明呆呆傻傻，张曼玉精明而又孤零。俩个孤独的人相互依偎，相爱又分开，然后在邓丽君的歌声中重逢，相对无语，只是淡然一笑。年华的沧桑感就像曾志伟背上的刺青米老鼠那样力透纸背，叫人难受。,5,力荐,5,0.99999997218416
"
                    2015-02-20 23:59:01
                ",拔刀诀,陈可辛最好的电影，一直无法超越。张曼玉最好的年纪拿出了最好的演技，在每一个脸部特写里，悲喜与哀愁的情绪如花瓣一般层次分明地绽开。,5,力荐,12,0.9999999984353731
"
                    2017-05-05 15:05:41
                ",顾俏乜,甜蜜蜜，开始有多甜，最后就有多虐。张曼玉的演的李翘真是让人动容，那种绝望，那种欲哭强笑的心酸.......,4,推荐,11,0.9999816997273205
"
                    2019-04-02 21:16:57
                ",sosovipp,这不就是典型的脚踏两条船？没有节操的爱情，跟流氓有什么区别？,3,还行,18,0.08087735764641513
"
                    2010-10-27 00:58:51
                ",豆瓣天后董小姐,港产爱情文艺力作，没有人能够企及的高度,5,力荐,15,0.9988599528829432
"
                    2022-02-23 23:54:37
                ",Gaga,"两个孤独的异乡人产生真爱，历史年代感极强。
据了解：该片片名原先是编剧岸西取的名字叫《大城小爱》，也没打算用邓丽君的歌，但编剧岸西开始写剧本不久后，便传来邓丽君过世的消息，岸西认为“放眼华人世界，只有邓丽君能跨越文化、地域的隔阂，令所有人推崇”，所以他把邓丽君写了进去 。
《甜蜜蜜》两个中国大陆年轻人走过香港、纽约，时间从1985年贯穿到1995年，是陈可辛眼中“香港最具意味的十年”。陈可辛“一直想拍个移民题材的故事，来反映香港人‘无根的状态’，那个10年内香港发生了很多大事，如1987年股票大跌、1995年邓丽君骤世” 。",5,力荐,14,1.0
"
                    2014-11-19 17:23:09
                ",张老实,一般我将此类片子归为三言二拍式的电影，因为有一种旧式文化传统在里面，但拍得又很现代，整个结构也非常规矩。陈可辛找到了属于自己的电影语言，后来很多电影都能看出这种痕迹。另：张曼玉真是会演戏，黎明差了很多,4,推荐,7,0.9999999779538506
"
                    2017-05-07 13:29:37
                ",红豆♥,在香港没有归属感，在美国没有归属感，这就是陈可辛。最终在大陆找到了归属感，开始疯狂拍主旋律电影。,5,力荐,25,0.9999993199402852
"
                    2022-10-13 18:10:02
                ",UrgnaT,我为什么只能看到渣男出轨…我…,3,还行,16,0.4917268888954466
"
                    2016-10-18 14:07:19
                ",宋雯婷,真想看到大陆有这样的片子啊,5,力荐,14,0.872966350400536
"
                    2011-11-23 11:12:59
                ",蘇小北,你回眸，我還在凝視。依舊是時代變遷，依舊是個體印記，相比于千言萬語的政治語境下略顯宏大的歷史敘事和較為複雜的人物體驗，甜蜜蜜更多的是大的時代下個體的細膩感受和遭遇，更加的私人化。個體感受著時代，也記錄了時代，我們在時代潮流中或逆或順，然後時過境遷，時代成為記憶，而愛情卻時時悸動。,5,力荐,3,1.8593195105776061e-07
"
                    2015-09-03 21:43:53
                ",Joey To,只被豹哥的米老鼠感动。我不明白一个因寂寞孤独生情而劈腿的故事的浪漫之处在哪里，我看到的是有些人为了钱 不顾人情 把自己活的很卑微，追求太过现实的东西。片中表现的80年代的香港，和30年后的今天几乎没有变化，让我厌恶的小市民气息一直都在。,3,还行,2,0.9999986704391979
"
                    2021-09-02 19:12:34
                ",不心冰,香港人在25年前就把大陆当下人的「都市困境」拍了个明明白白了。我小时候看以为是爱情片，最讨厌他们「不清不楚」的爱情关系，我如今看才明白这是剧情片，而最爱的反而是他们在命运中「浮浮沉沉」漂泊的样子。陈可辛真是香港伟大的导演，34岁就可以展露出这样的努力与天赋，太牛了。,5,力荐,46,0.9999999999989235
"
                    2020-02-16 12:22:12
                ",旧书君,最喜欢李翘不小心碰到喇叭黎小军回头两人隔着车窗的那个吻。太美。美得最后一次相遇都变得不真实，变得好像是一个BE的臆想。素颜的张曼玉真的很撩。,4,推荐,3,0.9953559490188355
"
                    2021-02-20 00:13:47
                ",初音求道大帝,9.8分，看之前未曾想到陈可辛有如此实力，这对我而言几乎是一部完美电影了，就是最后的结局我觉得有点多余，感觉在美国两人于茫茫人海中迷失的结尾更好。不过哪个结局更好也因人而异啦，是主观的。,5,力荐,3,0.9999999999990887
"
                    2012-09-11 22:09:50
                ",Mushroom,狗，狗，狗血得一笔……主角应该是豹哥和李翘才对。黎小军典型屌丝男，而黎明的演技则彻底拉低了黎小军的段位。这种无数次偶遇、分离又偶遇又分离最后大团圆的桥段，找两个连普通话都说不溜的港产商业脸扮大陆客，真真儿受够了，岸西真的没有成熟作品吗。97年的香港金像奖是要照顾政治局势吗。,2,较差,7,0.9999999939566204
"
                    2019-08-14 10:40:57
                ",蕉,喜欢UFO系列，黎明渣男角色太蠢，竟然还有纽约的戏。上周末看这部戏，心情相当复杂。我童年三分之一时间在深圳长大，深知彼时香港的先进，内地人民对这座城市的景仰，及略带“淘金热”的憧憬，话语地位上难免会觉得自己卑微一些，所以我努力把广东话说得比不少广东人都好，去香港玩尽量不被察觉是大陆来的。初中那会觉得，可能上海发展赶上香港至少20年吧，20年过去，城市的表面上都很繁华，心却越来越遥远。,4,推荐,2,0.9999999999694464
"
                    2015-02-17 00:21:56
                ",朝阳区妻夫木聪,不知道是不是最好的黎明和张曼玉，但一定是最好的陈可辛。只能说两个人的缘分太奇妙，最后的相遇让我想起了Eason的好久不见。片子里邓丽君的歌声一响起，心头感觉就像被什么濡湿了，感动到不行。兜兜转转最终回到身边，竟好像花了一辈子那么长。,5,力荐,5,0.9999998202445509
"
                    2008-11-30 20:58:21
                ",Doublebitch,"太文艺了受不了呢= =

",3,还行,6,0.5734090765544995
"
                    2017-03-25 00:44:03
                ",谨珍生命远傻比,看着看着以为王家卫了2个小时不到的片看的度日如年。。。。不过还好片子至少还是讲了一个故事的不装逼已是万幸。。。威廉·霍尔登被黑的够呛。。。。还背着个邓丽君激吻张曼玉。。。。泰国人也被黑了。。。。。看到后面一阵阵的笑。。。。片子很散很糙要不怎么像王家卫呢。。。,2,较差,6,0.9851166773100525
"
                    2016-02-08 20:06:19
                ",会笑的昨天,一切纯洁美好的梦想，都消磨在物欲与现实中。当黎小军终于迎娶了小婷，却像《半生缘》里的顾曼桢对沈世钧说：“我们都回不去了”。,4,推荐,3,0.9989446191688149
"
                    2009-02-04 12:07:50
                ",Lan~die,"“两个外乡人在香港相聚，相互陪伴仅仅是为了不再孤独。陈可辛这位9次香港金像奖得主通过这样的一个故事精确的表现了香港和大陆之间的文化差异，对情感的描摹也是直抵人心的惟妙惟肖。”
“有些爱，只能止于唇齿，掩于岁月。 我喜欢来日方长的男人和不堪回首的女人，是他们把生活搞得意味深长。”",5,力荐,12,1.0
"
                    2021-11-05 22:49:22
                ",缺德梅,8.5 这就是香港电影，它从不减速，后半段配乐响起的次数已近烦人，差点毁去我的感觉，但这部电影太过幸运，因为它拥有香港最好的女演员张曼玉，从来不觉得她是最好看的，可每每都是她的表演、她的面孔给我会心一击，让人动容。“黎小军同志，我来香港的目的不是你，你来香港的目的也不是我”“明早起来通街都是男人，个个都比豹哥好”。米老鼠，邓丽君，威廉霍尔登， Almost a Love Story。,5,力荐,3,0.9999999999572817
"
                    2020-02-08 02:09:01
                ",路人彦小二,"片名《甜蜜蜜》，情节一点也不甜蜜蜜
只不过是借用了「邓丽君」这个符号人物串联男女主和故事发展罢了
看似是讲爱情，其实更有深意，香港回归前10年，内地人民漂流香港打拼立足的故事。男女主出轨先不谈，他们两个根本就不是一路人，一个铁憨憨没有理想，一个拼命三娘为了自己的理想不择手段，爱情并不是一见钟情就够的，那只能是炮友关系，还有更为之重要的两个人能不能走下去
说爱情，男女主是有的，而且那个时代“港漂”青年互相慰藉，浪漫又感动，李翘说我想每天都见到你时，他们是真爱
可是我更看好女一和男二的感情，爱情并不一定要看起来的般配，黎明演得就是憨直男，在曾志伟所演的情场高手面前秒成渣，被豹哥的米老鼠感动到。
明明是一部套着小言外壳的文艺片，曼神却毫不吝啬地贡献了一段神演技。停尸间的那段哭戏，华语影坛无出其右～",5,力荐,3,1.0
"
                    2009-07-06 14:16:52
                ",容安,"直到最后他们在纽约街头碰到的时候我才惊觉：这电影我看过！
为什么要叫Comrades呢？原意是同志来着。
almost a love story
",4,推荐,3,0.7062060673810522
"
                    2017-04-21 09:59:59
                ",天天把豆豆来豆,百转千回，但终究还是遇见那个人了。,4,推荐,6,0.9781751168630611
"
                    2020-06-05 10:54:09
                ",451½°F™,一个民族对于一座城市的眷恋与想象，可能对于每个个体仅仅是一首歌曲、一个明星，或者一段刻骨而荡气回肠（折腾不止）的爱情，故事以邓丽君逝世作为结尾，却满怀希望得想象另一个如同大团圆故事的开端，如今恍如隔世。我们作为一个民族的共同体已然失败。PS：邓丽君1995年的去世将成为中国20世纪文化史上最重要的断代标识。,5,力荐,3,0.9999999999999749
