time,uname,comment,star,title,support,sentiment_score
"
                    2015-06-27 23:53:36
                ",匡轶歌,画风蛮喜欢。不必去深究时间穿越这个设置背后凌乱的逻辑，片子其实只说了一件事：Time waits for no one ，做自己喜欢的事、爱自己所爱的人，都要现在就去，跑着去。倘若对方姗姗来迟，你就要跑着去迎接它。时不我待，只争朝夕。,3,还行,1171,0.9965998865922813
"
                    2007-10-15 02:15:51
                ",它它爱妮鸡,她有一条神奇的永远不会走光的短裙!,4,推荐,5047,0.8798163750593079
"
                    2008-03-30 16:54:19
                ",Lan~die,年轻真好，可以为了各种小事情去穿越时空。,4,推荐,2677,0.9635017878463886
"
                    2009-11-30 18:11:49
                ",风满蜃气楼,"最后千昭的那句“我在未来等你""足以秒杀一切。 放课后的棒球、蝉鸣、反复跳跃只为吃到一个布丁，缺乏的勇气和自行车一遍遍经过的河堤，所有的一切都融化在那个夏天和你分离。",5,力荐,1197,0.9999942914983456
"
                    2007-11-10 00:46:00
                ",晚安小姐,决定一件事，很多东西不能犹豫，特别是中意某个人的时候,4,推荐,2510,0.7752762453985846
"
                    2008-03-06 15:08:04
                ",沉歌,只因为青春不可重来，于是我们才会如此缅怀。这就是为什么关于青春的故事永远有人在讲，永远有人在唱，也永远有人愿意听。白驹过隙，时过境迁，岁月磨平了棱角，时间改变了容颜，唯独记忆被永久保留了下来，等到青春静静的沉淀，你是否能读懂了那封在青郁时光中埋藏在心底的情书？,4,推荐,1195,0.9999999999999909
"
                    2014-02-08 22:37:40
                ",同志亦凡人中文站,少女因不知道如何面对告白，选择以时空跳跃的方式跳过。最后她才发现，那其实是她生命中最该珍惜的段落。看她大哭着跳跃着，拼命想追回擦肩而过的缘分时，我的少女心咯噔一下发作了。细田守讲了一个很戳人的初恋故事，跟这片一比，“时空恋旅人”简直是块莫名其妙的烂布...,4,推荐,1035,0.9999999957173731
"
                    2008-05-15 23:40:33
                ",littletwo,我在未来等你...,5,力荐,1672,0.8561640768254313
"
                    2010-02-08 21:19:05
                ",A-sun*,场景狠是漂亮。真琴的人物性格刻画是我最极讨厌那一类型，逃避现实，笨，配乐喜欢。完。,4,推荐,1017,0.9979517329087596
"
                    2007-11-15 17:13:37
                ",ys,那段跑步得喘息的确让人遐想，，，,4,推荐,921,0.7195005954226328
"
                    2021-01-24 01:22:19
                ",寸薪,一条长下坡正对着一条铁轨，这是哪个天才设计出来的呦,4,推荐,563,0.030098986555593177
"
                    2009-05-22 00:32:58
                ",果酱☮,打多少星都不够,5,力荐,1749,0.37937415229776716
"
                    2007-07-22 22:29:28
                ",大头绿豆,爱杀真琴的性格和他们仨的感情。时间静止的画面。动画比人演得好！吉田潔的音乐大赞。,5,力荐,540,0.9998984358704458
"
                    2007-09-07 23:49:54
                ",单线程青年,我就奇怪她为什么每次回去都是靠滚的,3,还行,917,0.36503338093249194
"
                    2016-07-16 01:05:02
                ",Lycidas,原来拥有时光机，遗憾也难少半分。,4,推荐,613,0.938895108676289
"
                    2016-12-07 00:37:24
                ",来年樣,好想回去啊，那时候的一件小事，都是眼前的“灾难”，不会应对只能逃避，心里默念“快点过去吧快点过去吧”，就真的这样一下子过去很多年。再想回去，次数用完，谁都办不到了。,4,推荐,154,0.979859623777463
"
                    2007-07-30 15:38:57
                ",美丽新世界,不如我们重新开始？,4,推荐,269,0.5262327818078083
"
                    2009-12-17 23:12:27
                ",4everEtc.,时间细水流长，莞尔逝之。相逢相处顷刻间，甘美永葆。,5,力荐,452,0.9975028688245553
"
                    2016-11-14 09:14:39
                ",Sophie  Z,年轻真是无畏啊。可以一直那么用力地错过，最后会怀念一生的人。,4,推荐,175,0.9966897530989567
"
                    2016-10-10 03:07:17
                ",摇尾巴,「我在未来等你」「嗯，我马上去，跑着去」,4,推荐,100,0.6660539948180503
"
                    2021-09-03 19:34:56
                ",姜将姜奖酱,“因为某个笨蛋哇哇大哭觉得全是自己的错。”某个时间线中我逃避了你所说的喜欢，错过了让你留下的机会。而又有某个我不知道的时间线中你为我放弃了回家的机会，只为了让我不要哭泣。可是最后的这条时间线之中，我们都没能再有机会说喜欢，全是一点点错过，留在了各自不为人知的记忆里。,5,力荐,245,0.9999999940774467
"
                    2015-08-12 22:27:53
                ",Doublebitch,還是覺得應該儘早把車閘修了啊喂,4,推荐,110,0.043248805647288946
"
                    2011-03-19 19:46:20
                ",艾小柯,情节未必值得推敲，但那份有关青春懵懂的情感十分真挚，令人感动。,3,还行,512,0.9999922568130142
"
                    2007-06-24 17:55:14
                ",+锁,所有的日本少女都爱迟到么...,4,推荐,215,0.9971689971578136
"
                    2017-04-17 09:16:36
                ",朝暮雪,人生的魅力不是如愿以偿，而是阴差阳错。,4,推荐,97,0.9969480084484764
"
                    2016-07-16 18:07:13
                ",冰红深蓝,"时空穿越的故事很难避免漏洞(如本源性的时间悖论)，本片亦然。但那份青涩懵懂的初恋之情被刻画得极为动人。奔跑穿越法活力四射，真琴遭摄影机甩脱后仍勉力加速，及至重新入镜，终而超越镜头，如此不羁而决绝的意志恰是青春的真谛。对画作的迷恋、滚式落地与""马上就去，跑着去""令人笑中带泪。（8.5/10）",3,还行,29,0.9999999999999996
"
                    2011-07-25 15:29:53
                ",Minjie,情节太拖沓 也许是我一介大叔已然不懂少女心,5,力荐,143,0.9997833184676569
"
                    2017-10-23 00:45:58
                ",根,这样的夏天我也不想结束啊！但我们在这个夏天里的位置，最好也不过是女主的闺蜜吧,5,力荐,201,0.9814245417576674
"
                    2009-05-26 15:02:22
                ",zen:),“蝉鸣，树影，白云，夏天，钢琴声响，棒球手套，骑车上学时的凉风，傍晚放学后的夕阳，图书馆书架间微微的凉意，篮球场里永无休止的喧嚣。时光日复一日奔涌不止，但和平时代的青春，却似乎永远都是这副模样。”,4,推荐,164,0.999999999999106
"
                    2014-09-26 16:48:52
                ",shininglove,多盼能送君千里，直到山穷水尽，一生和你相依。,5,力荐,58,0.9951775281661401
"
                    2019-02-06 02:33:11
                ",囧之女神daisy,只有青春才能兼容轻盈和沉重。,4,推荐,170,0.9923895191263902
"
                    2008-01-25 23:08:29
                ",薇羅尼卡,爱上未来的你,1,很差,87,0.9575636950928351
"
                    2008-12-25 03:00:14
                ",嘉沐難再續.K,不喜欢的画风.完全无法理解的剧情,4,推荐,428,0.6705875899962539
"
                    2016-11-13 21:44:36
                ",叫她孙女凯拉走,有时空穿越这种能力竟然只用来对付日常琐事，看完电影觉得女主是个笨蛋，不过也得亏女主是个笨蛋。,1,很差,72,0.9999722183469655
"
                    2008-06-13 02:15:24
                ",九尾黑猫,"情节老套,拖沓,台词小资..",3,还行,197,0.9716123308032187
"
                    2007-06-17 02:23:00
                ",影志,有些情节还是能够全球共赏的，所以，不至于那么差、不至于纯“言情”扮“可爱”以及装嫩了…即便如此，在我看来还是很一般。,3,还行,71,0.9957982165623979
"
                    2016-03-08 08:41:04
                ",蜉蝣,年轻真好，再大的事情也只是这些小事。,4,推荐,59,0.8506287215960239
"
                    2011-04-22 12:42:03
                ",ANNXXNA,蝉鸣，树影，白云，夏天，钢琴声响，棒球手套，骑车上学时的凉风，傍晚放学后的夕阳，图书馆书架间微微的凉意，篮球场里永无休止的喧嚣。时光日复一日奔涌不止，但和平时代的青春，却似乎永远都是这副模样。 青春有张不老的脸。,5,力荐,42,0.9999999999998297
"
                    2016-12-27 19:52:48
                ",momo,Time waits for no one.,1,很差,113,0.44767845850986676
"
                    2022-04-05 14:08:28
                ",土卫儿六胶片厂,行吧，女主要去故宫修文物了,4,推荐,39,0.8745984623889762
"
                    2016-02-24 13:37:15
                ",sleepy Mia,"小情歌。
世界上最懂初恋的感觉的，应该是日本人吧，大概是因为这个民族的人，才一出生就已经老了，所以特别特别特别特别
的，在意“青春”。",4,推荐,20,0.9999988728211122
"
                    2016-02-28 01:11:44
                ",Otocolobus,嗷嗷少女心爆棚的青春期配上软科幻，这个故事真是太美好了。很难不让人回忆自己的青春。我在未来等你。【很想问那趟四点钟经过的火车的心理阴影面积...,4,推荐,18,0.9999999838825049
"
                    2012-06-25 18:08:33
                ",婴宁,总之就是傻逼，总的来说这个动画是挺好的，但是女主角也太傻逼了吧，把穿越时空的次数浪费在那些没有意义的东西上面，无语，我如果有一百次的话，肯定攒起来。 看的很生气，不懂为什么那么多人觉得好看还看了一遍又一遍的,1,很差,34,0.9940765735141639
"
                    2015-11-12 19:15:58
                ",刘康康,科幻包装下的日式青春片，逻辑其实挺混乱和经不起推敲的，但这不重要，要的是青春期干净、明亮，却又略带忧伤、怅然若失的感觉。跟求婚大作战特别像，连奔跑的核心意象都一样（求婚是穿越后奔跑，少女是穿越前奔跑）。风格成熟度没有细田守后两部作品高，但依然有迷の感动。,3,还行,39,0.9999999999994
"
                    2018-04-24 09:26:52
                ",般若儿,很清新的一部少女电影，将青春独有的气息描绘的很形象可爱。,4,推荐,24,0.9999999709396163
"
                    2016-09-24 15:02:16
                ",Jumpingtigger,最后还是泪目了，想到有个这么好的人在未来等着，整个人生都有了奔头。,5,力荐,137,0.9969844857436629
"
                    2009-02-14 18:16:40
                ",[己注销],《穿越时空的少女》是日本科幻小说史的一个传奇，曾被无数次改编成漫画和影视作品，历代的版本都体现了当时的特点。我在这里指的是贞本义行参与制作的动画剧场，此片虽然是小规模产品，却是当年的黑马之作，出人意料地击败了声势浩大的《地海传说》。,5,力荐,37,0.9999999999815505
"
                    2016-08-26 20:23:08
                ",薄荷,虽然画风说不上很好但是剧情真的很好故事挺新颖的，最后的那句我在未来等你让人感到又伤感又充满了期待，未来，你们还会相遇吗？,5,力荐,40,0.9999999905995222
"
                    2020-04-25 22:45:35
                ",连城易脆,因为几乎所有穿越类电影都无法解释【外祖父悖论】或者【双生子佯谬】，所以必须要有一个足够精彩的故事和特别的叙事方式来吸引观众的注意，避免去思考可能存在的各种BUG。显然日本这类动画片就像我们的国产职场剧是披着行业的外衣在讲爱情故事一样，是披着科幻的外衣在讲校园恋情，只是说日本在营造纯爱、浪漫、阳光等这类气氛的能力确实世界首屈一指，能俘获不少青少年观众。于我而言，女主如此莽撞冒失的性格真是让我相当讨厌的人设呢，这种一开始没有好好珍惜最后勇敢追求所爱的青涩恋情对我也越来越没有吸引力了，也许我真的老了吧。反而想说一下穿越时空，这是一个大多数人非常羡慕的能力，然而我却有个担心，倘若穿越回去后时间不能快进，岂不是一模一样的生活又得完全复制一遍，好比高三连续复读那种体验，岂不是要直接崩溃？,3,还行,21,1.0
"
                    2015-01-04 23:57:35
                ",撒旦的表妹,女猪有点讨厌，但是最后那句“我在未来等你”还是戳中泪点了,4,推荐,27,0.9312130869825319
"
                    2022-01-01 11:39:56
                ",DeckardYang,【4】诚然剧作上有各种缺憾，穿越时空设定落到细节处也经不起推敲，若能搭建完整体系会更好。但整部作品由内而外散发的青春气息与绚烂夏日的“瞬间感”实在让人迷醉，主角在奔跑中出画、入画，何止是游历文本时空，更是在影像时空中飞舞。结构相当诱人，观看过程渐进式愉悦。结尾固然在煽情，但我还是不争气地流下了眼泪，那句“我在未来等你”+摸头杀太动人。,4,推荐,4,0.9999999999999998
"
                    2018-06-10 19:53:30
                ",一纸素言,真是充满了胶原蛋白的青春电影。高中的我们就是为了这些鸡毛蒜皮或开心，或失落，或不知所措。如果我们有了时间作弊器是不是为了规避哪怕扰乱他人命运的错误还是要回到最初的原点。最后一次奔跑，能让你回到你的世界，却永远都错过了当初避之不及，不知所措却也最真诚的告白。我会努力奔向未来的你。,4,推荐,7,0.9999999999879579
"
                    2019-02-23 01:40:03
                ",少侠霸霸,这部片子告诉我们，岛国牛逼，上学不仅仅可以拍爱情动作片，还可以拍爱情动画片。日本中学好幸福，学生上学不念书，整天琢磨谈恋爱，恋爱不如意了就穿越，一直穿越到满意为止。生在日本真的很幸福，不仅仅上学是为了谈恋爱服务，就连时间都在为谈恋爱服务。,1,很差,16,0.9999999999999993
"
                    2019-12-17 17:52:35
                ",初音求道大帝,8分，挂着科幻片名头的爱情片，美工很出彩，但设定很强行。这货能进top250还是有些牵强，个人感觉《魔法少女小圆剧场版》等电影都比这个强的多。最后那女主哈哈哈的叫声简直像av女优的叫声，会引起周围不纯洁的人的误解的。,4,推荐,7,0.9999997071634379
"
                    2019-05-22 10:19:29
                ",zykmilan,#亚洲电影展#真是又暖又甜又元气十足。少女心爆棚，一个披着时空穿越外衣的青春题材电影。少年时代可能会更吃这一套，上了年纪就无法不忽视其中的种种bug带来些许遗憾了。不过，也许，这遗憾感也如同电影内容一样，青春就算是再重来千百遍，怕是也免不了有遗憾吧，可那不正是青春的美之所在吗？,4,推荐,3,1.0
"
                    2021-07-12 23:50:16
                ",未注销,血压升高番 看得我头一次拿出了我珍藏多年的阴阳酱(　^ω^)拳头硬了 瞎用那么多次能力就为了让自己过得舒服的女主有什么资格跟男主说要在关键时刻用啊(　^ω^)人家用能力来救人你用能力吃布丁你好牛啊 女主每次目睹别人代替承受不幸毫无波澜也把我拳头看硬了 西八 为什么不在意识到的第一时间打电话(　^ω^)这种强行推动剧情发展的做法到底是觉得女主是啥比还是观众是啥比 一点高中生美好感情都没感受到光升血压了,1,很差,12,0.9999999938071602
"
                    2017-06-21 15:25:25
                ",你不喜欢文渊吗,我会爱上你，现在的你，未来的你。,4,推荐,14,0.9830631652792373
"
                    2012-07-05 23:35:37
                ",Panda的影音,笑声不断，喜爱有加！—— 经历过才更加懂得，有些事情发生了，就没有挽回的余地了。我不是千昭，更不是真琴，没办法穿越时空，去改变过去，所以有些遗憾只能让它留在记忆里，在时光的流逝中缅怀，乃至用眼泪或笑声去惦念它曾经的存在。如今看来，我不也和真琴一样希望在故事的结尾能听到那句话？……,5,力荐,17,0.9999999995276858
"
                    2017-03-23 22:56:31
                ",请保持高冷,热血少女的穿越故事，创意挺不错的,4,推荐,5,0.9999775949901085
"
                    2016-10-30 22:16:58
                ",瓶子不能倒,情节完整，没有太多bug。很暖很令人心动，这种少女式的情节，总是让人感怀学生年代的美好，我也沦陷其中。,4,推荐,6,0.9999959838472734
"
                    2013-11-18 11:08:37
                ",Azeril,我们努力奔跑 为了在未来相遇。,5,力荐,31,0.9927568801515108
"
                    2011-09-16 21:57:13
                ",戴泰德,元气萌系少女冲吧！奔跑吧！整个色调都是夏天的绚烂阳光的白色，看完让人安静，真的很想打五星啊，不过故事还是有些无厘头的。最让人赞赏泪奔的是着重表现的三人微妙的算不上爱情的关系，配上奔跑回忆一帧一帧的画面和音乐很令人心动，时光青春定格。,4,推荐,1,0.9999999999999991
"
                    2019-09-17 16:14:41
                ",回忆与否之,算起来真的很久没看到这样的作品了，简单、纯粹，又柔暖，又美好，到点的时候也没忍住触泪一把。其实细田守不过讲了个挺老套的故事，比较瞩目的是，他依旧在以自己的方式讲，讲在那些视听的细节上，讲在那些人物的言行中。如果有人在人群中，迷失了那个夏日最美妙的短暂时刻，我会推荐她看这部片子。因为成长本身并不需要太多的代名词，当她发现时间不等任何人――无论是用走的，亦或用跑的――都追不回来的时候，她所能放眼的，就只有未来。而那些不再往返的旧日、以及总被忽视的此刻，或许正比前往路上的未来更具意义，因为那些无法改变、不可挽回的种种，更决定着人未来的方向。最后的最后总是让人不知所措，可能我们从未想过，要就此结束，因而我们也总是寄希望于未来。但未来是否有她的身影？没人知道。但如果你不曾遗忘，便总能在那个夏日中寻回她,5,力荐,17,1.0
"
                    2010-01-16 18:34:56
                ",木鱼水心,看得让人揪心的电影，时不我待的话，现在明白还不迟。,5,力荐,29,0.970750728392969
"
                    2017-02-22 19:21:53
                ",玲自体,是这样的，我想这是很多女生的经历，被本来关系不错的男生告白以后，突然莫名反感然后躲避消失，最后只能在回忆时后知后觉了。我想不明白这是源于一种女性的什么情愫，第一次直面非亲情的爱都是回避状态。初中的时候伤害过两个男孩，其中一个后来听说因为我的拒绝变坏了（但愿不），后再想起只能无言。,4,推荐,11,0.9993148984775765
"
                    2020-11-02 22:07:35
                ",OreoOlymLee,告别时真琴不断将千昭推出画框外，本来以为是「画框内才具备有效的空间」，千昭重新走回视野则成了「画框内外时间都将永恒地流动」。,4,推荐,2,0.9945820163022886
"
                    2012-01-11 23:30:13
                ",RIC,突然想看这部片子，也的确没有失望；软科幻的外壳下是真实可触的人物关系和人物性格，让人想起土拨鼠日；煽情点也突破了流水线中的模式，与剧情紧密融合；只是有时情节的过大跳跃一定程度上影响了故事讲述的流畅度,4,推荐,2,0.9999792027910321
"
                    2019-01-16 23:00:20
                ",张兮兮,“如果他迟到了，你也会跑着去接他吧。”原著的年代比较远，所以现在看来其实挺幼稚的。但这部动画的改编简直完美，留下穿越的设定，把内核改为难逃遗憾的青春。穿越时空，也改变不了错过的东西。那些遗憾，始终是遗憾。我再年轻几岁，应该会泪目吧,5,力荐,9,0.9999996305569979
"
                    2012-07-16 00:41:32
                ",神山樹,睡不着 我又重新看了一遍 真琴和千昭互相对于彼此的意义 就是所有时空里最珍贵的悲伤 如果有这样一个橙毛少年站在我面前 我会选择像芳山和子一样告别深町一夫 而不是像真琴一样试图跨越未来,5,力荐,6,0.999992064074702
"
                    2014-05-01 22:22:54
                ",饿霸地煮,如此轻盈骨感的表现出时间不等人，以及错过的主题，相较下，《致青春》、《同桌你》动辄十年二十年，就显得太笨重了。,4,推荐,3,0.9999897331946026
"
                    2013-02-24 21:27:01
                ",欢乐分裂,假如让我说下去；倘若他日重来；年轻真好，未来总有一个人等你。,3,还行,34,0.9949069356222424
"
                    2022-11-07 22:24:35
                ",冻感糕人,看完穿越时空的少女，我浪费了人生的一个半小时和收获了一肚子的气。真的受不了这种无脑大条永远在搞砸事情的玛丽苏女主人设以及空口画饼欺骗无知少女的古董贩子男主。假惺惺说句“我在未来等你”就像给一坨粪便添加了巧克力调味剂，用表面虚浮的口味来掩盖破烂腐臭的内在，需要滥用九十九次超能力，才能意识到这是有限制的能力。女主用超能力吃布丁、接棒球、吃自助餐、唱KTV、给好友乱点鸳鸯谱（也不管别人喜不喜欢），就是想不起来一个因为自己间接被校园暴力的可怜蛋，每次都被撞到毫无歉意的路人，上一秒还很在乎下一秒知道是最后一次就能对男主问为什么不用在更关键的时候，炮灰路人配角就是没有人权对吧。,1,很差,10,0.999999999998348
"
                    2012-08-26 09:40:36
                ",doherty,看在她是少女动画片的份上...就不追究她的有关穿越方面严谨性的问题了= =...这种关于青春的东西 真是 让人欲罢不能的呀 真是愈发期待今年的神作了,4,推荐,2,0.9999753755298338
"
                    2016-03-19 13:16:02
                ",想本雅明迟了迟,日系青春片就是不断提醒你：你也就能看看吧，你他妈已经不是高中生啦！,5,力荐,3,0.5305747201753264
"
                    2023-01-07 15:03:04
                ",Kiki,我在未来等你，所以错过也没关系，短暂的分别也没关系，这样不顾一切也要回到过去的你，一定会在未来再见面。好浪漫啊呜呜呜，文艺青年千昭さん。要珍惜时间啊，那些回不去的唯有一次的时间，那些话要认真听，那些人要认真珍惜。,4,推荐,4,0.9999998724487787
"
                    2018-04-25 08:20:45
                ",一蓑烟雨任平生,这部影片有很多新奇的地方，也有很多让人感动的瞬间。女主人公一直在一个坡哪里穿越回过去，每一次下坡是遇到的情况都是不大相同的，但是很多次的结果却是相似的。当仅剩最后一次穿越机会的时候，女主把它用了，后来又通过使用最后一次，获得了再一次的穿越机会，其中的逻辑让人惊叹不已。,5,力荐,7,0.99999889582544
"
                    2013-12-07 22:36:57
                ",萌 . 李,不知道这片子好在哪，又臭又长，看得人心烦，女主完全是讨人厌的典型，周旋于两个男生之间，然后装作又傻又笨不知道两个人对自己的爱慕，被人告白还矫情的不听，最后发现人家不理自己之后又三番四次找人家，给人家添麻烦不说，最后告别的时候还必须让人家告白，不告白就哭，自己什么也不说，烦透了。,2,较差,370,4.515958637374418e-06
"
                    2017-03-25 21:12:08
                ",小森林,女主有点作，心疼我男主,3,还行,56,0.8771332295545438
"
                    2010-03-06 21:57:40
                ",夏天De西瓜,故事进行到一半我才觉得是部不错的片。还是一样。失去的时候才知道珍惜。同时又是喜欢和时间的关系。很是复杂的。总之在最后一次穿越时响起的那首歌 真是好听 相当喜欢,4,推荐,0,0.999329852238197
"
                    2015-07-08 19:55:40
                ",sirius_flower,哈哈哈哈哈哈笑抽了都，太二了！配合哥变简直效果拔群！云画的很不错呢，特别喜欢那种在尴尬状态的静止镜头，终于明白日本天台周围的铁围栏了-防跳楼！还有，西瓜也不吃！！结尾奔跑的长镜头...所以这部片子是鼓励乃们赶紧去表白！time waits for no one！,5,力荐,2,0.9998447698559473
"
                    2012-08-19 00:17:13
                ",欧阳杼,故事非常喜欢，只是画风略差一些。失望中又有希望的作品。PS：真琴叫“隆平”的时候，为啥我一直在前面脑补一个“袁”字……,5,力荐,5,0.7402323330163364
"
                    2011-01-22 09:15:51
                ",Μουσαι,脚本家奥寺佐渡子。与时间赛跑的穿越少女。青春飞逝，白驹过隙。请务必记得珍惜现在，才能把握明天。Time waits for no one. 我在未来等你。不过，喜欢这部动画化效果的朋友，我不推荐你们去补原作小说。不明白为什么的可自行搜索“筒井康隆，发表辱慰安妇言论事件始末”。动画是动画，原作是原作。分开就好。,5,力荐,1,0.9999999999997955
"
                    2021-03-21 10:52:06
                ",双晚,A-. 比《你的名字》格局更小，对校园气质的捕捉却动人得更感同身受。一去不复返却永远眷恋的夏天恰似《请以你的名字呼唤我》的酸甜回味。最有灵气的是“与时间赛跑”的长镜头：摄像机和人物相对构成时间流逝中的参照，真琴先被镜头甩开，却仍重新入镜，最终跑出画框，正是青春最义无反顾的追逐——“我在未来等你。”“马上去，跑着去。”在熊熊燃起的中二魂与少女心面前，一切世界观上的局限都可以被原谅。试问，谁不想要一个来自未来的男朋友？,4,推荐,3,1.0
"
                    2010-09-08 23:44:55
                ",九秋蓬,一个可以改变一切的满满的夏天！铁三角神马的一直是心头好，只是最终河堤上只剩一个空落落的身影，感叹时间稍纵即逝，成长和离别无可奈何～,5,力荐,2,0.9999939671632492
"
                    2012-10-28 19:15:29
                ",约翰迈克莱恩,我也曾多么拼命地想去挽回一件事情，却让自己遍体鳞伤，是的，回不去了，即使我们是想让他过的好，但又怎么样呢？生命是不可逆的，是我们改变不了的，是现实的。,5,力荐,1,0.9977676700674029
"
                    2010-03-02 21:23:48
                ",桃桃林林, 青春纯爱系,4,推荐,38,0.9926018067062219
"
                    2012-09-05 07:36:39
                ",喜喜,年少时青涩的记忆 友情 爱情 无论再细碎甚至繁琐的事情 想来都变成温暖的片段 日本电影能在两小时以内的都是好的！,3,还行,1,0.9999982400024433
"
                    2010-07-24 20:57:39
                ",游牧人·芳汀,场景细致但人物不美型，怎么真琴就没利用穿越时空的好机会做点发财的好事啊，难怪千昭说幸好是个笨蛋有了这个特异功能。还有就是千昭第一次对真琴告白时的场面蛮可爱的，被迫重复了无数次也不死心，呵呵。,5,力荐,13,0.9997903891485448
"
                    2008-01-22 15:28:21
                ",skysunny,"慕名很久了，没想到会这么好看。
青春、友情、萌动、夏日午后、操场街道、夕阳自行车。。。。消逝的学生时代仿佛重现于眼前，并且比记忆之中的更加美好。
这部电影的最大魅力就是将写意又写实的中学生活与穿越时空这一大家熟知的科幻元素巧妙结合，打破常规中科幻片的构造，将三人的感情升华。
强烈推荐。",3,还行,4,1.0
"
                    2008-05-13 20:30:21
                ",王xx,看哭了，实际上我对这种青春电影有很大抵触情绪,5,力荐,8,0.9999128662986209
"
                    2023-03-26 13:57:11
                ",予亡,大概是因为刚看了《重启人生》，当千昭说出真相和那个站不住脚的理由的时候我真的无语了……熬了前面那么久还以为反转会是什么令人感动的理由……加上莫名的“男女之间不能有纯洁的友情”的傻逼设定……我真的……我不理解为什么这部片子的评分这么高……你们二次元……呃……恐异性恋了（。）,4,推荐,8,0.9995405173540903
"
                    2011-03-05 22:51:42
                ",樹一,原来动漫也可把情绪刻画得那么微妙！！！看哭了啊~~~~~,5,力荐,6,0.9972223776063301
"
                    2011-06-07 21:16:45
                ",有心打扰,即使自己只能在穿越一次，也是为了在见他一面。为了听他说的完美告别。为了很多很多，但是都是因为他。,5,力荐,5,0.8988880748108051
"
                    2014-05-05 20:17:16
                ",风悲画,【细田守】：成形于「穿越题材」不那么泛滥的年代，情节紧凑，设计巧妙，如同玩游戏各个结局走一遍，一遍一遍地推倒重来，但是……有次数限制的哦。青春是美好的诗，即便年轻人不能穿越时空、回到过去，他们还是有大把的时间，去改变未来。,4,推荐,0,0.9999999999997178
"
                    2013-03-10 21:06:14
                ",汀,时间停下来那里完全是我印象中的细田守இдஇ真琴这孩子笑起来太路飞了0w0最后千昭那句【我在未来等你】(*/ω＼*)后期BGM超有推动力听了就觉得啊啦少女心粗线了0v0,4,推荐,1,0.9999997463969613
"
                    2013-03-04 15:09:48
                ",䒳,最触动的不是时间跳跃，而是那些夏天我们一起无忧无虑讨论八卦的青春。太纯情得不真实，我在未来等着你。有时不要太纠结如果，顺其自然反而是最美好的。,5,力荐,1,0.9999133486196519
"
                    2010-02-21 10:03:14
                ",江河海,time waits for no one 和死亡幻觉一样的主题，但是却更温暖更有希望，那种希望不是来自于实现，而是来自于完成、关于自身的某种完成。,2,较差,1,0.9999983230639599
"
                    2023-01-07 15:03:04
                ",Kiki,我在未来等你，所以错过也没关系，短暂的分别也没关系，这样不顾一切也要回到过去的你，一定会在未来再见面。好浪漫啊呜呜呜，文艺青年千昭さん。要珍惜时间啊，那些回不去的唯有一次的时间，那些话要认真听，那些人要认真珍惜。,4,推荐,4,0.9999998724487787
"
                    2010-03-06 21:57:40
                ",夏天De西瓜,故事进行到一半我才觉得是部不错的片。还是一样。失去的时候才知道珍惜。同时又是喜欢和时间的关系。很是复杂的。总之在最后一次穿越时响起的那首歌 真是好听 相当喜欢,4,推荐,0,0.999329852238197
"
                    2011-01-22 09:15:51
                ",Μουσαι,脚本家奥寺佐渡子。与时间赛跑的穿越少女。青春飞逝，白驹过隙。请务必记得珍惜现在，才能把握明天。Time waits for no one. 我在未来等你。不过，喜欢这部动画化效果的朋友，我不推荐你们去补原作小说。不明白为什么的可自行搜索“筒井康隆，发表辱慰安妇言论事件始末”。动画是动画，原作是原作。分开就好。,5,力荐,1,0.9999999999997955
"
                    2021-03-21 10:52:06
                ",双晚,A-. 比《你的名字》格局更小，对校园气质的捕捉却动人得更感同身受。一去不复返却永远眷恋的夏天恰似《请以你的名字呼唤我》的酸甜回味。最有灵气的是“与时间赛跑”的长镜头：摄像机和人物相对构成时间流逝中的参照，真琴先被镜头甩开，却仍重新入镜，最终跑出画框，正是青春最义无反顾的追逐——“我在未来等你。”“马上去，跑着去。”在熊熊燃起的中二魂与少女心面前，一切世界观上的局限都可以被原谅。试问，谁不想要一个来自未来的男朋友？,4,推荐,3,1.0
"
                    2012-09-05 07:36:39
                ",喜喜,年少时青涩的记忆 友情 爱情 无论再细碎甚至繁琐的事情 想来都变成温暖的片段 日本电影能在两小时以内的都是好的！,4,推荐,1,0.9999982400024433
"
                    2011-06-07 21:16:45
                ",有心打扰,即使自己只能在穿越一次，也是为了在见他一面。为了听他说的完美告别。为了很多很多，但是都是因为他。,4,推荐,5,0.8988880748108051
"
                    2010-09-08 23:44:55
                ",九秋蓬,一个可以改变一切的满满的夏天！铁三角神马的一直是心头好，只是最终河堤上只剩一个空落落的身影，感叹时间稍纵即逝，成长和离别无可奈何～,5,力荐,2,0.9999939671632492
"
                    2012-10-28 19:15:29
                ",约翰迈克莱恩,我也曾多么拼命地想去挽回一件事情，却让自己遍体鳞伤，是的，回不去了，即使我们是想让他过的好，但又怎么样呢？生命是不可逆的，是我们改变不了的，是现实的。,5,力荐,1,0.9977676700674029
"
                    2008-01-22 15:28:21
                ",skysunny,"慕名很久了，没想到会这么好看。
青春、友情、萌动、夏日午后、操场街道、夕阳自行车。。。。消逝的学生时代仿佛重现于眼前，并且比记忆之中的更加美好。
这部电影的最大魅力就是将写意又写实的中学生活与穿越时空这一大家熟知的科幻元素巧妙结合，打破常规中科幻片的构造，将三人的感情升华。
强烈推荐。",5,力荐,4,1.0
"
                    2011-03-05 22:51:42
                ",樹一,原来动漫也可把情绪刻画得那么微妙！！！看哭了啊~~~~~,5,力荐,6,0.9972223776063301
"
                    2014-05-05 20:17:16
                ",风悲画,【细田守】：成形于「穿越题材」不那么泛滥的年代，情节紧凑，设计巧妙，如同玩游戏各个结局走一遍，一遍一遍地推倒重来，但是……有次数限制的哦。青春是美好的诗，即便年轻人不能穿越时空、回到过去，他们还是有大把的时间，去改变未来。,5,力荐,0,0.9999999999997178
"
                    2013-03-10 21:06:14
                ",汀,时间停下来那里完全是我印象中的细田守இдஇ真琴这孩子笑起来太路飞了0w0最后千昭那句【我在未来等你】(*/ω＼*)后期BGM超有推动力听了就觉得啊啦少女心粗线了0v0,5,力荐,1,0.9999997463969613
"
                    2013-02-14 21:40:22
                ",瑶瑶,值得珍藏的故事。在青春时代那些友情和爱情的懵懂，那些天真无知的可爱纯真多么让人缅怀。完全被千昭和真琴最后那两段分别的戏萌到，又悲伤又感动。画风配音清新舒爽，让人心胸辽阔，暖暖的温柔在内心涌动。,5,力荐,1,1.0
"
                    2017-02-04 12:12:20
                ",思路乐,【C+】原谅我有些看不懂-_-||（个人感觉细田守最被高估的一部作品，他个人生涯的剧本最佳发挥是《狼的孩子雨和雪》）,3,还行,2,0.9982593968473051
"
                    2013-03-04 15:09:48
                ",䒳,最触动的不是时间跳跃，而是那些夏天我们一起无忧无虑讨论八卦的青春。太纯情得不真实，我在未来等着你。有时不要太纠结如果，顺其自然反而是最美好的。,4,推荐,1,0.9999133486196519
"
                    2010-02-21 10:03:14
                ",江河海,time waits for no one 和死亡幻觉一样的主题，但是却更温暖更有希望，那种希望不是来自于实现，而是来自于完成、关于自身的某种完成。,4,推荐,1,0.9999983230639599
"
                    2020-05-11 22:44:07
                ",最后一代等秋叶,真是太不好意思了，流了好多眼泪，生了好多气，看完还想立刻再看一遍。,5,力荐,6,0.9491751000398724
"
                    2010-09-20 21:11:14
                ",某茶君,"虽然很青春很夏天很纯净 不过虽然能理解千昭为什么会接受友梨 但是从情感上还是完全无法认同。总觉得若是一生只有一次用尽生命的纯爱的话 可不能这样就被随意动摇了吧。男生的心可不是玩物哦，是只要认定就不能轻易放手的！ ...time waits for no one ""我在未来等你""~",3,还行,3,0.9999999982126555
"
                    2011-03-15 12:48:13
                ",井戒,画面很漂亮，故事很简单，跳跃很飘逸。不过女主和夏日大作战里的男主长相也太没区别了-w- 其实从这部到夏日大作战，画技是有提高吧XD,4,推荐,0,0.999999567477943
"
                    2010-01-19 22:30:16
                ",羽族优伶,为什么是这样的结果？是我目光太短浅了？在未来相约，在未来---虽然是希望，但是总是有种很心酸的感觉--,4,推荐,2,0.9989976884284414
"
                    2011-09-15 21:35:55
                ",荒也,やら~~~やら~~~又撩拨起那些关于青春往事的小情愫了~~~ 555,5,力荐,4,0.9998853618938375
"
                    2011-08-31 23:52:05
                ",X,想想其实还是很想哭。音乐、画面都很好，故事很少女，节奏很不错。好喜欢男女主角，也很喜欢结局，虽然好伤感…… PS:看到真琴突然想起原来和@裹麦麦250 一起的时候啊，大概是因为笑声和哭声？ 总之虽然从来不觉得过去比现在过的好，但是记忆总是挑了比较美好的事情留下来啊。,5,力荐,1,0.999999999999942
"
                    2016-07-03 21:00:23
                ",Coralineee,"Every ending leads to something new. Darling, it's alright. Time will wait for you.",3,还行,1,0.6833515746535977
"
                    2013-01-12 14:38:02
                ",drain,我这个年龄看这类动画居然能看我，我由衷的佩服我自己，难道我那颗小清新的心理还在欲动，omg！动画很细腻女主角刻画那是相当丰富，我不知道算不算写实风格动画，但画面很小资啊,4,推荐,0,0.9999522707153549
"
                    2018-07-05 11:08:43
                ",樂啊樂,利用科幻描绘一个高中少女的青春，十分有趣，后面部分也比较深刻，将珍惜感情与时间的主题突出的十分好。,4,推荐,4,0.9999999909360054
"
                    2012-05-26 06:29:24
                ",dorafmon,Blablablablablablablablablabla,4,推荐,0,0.5
"
                    2008-07-19 23:27:51
                ",ZLY,穿越时空从来没有这么迷人过...我也想要那样的三个人的青春...time wait for no one 回不去，我们还有将来～算是对青春的一点缅怀吧～无上的欢乐与忧伤，穿越时空的少女～飞吧～,5,力荐,1,0.999999661351029
"
                    2012-04-09 22:22:02
                ",怀山鹿,青春的穿越，关于17岁，中学，适合怀旧用...里面的校服挺一中的。。。只是，女主角穿的是永不走光的短裙.......(据说动画和原著很不一样，原著更偏严肃一点,3,还行,0,0.9999209951229007
"
                    2010-09-15 21:43:19
                ",明日冰雪封山,-我会在未来等你的。 -恩，我马上就来！用跑的！ 你是要多煽情啊！pia！,4,推荐,0,0.9807001096377821
"
                    2013-04-01 17:07:54
                ",Anderson,用时空的契机诉说青春懵懂和害羞。'讨厌，明明很喜欢，为什么嘴上却说不呢'这是所有人在这时候的中心独白吧。话说回来，日本的女生其实是没有屁股的，他们的超短裙不管拉多高，都只能看到大腿。这让我想起一个童话，王子拿起电话打给女巫，你他妈的只给美人鱼一双腿！,4,推荐,0,0.9377428343779431
"
                    2015-05-17 14:08:57
                ",梦里诗书,穿越时空已然是一个老生常谈的话题，其或是穿越去往未来的科幻，亦或是穿越过往的荒诞，但鲜有一部电影能如《穿越时空的少女》这般，以科幻之名留存住一个近乎完美的青春之梦，在那清新的仲夏之日里，一名意外拥有穿越时空能力的少女献予了太多甜蜜的感动。,5,力荐,2,0.9999999999999998
"
                    2012-08-12 23:46:22
                ",Joyce,“Time waits for no one.” 时间可以过得很快，也可以过得很慢。等待，也如此。,4,推荐,0,0.42874503413703513
"
                    2011-06-10 21:43:50
                ",Anday,"“我在未来等着你”。“嗯，马上就去，跑着去”。满满的夏天的味道。蝉鸣回响、自行车轮滚动的节点、浅夏里凉风拂面、和空中白云游走的声音。比你一跃而起撇在身后的蓝天白云更加纯净的青春。 
",5,力荐,1,0.9516206682553046
"
                    2011-10-30 03:04:47
                ",EVA_征服天堂,看完后有点淡淡的忧伤。。。不知道现在是否能穿越从前好好珍惜你所说的那句话——我喜欢你。。。,5,力荐,2,0.99986256498468
"
                    2010-05-09 11:05:19
                ",理想多钱一斤啊,三星以上，四星以下。要是拍真人版，还不走光走到爆？结尾一句“我在未来等你”，哇塞，少女必杀台词么,4,推荐,1,0.9942522908444065
"
                    2012-08-07 19:19:26
                ",马克兔温,应该是滚球吧！穿越少女！穿越动作太没溜儿了。我在未来等你。那我用跑的。,4,推荐,0,0.9943847057474205
"
                    2009-10-09 02:20:00
                ",Fan,"我在未来等你  这句话 
即使有一天我喜欢上了别人 

你始终是特别的 重要的 

如同这个季节 将循环不息 
",5,力荐,2,0.9897892117379908
"
                    2014-08-08 15:18:15
                ",萨罗迈拉,故事很棒，那幅画来得有些突兀，千昭从未来回来的理由应该和真琴有关，否则略有脱轨之感。情绪很对，不错的脚本。,4,推荐,2,0.9999955837480327
"
                    2009-09-07 22:37:30
                ",阿吉娃娃,科学理论的角度说故事不够严谨，从题材来说还算新颖。里面杂糅了青涩的爱情主题，交错时光的爱恋~不过也有人生关于光阴的命题，TIME WAITS for no one~每次扯到这种复杂的主题，我就会觉得片子的内涵很高深~囧~~要是用歌名来形容的话，可以叫《被风吹过的夏天》，哈哈，其实描述的是一种感觉，就像我对淡淡风格的《坐在巷口的那对男女》、《我在那一角患过伤风》的感觉一样。,4,推荐,0,0.9999999999838587
"
                    2013-09-28 20:27:13
                ",远子,豆瓣电影T250里又少了一部……,3,还行,7,0.9820533126549666
"
                    2012-08-12 14:56:28
                ",公园,有点死神来了+回到未来的意思，不过作为少女视角的动画，更加温情细腻一些。,4,推荐,0,0.9999978971489785
"
                    2011-09-04 19:26:22
                ",Velox,软到不能再软的科幻。明显能看出细田守的导演功力还不及夏日大作战时期。整体结构不够清晰，甚至中段有些混乱；男女主角缺乏足够的情感铺垫，或者说男2号的戏份没有拿捏准确。亮点是女主耐人寻味的的心理转变、画风及某些分镜。如84分钟奔跑一段，用镜头匀速运动表现角色的速度变化，妙不可言。,4,推荐,2,0.9999999999746845
"
                    2012-05-23 10:23:12
                ",菜刀,最后的那句“我在未来等你”“恩，我会跑着去。”真的是甜蜜心窝啊。。,4,推荐,0,0.9998415807553932
"
                    2010-07-26 22:31:11
                ",小四不象,time waits for no one.人家都是穿越时空回去寻爱，她却是回去破坏，稀碎了吧，后悔了吧。最后设计成她再也回不去那个夏天，那才叫伤感，才叫现实呢。,4,推荐,0,0.9785723085736632
"
                    2010-07-14 22:54:53
                ",井行,到最后还是哭了。像你这样大大咧咧的女孩子，温柔的那一刻是多么令人心疼。好想也要一个timeleap这样我们就能回到从前,5,力荐,1,0.993224542918565
"
                    2022-05-10 20:17:43
                ",路人彦小二,"刚开始看着，画风不太喜欢的，不过后面剧情真好看，女主人设也很讨喜
一个获得穿越能力的女孩，只是穿越回去吃被妹妹偷吃的布丁、吃铁板烧、嗨唱10小时KTV、巧妙避免“nice日”的霉运、回避一些不想回答的问题，以及帮助撮合好朋友的恋情
开头的剧情有点懵，突然获得穿越能力的不知所措，后面恋情浮出水面，非常好看，又好笑又好看，真挚的少女情怀，青涩的爱情故事，不必日本两位动画大导的作品差
黑皮功介真好看呀，3人纯粹的友情真棒，没有狗血情节，女主遍体鳞伤要救功介那段真的好感动
有些事要面对，不然错过了，会后悔的
人物画面我不咋喜欢，但是环境画面真的超棒，镜头也超不错
细节处刻画得很好，青春校园气息爆棚
「-我在未来等你
-嗯 马上去 跑着去」
感觉这种穿越爱情故事，后面很多作品有借鉴的",4,推荐,0,1.0
"
                    2014-12-27 21:42:04
                ",软糖莫爷,不是有句话说少年时喜欢的东西会一辈子喜欢吗，第一次看这部片子时跟真琴差不多年纪，如今再看果然还是非常非常非常喜欢，片子里那种“气息”最棒，因此原谅了它所有的瑕疵。人生中尤其青春期一定做过遗憾后悔的事吧，但是我们都没办法像笨蛋真琴那样时空跳跃，所以当别人告白时，一定要认真听,5,力荐,1,0.999999859273198
"
                    2009-11-28 21:05:46
                ",sunny,被一句‘我在未来等你’打动了，可是千昭一定要回去吗？为什么不能留下来呢？以后还能遇上真琴吗？高中生活已经太遥远了，实在想念当初的纯真，2+1的懵懂青涩的美好的暧昧始终无法永久维持，既不能确定那是否是爱情，同时也担心表白了会令真挚的友情变得尴尬。青春啊，如果可以，让我们穿越吧～～～,5,力荐,0,0.99999999961114
"
                    2011-12-02 22:31:21
                ",.,即便這個世界上有時光機，還是無法改變任何結果吧。即便可以重新開始，還是會一遍一遍的錯過吧。time waits for no one。,4,推荐,1,0.1411207016264283
"
                    2012-03-30 16:47:30
                ",没头脑又不高兴,贞本义行的人设太对我的口味了，MAD HOUSE 水准一流， 细田守！,5,力荐,0,0.9910072721241382
"
                    2007-05-12 00:31:33
                ",17950,虽然是些那么眼熟的桥段，可小日本做出来的东西看着就是那么舒服！,4,推荐,0,0.8962662978871986
"
                    2009-06-25 01:10:55
                ",minyee13,说实话 第一次接受人物做主角的日本动漫啊 其实就是很真实的故事啦 比秒速好看太多太多了,4,推荐,1,0.9796776852005532
"
                    2012-02-27 05:21:02
                ",oui,看到后半段的时候哭得稀里哗啦。。想起曾经的自己也是和女主一样有着几个男孩好友。。之后各种原因彼此渐行渐远。。。好想念。。歌曲好听。。太催泪,5,力荐,1,0.9999981982574129
"
                    2013-08-11 16:16:49
                ",菠萝蜜个隆冬强,"在没有准备的真相面前总是会留下遗憾。似乎是“罗拉快跑”和“大话西游""的结合体，只不过相比之下真琴只是一个天真而傻气的中学生，为了逃避爱而逃避友情，最后的大哭真是让人心揪。这个滚来滚去的女孩子只得到了一个来自未来的约定，没有喷涌而出的剧情和鲜明的角色塑造，简简单单的小清新完全俘虏你",5,力荐,0,0.9999999750914552
"
                    2013-03-31 20:41:35
                ",仿真男孩哪吒,"就这样开始涉猎日本电影了呀 为了不要厌学 真不容易 一 一+
“不是来和你吻别 是在未来等你”",5,力荐,0,0.9989105914242136
"
                    2014-07-24 01:26:39
                ",光年‖影视歌三栖民工,换了是我，每一次的穿越时空不会独自羞涩或是拒绝，而是为了不断重温和心爱的人在一起的甜蜜时光,4,推荐,4,0.9999926464052374
"
                    2020-09-11 18:09:50
                ",麦姆威,动画少女版时空恋旅人。都挺好，就是人物画得太糙，只要远看就没有眼睛。你说如果有小孩看了这片真信了，会不会为了穿越跑去跳楼？,4,推荐,3,0.9999639207052549
"
                    2012-07-07 22:17:54
                ",XA™,#Touch#2012年7月7日电影，主题：时光机~即便能任意穿越时空也不是万能的啊~ OL：http://v.youku.com/v_show/id_XMTUyOTI4NjUy.html,5,力荐,0,0.6002259326852946
"
                    2007-11-03 17:29:49
                ",Lies and lies,"时间穿梭后事物如何发展没有形成体系.画风清新,动景很有宫崎峻味道.
整片展示青春的小心绪和纯真,命题没有得到扩展,煽情而已.",2,较差,3,0.9999993998984673
"
                    2021-02-07 13:26:59
                ",我们都在树上,"4.5。

一部科幻校园青春爱情的日本动画电影。

真的精彩与日本能做出这么好的动画；与科幻结合的恰到好处，情感上的共鸣也直击人心。
看评论说，女主的性格不是很讨喜；但我不这么觉得，女主本身就有这个年纪该有的活泼可爱，她自己也说了“虽然头脑没有那么聪明，但还不至于是笨蛋”。

时间穿越是本片的设定；对于千那个时代的描写不够详细，但是已经足够解答观众心中的疑惑了。
整部片子围绕的校园里面的几个主人公展开；场景很有限，人物形象并不单一。
我注意到，影片中女主跑在楼梯上的场景比较特殊；继续琢磨，原来是尝试性的动画改良，能理解。
女主确实跟两个男主走得太近；在我们中国，这种情况很少见，即使有也会被家长学校抹杀。
关于时空穿越的电影，就是围绕着几个特定场景来进行。
",4,推荐,1,1.0
"
                    2012-02-24 10:05:33
                ",一粒傻白不含糖,感觉没有评价的那么好吧。少女心理刻画是很细腻的，失去也不显得沉重。被改变的稀松寻常的小事构成了我们的青春，当你还是个女孩的时候，都有跨越时空的本领。,4,推荐,0,0.9999975997838711
"
                    2022-08-18 17:50:58
                ",曼靑,time waits for no one，岁月不等人。居然是我很喜欢的动画片《狼的孩子雨和雪》的同款导演。2006年的穿越电影，电影结构还没有现在这么复杂，只是说了一个很简单的夏日青春故事。险些因为自行车刹车失灵而撞电车身亡的17岁少女真琴，却意外拥有了穿越时空回到过去的超能力。掌握了控制时间的法则之后，她却只是把这些宝贵的穿越机会用在了一些鸡毛算皮的生活小事上，逃避做家务、数学考100分、回去吃没过期的布丁、延长在KTV的唱歌时间——这可能就是青春的美好吧。她用最后一次时空穿越的机会，回去见了陪伴了他一整个夏天的男孩最后一面。原来，即便拥有了时光机，遗憾也难少半分。「我在未来等你。」「嗯，我现在就去，跑着去。」去年冬天去了汕头的一家书店，墙上写着「我在未来等你」几个字，原来出处居然是这部动画片。它好像一直冥冥之中在等我,3,还行,1,1.0
"
                    2011-08-13 06:22:03
                ",荒人,在那个还有大把大把的未来可以挥霍的时代，一切都还存在着无限的可能——请务必相信，只要跑起来，一定能追上去。,4,推荐,0,0.998674826611031
"
                    2011-05-25 01:05:10
                ",南风吹梦,"决定一件事，很多东西不能犹豫，特别是中意某个人的时候 
“我在未来等着你”。“嗯，马上就去，跑着去”。爱杀真琴的性格和他们仨的感情。时间静止的画面。它终究是个关于青春的故事，在那个还有大把大把的未来可以挥霍的时代，一切都还存在着无限的可能——请务必相信，只要跑起来，一定能追上去。",4,推荐,0,0.9999999824204785
"
                    2010-09-11 03:31:48
                ",sandman,"若能穿越时空，我该回到哪个节点，遇见你，或者永远不出现；缓慢流动的时光，夕阳与水面，飞机的尾云划过天边；没有刻意的等你，可是时间就这样过去了，如果当时迎向前…
‘我在未来等你’。
",5,力荐,0,0.9997913005794511
"
                    2011-09-14 15:47:04
                ",AllenZ,Time waits for no one……时光不待人……,5,力荐,0,0.9647253589902579
"
                    2011-05-12 23:23:33
                ",Bo,讲述女孩因为有回到过去的能力，反而总是推迟或回避不做一些事，结果差点后悔不及，等她失去这能力时，才决定要把该做的做了。结局蛮好的，调调也浪漫，就是有时慢了点。,4,推荐,0,0.998615679280049
"
                    2017-06-04 18:29:45
                ",Finn,原以為會落入俗套，結果還不錯。故事架構雖不脫老梗，但青春的細節刻劃能讓人產生代入感，有了那些情感交織，才會對後來女主穿越的種種心緒感到不捨。此外，有未來人的設定不錯，通常在其他片中，未來人都是回來改變未來的，但這裡不是，反而是約好相遇於未來，著重於改變了過去之人，而非過去的事實。,4,推荐,1,0.023525288167555503
"
                    2012-03-24 15:12:57
                ",Dissipator。,我日，我居然能浪費一個半小時把這玩意兒看完，我真是太佩服我自己了。人設聲優劇情沒一個戳中我的點，就爲了那個【我在未來等你】的畫面，我等啊等啊等，磨啊磨啊磨，其間還被女主猶如女優一般的喘息聲和殺豬一般的哭號聲狠狠折磨了一把……我給我自己打五星行麼。,2,较差,6,1.5275060467612178e-06
"
                    2007-06-02 19:19:46
                ",mikaholic,忽然又把舊片重燃了一次.. 校園與穿越不算新鮮 但是這部太動人了.. 落日包圍快要消失的千昭 我在未來等你啊 某人繼續呆了 我會去 跑著去.. 某人 你要知道你的人生那一刻多美好..,5,力荐,0,0.9992192419807951
"
                    2008-04-01 16:43:38
                ",昏金暗玉,从他说抱歉，抱歉，抱歉开始掉泪。也许青春过后才更为那无疾而终的真心人心碎。世间最心碎的句子开头就是「如果…」，如果，如果，如果那时候…那该有多好…,5,力荐,4,0.9999953156618588
"
                    2014-03-19 01:20:40
                ",穆如初,再没有那样清爽无瑕的夏日了吧，畅快的过着属于自己的学生生活，因为一点点小事而欢腾雀跃，悸动，心酸，担忧，还有对时间毫不珍惜的挥霍。/1.时间2.没有我看不透的东西3.time waits for no one/你会等我多久？我整个未来都给你。/晚安【2】,3,还行,0,0.9999550240664696
"
                    2010-04-09 18:41:40
                ",MO,"我第一次的看的时候...哭得不得了...
TIME WAITS FOR NO ONE...
人生没有多少个再一次.我也不会等你多一次.
你从未来而来.为什么又要回去?

我在未来等你...即使一辈子...
",5,力荐,0,0.9779992969854512
"
                    2008-03-02 21:38:54
                ",lemoncan,温暖、动人、真诚、可爱、平实、有趣，讲述和青春有关的故事。And time waits for no one.,5,力荐,0,0.9999998977145854
"
                    2010-11-06 00:58:34
                ",leon mai,其实在功介的身份公布之前，可以毫不犹豫地给五星的。嗯，偶尔也想去怀念过去的小日子。,4,推荐,0,0.9168738507482834
"
                    2012-05-22 20:13:25
                ",幸子のいぬ,爱恋竟在穿越时空中来又走了。女孩的青春恋歌，很奇妙呢！,4,推荐,0,0.9999894218886041
"
                    2008-02-04 21:25:36
                ",yanagi是只,Time waits for no one.该说什么呢？珍惜吧。珍惜今天，珍惜每一次成功和失败，珍惜身边的一切，珍惜一见如故的朋友，珍惜那个半开着玩笑说喜欢自己的人……,4,推荐,0,0.9999998858377096
"
                    2013-11-20 23:16:35
                ",scofieldd,比之10年的真人版要强太多了，有着青春的质感和初恋的情怀，伤感而不矫情，新颖却不做作，没有真人版身世之谜那么多支线，显得干净和纯粹。真琴在不同的时空中不断的跳跃明显是在致敬千年女优，中间那段穿越戏更是有很强的既视感,4,推荐,1,0.999999999994698
"
                    2012-05-12 00:42:26
                ",寿司不能贪吃,「我在未来等你」其实我更愿意把这当做是仨人友情的故事来看。真的被80分钟的那段穿越感动到一塌糊涂了，单单这段就五星了好嘛T T 动画的场景好写实，画面很有质感的感觉。OST超级无敌好听，真的好喜欢呀嘤嘤嘤><,5,力荐,0,0.999999999793719
"
                    2007-12-09 21:17:07
                ",且歌且走,初恋那种羞涩的感觉最动人。不过真琴最后还是为自己而牺牲了好友的感情，能够利用时空来修改既成的事实，这也算是自私吧,5,力荐,0,0.99999154463895
"
                    2013-12-25 01:45:42
                ",硬搞,欠撞蠢少女穿越时空一厢情愿替人做媒的故事。,2,较差,11,0.720452883987889
"
                    2008-10-26 20:47:17
                ",霍伯森的选择,"还是很不错的,如果不是最后那个在未来等你的无里头大话,我会给4星.唉",3,还行,0,0.8944398709771545
"
                    2012-08-15 00:06:21
                ",UglY_MoNey,怎么可以那么好看！！！忍不住狂吼一声！！！细田守你太适合这种现实生活和科幻相结合的主题了！！！不同于真人版的是，细腻的感情一直窝在心头，冲也冲不出来～就像阿姨说的，不管我们改变未来的事小事大，牵涉的不止是自己。起初一直以为真琴会跟功介在一起，不过这MAMO类型的千昭真不是盖的煽情～,5,力荐,2,0.9999999081324116
"
                    2011-03-21 14:30:24
                ",暖暖内含光,很可爱的故事，年轻的女孩得到穿越时空的能力，觉得好玩，就没完没了的瞎折腾，一点破事儿不满意都要回到过去把它纠正过来，结果弄得一团糟。。。青春啊，也许就是不断的做错事，想着还有很多时间去弥补，却在最后发现时间早已消逝的过程吧。Time waits for no one。,4,推荐,0,0.9999703334330441
"
                    2009-03-21 17:08:55
                ",HurryShit,其實（又）是一部純愛電影。我喜歡前半部分的生活描述，迷糊可愛的女主角，簡單的線條，好聽的音樂，淺白的對話。,3,还行,0,0.9995955855242951
"
                    2012-01-02 02:09:54
                ",城大王不是老虎,先说为毛是五星，因为最近真的没看什么电影，其次就是，这应该映射了很多很多人的内心吧，看在都如此幼稚和青春的份儿上,5,力荐,0,0.9970537875952695
"
                    2013-05-18 01:51:17
                ",阿联酋十四阿哥,虽然情节有些问题，尤其是后三分之一很无趣，但青春的情怀好棒，单纯的勇敢的心也好棒！想一直在一起的愿望也好棒（自己完全都没有了）。配乐好听。TIME WAITS FOR NO ONE,5,力荐,0,0.999999198082991
"
                    2010-12-25 01:07:32
                ",山地大猩猩,怎么穿越的没看懂，看着看着要睡着了。救朋友什么的好闹心，后来怎么就发现那男的的秘密了，不就是会穿越吗，整天折腾这些小事也能当电影，最后说在未来等她，到底怎么到未来？一点没懂，超级无聊，怎么就这么高分了。,1,很差,2,0.9991450124221581
"
                    2012-12-05 03:11:29
                ",外星纪--南庄座,2012/12/05 wed 日本动画版本的蝴蝶效应嘛~不是很有爱 各种莫名,3,还行,0,0.9967948779746614
"
                    2011-08-03 22:30:26
                ",Scar59,Time waits for no one.,5,力荐,0,0.44767845850986676
"
                    2009-03-16 17:08:21
                ",Toughcookie,我听到你声音的几率到底是多少，或者百分之百，或者为零。穿越了时空，眼神中依然是那么惶惑和闪躲，终究和爱失之交臂。,5,力荐,0,0.9287969503398704
"
                    2012-05-31 01:13:07
                ",一事无成孟烦了,以我的智商 不太明白他俩的时间交接会变成怎样  那种悔恨的崩溃的流泪情形剧中出现两次 我很明白 实在痛心裂肺 以前初中时 来了一个转学生  漂亮女生  风云人物 感情生活被传言的异常精彩   本跟我这种对感情生活少根筋迟钝的人完全不搭边  可是她却异常喜欢我  经常夸赞我 给我的留言上写到 时间太早,3,还行,0,0.9999983376312466
"
                    2010-08-21 12:51:55
                ",流沙,某一天我按下一个按钮穿越了时间.遇到了你.可是却导致了身边的所有人都不幸.所以我准备穿越回去不按那个按钮.就当今生没有遇到过你.,4,推荐,0,0.3241869151512822
"
                    2012-10-20 23:46:18
                ",阿曼达‖微微思想一下就卡壳了。,很感动。为了能够回溯的青春，打多少星都不为过。改变什么的，我不要，能随意改变的青春不珍贵。我只要认真体会曾经拥有的一切。对自己再好一些，对特别的人再多关注一些。再多笑一些。,5,力荐,0,0.9999999760623414
"
                    2010-08-08 02:11:14
                ",分岔花园,有时候，为心中的那个人所做的千万的努力，都只是为了能听见他说，我在未来等你。亲爱的你，也会在未来等我么。,5,力荐,0,0.9994359230563886
"
                    2010-02-05 22:21:37
                ",Zero-_-,三个人是可以很和谐的，我会怀念那段日子。如果可以让我也倒退的话，生活会比现在更好吧。,5,力荐,0,0.9984446784088323
"
                    2012-05-25 22:00:50
                ",苹果在树上,好稀饭真琴，不矫情不别扭，“我在未来等你”“好的，马上过去，我会用跑的”,5,力荐,1,0.9819809658638916
"
                    2009-05-10 02:46:30
                ",找了很久找不到,清新的节奏和少女的情怀。第二次看，剧情非常拖沓，情绪点处理不当，空镜应用突兀，画面做得好看应该如新海诚那种，但是没有。,3,还行,0,0.9980209926843934
"
                    2013-05-02 20:59:49
                ",风蚀蘑菇,特别夏天的电影，细田守作品里最喜欢的一部。爽快的节奏，细腻的情感刻画，有笑有泪的情节，结局想起时间旅行者的妻子，最后一跳和结局的慢镜头特别大气。除了逻辑性逊于石头门甚至凉宫春日的消失不太好。说起来，三个人的时光不比二人世界差。两男主设定得好校园偶像但还是帅到我了无可救药少女心啊,4,推荐,4,1.0
"
                    2012-06-18 22:28:30
                ",不平行,很早就知道泪点在哪里了。。。但还是没忍住泪啊,4,推荐,0,0.6831353280889253
"
                    2010-09-13 18:12:16
                ",甘蔗,永远忘不了真琴眼泪像散掉的项链一样冒出来的样子 哭的可得真难看 跟我一样呢 家门口的长坡犹如映画里面一样 每次走到路口都情不自禁的冲下去 踩着雪淋着雨 撒着自行车把 我在未来等你 跑着去 最近听说或者看了很多 都有种男人并不是真正喜欢着女孩的感觉 可能是自己的自私狭隘感情禁锢着自己的思想呢 ,5,力荐,0,0.9999999965625221
"
                    2009-12-30 11:47:46
                ",不羁肉球,有点乱啊    不过主题还是好的   不知道他们在未来怎么见面,3,还行,0,0.9061502714928281
"
                    2012-02-13 21:20:27
                ",madaoooo,典型的现代日本动画电影，太太太太太感人了，最后为什么不直接亲上去啊！！,5,力荐,0,0.8987613107345219
"
                    2021-02-02 11:02:13
                ",伍月,【A－】前一小时对各种小心思和夏日环境捕捉铺开的多精准啊，后半小时非要玩什么反转煽情。。but不说剧本，新海诚要是能有这一半导演水平，《你的名字。》都会是超神作。（我在未来等你，呜呜，为什么这种中二台词总能被二刺螈搞的这么浪漫啊）,5,力荐,2,0.9997290795871568
"
                    2011-08-01 12:37:11
                ",.H,女猪脚有一条神奇的永远不会走光的短裙! //传说这个有真人版的，求问看过的童鞋，演员拍这片子得摔多少次啊...,4,推荐,0,0.952039305507751
"
                    2019-02-16 19:43:23
                ",Lu,3.5星吧，優點是作為線索的伏筆不少，但缺點是劇情上的邏輯漏洞也不少。還有，真琴是個蠢到會讓人拳頭很硬的女主角-.-可以為了雞毛蒜皮的一己私慾和逃避抉擇胡亂穿越，但是不會為了被真琴害到被霸凌的男同學穿越時空，也不會為了被滅火器砸傷肩膀的好友穿越時空。所以後面即使看到她在搓合功介和學妹的感情也不會讓我覺得她是個會為他人著想的人，說穿了就是以自我為優先的自私笨蛋罷了，很人性，但不是很討喜。再者，被阿姨提醒使用能力的話，有可能會讓他人代替承擔厄運，而班上男同學和好友也的確在她面前展現了是如何成為了代替者，而女主角卻渾然不知，直到最後引發功介和學妹被火車撞上的未來時才知道後悔。因為以上幾點，所以最後看到千昭與真琴的錯過，我也沒感覺太難過。,3,还行,2,4.576061563010825e-08
"
                    2017-12-08 21:59:32
                ",粟冰箱,时间凝固的夏天，少男少女隔着灰色的人群告别，拥抱过后，转头却消失了踪影，真的好美啊……,5,力荐,3,0.9944696966251841
"
                    2013-02-11 23:11:56
                ",白,如果你会穿越时空，你会滥用这项能力吗？真琴的性格有时候挺让人讨厌的，对喜欢自己的男生没有明确的态度，就算是怕说了做不成朋友，也不该这样，什么事情都从个自己的角度出发的人最让人不爽了。影片最大的亮点就是结局。,5,力荐,0,0.9999380757907125
"
                    2013-01-09 19:44:32
                ",走走看看,虽然剧情真的很傻，但是偶就素很稀饭啦，初中的我肯定喜欢，高中的我也必然喜欢，大学的我绝对喜欢，现在的我还是很喜欢。千昭，你个笨蛋！真琴，我在未来等你。,5,力荐,0,0.9999579553861377
"
                    2013-01-02 19:05:05
                ",flyingzorro,"时间不停流逝，无法回到的过去，遥不可及的未来
Time waits for no one！",5,力荐,0,0.9651999084882409
"
                    2013-03-29 06:28:49
                ",Fermi.Paradox.,如果可以穿越时空 我会回到哪个时刻？ 想了很久 越想越往前 似乎有很多想要改变的。可一路上遇到的那些人呢 如果变了 他们还会在吗？舍不得。觉得明白了。有时往前看害怕会后悔的事不如往后回顾一下 如果那时的决定是继续 选择相遇 那未来也无需害怕了 知道自己不会后悔就够了。珍惜。,5,力荐,0,0.9999951538700501
"
                    2014-04-26 17:16:42
                ",jagpumpkin,石田卓也的长相乡土健康淳朴帅气，声音温柔好听，真是一枚低调的好少年！千昭对真琴的告白太可爱了，就想告诉你就想告诉你就想告诉你就想告诉你！不太能理解霓虹以及当下的风潮，连纯爱都不会写了一定要穿越才能加料，不过笨蛋的浪费式穿越还是很青春质朴少年的，开头嫌浪费后来才觉时不我待就是如此。,3,还行,0,0.9999999999797697
"
                    2007-06-14 23:09:27
                ",卫卫卫,用动画来讲一个如此生活化的故事，感觉非常舒服！确实唤起了我一些中学时代的记忆，淡淡的，酸酸的，又有一丝难忘的甜味。。。就像主人公没有吃到的布丁蛋糕，就是这种感觉！,5,力荐,0,0.9999999986377599
"
                    2010-12-16 14:27:19
                ",juliette,刚看完的时候没太多感慨，回头想了想，却深深觉得“青春就是以为可以不断的重来不断的倒回不断的挥霍也没关系”的一段岁月，可是等到过去了才发现原来那些熟悉到厌烦的地方、事情和人已经淬炼成记忆里最怀念的过去。,4,推荐,0,0.9999940855406434
"
                    2012-06-18 09:06:19
                ",未命名,这是我除了宫崎骏的动画外，最喜欢的动画片类型，画面很漂亮，片尾曲很好听。。。,5,力荐,0,0.9991913854900116
"
                    2015-07-11 10:53:03
                ",CapyPOWER！,设定是在未来人们可以拥有回到过去的能力从而改变时间，然而讽刺的是，真琴回到过去那么多次，但是Time waits for no one. 很喜欢三人组，想到自己的小学初中，在三人组里度过了最快乐的时光。现在却不知道大家都去哪儿了在干什么,5,力荐,1,0.9999997027942855
"
                    2010-11-08 22:51:52
                ",风雨骑老师,这款游戏不管load多少次，爱的option永远不变,5,力荐,0,0.9491660599761816
"
                    2011-02-16 23:12:53
                ",nocturnedxx,罗拉快跑，第一感觉。看少女用意外获得的时光穿越法不亦乐乎地解决令她困扰的零零总总，片子从千昭对她说出自己其实来自未来开始弥漫伤感的情绪，幸好是被你这个笨蛋真琴捡到了啊，他心里是流淌过喜悦。才发现那么多人留恋17岁，那个夏天聒噪的蝉鸣，空气里的热浪，纯粹的友情，暧昧藏起的情愫都还在,4,推荐,0,0.9999999999999594
"
                    2012-01-25 22:28:18
                ",阿卜,╮(╯▽╰)╭，哥德堡变奏曲应该是图雷克那个版本的吧~,4,推荐,0,0.5334998563594066
"
                    2012-09-30 23:37:04
                ",Never-land,“我在未来等你。”“嗯，我马上去，我会用跑的。”←T^T,5,力荐,0,0.98990723278516
