time,uname,comment,star,title,support,sentiment_score
"
                    2009-04-01 01:33:35
                ",暖鱼,090331美嘉——这样的片子还是不适合在电影院看——人多的时候看这样的电影，就是一个旁观者。,3,还行,943,0.9936245589052316
"
                    2009-05-07 17:44:23
                ",UrthónaD'Mors,"“每个人都会经历这个阶段，看见一座山，就想知道山后面是什么。我很想告诉他，可能翻过去山后面，你会发觉没有什么特别，回头看会觉得这边更好。但是他不会相信，以他的性格，自己不试试是不会甘心。” 
",4,推荐,4501,0.9990119601820948
"
                    2009-02-24 12:27:02
                ",莫沂,还是最喜欢张曼玉在窗边那几段……,4,推荐,2161,0.9979998306393832
"
                    2009-04-03 23:50:32
                ",苏比,"在我最美好的时间,我最喜欢的人不在我身边。如果时间可以重新开始该多好。",5,力荐,3495,0.9729898265822134
"
                    2015-02-28 07:01:43
                ",[被迫停用],后来我看见很多观众解读《东邪西毒》和《东成西就》的联系，其实完全没有的，唯一的联系就是演员是一样的，他们白天去拍《东邪西毒》，像死了亲人一样，晚上来拍《东成西就》，像吸了毒一样，都要发疯了。”,3,还行,255,0.9999650079784129
"
                    2017-04-01 11:37:44
                ",蓝下老婆,为啥分这么高，没有觉得剧情有多好，如今看来里面都是大咖，当时看不会这么觉得吧,3,还行,117,0.2023902688238418
"
                    2017-03-23 23:33:32
                ",sharon,我能说我更喜欢东成西就吗,4,推荐,59,0.7169150922700233
"
                    2010-09-19 00:54:28
                ",幻影刺客,你以为谈的是武侠，其实谈的是爱情；你以为谈的是爱情，其实谈的是人生。,5,力荐,1641,0.99643746866175
"
                    2009-04-25 16:31:38
                ",影志,一个沙漠的后面是另外一个沙漠，一个人有烦恼是因为记性太好。“你越想知道自己是不是忘记的时候，你反而记得越清楚…当你不能够再拥有，你唯一可以做的，就是令自己不要忘记”,5,力荐,2531,0.9957322554062823
"
                    2008-10-21 08:14:39
                ",眠去,如果感情是可以分胜负的话，我不知道她是不是赢了，但我很清楚，从一开始，我就输了。,4,推荐,2262,0.9179598821378911
"
                    2006-01-02 15:08:20
                ",寂地,"当一个人没有办法拥有的时候,最好的办法就是,让自己不要忘记....
因为这句话喜欢这电影.",5,力荐,1512,0.7870206156853236
"
                    2012-12-29 20:29:01
                ",巴喆,王家卫是借金庸的皮拍出了古龙的骨，在这里没有侠之大者，只有浪子、傻女和大漠。　“风也未动，幡也未动，是人心自己在动。” 这漂浪的人生正如大漠一望无垠，在时间的灰烬中只想和你浪迹天涯，客死他乡。太喜欢陈勋奇的配乐《天地孤影任我行》：一去不返，一眼万年。8.6,5,力荐,1210,0.9999948506396369
"
                    2006-12-02 20:50:17
                ",泪小鱼|念。,给我一坛醉生梦死酒。,5,力荐,1092,0.9174927171779106
"
                    2008-05-04 17:49:08
                ",趙小漁,已經好久沒有這麼NB的片兒出現了……我懷念那個NB的時代……,5,力荐,712,0.038691035002010876
"
                    2018-08-02 14:22:34
                ",张熊熊,男的都在逃，女的都在等。等待是绝望的，因为身不由己。所以等的人，往往要比逃的人更有勇气。感情和武功不一样，没办法分出第一第二，在感情里较劲的人，其实从一开始就已经输了。回不去的白驼山，不过是心魔作祟作茧自缚，看到简单又直接的洪七，我也好妒忌。,4,推荐,485,0.9999852061584008
"
                    2008-01-10 16:55:02
                ",老鸡｜扶立,电影诗,5,力荐,1607,0.9740445087418198
"
                    2013-01-20 13:05:50
                ",朝暮雪,张国荣、林青霞、梁朝伟、张学友、张曼玉、刘嘉玲、梁家辉……再加上王家卫，这阵容无敌了。,4,推荐,465,0.9993761810542403
"
                    2013-09-21 20:41:29
                ",流风揽湖,真不知道是王家卫完整了文青的矫情，还是文青的矫情毁了王家卫。,4,推荐,622,0.7715375825470459
"
                    2013-11-27 18:17:32
                ",掉线,【B】这不是武侠片，这依然是一部王氏爱情片，故事更加弱化，发散情绪更加严重，最喜欢林青霞的部分，觉得是看过的王家卫电影中质量最一般的一部，虽然依旧是喜欢。（王家卫要是去开个微博，那些爱情鸡汤营销微博都得被他逼死。）,5,力荐,269,0.9999969736184225
"
                    2009-03-31 09:04:15
                ",狮子人,风继续吹 哥哥继续型,5,力荐,531,0.8800447806500772
"
                    2016-07-02 05:09:40
                ",曼仔,高度风格化，完全诠释了电影是造梦，非常任性地构建自己的审美王国。不过我不喜欢。画面与调度再美，也没挡住台词的雷人……实在受不了这种台词风格。不过其实还是挺冷幽默的，可以当dark comedy来看？,3,还行,20,0.9999965295552001
"
                    2010-11-10 22:00:12
                ",欢乐分裂,脸上流动的鸟笼光影，水面荡漾返照的神态，那轻柔的抚摸，那声声的叹息，那辗转不眠的询问“你究竟喜不喜欢我”，都是时间的灰烬。,5,力荐,300,0.9713024956386784
"
                    2009-03-29 16:19:23
                ",大头绿豆,"1999年的时候多么喜欢啊。2009年却在影院呆了二十分钟就走了。从来没有这样过。已经过了看这种东西的时代。许多事情，适合留在记忆里。

对白永远经典。",2,较差,640,0.9995200331078684
"
                    2009-04-19 01:57:07
                ",原来是西门大嫂,王家卫还是蛮厉害的，可以把很多抽象的难以名状的东西准确的拍出来，这不就是电影最大的魅力么~刘镇伟真的很能搞王家卫啊，大话西游和天下无双简直就是东邪西毒外传么，那个太经典的成和就就不说了…,4,推荐,151,0.9137637426045272
"
                    2018-05-18 20:59:45
                ",遇见彩虹🌈,张国荣，梁朝伟，林青霞，张曼玉，只有王家卫才能聚起这样一众演员演绎别样的江湖吧。,5,力荐,357,0.9999594686759451
"
                    2020-03-05 23:51:12
                ",连城易脆,十二日，惊蛰，麒麟日，桃。始华，仓庚鸣，鹰化为鸠，今日宜观影《东邪西毒》。中国的古典武侠文化最讲究的就是【意境】二字，显然，王家卫在这方面也已入化境，用他最标志性的摄影风格、金句频出的台词、首尾呼应的叙事、爱恨交织的剧情结合大漠孤烟直长河落日圆的戈壁景色将古典武侠中最有意味、最有境界、最有感觉、最有格调的美感充分得展现了出来。时年张国荣38岁，梁家辉36岁，林青霞40岁，梁朝伟32岁，张学友33岁，张曼玉30岁，刘嘉玲29岁，杨采妮20岁。而王家卫36岁，陈勋奇43岁，杜可风42岁，张叔平41岁，他们在他们最好的年华里奉献了这部足以彪炳影史的杰作，我愿意将剧本打印下来，时而翻阅，每年惊蛰都同欧阳锋和黄药师叙叙旧，喝喝酒，一同醉生梦死，当你不能再拥有的时候，唯一能做的就是令自己不再忘记。,5,力荐,115,1.0
"
                    2018-05-23 09:26:46
                ",东篱,以时间为绳索，每个故事看似独立，但爱恨交加，因果交缠，千丝万缕，最终都汇聚到同一条时间的河流去。,4,推荐,159,0.9992669878299418
"
                    2007-06-03 01:16:14
                ",琧婯,借武打片的皮讲了一个后现代孤独症候群的异化故事,4,推荐,144,0.9908009828950319
"
                    2014-04-26 13:34:48
                ",考玛,断断续续6年才看完的电影。慢速滤镜化的镜头语言，讨巧的镜头画外音念着情感语录，每个人脑门上都刻着两个字：矫情。,2,较差,25,0.9852506662561954
"
                    2008-05-26 01:55:23
                ",九尾黑猫,本来想拍搞笑片的大闷片。。,2,较差,17,0.220816334610638
"
                    2008-11-09 19:16:11
                ",mon babe,忘却，只是自欺。,5,力荐,311,0.28464188107400057
"
                    2008-04-18 04:36:57
                ",文泽尔,一籃子雞蛋換來了北丐的二老婆，西毒是個開殺手公司的高手——王家衛其實是將一些平常故事的片段截取了出來,4,推荐,81,0.5035600498795502
"
                    2018-05-23 07:13:10
                ",橘猫爱吃鱼,佛典有云： 那时，旗未动，风也未吹，是人的心自己在动。 ,4,推荐,96,0.9081140499191341
"
                    2015-10-17 16:36:43
                ",冰红深蓝,只有王家卫能把武侠片拍得这么文艺，影片套着武侠的包装，内里仍是导演钟情的主题——爱情的迷惘与痛苦。碧蓝苍穹与大漠黄沙，确为侠骨柔情的意境。浓烈的色彩、凌厉的剪辑、优美的配乐和强大卡司也都是墨镜王的风格，不过密集的浅显哲理性台词也是一贯的矫情做作，非线性叙事为其扳回一城。（8.8/10）,5,力荐,97,0.9999999999992444
"
                    2018-05-23 23:52:38
                ",春风不解意,张曼玉的气质简直无敌了。荒漠的冷僻、孤寂和人物的疏离、情感的迷茫互相映衬。我心中香港武侠电影的巅峰。,5,力荐,171,0.9999999954542513
"
                    2017-03-13 21:37:47
                ",爱情海,想置身于那一片沙漠，孤独、冰冷，却不想抽离，还有那坛让人不再痛苦的醉生梦死,4,推荐,42,0.9992633468956128
"
                    2007-04-30 18:49:54
                ",米姐起飞,猪最喜欢的电影。那种随风而逝的飘忽不定的感觉。,5,力荐,78,0.7905144859290191
"
                    2018-05-24 11:06:56
                ",👹天神的审判,每个演员表现都很棒，引人入胜，把人物内心和情感刻画得入木三分。大漠孤烟，夕阳残照，营造出荒漠中疏离冷僻孤独的气氛，拍摄出的景色很美，在绝美中突出了凄凉的意境。,4,推荐,37,1.0
"
                    2014-10-02 22:42:10
                ",Indecent time,我算是明白了，内心情感这种东西，拍好了就是王家卫，拍俗了就是韩寒，拍矫情了就是小四，全片关乎逃避、孤独和选择，适合人生每个阶段单独品位,5,力荐,74,0.9999999944142444
"
                    2018-05-23 22:53:57
                ",八月,很多搞笑电影失败之处在于常常给人很尬主角智商底下笑点很不足的感觉，而这部电影却恰恰用极高的笑点掩盖了搞笑电影带来的不适感，似乎整部剧的风格就是如此，反而不会让人出戏或者嫌弃主角的智商,5,力荐,29,0.9999953249305212
"
                    2018-06-28 12:49:06
                ",回忆与否之,这是武侠片里最偏走的一座巅峰，也一度是我心中的第一。年少时看曾有无限的冲击，直到如今也依旧遍布感概。那最深刻的酒、最痛彻的情，将那些未曾倾诉的、意图表达的、以及难有明了的，都尽收其间。王家卫电影的格局总不同别人，他必须得是情绪的、迷离的，同时又是克制的，才可能拍出他想论说的。他集中描刻的这8人，既有关联，亦含割裂——关联在人，割裂在心。封它为巅，因为它极致的文本和形式，宛如大漠中的一抹泡影，如梦似幻，拥有那最华丽的色彩，可转眼便消逝无踪、无可追从。皆为情中困、又为爱而伤的怜悲者，哪日转笼破？唯有铭花落。大漠白烟西行路，痴情何消酒肠肚？终归时灰沫。多年以后，一次旅行我途经大漠，忽然意识到时间的灰烬，从无止境。一如那些蓝天与黄沙，荒芜、颓废，仿佛人心深处最隐秘的阑珊口，成为堆积与沉溺的另一种极致,5,力荐,32,1.0
"
                    2018-08-02 22:57:14
                ",春夏丶,王家卫的片子就像芥末，偶尔吃一次会觉得很新鲜，但你第二次吃的时候就会马上心生厌恶。整体的大沙漠江湖布景从头到尾，打斗什么都看不见，角色多但谁也立不住，旁白是两个人的视角，出场随便死亡随便，出口就是‘我要杀了他’。只凭那么几句不痛不痒，略带文字的台词，真的是高分强奸了我的一个多小时。唯一感触：刘嘉玲老阿姨年轻时候竟然这么漂亮。,2,较差,26,0.9996694996459841
"
                    2010-09-19 11:06:10
                ",樹一,“我一直都以为自己喺赢那个，直到有一天我望住块镜子，我先知自己输佐。在我最好的时候，最中意嘅人都不在我身边...”“我曾经听人讲过，当你不可以再拥有嘅时候，你唯一可以做嘅，就喺令自己毋忘记。”,5,力荐,45,0.999981127020891
"
                    2018-05-26 12:24:55
                ",哈哈哈啊啊啊,"人生哲理汇集，看完总有能引起你共鸣的。“任何人都可以变得狠毒,只要你尝试过什么叫嫉妒。”",3,还行,37,0.9997977811090186
"
                    2021-03-07 12:35:43
                ",Suda_🍑,"每个人都没勇气找最爱的人。台词经典，配乐经典，王家卫一定搞过哲学。",5,力荐,41,0.9975464989115154
"
                    2020-06-24 02:13:27
                ",海王星北,装逼界最牛逼的人物，台词硬生生的跟写诗一样，除了脑残片似的观点，还有什么呢。王家卫也许应该遗恨终生自己没有四个字的名字,2,较差,4,0.9997002433892145
"
                    2018-05-25 11:25:37
                ",翠蝶🌸羽生✨💫,优美的摄影构图，复杂的人物关系，矛盾纠结的内心。张国荣的表演不仅自然细腻，而且成功地诠释了多重性格的另类欧阳锋。,5,力荐,38,0.9999999989954611
"
                    2018-05-23 21:38:44
                ",偏要勉强,“当你不能够再拥有，唯一能做的就是不要忘记。”一个人，一段故事。,4,推荐,73,0.9943854576505939
"
                    2007-08-21 07:00:05
                ",小耳朵图吗,………………,4,推荐,45,0.7499999999999999
"
                    2018-05-22 19:02:34
                ",北城南笙,影片错落的人物和故事相互交错发展，优秀的摄影展示出一个虚构的想象世界。,4,推荐,16,0.9999998241845354
"
                    2018-05-25 20:19:32
                ",初秋絮,张国荣的表演不仅自然细腻  而且成功的诠释了多重性格的另类欧阳锋。,5,力荐,33,0.9998924755504228
"
                    2021-03-26 23:15:06
                ",木木三又二,"现在来看都是非常前卫的一部电影，当年连主演都说没看懂。披着武侠外衣，其实故事内核是几段爱情故事。可以说是射雕前传也可以说是同人故事。王家卫开头使用了倒叙，之后又用碎片片段式讲述故事，使得故事非常晦涩难懂，但剧情其实很完整。除了故事本片其他方面做的真是都非常好，镜头，配乐，摄影，台词，表演等等。当陈勋奇的《天地孤影任我行》响起时，真是让我起一身鸡皮疙瘩。摄影更是完美，毕竟杜可风拿到了威尼斯最佳摄影。全片还是典型的王家卫风格，台词极少但金句频出，“当你不能够再拥有，你唯一能做的，就是让自己不要忘记。”优美的台词搭配如梦似幻的摄影，这才是诗一般的电影。群星云集，每个人都很出色，但在这种王家卫风格极其强烈的片里演员只是棋子。少有的能让我看到片尾字幕最后一秒的电影，我真的是爱死王家卫了。9分。
",5,力荐,27,1.0
"
                    2018-05-23 22:57:18
                ",呆萌小七,大咖云集，以前的片子，看那部都不过时，蛮有意思，个个经典！,5,力荐,22,0.8918392363612391
"
                    2017-02-15 21:12:46
                ",铃儿响叮当,永远记得住梁朝伟的香肠嘴，关键这样了都还是帅的,5,力荐,26,0.8451660328700626
"
                    2020-08-15 21:37:05
                ",🌵🌵,谭家明的剪辑让本片在王家卫的作品中如此独特，其对连续性的破坏和流动的光影让影像呈现为“虚”的形态：独白成为意识的主体，而画面变成抽离的，陷入了时间的真空，我们不能看到人物之间发生了什么，只能借由独白感知他们当下状态（为摆脱痛苦做出的无谓努力）与人格的撕裂带来的更加绝望的痛苦。美术风格和心境割裂，撕裂和痛苦被红暖色调包裹起来，蓝冷色调中却注入积极上扬的热枕。汹涌的海浪、广袤的沙漠是主要视觉意象，而人，却始终脱不开窗框和围栏，以及纵深与焦距的隔膜。,5,力荐,8,1.0
"
                    2011-12-28 06:35:41
                ",陀螺凡达可,被精雕细琢的经典,5,力荐,42,0.7410444709750486
"
                    2017-03-21 22:06:42
                ",双叶杏子, “从小我就懂得保护自己，我知道要想不被人拒绝，最好的办法就是先拒绝别人。” ,5,力荐,35,0.246463078909965
"
                    2016-01-14 13:28:47
                ",津五渡,这部影片就像酒，醇厚、绵柔，兑上十坛水来也醉人。那些求而不得的爱情呀，叫人心伤。摄影真是牛，让人惊叹光影的魅力，原声大碟也醉人，余音绕梁。还有那一句句像诗的台词，“当一个人没有办法拥有的时候，最好的办法就是，让自己不要忘记”。,5,力荐,19,0.9999999988216712
"
                    2022-04-28 22:52:31
                ",想象,背景武侠，动作戏混乱到难看，武功威力夸张到没有必要。文戏满是情爱充斥着王家卫思想显得别扭。如果不是演员的阵容和音乐的带动还真有点看不进。虽是王导，但这部确实喜欢不来。不提那些文绉绉的独白，就凭美术观感这块一言难尽，抽帧用在重庆森林堕落天使我都能感受到一种艺术氛围，但在东邪西毒用的…抱歉。能感受到王导的任性，剪了很多演员的片段，只为表达电影的情绪，但，似乎还是不够。,3,还行,12,0.9999999999999976
"
                    2018-05-23 23:09:41
                ",烟雨墨冷竹离殇,过去的电影还是蛮经典的，笑点不低。,4,推荐,17,0.8811828389188587
"
                    2018-05-25 23:30:13
                ",如是,绝美的凄凉，大漠孤烟、夕阳残照，影片整体苍凉孤寂感浓烈。,5,力荐,18,0.9999788548184172
"
                    2008-10-18 13:10:18
                ",艾小柯,岁月尽头,4,推荐,55,0.8344830786324263
"
                    2010-04-15 07:20:16
                ",shininglove,怀念1994年。,4,推荐,29,0.7197317501204507
"
                    2018-05-25 23:33:35
                ",一起吃地瓜,这片子说的什么，仔细想想是武侠是爱情亦或人生？,4,推荐,14,0.9990918469105545
"
                    2017-03-26 23:33:55
                ",X,在哪里看到过说一位演员一开始演的时候也没懂导演想要表达什么，只是演了，多年以后才明白过来超前的含义,4,推荐,12,0.9967553284236013
"
                    2008-08-15 19:00:13
                ",mOco,弄得我一头雾水，镜头也没有那么有感觉。不过配乐、台词很好。,3,还行,10,0.9974543236207951
"
                    2006-10-07 11:17:37
                ",Lan~die,"Ashes of Time，时间的灰烬。关于迷失的忧伤的诗。在拒绝与被拒绝、选择与逃避、等待与绝望的纠缠里，每一个男人都在漂泊、为爱负气走天涯；每一个女人都在痴痴盼望伤心欲绝。让我们一起来喝一壶“醉生梦死”……
台词：每个人都会经过这个阶段，见到一座山，就想知道山的后面是什么。我很想告诉他，可能翻过去山后面，你会发觉没什么特别。山后面还是山。但我知道他不会停。以他的性格，自己不走一走，又怎么会甘心呢？ ",5,力荐,15,0.9999970077947082
"
                    2023-03-28 15:12:29
                ",高詩遠,愚人节要去资料馆看终极版，便匆忙地补上了这部前作。通过欧阳锋这位杀手中介人的讲述，带出了围绕在黄药师等人身上的情事与不堪回首的过去。打斗场面都用了抽帧，整部片子的叙事也是王家卫最擅长的那种散文化、碎片化的风格。没有清晰连贯的叙事，致力于将人物内心外化，并用不同角色的视点补全事件框架。即使是古装戏，运用的也是跟现代戏一样的情感内核，就像笼子打在人物脸上的光影，出现在王家卫电影中的所有角色，都会陷入情感的囹圄。,3,还行,4,0.9999999999999996
"
                    2018-05-26 23:17:12
                ",宁宁,有些人是你离开之后，才会发现离开了的人才是自己的最爱。,4,推荐,35,0.42811090270898045
"
                    2018-05-24 07:58:34
                ",茕茕白兔,以前看的时候总觉得太散，很凌乱，看不懂。没想到重温之后会有很不一样的感觉，虽然也不尽看懂了，但是它所表现出来的人与人之间的纠葛、影片本身的摄影以及演员们细腻出色的表演都是极好的。,4,推荐,13,0.9999958368538485
"
                    2010-03-13 22:34:58
                ",安东,像沙，像风，像远方，像永恒，像深潭，像驼铃，像天边云，像醒时梦，像一坛烈酒，像一场宿醉，像无疾而终的爱情，像殊途同归的命运。,5,力荐,14,0.9999989822141038
"
                    2017-02-10 18:22:41
                ",媛木子,当你不能够在拥有的时候，你唯一可以做的，就是让自己不要忘记。,5,力荐,13,0.8989745013572318
"
                    2018-05-22 17:48:30
                ",醉里挑灯看花,摄影极美，人物形象复杂有深度，每个演员都将人物刻画得引人入胜。,5,力荐,68,0.9999820615329684
"
                    2014-12-21 15:25:23
                ",汪金卫,【中国电影资料馆展映】看了两遍色调浓艳配乐雄浑的终极版后，再看原始版的色调确实太朴素了。这次看的是20年前在大陆公映的胶片。片头还有广电总局的审批号。连着三遍大银幕看下来，非常吃不消。近年内我是不会再看《东邪西毒》了……,4,推荐,6,0.9991219927605832
"
                    2007-10-14 15:44:14
                ",沉歌,在那一瞬间我听到了一种风声，也同时找到了一种答案,5,力荐,17,0.9987745074355868
"
                    2018-04-05 21:37:58
                ",深邃,@北京百老汇电影中心 纵使影院放的是质量极差的国语拷贝以及全场闪光灯频闪耳边窃窃私语哈欠连连等一系列灾难级的观影体验，也无法影响东邪西毒在我心目中的地位，个人墨镜最佳。 Ps正好转到两张票，一张给自己，另一张留给过去的自己。,5,力荐,5,0.9934239624712782
"
                    2016-02-24 18:15:48
                ",楚翰彻,昏黄的大漠凝固了时间的灰烬，高傲的剑客固守着自己的百年孤独，纵然风姿绰约，独步天下，终究与人生中的美好擦身而过。于是，盲眼的剑客，固执的少女，若隐若现的桃花，欲语还休的承诺，都酝酿成了一坛叫作醉生梦死的美酒，其中夹杂了无法泯灭的回忆，与一个怅然若失，却玩世不恭的玩笑。,4,推荐,6,0.9999999999843301
"
                    2020-12-26 13:18:11
                ",这个糕饼甜不甜,"不知道这样讲合不合适，但是这才是我心中的中国电影——不是迎合西方人眼中的黄土坡、大辫姑，也不是讲武侠、讲功夫，把中国人自己都觉得异域化的东西宣传成中国电影的特质。
中国电影应该担起来的风格是行云流水般的写意感。电影总是在讲故事的，但正如《东邪西毒》里讲故事，我们是若隐若现、若即若离的。写一个字，作一幅画，都是这样的。我以为蕴藉才是埋在中国风骨里的东西，是蕴藉才真正把我们和他者分别。",5,力荐,22,0.9999999999995686
"
                    2021-07-05 19:48:17
                ",茗政,为什么会有这么多人喜欢王家卫啊，真的是真文青还是装文青啊。我真的真的真的真的很不喜欢王家卫这种伪诗电影，一下子让我觉得无依之地和贾樟柯的那种散文诗真美好。王家卫这种卖弄玄虚，想啥拍啥，剪辑混乱的镜头真的搞得剧情很乱，真是诗意啊。我怀疑到时候看法国诗意电影会自闭。,3,还行,17,0.999993875432924
"
                    2018-05-23 22:16:53
                ",尽欢,美人故去。,5,力荐,16,0.8506094202090503
"
                    2013-05-07 16:20:27
                ",木由,酒暖人，水寒心。桃花又开了。,5,力荐,16,0.8130391516579857
"
                    2020-08-15 08:42:20
                ",边城玫女,东邪西毒最经典的是台词，我恰恰知道，台词是我最喜欢的作家今何在写的，当时他还在王家卫手下当差。哎，人最大的烦恼，是记性太好。,4,推荐,7,0.9997824641566413
"
                    2018-05-23 17:42:51
                ",一蓑烟雨任平生,金庸的小说都好给力，演员也给力。,3,还行,11,0.9967701398754818
"
                    2018-05-23 22:16:15
                ",顾盼,电影是艺术。,5,力荐,19,0.9669855318459593
"
                    2012-04-27 20:57:26
                ",诸葛若见,武侠的皮里，讲的是红男绿女的痴。,5,力荐,9,0.9406011790974467
"
                    2007-11-14 12:32:51
                ",xīn,资料馆2013.4.1.7pm 多年后在资料馆重看国语原始版心情很难描述。区块、节奏都让人叹为观止，不知道自己更喜欢终极版还是这版了。湖水形成的太极，时间空间线的奇旋，用字幕与射雕故事进行神接，武打时用焦点形成的泼墨山水式的节奏，演员feel都极好。另紫霞青霞当是源自慕容嫣慕容燕吧。大师之作。,5,力荐,6,0.9997939131620334
"
                    2016-08-15 21:04:46
                ",墓岛GRAVELAND,不是“反武侠”，而是王家卫通过独特的结构对武侠电影语言进行了探索与革新，徐克林岭东营造的“快意恩仇”大有别。更多的是一个人的自语与情感的纠缠，一切，无非心在动。纱布、鸟笼、水帘对前景的划分并使人物与观众隔开，更有“囚笼”之意。当然，这种个人主义的构建也离不开杜可风的摄影与构图,5,力荐,11,0.9999999992265602
"
                    2017-12-04 21:08:43
                ",Muto,苍劲写意的《东邪西毒》最终在王家卫极其私人的时间灰烬里淬炼成一部真正的武侠巨著。这句雕刻在摩崖上嵌进红尘情欲里的佛经好似一坛喝不尽酒，天地间所有的爱恨纠葛都被他美如诗画的镜头封禁在大漠里的鸟笼之中。那辗转于广阔江湖中记忆与忘却之间的聚和散也如你如我，而人生最难之事亦莫过于放下二字。,5,力荐,6,0.9999999999914377
"
                    2009-04-03 00:44:23
                ",N,可惜最后一个镜头——张国荣砍人——有点松，感觉不要可能更紧凑些,5,力荐,8,0.14543410929020162
"
                    2022-09-18 14:58:32
                ",momo,"全片最让我心动与心痛的场景，是张曼玉饰演的大嫂说出那句:""你太老实了~""
王家卫镜头里的武侠片。打斗场面像极了中国的泼墨画，人物却更像都市男女的情感画像。又或许是，这么多年以来，我们在情感上都没有进化，选择逃避，选择伤害，面对感情，怯懦的欧阳锋常有，多情的黄药师常有，负气的大嫂也常有，唯独及时行乐的洪七公不常有。
也许是与个人经历有关，看《东邪西毒》有一种在看故事的感觉，没有经历，便只是感受角色的痛苦，也但愿我永远不要有他们的经历与痛苦。",5,力荐,5,1.0
"
                    2019-10-05 19:30:02
                ",丁一,《东邪西毒》就是王家卫的《深夜食堂》,5,力荐,4,0.48273893537217016
"
                    2017-03-31 08:12:14
                ",幕天席地,你知道喝水和喝酒的区别吗？酒越喝越暖，水会越喝越寒。,5,力荐,10,0.7287899600343068
"
                    2009-04-25 17:29:47
                ",战国客,这片子太装B了，不过我很喜欢！,4,推荐,9,0.8834678568344702
"
                    2018-05-24 07:20:40
                ",小方方爱小兰兰,张曼玉的气质真的不错，非常好看。这部电影值得看看。,4,推荐,12,0.9999390257855706
"
                    2009-04-02 10:49:55
                ",kylegun,"风格叙事都挺爽,但台词太蠢...估计和普通话翻译有一定关系...",5,力荐,3,0.9936593618153262
"
                    2018-08-13 20:36:15
                ",水原吸管,「當你不能再擁有，唯一可以做的，就是讓自己不要忘記。」其實這句台詞是來自普魯斯特的《追憶似水年華》。最喜歡曼玉靠在窗邊的那一段，愛總讓人憔悴。無論是1994年版本還是終極版都好喜歡啊。,5,力荐,5,0.8834908027221
"
                    2011-03-01 16:04:03
                ",绿酱（冷萃版,“我曾经听人说过，当你不能够再拥有，你唯一可以做的，就是令自己不要忘记。” 听到那句粤语台词 浑身抖了抖。,3,还行,8,0.19970095876529648
"
                    2017-05-01 15:23:12
                ",小哒1,"+2立春之后,很快就到了惊蛰,每年这个时候会有位朋友来看我,但是他今年没有来,没多久,我收到一封白驼山来的信,我大嫂在两年前的秋天,因为一场大病去世了.我知道黄药师不会再来,可是我还继续等,我在门外坐了两天两夜,看着天空在不断的变化,我才发现,虽然我到这里很久,却从来没有看清楚这片沙漠,以前看见山,就想知道山的后面是甚么,我现在已经不想知道了,我是孤星入命的人,从小父母早死,只好跟着哥哥相依为命,从小我就懂得保护自己,我知道要想不被人拒绝,最好的方法是先拒绝别人,因为这个原因,我再也没有回去,其实那边也不错,可惜已经不能回头,我的命书里说过,夫妻宫太阳化忌,婚姻有实无名,想不到是真的。那天晚上我忽然之间很想喝酒，结果我喝了那半坛""醉生梦死""，好像平常一样，我继续做我的生意。没有事的时候，我会",4,推荐,0,0.9999999881921339
"
                    2022-09-18 14:58:32
                ",momo,"全片最让我心动与心痛的场景，是张曼玉饰演的大嫂说出那句:""你太老实了~""
王家卫镜头里的武侠片。打斗场面像极了中国的泼墨画，人物却更像都市男女的情感画像。又或许是，这么多年以来，我们在情感上都没有进化，选择逃避，选择伤害，面对感情，怯懦的欧阳锋常有，多情的黄药师常有，负气的大嫂也常有，唯独及时行乐的洪七公不常有。
也许是与个人经历有关，看《东邪西毒》有一种在看故事的感觉，没有经历，便只是感受角色的痛苦，也但愿我永远不要有他们的经历与痛苦。",5,力荐,5,1.0
"
                    2017-03-31 08:12:14
                ",幕天席地,你知道喝水和喝酒的区别吗？酒越喝越暖，水会越喝越寒。,5,力荐,10,0.7287899600343068
"
                    2015-04-02 00:37:20
                ",放开那个浪味仙,猫眼的张国荣纪念专场。那时港片的风貌真是让人惊艳，台词句句都耐人寻味。或许也只是王家卫的个人魅力…爱与忘却无尽头。“你的柔情万种，让自己不要忘记。”,4,推荐,3,0.9999995561810153
"
                    2009-04-25 17:29:47
                ",战国客,这片子太装B了，不过我很喜欢！,5,力荐,9,0.8834678568344702
"
                    2018-08-13 20:36:15
                ",水原吸管,「當你不能再擁有，唯一可以做的，就是讓自己不要忘記。」其實這句台詞是來自普魯斯特的《追憶似水年華》。最喜歡曼玉靠在窗邊的那一段，愛總讓人憔悴。無論是1994年版本還是終極版都好喜歡啊。,5,力荐,5,0.8834908027221
"
                    2009-03-30 12:37:49
                ",北冰洋的海豹,无论如何，我还是想感谢[终极版]，它让我有机会进入影院来感受如此忘尘的作品。无论如何，我想还是会有很多人，将因为王家卫而爱上鸟笼光影，爱上杜琪峰的画面，爱上马友友的提琴，爱上那片沙漠...和她的感觉一样，我想，我一直也都是输着的，因为在我最好的时候，我爱的人却不在我的身边。“当你发现不能够再拥有，唯一能做的便是不要忘记。” 借冰取暖，嫣燕知寒。,4,推荐,0,0.99999999950856
"
                    2011-03-01 16:04:03
                ",绿酱（冷萃版,“我曾经听人说过，当你不能够再拥有，你唯一可以做的，就是令自己不要忘记。” 听到那句粤语台词 浑身抖了抖。,5,力荐,8,0.19970095876529648
"
                    2011-02-24 21:17:36
                ",西决,黄药师：“不久前我遇到一个人，送给我一坛酒，她说叫“醉生梦死”。喝了之后，可以叫你忘掉以前做过的任何事。我很奇怪，为什么会有这样的酒？她说人最大的烦恼就是记性太好，如果什么都可以忘了，以后的每一天将会是一个新的开始，那你说多开心？这坛酒本来打算送给你的，看起来，我们要分着喝了。,5,力荐,6,0.047180231053846944
"
                    2008-09-23 16:22:17
                ",麦朵,"将爱 
 
    相爱,然后离别，《东邪西毒》里面欧阳锋的故事，与这人世间千万个故事大概也没有什么不同。这些年的时光却把记忆中的故事历练得愈发清晰，那红衣女子的寂寞一次一次回到眼前，无可抑止。
    她倚坐窗前，红衣如血，指尖拈一朵红花，花朵抚过的脸庞，多寥落。“曾经我以为我赢了，后来才明白，赢了怎样，输了，又怎样，”她说。然后，她曾经艳丽一如花朵缩放的容颜也像花朵凋零一样迅速枯萎，被时光里面的风吹散，如同粉尘。
    他们，也曾有过无忧无惧的时光吧，也曾爱得如此快乐，或许闲依露牛吧，也曾爱",4,推荐,3,1.0
"
                    2019-03-13 16:47:35
                ",JeanChristophe,"四星半,终极版看过三遍,原版却是第一次. 未经后期调色的原始质感加上更具民乐风的电子乐使此版极富苍凉雄浑的气质,戛然而止的结尾并未交代主角结局而以慨叹收场,本片剧作的最高明之处除了轮环状的结构,更在于初以欧阳锋的视角展开全知叙述,其中隐约透露的信息则在结尾反由黄药师串连而点出他们三人的故事――这无疑是非常成功的悬疑叙事. 尽管一切始于茫茫大漠,但片中体验实是完全来自钢筋森林中疏离的生活,在他异性的环境下人才实然意识到被遮蔽的关于拒绝、逃离与遗憾的真实. 仍然不能免俗地引用一句令人怅叹久之的台词: ""你越想知道自己是不是忘记的时候,你反而记得更清楚....当你不能够再拥有的时候,你唯一可以做的,就是令自己不要忘记.""",5,力荐,6,1.0
"
                    2015-08-13 16:13:05
                ",梦里诗书,王家卫以巧妙极赋黑色幽默的手法将陷入惯性的香港武侠电影进行了一次另类的颠覆，《东邪西毒》交错进行的脉络是并未曾令人有觉凌乱的，这反而构筑了一个专属他的武侠江湖，世间的爱恨情仇皆在此间契合台词与镜头巧妙的交融动人心弦。,5,力荐,5,0.9999999999999987
"
                    2012-06-18 04:36:02
                ",Jiajiachan,补上，以前评过终极版了,4,推荐,0,0.6072698226160068
"
                    2009-03-28 21:25:49
                ",月球漫舞者,如今的我终于理解了年少不理解的故事，今天我才知道这是一个这么凄美的爱情故事。老版配乐其实是完美的，新加的有些太离谱了。不过这无法掩盖电影本质的出色,5,力荐,2,0.9999976523925672
"
                    2017-06-02 17:36:52
                ",林西拿,重看一遍。你可以看見他的掙扎和嘗試，阿飛正傳已是一個巔峰，王家衛在這部尋求突破自己，但前半部分並不完美。後半部分他用依舊超強的作者屬性挽救一切。我想我大概破解他了。,5,力荐,4,0.7812707870555693
"
                    2009-04-18 01:25:28
                ",Bill,两个版本合并？ 豆瓣看来还是没有吸取上次把古典音乐专辑大规模合并的教训,4,推荐,3,0.9666801236795757
"
                    2011-07-28 11:28:15
                ",私房歌,张国荣之<东邪西毒>。大量的对白，用武侠做背景，更能抛开其它，专一突出语言叙述的感染力。讲述的是各种带有缺陷又无可奈何的感情。因为这部电影，让我喜欢上了春雨不绝的惊蛰。,5,力荐,3,0.9999876267520683
"
                    2011-03-09 23:51:02
                ",k-pax,第一次是在合肥有线台看的吧，没看明白当时。哪成想，时隔多年后，被我奉为经典！//2022年再阅，想找到94版的非常不易。老王这一次终于奠定了自我作品风格，是前面三部作品闪亮处的汇合综述，之后的作品也是在94东邪西毒的圆润继承。//再剖析复杂的多边人物关系:东邪是很多麻烦的起源，西毒算上半个solution provider ，洪七还是最值得尊崇的理想型人物，所以现实里没有。//张曼玉的演技更上一层楼了，相比其在前两部老王里的表现。,5,力荐,1,0.9999999999639306
"
                    2017-05-01 15:23:12
                ",小哒1,"+2立春之后,很快就到了惊蛰,每年这个时候会有位朋友来看我,但是他今年没有来,没多久,我收到一封白驼山来的信,我大嫂在两年前的秋天,因为一场大病去世了.我知道黄药师不会再来,可是我还继续等,我在门外坐了两天两夜,看着天空在不断的变化,我才发现,虽然我到这里很久,却从来没有看清楚这片沙漠,以前看见山,就想知道山的后面是甚么,我现在已经不想知道了,我是孤星入命的人,从小父母早死,只好跟着哥哥相依为命,从小我就懂得保护自己,我知道要想不被人拒绝,最好的方法是先拒绝别人,因为这个原因,我再也没有回去,其实那边也不错,可惜已经不能回头,我的命书里说过,夫妻宫太阳化忌,婚姻有实无名,想不到是真的。那天晚上我忽然之间很想喝酒，结果我喝了那半坛""醉生梦死""，好像平常一样，我继续做我的生意。没有事的时候，我会",3,还行,0,0.9999999881921339
"
                    2009-08-29 06:18:43
                ",青蛙王,"將一些家傳戶曉的武俠人物, 從新構想一個令人心碎的劇本, 多年以來已備受肯定係前無古人亦後無來者的經典電影.
當年在尖沙咀華x看午場後, 第二天在街上懇求貼海報的工作人員拎2張1set的電影大海報, 情景還在腦中.....青春真可愛!",5,力荐,0,0.9999517053347005
"
                    2018-05-24 09:07:03
                ",做一件事很难吗,完全没看懂导演想表达的意思 可能不是我理解的 ,3,还行,11,0.7085064503487423
"
                    2017-12-19 14:35:33
                ",本位,比较不同的武侠展示，和王家卫的气质很搭，对于孤独的描写十分细致深刻。,4,推荐,3,0.9999898770630582
"
                    2014-02-14 22:24:44
                ",圆首的秘书,这胶片都快碎了吧我去，满脸黑线啊！今日再看感觉明显不同。一条主线，四段爱情，除掉了和尚南帝，加进了瞎子剑客，忙坏了西毒欧阳。王家卫这部才有侠气，什么都变了，独余一身骚，骚得缱绻，骚得悱恻，骚得有滋有味儿,5,力荐,7,0.9999994094434278
"
                    2009-03-29 09:08:28
                ",yadiel,年少时当武侠片看未曾看懂，如今当爱情片看终极版终于明白了。平静而又沉闷，干净的画面上总是只有一个人述说着自己的故事。每个人都在讲爱与失去，似乎都是令人动容的故事，但却很难打动我，令我舍身处地。或许这样的俗套故事只有王家卫才能讲述的如此富有韵味。王家卫的电影不能以故事片来看，更像是听音乐，要体会其中的感觉。始终认为他最好的片子是重庆森林。,4,推荐,2,0.9999999999992659
"
                    2009-04-20 22:30:24
                ",德拉库拉拉,"2009-3-27 16:44:00 华丽丽的诗画合一了，硬说糙的好多少显得矫情，不过那年头看王家卫的谁不矫情。访谈里那啰啰嗦嗦对稿添屁沟的老外真惹人厌。

8/7.4(2000) 诗",4,推荐,0,0.9969516840458782
"
                    2018-05-27 00:03:39
                ",听风是雨,不多说了，就是经典，经典懂吗？就是现在越来越少的东西,5,力荐,7,0.7339570706616421
"
                    2009-03-31 21:36:52
                ",小悬子,"009.03.31
国语配音要不得呀，那些鲜亮的、缺乏区分度的声音完全破坏了全片的意蕴，而且直接导致某位对香港电影不甚熟悉的同学搞不清楚里面谁是谁。
“任何人都可以变得狠毒，只要你尝过什么叫做嫉妒”被删掉了，好遗憾。
最煞到我的，依旧是慕容燕的那句“请你一定要骗我”……拍的时候，林青霞说的是国语，所以全片只有她是原声。以前看老版的时候，张曼玉坐在窗前的独白也让我心有戚戚，但这次的配音版怎么都说不出她的味道，唉……",4,推荐,2,0.9999938423748347
"
                    2019-07-02 20:45:25
                ",帅的让人生气,真的。。太爱这部电影了 看一部少一部,5,力荐,15,0.9627020145909329
"
                    2018-02-20 10:17:46
                ",思路乐,【A】无论是武侠、同性、出轨、还是都市，王家卫的电影看的都不是剧情，而是心情。,5,力荐,5,0.9997844891399323
"
                    2010-10-06 20:26:46
                ",游牧人·芳汀,小时候没看懂，长大了明白了,3,还行,6,0.9553832090554653
"
                    2011-03-25 12:09:40
                ",Yaya~,哇塞！之前的故事还比较好理解，知道欧阳锋去见桃花的时候，思维就开始凌乱了。。。最后觉得好精彩啊！我就喜欢这种颠倒、错乱，但最后又安排了解密的叙事。本来在欧阳锋见桃花前还只想给三星的，最后20分钟加两颗星！,5,力荐,0,0.9999988039769284
"
                    2016-11-30 21:37:15
                ",楊從周,最喜欢的王家卫电影│這是看過次數較多的電影。有百二十遍。某學期幾乎每天晚修回到宿舍都會坐在電腦前看一遍。後來到過榆林。黃藥師走馬的那片沙漠因造林治沙消失殆盡。慕容嫣對着倒影練劍的紅堿淖差點溺斃了落水的我。那麼多美好的時光已掩埋時光深處。而電影依舊迷人。,5,力荐,6,0.979369312415685
"
                    2008-06-29 12:22:26
                ",Sophie  Z,刚学会装逼的年纪里我读了很多《萌芽》，于是慕名看了这部很多作者提到的电影，后来我还是对着东成西就笑成了傻逼。后来台词变成了签名档，但是我依然没有记清剧情，依然不知道林青霞演的是谁。,5,力荐,2,0.9999668791538313
"
                    2012-05-25 22:17:33
                ",Layla,"如果感情是可以分勝負的話,我不知道他是不是贏了.但我很清楚,從一開始,我就輸了.",5,力荐,2,0.15356202136924613
"
                    2016-10-15 19:50:45
                ",练达,念念不忘未必有回响，过去的事已唱罢多年，回声才遥遥从山谷中传出。原谅我此时看不太懂，只知道其中隐隐透着诗意与血光。等我翻过沙漠看到名为桃花的故乡时，再来听此细语。,5,力荐,4,0.9999245645154043
"
                    2020-12-17 01:22:19
                ",brennteiskalt,O what a mess! 新版《东邪西毒》比原版出色之处不在于删改了多少镜头、音乐上改变了多少配器，而是画外音的质量，它终于从复杂而碎片化的人物和时空关系里为观众梳理出了一条与主题相符的叙事线。原版的画外音似乎把自己当作情节的载体，但与情节有关的动态向来不是王家卫的关心点，他关注的是人物缅怀已失落感情的状态，因此才要搭建出一个巨大的情感鸟笼，困住了多组你爱我我不爱你的两两关系。原版似乎还在试图拍摄一部武侠电影，画外音里残余着一种侠义的动能，以多点叙事撑起了江湖的大景。而新版则将叙事声音汇拢在西毒与东邪二人身上，塑造出缅怀与忘记两种基本的对过往态度的冲突，真正造起了一座记忆的宫殿。,3,还行,1,1.0
"
                    2021-11-20 09:03:10
                ",张婷女士的爱人,马贼和死尸也可以看作像沙漠一样，是背景的一部分，那么基本上我们在画面上看到的同时出现的角色不超过两个，并且，对话也好似独白。这是一部浸透了孤独感的电影。转动的鸟笼斑驳的影子，村姑倚靠的木桩形成的框子，盲剑客死时风中破布上划开的眼睛露出天空，都是诗的画面,5,力荐,1,0.9999977979319591
"
                    2016-08-25 13:37:10
                ",宅蘑菇Moku,光影用的太美！有水墨画的留白写意感，大漠孤烟，黄沙碧水，侠客美人那理不清的情，没有说出口的爱十分动人，爱恨情仇在一坛醉生梦死酒。90年代的女星真好看，眉眼间有英气又妩媚，红唇白齿，一笑一颦都让人心动。至于支离破碎的剧情…我们忘了它好吗：）,4,推荐,2,0.9999999994078639
"
                    2009-09-02 19:55:44
                ",莱尼圆,王家卫重新解构了金庸小说经典。电影像一首含蓄优美的散文诗，是王家卫关乎爱情和人生以及自我的思考和突破。影片里的爱情千疮百孔，不因人意，但又异常凄美。王家卫赞美和歌颂人间的爱情，却没有给予爱情美好的结局，这或许就是他的爱情观，脑海中的爱情痴狂而完美，现实中的爱情失意而悲凉。影片视觉风格是王家卫电影美学的极致呈现，杜可风摄影流光溢彩，将光影魅力发挥极致，打斗场面风格奇谲，大量过曝镜头，穿插象征物的蒙太奇拼接。陈勋奇音乐鬼才，两周缔造原声经典。群星演绎，张曼玉用眼神和细腻独白诠释一个女子错失所爱的痛苦，贡献了令人心碎的哭泣时刻,5,力荐,2,1.0
"
                    2017-03-25 23:36:54
                ",仙仙美代子,很文艺，造型不错，镜头很美，就是完全看不懂，演的是啥？,4,推荐,6,0.9995103943585167
"
                    2009-03-29 23:38:46
                ",Ｍ．,一袭红衫的张曼玉有种震人魂魄的美.不过王家卫又出了新版.期待~,5,力荐,1,0.9950289629758183
"
                    2017-05-20 11:34:18
                ",醉卧沙场君莫笑,画面很美，人美景美配乐也美，但就是看得人昏昏欲睡，原谅我本俗人，看 电影只为放松自己。,4,推荐,5,0.9999153984308253
"
                    2012-11-16 20:46:04
                ",知心姐姐卢先生,“矫揉造作，无病生吟”最是贴切不过。坑爹港产文艺片。,2,较差,14,0.2238835347399326
"
                    2018-08-01 20:34:14
                ",深白色,矫柔造作，无病呻吟，昏昏欲睡,2,较差,15,0.4315784876677452
"
                    2010-07-22 16:51:16
                ",balalala,居然在11年看过，当时标记是没看懂。当时正是刚刚入司的年纪，还是涉世不深无忧无虑的大小孩，对我而言无疑是一部矫情的文艺片。王家卫把各种感情，比如爱，恨，后悔，执念，欲望，剪的稀碎稀碎，然后揉在一起，你很难像阅读理解一样，说明白这段台词这段桥段这段故事是个什么意思。各种滋味尝遍后，猛一回头想起，原来就是那么个意思。王家卫的电影会一刷再刷，很喜欢他的镜头光线布局，很喜欢他的音乐，很喜欢内心独白的演绎。,5,力荐,0,0.9999999999998797
"
                    2021-04-27 07:02:31
                ",贺兰迈克,画面上有点迎合东方主义的意思，除了张国荣和张曼玉外，其他人演技上并没有想象得那么惊为天人，陈勋奇的配乐却堪称旷世绝伦。上半段王氏晦涩难懂，如果《天地孤影任我行》换成《好运来》的话就回变成完全不知所云的一部片子，但在下半段一切线索集合，穿透，让人恍然大悟，悲从中来。,4,推荐,3,0.9999996789327296
"
                    2017-07-18 08:42:07
                ",Octopus,故事弱化、台词中二，但墨镜证明了影像（尤其用色）和音乐确实可以在其流动中凝结人无止尽的愁绪。,4,推荐,3,0.9934567598210413
"
                    2010-11-10 09:39:38
                ",bay135,对于喜欢王家卫风格的人来说，这是一部杰作！！！影片的里面的台词句句经典，爱情的痛与恨被王家卫放在武侠的环境里显得格外的深入人心。尤其是张曼玉倚着窗子那段，真是看的人撕心裂肺啊！！！还有配乐，一样是杰作！！,5,力荐,2,0.9999999539453756
"
                    2009-04-02 12:24:24
                ",传说,"又名: Ashes of Time

导演: 王家卫
主演: 张国荣 / 张曼玉 / 梁家辉 / 林青霞 / 张学友 / 梁朝伟 / 刘嘉玲 / 杨采妮 / 王祖贤

上映年度: 1994
制片国家/地区: 中国 /　香港 /　台湾
语言: 中文
imdb链接: tt0109688

",5,力荐,1,0.9999964140948508
"
                    2020-10-10 23:33:09
                ",一成,"看王家卫的电影打哈欠应该是常态了，他的电影太像酒了，第一口下去，让我这个涉世未深的小屁孩感觉有些不合口，但却越喝越上头。
王家卫的“酒”，只有几杯是一饮而尽的：《旺角卡门》和《春光乍泄》（前者因为比较好喝，后者是因为在火车上实在无聊）。
《东邪西毒》前后看了三四遍吧，看不下去的原因在别人看来应该很扯淡：因为我看的不是粤语。听国语配音看港片是一种折磨。
说回电影，电影据说很难懂，不可否认这是事实，我也只看懂里面的几句话，对白实在太经典，看完之后忘不了，只是电影的叙事技巧不太讨喜（对别人，对我来说我很喜欢这种），使它会更加晦涩。
将来我会再看几遍，因为现在还没经历一些事自然不懂，就像年少不懂《花样年华》里的克制。
王家卫有点不厚道，借金庸小说的人物就应该拍出点金庸的风格来啊，怎么越看越像古龙啊！",5,力荐,4,0.9999999989215411
"
                    2017-03-31 13:15:10
                ",昵称被占不开心,如果感情可以分胜负的话 我不知道她是不是赢了 但我很清楚 从一开始我就输了,5,力荐,5,0.9179598821378911
"
                    2011-06-27 02:08:32
                ",爱智慧,其实不是很懂的，总觉得内容虽然是金庸的小说，但是拍摄的风格却有些哲学化了，感觉很像古龙的风格~盛年时候的张国荣真的很美，那种香港武侠电影的梦幻感觉，真的像是梦中的江湖般~很多段故事，很多个人，最喜欢洪七，这样活着，很潇洒很痛快吧~最伤感的是那句话：当你无法再拥有，你只有别忘记~,3,还行,2,0.9999999999999911
"
                    2009-03-04 07:58:43
                ",鉛筆04,"王家衛的電影總是這樣晦澀，加上是粵語，看起來非常吃力，可是，不知道爲什麽，就是不敢跳過一個情節。這也許就是魅力吧。

我不知道，这部影片的深度，我只知道，我会笑，最肤浅的那种。",5,力荐,1,0.45521048804797914
"
                    2008-02-06 12:04:45
                ",明天就垒窝,无条件爱上这个电影的英文名，THE ASH OF THE TIME时间灰烬，很有韵味，记得刚上映的时候许多人都觉得是个武侠片，兴致勃勃去看结果发现是个沉闷无比的文艺片，我和同学借来在家看，结果他们都看睡着了，就剩下我一个人看的津津有味，嘿嘿。一直对这部电影中留着小胡子的张国荣印象深刻，那似笑非笑的，亦正亦邪的表情，甚至让男人喜欢，更何况广大女同胞了，如果风情万众可以用来形容男人的话，嘿嘿，非他莫属了,5,力荐,3,0.9999999365833772
"
                    2011-08-21 22:33:32
                ",小霞君have fun,几年来断断续续，终于看完了，王家卫的迷恋终结。还好，熬过了前半段的晦涩，还是能看到感动人的故事。画面真美，我又迷失了~~以及，有些男人，真的要离开他才能“得到”。我操啊。,3,还行,1,0.9999989586317211
"
                    2009-04-03 20:35:03
                ",曼靑,在我最美好的時候 我最喜歡的人也不在我身邊. 如果時間可以重新開始該有多好。任何人都可以變得狠毒 隻要伱嘗試過甚麼昰嫉妒. 我不在乎別人怎麼看我 我隻昰不想有人比我更開心。,5,力荐,1,0.36729475088866426
"
                    2009-02-19 14:16:28
                ",Mathias Laurids,老王的电影真叫我看不下去啊……我承认他很有才，但我不承认我喜欢他的作品，即使显得我很没有艺术感知能力。,3,还行,2,0.9997503995121132
"
                    2018-11-18 20:08:03
                ",twelve,"抱歉，看了1/3就看不下去了。一向不喜欢王家卫的片子，不管被吹的多凶。
压抑沉郁的基调和氛围，我只感受到无病呻吟，无病呻吟，无病呻吟。怎么让人别扭怎么来演。过的太顺的或者过的太丧的看看无妨，普通人还是少看为好。
我始终认为艺术是让生活更美好的。而且江湖一直是让我心生向往的，爱情也一直是让我心生向往的。它们永远是一片世外桃源～一处供我或调养生息或肆意妄为的地方！
感觉这部电影会毁掉一些年轻人的信仰！！
给两星是因为太别扭了，反而还成为一种风格。给这种不作死不疯魔的精神两颗星。
至于它被解读出来的多重内涵我也讳莫如深不知真假。我见过个学姐把格林童话搞成了弗洛伊德式精神分析。有一篇是这样，一对姐弟逃出坏继母家的故事被学姐分析成了姐弟之间的恋母情结等等……所以，我想怎么分析都会分析出来一大堆道理的。",2,较差,10,0.9999999999999913
"
                    2014-02-08 10:05:38
                ",HULIN,"文艺的一塌糊涂 各种大牌云集 有许多台词非常喜欢 有许多点也很感动 尤其喜欢黄药师每年去找欧阳锋仅仅只是为了有个理由可以去见张曼玉  张曼玉那么的风情 感情胜负那段真的绝了
然而即使如此还是不打五星 王家卫玩的太文艺了",4,推荐,1,0.9999995651761585
"
                    2020-11-24 19:53:24
                ",张兮兮,看不懂，但是好看，借用了金庸的壳，拍出了古龙的魂，让每个角色都水到渠成地陷入痴缠,5,力荐,2,0.9991590892475706
"
                    2008-10-07 11:57:54
                ",小骑骑,"当一个人不能拥有，唯一的办法就是让自己不要忘记。
我不想告诉她是因为不能拥有的东西永远是最好的。
后来她把那壶酒交给黄药师，叫他给西毒，希望他可以忘了桃花，可是西毒不想忘记一切。
如果一个人记性不好，他的仇人就会杀了他。


关于拥有和记忆~~",5,力荐,1,0.96160888836915
"
                    2021-08-14 12:57:50
                ",Η²,还真看过，不过是在后面看的，几年前的CCTV6的某个夜场，就这么迷人浓重的色调，也忘了剧情，据说是没有剧本和剧情，但是其实是有故事性串起来的，每个角色都有定位，都有关联，迷迷糊糊的表演，定格镜头，光影迷幻，他的很多电影都是这样。我觉得最重要的还是摄影和后期剪辑效果做的好，搞出的文艺迷幻效果，记得戈壁里的风沙和黄色调印象深刻 看完还是挺深刻和回味的 （就没见过这种风格,5,力荐,0,0.9999999999272569
"
                    2019-01-10 14:05:44
                ",猫语猫寻,这可能是豆瓣唯一一个好评全都是电影台词的电影。但其实它好的不仅仅是台词、音乐和摄影啊，剧情也是很强大的。开头确实有点尬，但后面越来越好，有点喜欢,4,推荐,2,0.9999998299722348
"
                    2018-11-16 19:19:11
                ",George,"困惑.源自多角度叙事带来的不确定性/人物的自我/时空的抽离; 带入.源自大特写和配乐对人物情绪的放大.以及同为都市人的自我封闭; 炫目.源自倾斜构图/饱和及锐化的画面/动作戏的飘逸; 最喜欢跳跃/活泼/不连贯的剪辑,张/林二人手摸张/梁二人身体时的拼贴式剪辑,拼出人的渴求和抗拒。",4,推荐,1,0.9999999999992617
"
                    2017-04-11 12:32:11
                ",北辞,“当你爱的人离你而去，你唯一能做的，就是不让自己忘记。” “如果有一天我忍不住问你，你一定要骗我。就算你心里多不情愿，也不要告诉我你最爱的人不是我。”,4,推荐,4,0.5575278152160861
"
                    2013-04-15 23:55:31
                ",叶洲,当你不可以再拥有，唯一可以做的，就是令自己不忘记,4,推荐,3,0.7297471364274262
"
                    2020-05-03 12:22:52
                ",NARUMI,"b站六六骑着小毛驴 不错。木鱼：“在概括这个故事的时候，是完全按照王家卫的叙述顺序的，因为这才是这个电影的精妙之处。
鉴于有人没有看懂剧情，我科普一下人物关系。
黄药师喜欢的是欧阳锋的大嫂。
欧阳锋喜欢的是他的大嫂。
大嫂喜欢的是欧阳锋。
后来黄药师喝了醉生梦死之后，忘记了大嫂，却记得大嫂那里的桃花，以为自己喜欢的是桃花。
盲剑客的老婆叫做桃花，见到黄药师以后喜欢上了黄药师。
又后来，慕容嫣也喜欢上了黄药师。
而鸡蛋女盲剑客洪七比较明显。
盲剑客喜欢他老婆，强吻鸡蛋女那里可能是出于一种替代效应。
鸡蛋女在片中有剧情暗示似乎喜欢盲剑士，但是不特别明显，只有一个镜头暗示。
洪七喜欢他老婆，并不喜欢鸡蛋女，帮忙只是出于一种正义感。
最大的悬念是黄药师喜欢欧阳锋的大嫂，但这个悬念到最后才揭开”",5,力荐,1,1.0
"
                    2024-01-21 11:16:37
                ",边说边学的小涛,1笑傲江湖当年刷的时候 感觉重点是 利与义还有武 这东邪西毒是是 情与爱还有，，，文 江湖在同一个江湖 又不是在一个角度的江湖。2洪七公与洪七公都是张学友 东方不败与独孤求败都是林青霞 所以说啊 江湖有时候是不会变的。3 记每一句台词 我感觉 不行 我想记住的是这一种 风沙的感觉。,4,推荐,0,0.9999994765773526
"
                    2009-04-01 14:17:38
                ",mikaholic,看到大屏幕上膠片閃爍的光點時 我想 原來這樣的質感 已經這麼陌生 這麼讓我驚奇了 而你也已經遠離六年了 從電影院的椅子上起來的時候 我想 那些時候再回不去了 無論有沒有甚麼終極版,5,力荐,0,2.8476763946905237e-07
"
                    2011-01-02 18:18:31
                ",Reiko,"用江湖来谈人生与爱情，哲学和佛学意味甚浓。94版的东邪我看了N遍,每次都以为自己懂了,下一次看,又有了新的体会。喜欢电影的英文译名Ashes of Time, 电影里包含了整个人生，而我只感受到了人生的冰山一角而已。这是一部要用一生去体会的电影。",1,很差,1,0.9999999988419894
"
                    2021-03-12 10:27:17
                ",georgiazqz,一边看梗概一边看电影，还是基本看不懂剧情，剧情交代的过于晦涩，为了文艺而文艺。在我的价值观里，讲故事的第一原则就是一定要让人能听懂，不同的人可以有不同的理解，但不能完全没有理解。,4,推荐,11,0.999991930973529
"
                    2012-04-13 14:44:07
                ",水母母,又看了一遍东邪西毒，小时候看不懂的东西似乎有点明白了。那种叫做醉生梦死的酒，越喝越寒的水，神经质的慕容，浪荡的黄药师，求而不得的欧阳锋。我想得不到的大概永远都是最好的，充满了空旷与缺憾的生命到处都在漏着风。看的时候，总觉得身上很冷。,5,力荐,8,0.9999970635191459
"
                    2011-07-09 23:09:53
                ",esse,"每个人都会经过这个阶段，见到一座山，就想知道山后面是什么。我很想告诉他，可能翻过山后面，你会发现没什么特别。回望之下，可能会觉得这一边更好。

",4,推荐,0,0.9756585858973025
"
                    2013-01-05 16:01:54
                ",Eco,这样的极端情绪化的表现手法实在不是我的菜，电影里的印象派，对白影像各种端，Ashes of Time，这不是在讲述一个故事而是讲述一种感觉。 @2013-01-05 16:01:54,5,力荐,1,0.9994365856456069
"
                    2008-11-14 16:10:33
                ",黑樱桃摩卡,让人难以忘怀的淡淡忧伤～,5,力荐,0,0.9945872121719025
"
                    2011-06-02 19:22:01
                ",Anday,"当一个人没有办法拥有的时候,最好的办法就是,让自己不要忘记。在我最美好的时间,我最喜欢的人不在我身边。如果时间可以重新开始该多好。",5,力荐,1,0.9787878618496172
"
                    2006-08-16 18:52:05
                ",徐小花,对白大爱，初四，立春，东风解冻,5,力荐,5,0.6197978061312084
"
                    2012-01-08 18:33:45
                ",阿Q,"谁都是活在自己的世界  [為神馬會在想看的裏面? 手殘啊~ 我最愛的一部王家衛電影. 臺詞經典到不行. 演員也全是喜歡的, 風華絕代的港人.]",5,力荐,1,0.04876729614802333
"
                    2011-06-18 03:12:59
                ",pabu,第二遍看 #东邪西毒# 没有第一遍的不解与困惑 这是一首人生哲理诗 王家卫用他的方式诠释着世界 诠释着人 就像某影评里说的“得不到的，放不下的，回不去的，忘不了的，或者还有，祈望在神情迷糊的时候 想不起伤痛而 整天醉生梦死的...... ”一切随着时间诞生 也随着岁月化为灰烬,5,力荐,0,0.9999999998098856
"
                    2021-10-02 21:44:50
                ",苏黎世的列车,登峰造极的视听语言，醉生梦死的光影色调。【哔哩哔哩】,1,很差,8,0.8294198604888421
"
                    2009-03-29 09:31:35
                ",蕉,第一次和女生去看的电影。文艺得压抑    蔚蓝的海.模糊的脸.耀眼的光.炙热的滩.踟蹰的人.,5,力荐,0,0.9563601467195451
"
                    2011-02-13 03:03:38
                ",levitating,墨镜王作为文艺青年的入门教材，我坚持认为这是他最经得起时间考验的一部，同样心水大爱百听不厌的还有陈勋奇为其量身定做的OST，这绝对是两人最为境界的一次相遇。,5,力荐,1,0.9999981585683189
"
                    2011-02-27 20:00:25
                ",艾拉也是Isla,我爱你你爱他他爱她她又爱我。旁白始终给我做作的感觉。,3,还行,1,0.8663686829663619
"
                    2010-05-16 13:34:54
                ",Thoreau,年轻时，谁不曾风流？；荒漠的孤独与寂寞，和一群悲情的过客；当我们不能再拥有的时候，能做的就是不要再忘记；不想被人拒绝，最好是先拒绝别人...,5,力荐,0,0.9999599842064492
"
                    2008-05-23 08:33:47
                ",小鱼@苏樱,武侠的世界快意恩仇，可是感情的世界总是拖泥带水，这部戏王家卫没有拍下雨，没有湿湿沥沥，但是还是拍了很多水的光影，好美。这部戏大概是我最喜欢的王家卫电影,5,力荐,1,0.9999982831361038
"
                    2014-04-10 17:42:17
                ",Q·ian·Sivan,"「當你不能夠再擁有的時候,你唯一可以做的就是令自己不要忘記.」",5,力荐,1,0.2811748157563627
"
                    2009-04-18 18:22:54
                ",Kevin,"或许只有王家卫才有这样的魅力和号召力，能够让华语影坛最优秀的演技派演员共同完成这样一个作品，并且让每个人的个人风格得到淋漓尽致的展现。
电影被节气分为好几个片段，仿佛一块块碎片，每个碎片都展现一个鲜活的人物性格。貌似是不相干的人物，被纠结的感情联系在一起，让整个故事丰满起来。
也许我的人生阅历和鉴赏力还很匮乏，对于这样故事的内涵还不能完全解读，也可能这样的一个故事，我一辈子都不能读懂，但每次看这部电影都会有新的收获。电影的台词都蕴含的丰富的人生哲理，都值得能细细品读。
这种风格的电影可能只有王家卫才",5,力荐,3,1.0
"
                    2020-06-21 21:00:15
                ",saturnus醉倒在月光下,孤星入命，有名无实。如果你不再能拥有，唯一能做的，就是让自己不要忘却。在我最好的年华，我爱的人却不在我身边。后半悲情，曼玉倚窗，轻柔诉说，凄恻哀绝，如梦一场。色调艳丽，配乐空灵，节奏深沉，外武内文，以静写动。光影艺术品，银幕抒情诗。导演访谈：华丽的疯狂。慢镜头表现沉重。编剧主要负责剧情和节奏，剧本不要写得太细，编剧不要干了导演的事，实际拍摄和纸上想象有差距。并非无剧本，剧本是蓝图，改动也是编剧的方式。宿命式编剧，知道结果，推想前由。作为编剧的王家卫一直被忽略。武侠片，还可以是氛围，表达哲学思想。对有经验的演员，要折磨其累，才有最真实的表演，事后演员自己也会有所比较发现。张国荣怕坐飞机，一直在片场沙漠，没有离开。张曼玉不愿去沙漠，内景都在香港拍。表演不单是台词对白，还要学会身体语言（刘嘉玲）。,3,还行,0,1.0
"
                    2016-09-10 12:43:51
                ",Ocap,3.5。昨日架空的江湖，古今如一的情仇。听王老师讲课，言辞再矫情，句式再繁复，也从不会觉得是说教。这粗粝的诗意，这迷人的噪点，这好到犯规的配乐。,5,力荐,1,0.9985791788781041
"
                    2011-02-28 17:06:10
                ",烟视媚行,时间的灰烬。如果真的有一种叫做醉生梦死的酒，喝了可以忘记所有。我宁愿不喝，也要记住你美好的一切。,5,力荐,0,0.3114975990298363
"
                    2018-11-17 20:57:57
                ",Zaki,"佛典有云 旗未动 风也未动 是人的心自己在动。
虽然我很喜欢她，但是我不想让她知道，因为我明白，得不到的东西永远是最好的。
要想不被人拒绝，最好的方法是先拒绝别人。
当你不能够再拥有，你唯一可以做的，就是令自己不要忘记。",5,力荐,1,0.9899700029484851
"
                    2011-10-09 15:54:57
                ",cozylee有好运,独白电影，每一个人都是一段独白，跟小说一样，画面配得不错，所以成了经典被人膜拜,5,力荐,1,0.9992497874728439
"
                    2010-09-28 23:15:31
                ",熙熙小可爱,我爱极了这部电影的摄影师杜可风，奇才。看着大漠大气荒凉的景色，看着绿洲摄人心魄的美丽，看着别致到极点，影射不同纹路的阴影的鸟笼。我被折服。哥哥的孤独，Maggie的决绝，姐姐的绝望，这些，都是我心中永不落去的伤。,3,还行,2,0.9999999999999956
"
                    2016-11-04 21:17:04
                ",MAKEMU,这是一个关于过去的电影。面对过去，有的人疯了，有的人念念不忘直到死去，有的人恳求别人杀掉给她带了痛苦的人，有的人根本不在乎，有的人带着悔恨离开了，有的人喝下醉生梦死来忘掉一切，而有的人喝下醉生梦死，发现自己根本不想忘记。,2,较差,4,0.9174043368067394
"
                    2007-12-22 03:06:15
                ",半边番茄,当时还初中，搞笑的是看到一半的时候影院棚顶被冰雹打穿，所以至今也没有看完过。姑且给个3星吧，不偏不倚,5,力荐,0,0.07688478129337639
"
                    2018-03-04 18:06:04
                ",马里奥,两星给摄影、配乐和表演，通篇都是几乎没有逻辑的金句，心灵鸡汤大锅闷，一群看似牛逼实则傻逼的人设，爱恨情仇都靠作，你把所有人生感悟洒一地，总有人会看到几个眼熟的，而这几个傻逼就觉得这片绝了，太有共鸣了。写剧本可真是太简单了,5,力荐,13,0.999959105341512
"
                    2009-04-01 23:40:56
                ",No One,看片时间备注：06世界杯8强淘汰赛进行中，英格兰VS.葡萄牙,3,还行,0,0.9721102858107387
"
                    2009-10-11 12:39:15
                ",一條魚佔滿了河,尋一壇醉生夢死酒。當一回盲劍客。再在東海之濱為一座島取名桃花。,2,较差,2,0.9919404440986753
"
                    2011-12-30 21:12:54
                ",小子墨哥,配乐很动听，经久不衰，可惜剧情就不行了！大漠赤城,4,推荐,1,0.956575289982769
"
                    2012-11-23 00:35:27
                ",康乐股长王紫菜,好吧借着要写paper的缘由港片盲大晚上的看这么文艺致死的东西。。。“当你不能再拥有的时候唯一能做的就是不要让自己忘记。”每个人的角色都尼玛那么伤（但是为毛我觉得最伤的是梁朝伟那个盲剑客。。。音乐很好很加分,4,推荐,0,0.999993911946707
"
                    2018-05-23 22:14:01
                ",小十三,帅 美  酷  棒  光影记录下的美人们，棒呆了的那些故事，笑出泪水的梗,4,推荐,20,0.9999998752468642
"
                    2009-04-18 18:30:07
                ",咚利复米阿琅,"‘看着他们走的时候，我的心在妒忌。’这是张国荣说的。
‘我一直以为自己赢了，直到有一天看着镜子，才知道自己输了，在我最美好的时间，我最喜欢的人也不在我身边。如果时间可以重新开始该多好。’这是张曼玉说的。",5,力荐,1,0.9997704125833614
"
                    2012-07-02 19:30:40
                ",[已注销],并非我矫情 大二上先看的终极版 热泪盈眶！就是喜欢这样的配乐 这样的画面 这样人物的呓语独白~这类电影看得就是感觉 何必纠结于到底谁是谁 ···还是英文名好，意味深长！~ 中文名会引起许多迷糊：东邪西毒故事 洪七跑来搞毛线？来就来了 那南帝也得有段故事呀···哈哈哈 一个人的时候看看吧 那些,4,推荐,1,0.9999999543566537
"
                    2009-04-06 16:44:19
                ",巴啦啦,有人说看不懂。可是故事情节线路是清清楚楚的。缺了王祖贤。不然就圆满了。我真是太爱香港90年代的巨星了！,5,力荐,1,0.961639524872576
"
                    2009-02-11 23:08:32
                ",树木夕凉,"修复后的色彩漂亮极了

桃花岛上年复一年的等候 白驼山上醉生梦死的情结",4,推荐,1,0.9999489810890455
"
                    2012-05-25 21:17:05
                ",海岸泥沙,在我最美好的时候，我最喜欢的人不在我身边。她是为了一句“我喜欢你”，我却是为了不承认“喜欢他”而已，最后我发现我是真的输了。,4,推荐,1,0.9929533238367438
"
                    2008-03-08 17:36:12
                ",蚂蚁没问题,时间的灰烬,5,力荐,6,0.12487491553156016
"
                    2009-02-08 18:40:32
                ",冯正气,每一个人都有这样的想法，知道《东邪西毒》出了终结版，就想知道里边儿有些什么，我想告诉他，其实没什么特别，可能看完后还觉得原来的好。,4,推荐,0,0.9865184471674786
"
                    2021-08-22 16:23:47
                ",妍春,豆瓣TOP250补标。听到“对于太古怪的东西，我向来很难接受”从王家卫的口中说出，还是蛮...古怪的。你还不如像Sheldon对于数字73的崇拜一般（1001001），清清楚楚地说出你对意象的感触与迷醉。,4,推荐,0,0.38845170833416987
"
                    2009-02-11 05:25:26
                ",Paul Zhang,"it still matchs five stars, but beyond my anticipation",5,力荐,0,0.44767845850986676
"
                    2008-09-15 02:07:40
                ",Comel,【2】wkw的形式主义尝试，试图进一步弱化情节，强化人与人之间的疏离感，靠旁白及台词撑起的电影,4,推荐,1,0.999585628780613
"
                    2010-06-11 10:21:59
                ",puma1020,我以前听人说如果刀快的话，血从伤口喷出来的时候像风声一样，很好听，想不到第一次听到的是我自己流出来的血~~,5,力荐,0,0.7776771317463665
"
                    2009-04-01 21:47:51
                ",六月。喵,四月一号 巧合 东邪西毒终极版 王家卫 流光镜语 东邪西毒终极版 王家卫 流光镜语 ,4,推荐,1,0.99288323022014
"
                    2013-11-28 15:09:47
                ",🐳 居北望南 9¾,有些电影，有些片子，有些故事，有些叙事手法，有些文诌诌，有些经典，有些矫情，就停留在二十年前吧。纯粹看大腕们齐聚。,2,较差,2,0.9957978591310809
"
                    2013-07-18 17:04:53
                ",Jue,"单位大院儿电影院看的，以我们单位当时的审美水平，出来电影院一片：啥啊 之声完全可以理解。当时我才7,8岁的样子~就知道王家卫的电影不要随便碰...",3,还行,1,0.06894185200614833
"
                    2010-11-11 15:55:44
                ",kobie,射雕的壳+男人脸+女人泪+凄凉背景乐+大漠风景画+经典文艺爱情生活哲理台词=东邪西毒  其实谁都逃不出一个“情”字,4,推荐,0,0.9999999624118151
"
                    2021-10-07 01:24:34
                ",泽利格,B站最近更新，原本想点进去随便看一会儿，结果一口气看完了，太美好了。第一次看应该是本一的时候，也许是我太愚钝了或是剪辑版本的缘故，我记得我完全没看懂这部电影，因为我完全不记得它讲了什么故事，甚至是那些精彩的台词，但电影里的某些画面却一直印象深刻，到现在也忘不掉，这种感觉，就好像喝了醉生梦死一样。,5,力荐,1,0.996058162422004
"
                    2010-10-06 19:51:59
                ",不聊电影,2010.10.6女人比男人多的杯具。。。老王明明喜欢古龙 却还要用金庸的故事 你说他到底喜欢哪个多一点？2017.2.12不记得之前看过....2刷普通话日版,5,力荐,0,0.826258477848294
