time,uname,comment,star,title,support,sentiment_score
"
                    2018-01-04 21:55:50
                ",慈斯基,"
“我们像两只 落单的袜子…”
“我是被拉长、变形了的那只，上头好多洞，灰土土硬邦邦。”
“我像单调的白色棉袜子…”
“不，你是宝蓝色的，明黄色，像金丝雀那样…” ",5,力荐,2039,0.00390803350753699
"
                    2017-08-15 01:37:11
                ",verapoo,看到苏演了maud恍如隔世,5,力荐,1501,0.7589892427517575
"
                    2017-08-25 17:55:19
                ",JoshuaLi,影片没有将Maud的疾病及艺术生涯作为重心，而是将多数时间花在刻画她与丈夫的关系上，但由于这种取舍并没有被把握好，导致叙事在微观层面上令人困惑，包括疾病的影响与艺术创作这些可以增强主角塑造与境遇刻画的非主要因素都没获得应有的回报，即便表演再优秀，这种缺失也使得叙事难以真正进入角色内心,3,还行,498,0.9999999999999807
"
                    2017-10-26 10:44:20
                ",陈哈,看到莫娣摸起画笔就能忘记这世界的不幸和操蛋，羡慕。,5,力荐,1365,0.9992231694520185
"
                    2017-10-30 11:44:38
                ",西楼尘,关节炎禁锢了脚步，小推车却带我周游世界；视网膜限制了视野，小卡片却替我飞去梦园。若不是你张贴了广告，我便不会敲开那扇门；若不是我闯入这小屋，你怎知生活如斯温柔。只说反话的你叫人多欢喜，于是我画下黑色的猫、白色的雪、红色的树叶，画下更迭的四季和更迭不掉的回忆。而每个回忆里，都有你。,4,推荐,2344,0.9999999968041311
"
                    2017-04-30 11:37:09
                ",Iroquois,不知道坐在我旁边啜泣的老奶奶老爷爷想到了什么动人故事，想必这些长者伴随着两个生活在社会边缘的人的灵魂之歌内心流过的，是一个个时光荏苒，乐观于世，真爱永存的瞬间。活过一世，纵使再坎坷再贫穷，做了自己所爱的事，爱，与被爱，足矣。（当然是在NovaScotia）,5,力荐,1163,0.9999999999972231
"
                    2017-10-15 20:45:35
                ",RealityBites,前面一直想哭到后来真的控制不住掉泪。Sally Hawkins作为女主的演技好的自不必说，但Hawke毫不逊色，甚至在我看来他的表演更精准更打动我，并且这个角色实在是够可爱，一个暴躁的大老粗逐步变成嘴硬心软的温柔体贴丈夫。结婚当晚抱着妻子说我明天还是爱说反话，说着我们就像一双落单的袜子，觉得好浪漫,5,力荐,754,0.9999999991559785
"
                    2018-03-01 00:09:50
                ",巴喆,偷偷望一眼女儿，不敢靠近，泪流满面。我喜欢她看那些花花草草自顾自的笑，浮生万物皆画笔，万般可爱。8.7,5,力荐,400,0.9999837959612656
"
                    2017-10-26 14:43:15
                ",匡轶歌,算上<北斋之女>，近期的两部女画家传记片都很动人。葛饰应为在画技的钻研精进上有相当清醒的自觉，而莫娣不同，她的一切出于直觉和本能，不止没有对画家身份的执着，也并不觉得艺术是一生志业，更不懂什么方法论，她只是在天生热爱的驱动下，不画不行。所以我反对身残志坚的说法。两位主角演技太戳人！,5,力荐,345,0.9999999999714271
"
                    2019-08-16 15:26:48
                ",亚比煞,你来过我的世界，让冰雪融化，让我的屋子开满了花。,5,力荐,265,0.7973879006205938
"
                    2017-12-30 22:07:03
                ",肖浑,四星半。加拿大版余秀华，一个完全不作、低姿态、易满足的文艺女。疾病、艺术与爱情，三大主题都讲了。戏份上偏重的是爱情，但是感觉女主最需要的还是艺术，只要让她画就够了，艺术本身就足够让她快乐。女主演技棒，看到伊桑成了个老糙汉有一丝忧伤。,5,力荐,165,0.9999999999951499
"
                    2017-11-01 01:52:11
                ",长安目威,所谓最美好的生活也不过是在一个美丽的地方，拥有一间小小的房子，房子里画满了五彩斑斓的小精灵；有一个自己爱也爱自己的伴侣，虽然嘴上难免吵吵闹闹，但终究谁也离不开谁；做着自己喜欢做的事情，买得起自己想要的东西，有事没事去海边吹吹风，就这样一起走过一个又一个日出日落，花落花开，雪融雪来,5,力荐,200,0.9999998498771775
"
                    2017-10-07 00:16:08
                ",Fleurs.哼哼,"The whole life already framed,right there.
浮生三千既夙定，画意万载皆是情。",4,推荐,1451,0.9946565990019213
"
                    2018-01-29 19:23:37
                ",小黄兔,全程哭成狗，哭得眼淚鼻涕一把。這是一個懂得人間美好，性格溫柔的人。活了這麽多年，我切切實實知道，錢不是重要的，智力不是重要的，重要的是那一顆溫柔的，純真的，包容的心。用人格去融化冷酷和自私，一點點的，非常自然的，讓周圍變得更美好，如那一幅幅美好的畫。,5,力荐,165,0.9764543115148052
"
                    2017-10-07 12:37:39
                ",禾希食反,“我不喜欢这世界上的大部分人。” “这世上的大部分人也不喜欢你......但，我喜欢你。”,4,推荐,1366,0.9994238636972543
"
                    2018-04-15 20:28:16
                ",根,伊桑霍克演这么大老粗的角色，每天穿得跟刘能似的，居然还有种别样的性感！床上拥抱那两场戏我心跳跳了，好想给他做住家女佣哦（但是不能打我,4,推荐,1138,0.9998859470225516
"
                    2018-01-20 22:34:41
                ",老郑卖茶🌈,数度落泪，太喜欢莫娣了，这么美的灵魂啊，笑起来整个人有一种奇异的光芒，特喜欢看她笑。两个人演得特别好。简朴、温柔、坚韧的爱情，和莫娣的天才与温顺，伊桑大叔的暴躁与温柔，让电影好看得让我心碎。,5,力荐,160,0.9999999999897837
"
                    2018-01-31 23:26:15
                ",也无风雨也无晴,莫娣是一个身体有残疾内心却无比健全的人 她知道什么人该爱 更知道如何走进一个人的心里 知道勇敢的表达爱 会主动对男主说l like u 会跟男主说一般别人在咱们这种情况下应该🎎 有荣誉时知道挂上爱人一份等等所以在上天给了这么一手大烂牌的情况下依然获得了健康人都很难遇到的真爱 ,5,力荐,125,0.9999899386135239
"
                    2021-04-25 00:01:14
                ",popon pop,看热评说这个电影的问题就是太突出她的家庭生活，没把重点放在疾病和艺术创作的关系上！我觉得太好笑了！这恰恰是我觉得这电影最大的优长———艺术家的人生重点从来都是她与周遭爱人尘土一样平庸又详细的关系，艺术的真实就是那些盘子里杂七杂八的油污和剩菜，并在其中找到金色种子而已。这些日常的掌纹才是艺术生命最重大也是最有价值的冒险，而这种平常也是艺术之所以为艺术的高贵之处。同时作为艺术家和爱情里女人的恍惚，在这个电影里都体现，她作为一个弱小人呼吸着，在呼吸时，在睫毛抖动时，她就如此动人了，而艺术情思就在其中里摆动它的翎羽,5,力荐,83,1.0
"
                    2021-07-23 12:30:01
                ",小乔,人真的不需要那么多物质，甚至不需要那么多的体验，就可以生活得非常非常丰富。莫娣让我反思。,5,力荐,65,0.9330371961101633
"
                    2017-07-30 07:22:13
                ",同志亦凡人中文站,其貌不扬、身体畸残的女主用画笔一点点把脾气暴烈、直男癌末期的糙汉改造成了深情的丈夫。超级玛丽苏的故事，看到结尾发现是真人真事直接哭晕在厕所。女演员气质太独特了，难怪会被陀螺相中出演“水形物语”啊~,4,推荐,759,0.9999918044152588
"
                    2017-07-12 05:18:46
                ",Lycidas,@renoir 很喜欢的一点是女主的病症在剧作中被弱化，因而丝毫没有乞怜的企图，只是非常温柔地记录下这段被边缘化的平凡人相偕相爱的生活。男女主都演得非常棒。伊桑霍克这个角色实在太苏了，傲娇暴躁的冰块脸宠妻狂魔（结尾原型老爷爷明明看起来很萌很可爱！,4,推荐,665,1.0
"
                    2017-11-02 14:41:20
                ",Morning,莫娣这个角色是很像松子的，不是境遇，是那种内心里源源不绝的生的欲望，炽热浓烈到纯粹，几乎是这个世界上最美好而干净的力量了。莎莉霍金斯将莫娣的内心戏演得非常之准确，她面对琐碎的小事如何反应，太厉害了。而伊桑霍克更是为一个看似扁平的角色注入了灵魂，慢火煲汤，快刀做料，非常高明。,4,推荐,488,0.9999999996524316
"
                    2017-10-10 16:08:42
                ",橙子换马甲,飞机片。。我不太能相信男主的变化，从初期的躁狂表现看，他应该有一定的心理疾病，被爱治愈这种同人故事真的会发生吗。。伊森霍克还是太帅，搞成一个野人的样子也还是帅出了我的审美范畴。。女主好看。。画也可爱。。,2,较差,162,0.9999970956416554
"
                    2017-12-06 17:04:36
                ",刘拾九,至男主打完女主始，就再无法将本剧与温情扯上关系。,4,推荐,394,0.8104048891469503
"
                    2017-10-05 21:11:09
                ",亵渎电影,原来是一部浪漫的爱情片，身为社会边缘人的一男一女相伴走过人生的30年，互相学会如何包容，如何去爱。电影很细腻，并没有强烈的导演风格，只是给人娓娓道来的感觉，把所有的精力放在了塑造人物身上。不仅塑造了莫娣的角色，她丈夫埃弗雷特甚至比莫娣的角色更立体，莎莉·霍金斯的表演值一座奥斯卡。,3,还行,473,0.9999999999999976
"
                    2017-04-22 10:00:10
                ",饮歌,Sally Hawkins借由这个十分特型的角色，奉献了一次影后级别的表演。但碎块式的剪辑简直就是一副不想好好讲故事的架势，有数次马上要酝酿好的感情都被戛然而止得切断。,3,还行,80,0.9831817688171924
"
                    2021-11-11 20:23:14
                ",曾良君,那场抽耳光的戏，是想表达啥啊，感觉甚至消解掉了一部分爱意。,4,推荐,61,0.9923298371227985
"
                    2017-10-23 11:01:57
                ",康报虹,刚看到Maudie的形象时，还以为是在《丹麦女孩》中扮演莉莉的小雀斑。,3,还行,353,0.8900385506062046
"
                    2019-12-08 13:08:45
                ",椒盐豆豉,看到现实中莫娣的的老公其实很 supportive，甚至颜料还是他买的，片子里却为了体现生活的惨淡时代的冷酷岁月的洗礼却一直臭着脸苦大仇深憋屈了两小时，不禁减了半星。,2,较差,42,0.9999997747557118
"
                    2020-12-19 15:32:53
                ",phoebe,再怎么煽情、镀糖衣也改变不了这个故事的野蛮和悲惨啊。说实话我看完觉得恶心。,4,推荐,78,0.4982964935035449
"
                    2017-10-13 20:13:59
                ",欢乐分裂,“我们是一对落单的袜子”，不怕被世界遗弃，只因可以与你相濡以沫，这座亮着灯的小小房子，装满了相持走过的岁月，记载了心灵融化的过程，是爱的记忆，是幸福的见证，人群中找到彼此就是盛大的幸福；题材似《花落花开》，摄影美极；伊桑霍克苏得过分美好，莎莉霍金斯神级演技。,5,力荐,273,0.9999999913945671
"
                    2020-02-24 02:02:44
                ",大島,有些人在这世界的某个地方过着我们梦寐以求的日子，但生活却给了他们其他考验。,1,很差,52,0.9980752115626836
"
                    2017-12-30 18:06:27
                ",V,年度最反感的电影,4,推荐,53,0.5070740128061072
"
                    2017-05-01 08:01:32
                ",pat-paddy,竟然被这部狠狠的感动一把，让你全程微笑但又忍不住落泪的片子。小小的格局，却让人完完全全被这份感情所打动。莎利霍金斯演得实在是太棒了。配上Nova Scotia 的风景，以后一定要去一趟。最后一些真实maudie的电视片段真是让人感慨。I was loved.,2,较差,254,0.9999993777231695
"
                    2018-07-18 09:06:52
                ",安宁,"从那一巴掌开始，这个故事就注定恶心。
两星给女主和最后五秒。",5,力荐,67,0.5318403851507871
"
                    2018-04-21 22:17:33
                ",甘草披萨,4.5 两度她温柔微笑着说“浮生一切都已被框成画”，银幕外的人早已哭得不成人形，都是被生活暴力所虐之人，先被命运强迫捆绑在一起，而后相扶相伴成亲情，秋千上华发改朱颜爱情方才自始而生，过程润物细无声，电影如莫娣平和不怨天尤人，似乎有精神依托再风雪飘摇都不以为意，演技好到从心疼莫娣变成心疼莎莉,5,力荐,62,0.9999999999682192
"
                    2021-07-23 21:42:11
                ",Max.,我开始以为是斯德哥尔摩，后来才发现是这个男人独有的温柔。温柔在推车推着她走过春夏秋冬，在于让她随意涂鸦自己的小屋，在于气呼呼的搬回了一个纱窗网，在于看着病痛不已的莫娣说：你值得比我更好的人。莫娣，一个困在残疾躯体里的艺术家。她是如此的温柔坚定，温柔的抹平Everette的暴躁焦虑，温柔的爱这个世界，温柔的牵挂自己以为离去的孩子，她坚定的一直选择作画，坚定的选择自己要的生活，坚定的爱着一个人。她轻盈的像一片纸，他笨拙的像一块木头。看似毫不相干的两个人，却如此般配。,1,很差,56,0.9999999999982903
"
                    2018-12-22 22:25:05
                ",梦游者,也就是仗着莫娣夫妇都已去世又膝下无子才敢拍出这么一部丑化别人的电影吧？她老公在现实采访中是一个绅士亲切的人，电影却把他拍成了一个粗暴恐怖的恶棍！跟这种人还能发展出爱情也是够自虐够可悲的了，这感情的发展路线非常牵强，没有代入感；另外也没有着重描述莫娣的绘画生涯，没有描写她的内心世界并通过绘画引起共鸣，总之，非常失败的一部电影。我只能说客观上应该是1分。,5,力荐,62,0.9999999994742048
"
                    2018-01-15 23:36:07
                ",满意,犹豫了一下还是五星 女主演技加分 想起昨天看的前任3简直更生气！只是找些皮毛段子耍个煽情就是爱情片了吗！这才是好吗！好像都日常 连话都没怎么说 但是于我是直击爱情本质的—让两个人都变得更好 老头子来找离家出走的老婆子回家那几句真是感人,5,力荐,45,0.9999975674665862
"
                    2017-11-01 13:16:24
                ",淋,人生冷暖 早已被框映在 窗外    【Sally如此值得一座奥斯卡！】,5,力荐,13,0.7711112412919436
"
                    2020-02-14 10:22:26
                ",Drink,“明天的我还是爱说反话” 温柔一击,5,力荐,23,0.7231922354369651
"
                    2017-11-01 23:27:43
                ",Doublebitch,是那种看完之后很久出不来的电影。,5,力荐,32,0.9390750528593912
"
                    2017-07-20 21:45:37
                ",黄小米,刚去过拍摄地周边，就是这样美。ethan hawke只要演高中文化程度以下的人就很好。太喜欢sally hawkins了！,4,推荐,58,0.9990981600133598
"
                    2017-10-26 21:05:02
                ",鹿不鹿,"
想象力和不挠的生命力才是人生的四季牧歌
勾勒线条 笔触生花 为可触及的事物填充上色 
憧憬简单到三寸小格子画里的心态
一只画笔可以填筑起一方天地
悲喜起伏都封印在风景之外

爱情亦是一种奇遇
若你我是怪人 行走于孤独的边境之地
也可相互取暖 脚尖起舞 灵魂相依 ",4,推荐,58,0.9999999999970044
"
                    2017-09-01 14:01:45
                ",桥山小野姬,余秀华既视感,4,推荐,46,0.7027157728947043
"
                    2017-11-19 16:07:25
                ",Jin,伊桑太帅几次出戏……,4,推荐,39,0.8921022210895668
"
                    2017-04-09 14:49:26
                ",小捌,"unexpectedly beautiful, both visually and narratively. 最后的黑白纪实镜头真让人揪心 / 男神演个antisocial的grumpy农民都这么有魅力 妈呀没救了(ಥ_ಥ)",5,力荐,21,0.9975207916291841
"
                    2022-04-04 22:06:52
                ",.。Rhythm,“我以前怎么会觉得你不完美？”,5,力荐,16,0.7201718985415884
"
                    2021-02-06 19:11:59
                ",屁兔屁,大跌眼镜，这片子这么高分的所谓“爱情最好的样子”完全是被旧社会道德绑架洗脑了吧，就像“我爸从小打我妈但是他们现在老了也打不动了想想也是好温暖哦，这就是爱情最好的样子哦”，自我洗脑能力过强。男主从一开始想免费找女佣➕老婆就注定是个卑劣的人，老婆既赚钱还能伺候人这是所有市井直男癌对于好老婆的定义，后面所谓相濡以沫的洗白戏真的吃不下去。正如片子里不断cue到的，真的养条狗20年还有感情呢，有点小体贴就是爱情了？演技挺好，可惜整体价值观崩了,2,较差,22,0.9999999999987399
"
                    2018-02-21 21:07:09
                ",羊毛毛,结尾现实中的男女主都是很可爱的老头老太，完全没有影片中男主的苦大仇深，和女主的丑陋、怪异。这电影没有一点美感。家暴男主和貌似智商情商双低的女主无法让我产生好感。要是好莱坞来拍，没准能更感人一点。他俩的爱情也产生的挺莫名其妙的。,1,很差,37,0.9999999938255759
"
                    2021-12-17 09:45:12
                ",南国北郭,“明天我也还是会说反话。”呜呜呜也太感人了😭两个人的演技都太棒了，而且最可贵的是莫娣知道如何保护埃弗雷特的自尊心，但是她也是个很有自尊说走就走的女性，这才是正向女性主义啊！,5,力荐,21,0.9999865790669167
"
                    2018-04-21 20:58:56
                ",凹凸,怎么会有Sally Hawkins这么棒的演员？一吸一呼都是惊人的情绪感染力！怎么会有Ethan Hawke这么糟的演员？把一个粗俗的大男子主义者演得如此性感，简直过分！,4,推荐,30,0.9988745553688548
"
                    2017-10-31 21:19:47
                ",Poros,真心召唤卡西阿弗莱克来当男主角；Maudie情商极高身体缺陷应当展示出强大的控制力，可惜伊桑霍克的气场不够丧不够绝望不够一无所有，一根筋无脑暴躁，前半段单方面强势使得女性自我拯救主题展开不够明朗自然，打乱了平衡，戏剧性大打折扣，后面再花大把精力修修补补,2,较差,16,0.9999999997574736
"
                    2022-08-23 22:44:35
                ",cflyf,国内最新高分电影 隐入尘烟，或许是向本片致敬，同样沁人心脾，泪目至极,5,力荐,23,0.999963707818362
"
                    2018-04-24 22:01:23
                ",kylegun,在墙上冒出的小花逐渐覆盖了整座房子，昏暗煤油灯下你给予了我一切，所谓真爱不过如此,5,力荐,19,0.5024949554112385
"
                    2018-01-01 20:28:25
                ",望月封道,大多数人需要走了很久过后才会开始给自己的人生做减法。然而有的人人生从一开始就没做过加法，他们的生活至始至终都专注在最重要的事情上。这不啻为一种幸运。,4,推荐,35,0.999986695875113
"
                    2017-08-10 19:09:23
                ",基瑞尔,温柔又平静。她用画笔感知周遭的世界，抵御着来自生活的病痛和伤害；他沉默无声的给她料理一切，最后也终于变得温和起来。每段音乐一响起的时候都会觉得很有画面感，到最后看到人物原型更觉得是催泪弹。Sally Hawkins太棒，但老接这么“内敛”的角色，可能会提不到奥斯卡影后---有点着急！,4,推荐,29,0.999999973843064
"
                    2023-04-06 15:46:35
                ",哈哈,我看得蛮不舒服…比起所谓相濡以沫、互相珍视的爱情，看到的更多是那个年代不对等的男女关系。两个女人间互相欣赏的情谊才令我动容。,3,还行,28,0.9997859837493019
"
                    2021-08-22 01:15:21
                ",了不起的花轮君,觉得他俩的相爱是忽略了很多莫娣的牺牲，美化了很多男主的爹味。她姨母说得没错，她就是被男人囚禁的女奴啊，男主嫌弃她是真的，看到她赚得多了心里不舒服也是真的，舍不得她离开不就是怕失去这个女奴吗？但凡他稍微有点钱绝对不会将就这个残疾的女主，不能因为伊桑霍克太帅就原谅了这个角色觉得他们是真爱好吧。所有相濡以沫的爱情都是因为没得选只能相互将就罢了。,4,推荐,23,0.9999999715299409
"
                    2018-03-29 23:03:04
                ",方枪枪,即使两人睡在同一张床，隔阂与偏见是看不见的墙；爱情是手中的小推车，是踩着爱人角尖的舞蹈；如果你喜欢怪人，其实我很美！残躯身体中有对艺术与生活的热爱，莫娣犹如朵沙漠中开出的花。,4,推荐,19,0.9999999563050382
"
                    2022-07-30 22:04:49
                ",夏之轻寒,3.8星吧。倒是觉得莫娣和那位来自纽约的伯乐太太的友谊很感人，如果没有她，很可能没有后来的民间画家莫娣。单纯而真挚的赏识、喜悦、帮助，相比较同性之间完全无私的精神赞赏和施以援手，能做家务烧饭伺候人 为前提的男女关系反而emmm....,3,还行,37,0.999999999998965
"
                    2020-12-26 23:12:59
                ",momo,从埃弗里特狠狠地揍了莫娣一拳那儿开始，我就膈应到不能入戏……觉得情绪管理能力已经是良好亲密关系的基础了，狂躁甚至动手的，建议姑娘们还是谨慎考虑吧，莫娣的温情故事是一个奇迹，并不代表奇迹也会发生在你身上呢。,3,还行,40,0.9999939819596679
"
                    2022-04-06 18:48:42
                ",明月心,画风简单温馨 。加拿大真实故事传记// 但这世上真有外表冷漠粗俗说话侮辱人直接扇你一巴掌的人，但内心是有爱的？我不相信这样的爱情童话。这个姑娘被生活pua狠了，自己骗自己选了一个不是最糟糕的路。,1,很差,13,0.9491351442421708
"
                    2017-10-05 23:59:08
                ",帕拉,娓娓道来，淡化冲突，用温柔侵占观众内心，朴素的爱与美最容易打动人。伊桑和莎莉·霍金斯之间居然默契满满。[B],4,推荐,21,0.9999979115492528
"
                    2017-10-09 17:54:11
                ",胖丁桃,对这部电影的观感比较复杂，传记片来说演员的强大表演补足了人物的塑造，艺术不仅是莫娣灵魂的追求，也是改变她生命的钥匙和对世界的感知，但很难理解二人之间的爱情，尤其是前期女主究竟是怎样喜欢上这样一个男人的……,4,推荐,17,0.9999999999999389
"
                    2022-05-01 19:37:37
                ",陶粒,"我不太懂男主是什么时候开始爱上女主的，他的暴戾真的让我始终感受不到爱在哪里。女主的演技真的很好，前期那种躲闪又讨好的眼神真的很让人怜爱。
新婚之夜女主赤脚踩在男主鞋上，两个人一起相拥着跳舞真的很美。",4,推荐,14,0.9999999995706252
"
                    2017-07-17 21:20:50
                ",simonfaye,一个男的，为什么可以说上手就上手？如果整部影片男女角色对调，难以想象女主会对男主做出一样行为，即使为表现性格狂躁，可能也只是歇斯底里的怒吼。所以这是力量差异造成的不平等吗？总之即使我理解它想表达的意思，仍然无法原谅，直接导致最后结尾时在一片哭泣声中我的冷漠。即使相伴，仍然孤独。,3,还行,32,0.999998414706064
"
                    2017-07-15 20:35:26
                ",vivi,几乎是最意想不到的一对，寡言却极具感染力。仔细想这两人几乎都是百搭的，跟谁都能擦出极合拍的火花。想到霍克老公现实中跟保姆结婚生子看这片子就觉得特有趣味。老公无论演的话唠或寡言的角色，都性感死了，初出场衣服扣子快要爆开 ❤ 2017.11.9 重看,4,推荐,12,0.9982047358933991
"
                    2017-10-13 09:01:05
                ",海贼拉面,年度狗粮，这根本是晋江言情近年很火的打着边缘恋歌tag的糙汉文！我已看到萨利霍金斯手捧小金人的画面了。在女主这存在感超强的身残志坚小天使形象面前，伊桑霍克演的臭脾气糙汉鱼贩子完全没有失色，两强争辉画面超美。伊桑霍克打扮得人五人六时总会漏出一丝猥琐，泥巴里滚几下出来则帅得别有一番风味,4,推荐,15,0.9999983475879546
"
                    2022-12-03 11:54:50
                ",莱克尔博德,故事的主角当然是莫娣，但更重要的是Lewis的转变，是实用主义放弃理性追求浪漫的转变，难的是他要从固有的枷锁里挣脱出来，找回一个人本能的对世界的好奇和审美，还有爱的能力，所以有些瞬间他爆发，坚持不下去了。但艺术的本质不是满足当下的生计，而是长久的愉悦，当然需要时间去理解，但一旦开始理解了，艺术的种子就在心里生根发芽了，就不至于长成麻木的大人。「我们像两只落单的袜子」,5,力荐,18,1.0
"
                    2018-01-07 18:07:03
                ",叶飞Phoenix,你一无所有，唯有简单朴素的艺术，和对生活的热爱。我只有在贫寒乡野里的一栋又小又破的房子。我们在这里相遇，相伴，经营着质朴的生活，互相成就了彼此的尊严、价值，和一起携手老去的美好。在我眼里，有你的地方就是最美的家。,4,推荐,17,0.9999999994399467
"
                    2017-08-25 17:55:19
                ",白日美人_S,失望。出色台词和精湛表演在每场戏尚未带出情绪时即被剪碎，最终沦为赶场流水账。,3,还行,36,0.9990193548838302
"
                    2017-12-07 21:28:57
                ",星崎  妙,特别喜欢莎莉的长相，觉得小时候看的外国儿童故事书里面善良且有趣的女主人公都应该长这样。,4,推荐,12,0.9999979123022902
"
                    2022-03-04 22:50:57
                ",风风风,一个吃人的社会，一个被男人（弟弟）侵占遗产卖女儿还遗弃的可怜女人。未婚就被迫生了孩子。找工作还要挨打，成了丈夫就随意打骂，地位鸡狗不如，办结婚证都嫌贵，赚了钱全给男人。赚的钱比男的高还要做家务，女儿也是被拐卖。如果她没有才华不能赚钱，就是铁链妈妈加拿大版。有什么好感动的，那董某民是不是也挺感动？他也照顾她饮食起居啊，不明白为什么这么高的分。男人总是吸干女人的生命力，装作很感动很伟大。最好的女人就是Sandra。最多值5分的电影都是什么娇妻和南再打高分啊，迷惑不解。2星致敬莫娣。,2,较差,13,0.9999999979003573
"
                    2017-11-22 08:58:43
                ",嘟嘟熊之父,非常专注的作品，四季变幻，心境如一。一个从怯懦走向坚韧，一个从狂躁走向柔软，原本只是一种交换，到最后竟长成爱的默契。,4,推荐,20,0.9999998903834924
"
                    2021-08-02 14:58:23
                ",静かに,无法被这种强制感化的片子感动…. 有人说这是爱情的样子  什么 爱情是从一巴掌开始的 还是想付钱do i开始的….男主实在太恶臭了塑造的 完全感动不起来 也不觉得他后面的反差很可爱 什么的 …..太扯了 ,2,较差,20,0.3324233458089578
"
                    2017-11-23 17:02:25
                ",赵三乐,神经病才会把笔墨放到爱情上，浪费演技；有些戏拍得过于刻意，让人生厌；画画没有任何升级感，且表现手法单一；本来以为推车的细节很好，从不坐车，到朝前坐，到对着推车的男主坐，结果后面特么坐回去了，又变成朝前坐了，好好的小梗给破坏了；男主比女主塑造的丰满多了；没看出真爱，就看到斯德哥尔摩,2,较差,9,0.9999996792113878
"
                    2021-05-23 19:07:11
                ",观荔手记,我真要给这导演整疯了，我回头一看豆瓣跟我说是9.1分艺术家传记电影？你在写啥艺术赞颂啥爱情哪里美好了怎么爱上的机械牵红线能不能适可而止，我全称头皮发麻婚内家暴pua冷暴力物化厌女歧视一条龙齐活，明明是一边为生活所迫一边被兄夫强迫却怎么打怎么骂怎么侮辱都不会离开的，多乖巧啊多贞洁啊，简直满足**对女性一切的幻想。所以艺术家的成就=每天被一群人围观＋上电视＋总统买了她的画？渔夫他除了伤害m还做了啥啊怎么这么自我感动咧一直以来都那么脆弱敏感“我才是家里的主人”，结构叙事上也没有说看出导演对此有褒贬态度。最后Maudie死了只给他一个意味深长的表情一段maudie的回音语录＋插入两段原事件的真实录像我真的笑死。除此之外只音乐和色调氛围还算好，一星加给Maudie，她值得所有,2,较差,4,0.9999997877983968
"
                    2019-10-06 01:29:28
                ",GIVIND,天知道我有多幸运半夜失眠遇到这部电影！时间地点情绪专注力全都刚刚好！// 这样脉脉深情细水流长演绎的动人故事，“只羡鸳鸯不羡仙”不过如是。她是高更一样的天才画家，他是泯然于众的平凡渔夫，而她却在他的小屋里得到浮生向往的一切；两个失落灵魂相依相拥相互温暖，余生每一秒都变得意义非凡，她比高更可幸运多了，他比凡人可幸运多了。// PS. 伊桑·霍克才是格调一词本词啊啊啊！！！,5,力荐,11,1.0
"
                    2018-02-04 14:11:46
                ",Настя,都执拗地维持着独立人格 却在以为要失去彼此时坠入巨大的空寂 幸福大概有痛苦的必然 这两人演得真好啊 ,4,推荐,7,0.9995732993204004
"
                    2020-11-29 01:37:38
                ",千岍,影评里清一色的表扬男主角只是嘴硬心软，但是从他打了女主角一巴掌后我就没法接受这个设定……其实影片对于男主是否爱女主的表达真的很克制了，也许现实更残酷，只是导演想让电影看起来更有温度……当然不可否认女主角的画确实很有生命力，但是她生命中的伯乐其实应该是纽约来的桑德拉，是桑德拉的慧眼识珠才让茉迪的画走向世界，忘不了她第一次来到小屋时看到“墙上那快乐的小鸡”时眼里的光彩，可惜这两个女人之间的戏份太少了，扣一分，还有一分是感觉这个片子的剧情太赶了，有那么多值得展开讨论的地方，可惜了这么好的题材,3,还行,23,0.9999999999999938
"
                    2017-08-01 20:42:34
                ",抱抱,片子叙事角度特别细腻，画面也很美，平平淡淡的故事但是看的人泪如泉涌。爱情不是那么伟大也不是那么卑微，爱情就摆在那里，等着你去寻找。看完片子，再次想感慨我这辈子可能都不配拥有爱情了吧。屡试屡败。和我一起看片子的那个人哭的一塌糊涂，可是我却只能当作什么都没看到。,4,推荐,10,0.9999999544754469
"
                    2017-12-29 23:28:38
                ",熊仔面,爱在悲愁垂涕后,5,力荐,16,0.9856212772351935
"
                    2017-11-30 20:32:58
                ",糖罐子,最后那个干瘪的老太太笑的那一下，the whole life。,4,推荐,49,0.6052018932142658
"
                    2018-04-08 01:06:50
                ",顿河,北影节一刷。莎莉霍金斯和伊桑霍克的表演简直了，表演和剧本一样细腻感人，两只袜子的比喻愣是把贫贱相依升华成了灵魂伴侣。唯一的破功是片尾原型登场，让人不由得去搜了些真实故事，爱情电影总是要浪漫化吧，如果电影都不比生活浪漫点，生活才真没盼头。 浮生一切，都已被框成一幅画，就在那里。,4,推荐,12,0.9999999999874225
"
                    2018-02-04 11:19:10
                ",玫瑰水母,边缘人的童话，莎莉霍金斯和伊桑霍克的表演都太棒了,5,力荐,9,0.9967837599784226
"
                    2018-04-07 23:16:35
                ",唐小万,少女心炸裂，“我们像一双不成对的袜子”。,5,力荐,11,0.9946015209369489
"
                    2018-04-17 20:58:02
                ",安蓝·怪伯爵𓆝𓆟𓆜,即便不喜欢大多数人，也不被他们喜欢，但隔着脏兮兮的玻璃莫娣被小ethan确认了眼神，就是心中那个完美的人。结尾酸酸的～就我想说一句，糙了吧唧的ethan真的很招我喜欢了！@五棵松耀莱,5,力荐,9,0.8397769849856638
"
                    2018-01-18 04:10:27
                ",薾苨,在飞机上看哭了,5,力荐,8,0.6160366611420983
"
                    2020-12-20 23:07:13
                ",灵山卫,"感动都在细节，尤其是装纱窗的那段，这些有爱的细节也让我想起我的爸爸妈妈。每次他们都在说着家里鸡毛蒜皮的小事。感情里的相处之道他们总在言传身教，让我相信家永远是避风港。太久没有看到这么温暖的电影了。

",4,推荐,9,0.9999999907743479
"
                    2018-02-08 01:28:50
                ",seamouse,莎莉·霍金斯接连演残疾女主角（水形物语），似要向表演奖发起迟来的冲刺。可能因为去过故事发生地新斯科舍，就有朋友推荐给我，而外景实落在纽芬兰岛。暴烈男和才华女的爱情，似乎也只能发生在这样荒芜到没有其他机会的角落，也只能发生在他们身上。,1,很差,5,0.9999884250663422
"
                    2021-08-28 18:07:52
                ",念慈安,全程都无法喜欢，甚至厌恶。感受不到任何温暖，女生全程委屈求权，很难想象如果女主不会画画，会遭遇怎样可怕的人生,3,还行,16,0.9961121075705619
"
                    2022-10-05 13:33:28
                ",午后的水妖,是父权消灭女性的方式：用父权制剥夺女人的容身之所，再用婚恋吞噬女性的主体性。她们不能活在自己的工作里，不能活在自己的趣味里，不能活在自己的爱好乃至偏见里，而只能活在一个男人配偶的位置里。无论那个位置多么逼仄狭窄令人窒息，他们都不肯给女人换个地方。因为只有爱情，才必须带上男人啊。,5,力荐,19,0.9999983653725336
"
                    2017-12-01 08:52:22
                ",Q·ian·Sivan,▤「I don't want you to leave me. (Why would I do that?) 'Cause you can do much better than me. (No. I couldn't. Got everything I want with you. Everything.)」「The whole of life already framed right there.」【♫Lisa Hannigan - Little Bird♫】,1,很差,9,0.00624765203412625
"
                    2020-12-10 23:21:56
                ",settle,"莫娣也太牛逼了，这样pua她的男人也能忍🙂🙂🙂，你们看到了爱情，我只看到了pua`````` 看的过程中真想给男人一耳光，不，n耳光，即便最后再怎样“改邪归正”也更改不了他pua的事实。

莫娣摸起画笔就能忘记这世界的不幸和操蛋，于我而言，我想，从来是音乐。/// 2022.7.9，听说了他俩的故事的真实视角，看来我的直觉没错，这男的就是个垃圾，还尼玛包装成浪漫爱情，我艹！！！傻逼！改一星了！！！！！！",1,很差,13,0.8247927364280772
"
                    2021-07-22 01:25:42
                ",你啥时候___啊,"了解了现实中的真事，更恶心了。
这居然9.1，我吐血。
为了maud和sandra看完的，我根本看不到maud和她丈夫之间爱情多么动人。
全程希望Sandra和maud私奔算了，Sandra好好，发现了maud的天赋，替她宣传，卖画。
社会真的太爱男了，对男人容忍度真高，maud的哥哥卖了她生的女儿，伊桑演的丈夫，粗俗，易怒，没人尊重maud，但是她知足常乐，善良，给她一支笔她就沉浸在自己世界里。
伊桑演的丈夫，在孤儿院长大，干好几份工，没人尊重，爱他，所以他会用拳头和粗声粗气捍卫自己。
就真的，同样是人，怎么差那么多。
一开始他还想花钱睡maud，别的男人拿他开玩笑，他会打女人来展示自己的威严，地位。
我是多想不开跑来看爱情电影。
累了。",5,力荐,15,0.9999999999994966
"
                    2018-12-03 13:54:53
                ",雨夜飞行,人们自己过得不快乐，却硬要告诉她怎么做可以更幸福。最后病重的姨妈告诉她，她是全家人中唯一得到幸福的。他就是她想要的一切，画画就是她想做的一切,5,力荐,3,0.9993733615911513
"
                    2022-04-10 14:22:24
                ",Chio,三颗星全为女主。不喜欢男女主的爱情线，女主聪明会画画，跟带孩子一样伺候男主，这种男的哪里配，无能还打女人，自卑。,3,还行,6,0.99998289497214
"
                    2021-07-22 01:25:42
                ",你啥时候___啊,"了解了现实中的真事，更恶心了。
这居然9.1，我吐血。
为了maud和sandra看完的，我根本看不到maud和她丈夫之间爱情多么动人。
全程希望Sandra和maud私奔算了，Sandra好好，发现了maud的天赋，替她宣传，卖画。
社会真的太爱男了，对男人容忍度真高，maud的哥哥卖了她生的女儿，伊桑演的丈夫，粗俗，易怒，没人尊重maud，但是她知足常乐，善良，给她一支笔她就沉浸在自己世界里。
伊桑演的丈夫，在孤儿院长大，干好几份工，没人尊重，爱他，所以他会用拳头和粗声粗气捍卫自己。
就真的，同样是人，怎么差那么多。
一开始他还想花钱睡maud，别的男人拿他开玩笑，他会打女人来展示自己的威严，地位。
我是多想不开跑来看爱情电影。
累了。",1,很差,15,0.9999999999994966
"
                    2017-11-23 17:02:25
                ",赵三乐,神经病才会把笔墨放到爱情上，浪费演技；有些戏拍得过于刻意，让人生厌；画画没有任何升级感，且表现手法单一；本来以为推车的细节很好，从不坐车，到朝前坐，到对着推车的男主坐，结果后面特么坐回去了，又变成朝前坐了，好好的小梗给破坏了；男主比女主塑造的丰满多了；没看出真爱，就看到斯德哥尔摩,2,较差,9,0.9999996792113878
"
                    2018-04-05 10:29:01
                ",HarperYug,浮生一切，都被框成一幅画。真实故事改编更增加了影片的可感度，一直很喜欢女主的演技，阳光大直男的男主，表面卑微内心强大的女主，一屋两人三餐四季，认识彼此，都是如此的幸运。另外，影片所选的景色也加分许多。,5,力荐,4,0.9999997571194744
"
                    2018-04-08 01:06:50
                ",顿河,北影节一刷。莎莉霍金斯和伊桑霍克的表演简直了，表演和剧本一样细腻感人，两只袜子的比喻愣是把贫贱相依升华成了灵魂伴侣。唯一的破功是片尾原型登场，让人不由得去搜了些真实故事，爱情电影总是要浪漫化吧，如果电影都不比生活浪漫点，生活才真没盼头。 浮生一切，都已被框成一幅画，就在那里。,4,推荐,12,0.9999999999874225
"
                    2018-02-04 11:19:10
                ",玫瑰水母,边缘人的童话，莎莉霍金斯和伊桑霍克的表演都太棒了,4,推荐,9,0.9967837599784226
"
                    2018-01-13 15:56:41
                ",newtier,3.5星。女主临终时的病房可能是她此生住过的最好的地方。。。就像石头缝里开出的一朵小花，但还是太悲惨了，物质不提，精神也经历着诸多abuse，这样两头都不挨的生活看着就痛苦，观影就如惩罚。,3,还行,16,0.9996545496306468
"
                    2018-02-08 01:28:50
                ",seamouse,莎莉·霍金斯接连演残疾女主角（水形物语），似要向表演奖发起迟来的冲刺。可能因为去过故事发生地新斯科舍，就有朋友推荐给我，而外景实落在纽芬兰岛。暴烈男和才华女的爱情，似乎也只能发生在这样荒芜到没有其他机会的角落，也只能发生在他们身上。,4,推荐,5,0.9999884250663422
"
                    2017-10-24 20:55:14
                ",差生小明,十二年后，指匠的导演再次让Susan去扮演一个女仆；不过这次是Su拿起了画笔，并且她说，她叫Maud。我已经哭了。,4,推荐,10,0.7387036149728403
"
                    2020-11-30 13:10:59
                ",Kensnow,或许生理上的残缺让Maudie有了极为淡定的性格和闪亮的智慧，比起她的绘画，我更介意她对生活中各类事情的处理，无论是态度和表达方式都无可挑剔。他先生也是特色十足，在剧中的重要性不亚于女主。而且鲁莽火爆的他居然是“爱在XXX”系列里的文艺男青年！,4,推荐,7,0.9999984326338415
"
                    2020-04-07 22:14:10
                ",叮叮猫儿,最后看到原型暴哭😭才知道是真人真事改编 真好她过得幸福满足I got everything I want with u和I was loved羡慕也想去冬天雪很厚的海边小镇生活 第一次看Ethan这么凶的角色口是心非的晚期直男动不动就I’m the boss和I’m in charge开始还家暴也就Maud把他当宝 虽然这画不卖和纱门那有戳到,5,力荐,8,0.9999493923604579
"
                    2018-07-25 21:54:05
                ",傻乐的猫,爱情最好的样子。,5,力荐,1,0.9602133943327533
"
                    2017-11-05 14:36:19
                ",你大立,温柔的起点都是寒冰，笑着开门的时候有人笑脸相迎才是爱情啊,4,推荐,7,0.9993067108314561
"
                    2020-02-08 16:34:16
                ",祝羽捷,明明那么可怜，可是硬生生把自己活成了幸福的模样，被嫌弃的松子的一生的绝地反弹版，一只软塌塌的袜子也可以价值连城。,5,力荐,9,0.8823704484720216
"
                    2017-10-28 13:29:46
                ",颍原真吾,The whole of life already framed right there.,4,推荐,4,0.5225802334617973
"
                    2018-04-04 01:48:20
                ",蒜 | BOY A 🌈,a whole of life is already freamed out there 人生冷暖早已被框映在窗外……,4,推荐,2,0.4511966752541031
"
                    2017-10-22 13:03:32
                ",Panda的影音,莎莉·霍金斯的表演值得影后的嘉奖！原本是两个边缘人物各取所需、报团取暖：一个是身体畸残却有绘画天赋，自强不息、坚持爱好，最后画作有幸被众人赏识；一个是不善言辞、性格粗暴，但在朝夕相处间也时常流露出些许温柔；两人最后变成相濡以沫、共同生活的夫妻，白头偕老的爱情，真是又心酸又美好。,5,力荐,7,0.9999999703615177
"
                    2022-09-11 16:09:37
                ",林雨,回想这个小片，拍的可真舒服。荒原的美景，两只落单的袜子，一个身体的缺陷，一个性格的缺陷，生活在一起——缺陷恐怕是人生的常态。好真切。,5,力荐,11,0.9995496477969795
"
                    2023-07-05 23:39:53
                ",冗  凹,两个倔强的灵魂，一段温柔朴素的爱情,5,力荐,4,0.9992020264990803
"
                    2021-05-23 19:07:11
                ",观荔手记,我真要给这导演整疯了，我回头一看豆瓣跟我说是9.1分艺术家传记电影？你在写啥艺术赞颂啥爱情哪里美好了怎么爱上的机械牵红线能不能适可而止，我全称头皮发麻婚内家暴pua冷暴力物化厌女歧视一条龙齐活，明明是一边为生活所迫一边被兄夫强迫却怎么打怎么骂怎么侮辱都不会离开的，多乖巧啊多贞洁啊，简直满足**对女性一切的幻想。所以艺术家的成就=每天被一群人围观＋上电视＋总统买了她的画？渔夫他除了伤害m还做了啥啊怎么这么自我感动咧一直以来都那么脆弱敏感“我才是家里的主人”，结构叙事上也没有说看出导演对此有褒贬态度。最后Maudie死了只给他一个意味深长的表情一段maudie的回音语录＋插入两段原事件的真实录像我真的笑死。除此之外只音乐和色调氛围还算好，一星加给Maudie，她值得所有,2,较差,4,0.9999997877983968
"
                    2020-12-26 21:59:41
                ",Яανeη,“没有因为莫娣的可怜而喜欢上她，但的确因为莫娣能赚钱开始对她好了许多”这才是这部电影最本质和真实的地方。所以银幕上那些空穴来风的爱情 并不真实,4,推荐,6,0.9988255881609732
"
                    2017-12-11 21:51:23
                ",SleepWalker,寻找冷门佳片，就是我人生最大的乐趣之一。古怪却温暖，平淡却治愈。年度最佳台词貌似已出现。奥斯卡欠莎莉霍金斯一座奖杯，希望今年的《水形物语》能够弥补。,5,力荐,9,0.999250485389029
"
                    2018-03-16 00:13:55
                ",Sabrina,这个可以同丹尼尔.戴.刘易斯的《我的左脚》对比着看。一个是男性那种被压抑但又一定要爆发出来的那种力量，而本片女性身上缓缓流出的才华，一点点滋养着周围的人，,5,力荐,2,0.999999883469906
"
                    2022-01-27 14:22:58
                ",幸运儿,看的时候想到了余秀华，这摇摇晃晃的人间里，有温情，有艺术，窗户上、墙上、楼梯上，开满了鲜花。,5,力荐,5,0.5164528131597338
"
                    2022-01-31 13:42:32
                ",小是小非,那一耳光真是。。Ethan滤镜够厚也差点忍不了。现实中人就是如此吧，复杂的，残缺的。至少从Maudie的画来看，她的日子应该更多是快乐的，有爱的。或者说我愿意这样相信。如果她在一开始被男主羞辱，暴力对待之后，就离开了，又会是哪种人生呢？,3,还行,5,0.9999821022488712
"
                    2017-10-05 15:36:44
                ",明天就现充,光是两位主角的表演都值得一看，本年度最佳爱情片之一，Sally Hawkins真是从当年的fingersmith都一直看好，是金子总会发光的，奥斯卡影后提个名没问题,4,推荐,7,0.9990346017129903
"
                    2017-12-03 01:18:29
                ",荞麦,有才华好棒啊……,3,还行,13,0.9883828848594493
"
                    2021-03-20 14:02:46
                ",蹦擦擦,被打 被骂 最后幡然醒悟 捆绑着爱的名义强行煽情 不知道有什么好感动的 也不知道为什么这么多人被感动,2,较差,10,0.9956922490899934
"
                    2018-01-09 02:55:32
                ",仲夏之门,”浮生一切都已被框成一幅画。”旷野里的风景太美了，仿佛莫娣笔刷下生机盎然的世界。表演颇为传神，治愈节奏踩得也很稳，遗憾在于剧本太过温吞含蓄，对心理细节的描摹不足。观众像是隔着纱窗瞥见了艺术家的性灵与坚韧，却与真正走入其内心的机会擦身而过。,3,还行,5,0.9999999998024753
"
                    2018-06-03 21:12:09
                ",大书桌,平凡生活的英雄梦想，好动人。,4,推荐,3,0.9999887693235576
"
                    2024-02-23 18:19:30
                ",不良生,最打动我的，是莫娣对美永葆灵敏的嗅觉，看到好看的红色高跟鞋会心生爱慕，把浮生一切都能描绘成图画，对幸福理想余生永远没有放弃憧憬与追求。尽管人生破破碎碎也没有办法愈合，但她曾细细将它缝缝补补。,4,推荐,0,0.9999999824750275
"
                    2017-10-06 21:53:34
                ",超cute侠,不是那种有强烈企图心的电影，就是不着痕迹地讲故事，讲关于爱和知足的故事，让有血有肉的人物带领观众前行，并最终直抵情感深处。作为一部有真实人物打底的作品，编剧在展现女主绘画天赋的同时，更着重刻画了她与丈夫间的关系，那种身处边缘的小确幸很是令人感动，萨莉·霍金斯的表演很具冲奖实力。,4,推荐,4,1.0
"
                    2022-09-20 00:10:20
                ",小妖,"明天我依然会说反话。但是今晚，你知道吧，你是在我鞋尖跳舞的，被需要的，被爱的，彩色的，明亮的，我的妻子啊",5,力荐,8,0.654910568648621
"
                    2017-05-02 19:53:23
                ",看守煙霧的人,帶著啤酒進去邊看邊喝，沒想到酒太給力喝一半有點飛。《指匠情挑》女導，配樂很喜歡，也頗有英劇的氣質。女主演技印象深刻。末尾的真實人物部分如果能多一點就更好了。2017JIFF 0430JD與盼,3,还行,2,0.9970675474771522
"
                    2017-11-24 17:54:11
                ",【龍】在我心,4.0 感动，看男主就像看到了自己，嘴上从来不饶人，其实心可软了，何尝不想要这样的爱情，哎，这样的白日梦还是留给电影吧,4,推荐,2,0.9993165161993485
"
                    2018-01-21 22:25:56
                ",猫饭,浮生一切已成画。,4,推荐,1,0.7191521746547083
"
                    2017-10-07 04:46:30
                ",颜落寒,他们好像一双落单的袜子，一只拉长了，变形了，上面有很多洞，执拗又阴沉，另一只是宝蓝色或者金丝雀黄。生命的画框里，她描绘了四季的风景，也留下了和他美好的回忆。,4,推荐,4,0.9999868625815328
"
                    2017-10-08 01:37:48
                ",阿五,Sally的演技让原本其貌不扬的她变得闪闪发光。好喜欢这样相濡以沫的爱情故事，平淡却温柔，戳心窝的暖。,5,力荐,4,0.9998261874244566
"
                    2022-03-15 21:21:23
                ",momo,"低情商：这也能叫爱啊😅😅😅
高情商：这电影讲了一个讨好型人格的女人爱上一个打她的势利眼男人的故事",1,很差,14,0.9998787908770528
"
                    2018-04-26 10:01:30
                ",幻影刺客,后半程都是哭着看完的，我觉得爱情是Maudie最重要的一部分，其次才是她的画。因为在认识丈夫之前，她都没有开始系统地作画，说明有一个亲密的爱人支持你真的太重要了。当然她的画实在太美好了，看过的人都能感受到幸福，很少有画家做得到。,5,力荐,3,0.9999914625036024
"
                    2017-10-10 11:16:59
                ",杨三疯,“莫娣，你画画的灵感来自哪里？”“浮生一切都已被框成一幅画。”本是两个社会边缘人的相依为命却被他们真实的生活演绎了一段小情大爱。细腻的情感输出，赋予层次的表演，音乐和画面的契合，让看了这个小木屋爱情故事的人盈眶温暖，绝对影帝影后级别的表演。推荐。,4,推荐,3,0.9999999999999756
"
                    2023-01-25 13:59:20
                ",马可new仔,大家都说好，怎么说呢… ummm 有点低于预期，没有讲出画画的那些火花，也没有人物的深度，卖惨是有的，当然Sally姐演技绝对满分,3,还行,1,0.9319898945664442
"
                    2017-11-21 06:41:55
                ",拔刀诀,特别文艺，特别动人。文艺是什么？不就是对自己热爱的事物的向往和专注追求吗。,4,推荐,3,0.9999829365124575
"
                    2018-01-26 06:01:42
                ",北欧以北,"The whole life already framed,right there。浮生一切都被框入画中，就在那里。与众不同的人注定孤独，甚至让人恐惧，远离。即使她看起来那么卑微，佝偻着身躯，但却是真正的高贵。幸运的是她还有爱，和被爱。绘画是不需要学习的，想画自然就会了，关键是看待世界的眼睛。每一帧都美好如画，音乐唯美",5,力荐,4,0.9999999999895923
"
                    2017-11-04 14:25:55
                ",二two,明天的我还是会爱说反话的。落单的袜子。,4,推荐,6,0.4169917614524582
"
                    2017-10-06 16:13:55
                ",柯里昂,三星半。两位主演加分，最近还真是看了不少艺术家传记片。,3,还行,3,0.9458883634915919
"
                    2017-10-06 23:08:34
                ",张咏轩Wayne®,冬雪秋风，年岁逝去，才发现自己早已蜕变成彼此心中最好的人，影片情感克制，叙事平淡而生活化，聚焦莫娣与丈夫之间30年的感情，化不幸和悲痛为乐观和积极，不屈服于命运，无欲无求，朴实且深情，男女主角内敛而深厚的演技，把这个温柔绵长的故事演绎的如此感天动地，明年奥斯卡必将有属于他们的小金人,5,力荐,3,1.0
"
                    2021-12-05 08:28:58
                ",VVVG,男主的言语与肢体虐待我以为会是反家暴主题？结果这是你们大为赞颂的爱情？？maud真正的幸运在于遇见了sandra,4,推荐,4,0.9995291816030608
"
                    2017-10-05 22:04:23
                ",热心市民,"Sally Hawkins太棒了！含蓄内敛，和Ethan Hawke搭戏自然，感染力如温泉细淌。后半部擦泪看完。生命不息，画笔不停。""The whole of life already framed.Right there.""看到现实原型的记录感动死了。",4,推荐,6,0.9999983548574936
"
                    2018-02-12 21:57:49
                ",伊夏,如此美丽，以至于拥有过她的世界应该感到幸运。【2018.02.12】,4,推荐,1,0.9998521603507048
"
                    2019-02-15 09:53:25
                ",焦瑷,好的爱情真让人流泪,3,还行,1,0.981875974432838
"
                    2018-05-09 17:31:04
                ",zitsunari,全程无感，怀疑是自己心太硬,1,很差,1,0.10706183285022075
"
                    2020-01-15 16:29:04
                ",一团和气,一段暴力打压精神虐待的关系把一帮人感动的稀里哗啦的，我真的要吐到明年去了,4,推荐,7,0.9999708685806138
"
                    2018-01-27 22:26:13
                ",cai,“在这里，我第一，狗第二，之后是鸡，最后才是你。”“我比狗好多了。”“你应该再多养几条狗，你喜欢狗。”“我有你就够了。”像是生活在原始社会的野人在进行关于我爱你的表达，有一种野蛮质朴的美。莎莉霍金斯和伊桑霍克太棒了。那些画真好。,5,力荐,7,0.99999999872869
"
                    2019-02-17 18:36:10
                ",轱辘,近期看过的最好的爱情故事。,4,推荐,3,0.9832451536141589
"
                    2017-10-06 21:16:35
                ",彌張,虽然身体有缺陷但头脑特别清醒和成熟，上帝关上一扇门但打开一扇窗，可爱阳光的小画，天蝎座的丈夫也刻画的非常细腻，Sally演技赞,4,推荐,2,0.9999964201243392
"
                    2017-10-06 18:27:04
                ",经年,真的好像个童话故事啊！编导都是女性直接呈现出来就是特别细腻的感情 好喜欢 有几段台词写的也很好 就是剪辑太差了 几个地方都剪得莫名其妙= = 配乐满分 不过有点滥用(催泪)的嫌疑惹 以及sally表演非常棒！今年双片buzz一定要提啊,3,还行,1,0.999999387844107
"
                    2021-10-14 07:15:56
                ",大熊星座,画很可爱，演技很神，风景如画，看时几次落泪……然而，比起《花落花开》它并不是一部优秀电影，更有利用主人公残疾赚观众眼泪的嫌疑。我想了很久，男主是否有pua女主并且欺压剥削女主，最终答案应该是‘没有’吧，证据是女主去世七年之后，现实中的男主被谋杀，孤独地死在那座小屋里，他们共同赚来的两万元钱并没有被男主独自消费，也就是说，这对夫妇从一开始就习惯了这样与世隔绝的生活方式，无水无电仿佛几个世纪之前，外人觉得很苦情而无法思议，但从女主的画中，我们确实看到了她喜悦并享受着这种生活，那我们怎么能轻易以自己的感受而置喙呢？,5,力荐,3,1.0
"
                    2019-01-26 00:52:49
                ",梦魇皇朝,8.3分，这部电影获得最佳女主提名都比水形物语更有说服力,5,力荐,2,0.9409862780605325
"
                    2021-11-05 17:48:54
                ",shininglove,共你热恋可抵挡冰天雪地，共你拥抱能忘掉名利，没有一个人再可以媲美。,4,推荐,3,0.8782706218398247
"
                    2017-08-31 23:03:41
                ",神奇老太,what a beautiful soul.男主换掉，败笔，可以换马特呆萌。片尾原型老太太的眼睛特别亮。人生就应该这么乐观、顽强、简单地活。蛮想扣一星的，我也注意到导演屎剪辑了，很多单人戏可以近景特写表情环境BGM，竟然一切就过了，煽情技术还是tc强╮(╯_╰)╭,5,力荐,2,0.9921292238041121
"
                    2020-11-30 22:18:08
                ",一实,女主神演技！人生悲凉，天才都是这类人生轨迹。从来丰富的精神世界都脱不了贫瘠的物质生活，仿佛只有这样的土壤才能开出那样灿烂的花！,5,力荐,2,0.9999999555053645
"
                    2018-04-21 23:52:49
                ",(๑⁼̴̀д⁼̴́๑),真人真事改编,4,推荐,7,0.9273572467189262
"
                    2020-04-16 07:13:44
                ",雨飘泥香,天真本心的老太太，和刀子嘴豆腐心的老头。这是过去那个时代的相濡以沫。画子很美，风景很美，想去加拿大的那个角落看看。,4,推荐,4,0.999159549572504
"
                    2019-02-15 20:51:23
                ",小白白,看到了一颗美丽的心灵，不过爱情部分没有共鸣,3,还行,4,0.9971956714039741
"
                    2024-01-16 18:06:38
                ",看不懂瞎看,冷漠无情的男人婚后性情大变，鬼信🤭,4,推荐,1,0.8135987006948948
"
                    2022-09-07 10:46:22
                ",mOco,Sally Hawkins在这里面的表演实在是太精湛了。作为人物传记，把爱情而非Maudie的艺术生涯（虽然两者密不可分）作为主线其实挺冒险的，但好在这条平淡却细腻的感情线让人看到了过去的那种相濡以沫爱情观。,4,推荐,0,0.9999999955089895
"
                    2018-04-15 21:36:28
                ",不脱袜子同学,字幕很用心用了莫娣的画，看到最后真人出现的时候完全泪目。现实是莫娣比莎莉霍金斯演的残疾还要严重的多，丈夫在她死后9年由于不交出钱被小偷活活打死。真实世界远比电影残忍，导演还是保留了美好带给大家。,4,推荐,2,0.9925830565166094
"
                    2020-02-28 23:40:05
                ",草威,看到后面还是被整感动了。导演对感情的理解是高于某些文艺青年的。,4,推荐,2,0.9984764958468854
"
                    2018-04-21 21:27:14
                ",天马星,禁锢的身躯囚禁不了自由的灵魂，天生的不幸阻隔不了相依的爱情。莎莉和伊桑的表演彼此交融浑然天成。,4,推荐,3,0.9999981205093171
"
                    2021-03-21 22:35:09
                ",张苑希,暴躁直男癌与残疾女画家的同居爱情故事看得我一脸姨母笑也是没谁了。四季更替万物轮回，小小的木屋见证着二人的喜怒悲欢柔情岁月，浮生一切已被框成一幅画，仿佛在诉说无言的感动与相濡以沫的情意。这个世界上，只有你在我最落魄的时候伸出援手给予我避风港，推着小车带我去看更广阔的世界，帮我了却思女不得的心愿。我们就像两只落单的袜子，千疮百孔相互依偎，一起携手走过漫漫人生路。,4,推荐,0,1.0
"
                    2019-10-24 11:38:03
                ",funny_vee,爱情啦婚姻啦都是两人相处，当事人觉得好就好。即便女主不会画画，这两人也能相处一辈子吧。,3,还行,1,0.9999870174496329
"
                    2022-04-02 21:36:19
                ",Ada.苒菻,艺术家不错，讲的差，应该专注女艺术家的一生，而不是抹去前半生，然后重点讲这段没有尊重的“爱情”。,3,还行,8,0.9999926273137733
"
                    2020-04-17 21:39:14
                ",十个斗的眼窝浅,我爱你！,5,力荐,1,0.7483050847457626
"
                    2019-10-16 20:41:16
                ",薄雾微光,影片的可贵，不在于表现她如何刻苦画画，或者如何寻找灵感，而是细腻刻画她如何面对现实生活的窘境。不堪之下，制造了多重的喜感。这是迥异于过往艺术家传纪片的有趣之处。,5,力荐,1,0.9999999851424501
"
                    2019-05-07 22:49:18
                ",sTill-Life,“I like you. You need me.” → “How I ever thought you weren't perfect?” 幸运而不自知的人们，终究是相爱了。,5,力荐,1,0.7676491659746575
"
                    2024-01-17 04:34:36
                ",昨日重现,去年看的《海风中失落的血色馈赠》中的新斯科舍省风景在脑海里有了具象，熟悉的家庭关系、经济自然，似曾相识的温情和纽带。她们的房子真的很美很有趣，演员也特别到位。但是我并不喜欢这个叙事，而且后面男人愿意支持家务主因不是她画画赚钱了吗？请问如果她不会画画将度过怎样的一生呢。莫娣让人看到一个女性一生的苦，然而导演想讲的貌似是一个异性恋浪漫爱故事。我理解男人在那个年代下的支持了，但是我依旧不认为这要按爱情片拍，如果是女性视角、女性题材的传记片我会更想看。ps.了解现实故事以后更是作呕。,3,还行,1,1.0
"
                    2017-10-29 22:32:01
                ",糖芋苗,来自真人真事的力量与感动，说她浪漫也好，说她励志也罢！浮生一切，已入画框！没有更多要说的了，如果要说，那就是莎莉霍金斯的表演，路转粉式的表演！,4,推荐,1,0.9999961347799277
"
                    2022-05-04 23:22:19
                ",锚,今天先看到诗人余秀华结婚的消息，于是看了这部友邻评五星的片子。余秀华曾在外界对90后男友的质疑下公开表达她对爱情的理解是有所图。莫娣图一个独立身份独立工作独立人格，男人图一个人照顾自己让家里更温馨。两人相遇初期女人因主动而被动接受大男子主义歧视和恶意，好在男人本性善良，举止逐渐改变，两人相互支撑使女人创作了一批享誉北美的风俗画作。这部电影反映了女人要获得独立需依附男人的时代背景，拥有一个房间之难。这也是一个他者/畸零人的女性与边缘人男性从物化关系转化为平等相互依靠的过程，后来男人不再视画作为商品，而是作为记忆珍藏起来，使这份爱情真实动人。莫娣被男性吸引是因为给人带来依靠感的男性气质，而她画作覆盖了冷血无情的东西，使丰富人性外化袒露软弱良善爱美。PS：女性经济独立很重要，女性电影少见的底层叙事。,5,力荐,4,1.0
"
                    2022-12-17 14:47:59
                ",普洱茶刀,她弱小身子在的强烈生命力让我羡慕,5,力荐,4,0.9881219710013247
"
                    2024-02-15 20:09:08
                ",李典,哈哈算了吧，打女人是没改的，别被骗了。难道莫娣不画画，她就该继续卑微下去。,1,很差,1,0.011177016131941109
"
                    2020-01-23 15:52:02
                ",又又,是挺感人的，但也不至于9分吧，有点过誉了。男主真是个直男癌晚期啊，女主到底是怎么容忍一辈子的，可能真的是人性善良的光辉还有艺术的伟大力量……sally hawkins真是个宝藏演员！,4,推荐,2,0.9999999980183676
"
                    2017-12-21 23:33:34
                ",玉木大河,平淡，也真实。虽然生活各种艰难，但画画这种事，只要有笔就行了。不需要别人教。,4,推荐,1,0.9908606855685971
"
                    2022-07-27 15:47:06
                ",水水,皮囊下的灵魂，太容易被凡尘俗世的各种评判所扼杀。坚守自己，才是对抗一切的唯一出路。被片尾的纸片狠狠击中。。。电影其他的好不用说了，过于明显。,5,力荐,0,0.9999715943020613
"
                    2018-07-17 10:50:10
                ",梦里诗书,一位其貌不扬，还身患足疾的女画家，她与同为边缘男丈夫之间本该艰难困苦的爱情，却在《莫娣》中令人感受到了一股最为浪漫的纯爱，感受到了一份让人最为神往的生活，乐观坚韧的莫娣让世人看到，若心如朝阳纵然身处困境，却依旧能绽放出一朵幸福之花。,4,推荐,1,0.999999999999996
"
                    2021-02-22 23:06:56
                ",Η²,要粉莎莉·霍金斯了，不同年龄段演绎的很好，心生怜悯，生命老去之无奈和脆弱，人生大体如此真实又人人平等，谁都会，这是活着最大的公平。看的时候觉得太戏剧了，想是真实的就会感触一分，结果真是，人生的选择和际遇还有坚持，不放弃，同等重要，不过，命运不可说，不可遇，做最纯粹的自己，一切都将回报于你，加油吧,5,力荐,5,0.9999999999697353
"
                    2021-08-07 22:43:44
                ",JIN,不完美的躯体，却有着世界上最美好的灵魂，可以画出最美丽的风景～ 太美太感人的真人真事，两位主演都实在太棒了。莎莉霍金斯这么神这么感人的表演都没提名，甚至好过水形物语，啥时候给补偿一个影后吧……,5,力荐,1,0.9999999984070569
"
                    2022-10-30 00:21:44
                ",阿达方,没带期待，看到落泪,5,力荐,2,0.9095067569976565
"
                    2023-09-27 23:40:43
                ",十一伏特,未尝不是一种过度自我满足的美好想象。,4,推荐,0,0.9604965786188748
"
                    2018-03-04 19:44:02
                ",Jane,又美丽又浪漫，浪漫得所有的艰难都可以忍受。,5,力荐,2,0.9962402992682186
"
                    2022-12-22 14:28:15
                ",仲景园,那段共舞印象深刻🧦,5,力荐,3,0.9757714129751781
"
                    2022-02-07 09:15:06
                ",Catete,原型这一生也太惨了。。。电影一般 故事好评,3,还行,2,0.9913456026721936
"
                    2017-10-12 12:46:54
                ",Leo🌊,"怀旧的色调，搭伙过日子的两个人，在海边的小屋，在温暖的配乐中竟也滋生出了细水长流的浪漫。
老埃从刚开始的性格暴躁，轻视莫娣，到最后的关心在乎，把主题也抬升到一个高度：爱的表现，在于改变。
哪怕别人都不喜欢你，但我喜欢你。
（第一次凭着刚过六级的英语水平，看完一部没有字幕的影片，影片太冷门都没有字幕组做，兴许是我看的太早了）",5,力荐,1,0.9999999970005709
"
                    2017-12-30 13:49:43
                ",瑶瑶,以貌取人永远也不知道他们会是块宝，也许真的只有心思单纯的人才能创作出出乎意料的惊人作品。片子有些致郁，很扎心，感觉生活太没光亮了！我的文艺男神竟然演了个莽撞汉子，毫无违和。,3,还行,1,0.9999236459609804
"
                    2018-01-18 08:18:36
                ",JIA,其实片中的爱情并没有那么感人，最打动人心的是，在那样困难的境遇下，主人公从心里盛开的花朵，她的心与脑都记录着大自然中的一切美好，画笔上重现的是她最赤诚的爱与真心，这才是莫递，带给人最深的震撼与慰藉。,5,力荐,4,0.9999999999148315
"
                    2018-04-17 00:02:11
                ",可乐柿,画面和色彩实在漂亮，看的过程仿佛磁盘上一卷正播放的卡带，不疾不徐，一切都很慢很慢，主人公的故事随之娓娓道来。Maudie眼中的世界得多包容画出的画才能如此天真烂漫又童心未泯，心灵如出一辙，把戾气满值的男主最终感化得温柔有力量，有趣灵魂万里挑一。,4,推荐,1,0.9999999954243499
"
                    2021-04-12 22:30:39
                ",阿布,"她说，画画是不用学的，都在脑海里。
拉马努金也说，那些公式就在那里，就是在脑海里。

这就是天才……

如果没有绘画，莫娣的人生会是怎样？想想也是很压抑。",3,还行,1,0.999993473053959
"
                    2017-10-05 12:43:30
                ",华盛顿樱桃树,多么美好的爱情，多么美满的人生。多少人穷其一生没有爱过。它拍出了爱情，人生，和电影本身的美好。,4,推荐,3,0.9999998063578106
"
                    2020-12-06 01:49:14
                ",Wongwongwong,"哭的鼻涕冒泡-,,-",5,力荐,1,0.33032075464855537
"
                    2022-10-04 22:50:30
                ",Yuyii,"把明亮温暖的画，画进你世界的每个角落，画进你内心最深处，画进回忆的每个片段。The whole life already framed,right there.",5,力荐,4,0.9999999324155119
"
                    2022-02-27 21:30:37
                ",莉齐与树,好柔软的幸福。他一个人坐在没有Maudie的房子里，身边却都是Maudie填满的色彩。,4,推荐,1,0.9978184304114253
"
                    2017-12-31 22:28:31
                ",DuoDuo🐿️,O my lady 作为EH死忠不能忍受这个庸常人设，求你还是滚去演教授/作家/变态。画面构图太美，喷出來就是明信片。5★全送摄像,5,力荐,0,0.9831098533499738
"
                    2020-03-26 23:23:54
                ",Timing,影20180：过誉！不过她真的很幸运，比哈芬妮·路易幸福！,3,还行,1,0.9996332724245709
"
                    2018-04-21 21:45:48
                ",牛皮糖有强迫症,表演非常好 一出场就把人物立住了,4,推荐,1,0.9493892932796367
"
                    2024-01-19 21:58:45
                ",豆友169777404,人物原型也许相爱吧（其实还是存疑），但电影把爱情线处理得莫名其妙，两人渐生情愫到相濡以沫不是随着时间而发展出感情，像是导演强行推进的。只能暗自揣测原型Maudie受了多少委屈。,4,推荐,1,0.9999996121135114
"
                    2017-10-05 22:47:17
                ",琼斯黄,男主角色更好，女主表演更好，但整体温柔得失真了。不像别人一样表达感情，不代表他没有感情。,3,还行,5,0.9999792641468441
"
                    2024-02-20 00:15:48
                ",李先生,浮生一切都已被框成一幅画，就在那里。The whole of life already farmed. Right there.,5,力荐,1,0.9297579316466369
"
                    2017-12-29 00:06:02
                ",小熊QQ,就像曾经大街上遇见并擦身而过的手牵手相融以沫的老年夫妇，遥不可及的纯真美丽。,3,还行,0,0.9992606488445815
"
                    2018-01-15 10:08:06
                ",mecca,Sally Hawkins的演技高光片，但Ethan Hawke整个的存在就是搅戏。这片基本被各自卯上的“表演”的劫持了，观感加起来还不如最后十来秒的真人露脸来得明亮。遗憾类似于《摇摇晃晃的人间》之类吧，焦点放在两个misfits之间的别扭故事，反而将艺术家真正闪光的地方视作理所应当。剪辑有个断崖式跳大扣分。,3,还行,2,0.9999664867408162
"
                    2018-02-04 10:51:43
                ",Josephine,sue最终还是成了maud,4,推荐,2,0.48905515269152255
"
                    2021-11-22 20:28:22
                ",云深不知处,"很温情，很触动人。那些说男主打了一巴掌就如何如何的人，对世界的理解何其单一而狭隘啊，他们肯定无法立体而深入地认识世界的本质和真正的美。活在一种幻想中的极端和对立中。",4,推荐,2,0.9999999999582163
"
                    2021-06-19 01:59:14
                ",coie,All lives have been framed. Window/ Frame.,3,还行,0,0.39649036561138595
"
                    2022-05-23 22:26:48
                ",Alto,加拿大的故事，成色却很爱尔兰，女性导演才有的独特温柔。“我们像一双，落单的袜子”，比起“一双”，我更喜欢“两只”这个词。因为，我们，“遇见”了,5,力荐,5,0.9999915844352495
"
                    2018-04-21 18:32:36
                ",Wonder,无声却纯粹的爱情，无力却璀璨的艺术。,4,推荐,1,0.992556359606714
"
                    2017-04-09 16:44:08
                ",Cherry樱桃之远,SFIFF，故事拍得平淡而克制，Sally Hawkins演活了一个虽有残疾但乐观开朗有创造力的女画家Maud，她和Everett的爱情始于一张招女佣广告，终于一份埋藏在心底深沉的爱。Maud在夕阳下的秋千上说I was loved的时候，我相信那一刻她是幸福的。男神努力扮丑还是这么帅！Nova Scotia广袤的景色被拍得很美。,4,推荐,1,0.9999999991303203
"
                    2019-01-27 02:10:21
                ",Robo Captain,伊桑霍克演小村夫都这么可爱还有没有天理,4,推荐,1,0.8432944137343052
"
                    2018-03-31 16:54:55
                ",nikki,#1836#一个爱情故事，真正的美丽了“你”的人生。SallyHawkins的演技相当出色了。最后出现的原型老奶奶很可爱嘛。,4,推荐,1,0.9999954281371256
"
                    2021-02-13 01:21:55
                ",雅君,全片我哭得最厉害是纽约来的那位女性找maudie订画时，说的那句“我想看到你所感受所表达的世界。”,4,推荐,3,0.9968877817494926
"
                    2017-10-30 15:02:05
                ",Nora养的白鸽,TT片尾曲听着都泪流不止,5,力荐,5,0.9355237834148413
